case_id,data_stage,brain_mask_source,modality,mean_ET,mean_WT,mean_healthy,ET_vs_healthy_abs_contrast,WT_vs_healthy_abs_contrast,ET_vs_healthy_relative_contrast,WT_vs_healthy_relative_contrast,ET_vs_healthy_contrast,WT_vs_healthy_contrast,contrast_definition,ET_voxels,WT_voxels,healthy_voxels
BraTS-GLI-00000-000,processed_zscore,case_brain_mask,T1,0.22696886956691742,0.30615702271461487,-0.012330330908298492,0.2392992004752159,0.31848735362291336,19.407362402104233,25.829586893614245,19.407362402104233,25.829586893614245,abs(mean_region - mean_healthy) / abs(mean_healthy),32731,57305,1422865
BraTS-GLI-00000-000,processed_zscore,case_brain_mask,T1ce,2.5332295894622803,1.4332756996154785,-0.05772438645362854,2.590953975915909,1.491000086069107,44.88491147493248,25.82963938935696,44.88491147493248,25.82963938935696,abs(mean_region - mean_healthy) / abs(mean_healthy),32731,57305,1422865
BraTS-GLI-00000-000,processed_zscore,case_brain_mask,T2,0.23147302865982056,0.39059072732925415,-0.01573072373867035,0.2472037523984909,0.4063214510679245,15.714709412307434,25.829800193431478,15.714709412307434,25.829800193431478,abs(mean_region - mean_healthy) / abs(mean_healthy),32731,57305,1422865
BraTS-GLI-00000-000,processed_zscore,case_brain_mask,FLAIR,1.3821238279342651,1.6150919198989868,-0.06504683196544647,1.4471706598997116,1.6801387518644333,22.24813440058792,25.82967841934162,22.24813440058792,25.82967841934162,abs(mean_region - mean_healthy) / abs(mean_healthy),32731,57305,1422865
BraTS-GLI-00002-000,processed_zscore,case_brain_mask,T1,1.1937577724456787,0.6363152861595154,-0.10091383010149002,1.2946716025471687,0.7372291162610054,12.829476408190086,7.305531021065863,12.829476408190086,7.305531021065863,abs(mean_region - mean_healthy) / abs(mean_healthy),23651,190594,1201794
BraTS-GLI-00002-000,processed_zscore,case_brain_mask,T1ce,1.4331319332122803,0.11804019659757614,-0.0187201127409935,1.4518520459532738,0.13676030933856964,77.55573195742528,7.305528082589507,77.55573195742528,7.305528082589507,abs(mean_region - mean_healthy) / abs(mean_healthy),23651,190594,1201794
BraTS-GLI-00002-000,processed_zscore,case_brain_mask,T2,0.11808260530233383,0.10761566460132599,-0.017066987231373787,0.13514959253370762,0.12468265183269978,7.918772698515045,7.305486911216468,7.918772698515045,7.305486911216468,abs(mean_region - mean_healthy) / abs(mean_healthy),23651,190594,1201794
BraTS-GLI-00002-000,processed_zscore,case_brain_mask,FLAIR,1.5041520595550537,1.44830322265625,-0.22968819737434387,1.7338402569293976,1.6779914200305939,7.548669355890322,7.3055186953982565,7.548669355890322,7.3055186953982565,abs(mean_region - mean_healthy) / abs(mean_healthy),23651,190594,1201794
BraTS-GLI-00003-000,processed_zscore,case_brain_mask,T1,0.19460013508796692,0.04139653593301773,-0.0027064078021794558,0.19730654289014637,0.044102943735197186,72.90347845260291,16.29574955395906,72.90347845260291,16.29574955395906,abs(mean_region - mean_healthy) / abs(mean_healthy),24252,99239,1518030
BraTS-GLI-00003-000,processed_zscore,case_brain_mask,T1ce,2.3735098838806152,0.14612185955047607,-0.009552564471960068,2.3830624483525753,0.15567442402243614,249.46834489813187,16.296610661921413,249.46834489813187,16.296610661921413,abs(mean_region - mean_healthy) / abs(mean_healthy),24252,99239,1518030
BraTS-GLI-00003-000,processed_zscore,case_brain_mask,T2,0.4196975827217102,0.7051809430122375,-0.0461001843214035,0.4657977670431137,0.751281127333641,10.104032638907519,16.296705498959025,10.104032638907519,16.296705498959025,abs(mean_region - mean_healthy) / abs(mean_healthy),24252,99239,1518030
BraTS-GLI-00003-000,processed_zscore,case_brain_mask,FLAIR,1.5178414583206177,2.1199398040771484,-0.13858801126480103,1.6564294695854187,2.2585278153419495,11.95218442395041,16.29670412851632,11.95218442395041,16.29670412851632,abs(mean_region - mean_healthy) / abs(mean_healthy),24252,99239,1518030
BraTS-GLI-00005-000,processed_zscore,case_brain_mask,T1,0.31633496284484863,0.1626889854669571,-0.017366575077176094,0.3337015379220247,0.1800555605441332,19.215161103388184,10.367937244043588,19.215161103388184,10.367937244043588,abs(mean_region - mean_healthy) / abs(mean_healthy),23854,124783,1168953
BraTS-GLI-00005-000,processed_zscore,case_brain_mask,T1ce,1.9861695766448975,0.06545226275920868,-0.006986868567764759,1.9931564452126622,0.07243913132697344,285.2717817547716,10.367896665637176,285.2717817547716,10.367896665637176,abs(mean_region - mean_healthy) / abs(mean_healthy),23854,124783,1168953
BraTS-GLI-00005-000,processed_zscore,case_brain_mask,T2,1.2105103731155396,1.3801478147506714,-0.14732752740383148,1.357837900519371,1.5274753421545029,9.216457538159013,10.367888262779454,9.216457538159013,10.367888262779454,abs(mean_region - mean_healthy) / abs(mean_healthy),23854,124783,1168953
BraTS-GLI-00005-000,processed_zscore,case_brain_mask,FLAIR,2.0567986965179443,2.006467342376709,-0.21418580412864685,2.270984500646591,2.220653146505356,10.602871230824267,10.36788201505437,10.602871230824267,10.36788201505437,abs(mean_region - mean_healthy) / abs(mean_healthy),23854,124783,1168953
BraTS-GLI-00006-000,processed_zscore,case_brain_mask,T1,0.7321538329124451,0.3276384472846985,-0.03270259127020836,0.7648564241826534,0.36034103855490685,23.38825134262152,11.018730460150811,23.38825134262152,11.018730460150811,abs(mean_region - mean_healthy) / abs(mean_healthy),26448,137911,1381689
BraTS-GLI-00006-000,processed_zscore,case_brain_mask,T1ce,2.988081455230713,0.2901817560195923,-0.028964029625058174,3.017045484855771,0.31914578564465046,104.16525338192514,11.018694214030981,104.16525338192514,11.018694214030981,abs(mean_region - mean_healthy) / abs(mean_healthy),26448,137911,1381689
BraTS-GLI-00006-000,processed_zscore,case_brain_mask,T2,1.341557502746582,1.3569836616516113,-0.13544508814811707,1.477002590894699,1.4924287497997284,10.904807336235855,11.018699682691121,10.904807336235855,11.018699682691121,abs(mean_region - mean_healthy) / abs(mean_healthy),26448,137911,1381689
BraTS-GLI-00006-000,processed_zscore,case_brain_mask,FLAIR,2.6605212688446045,2.497704267501831,-0.24930429458618164,2.909825563430786,2.7470085620880127,11.671782743497396,11.018697317861099,11.671782743497396,11.018697317861099,abs(mean_region - mean_healthy) / abs(mean_healthy),26448,137911,1381689
BraTS-GLI-00008-000,processed_zscore,case_brain_mask,T1,0.27172788977622986,0.49164411425590515,-0.006420808378607035,0.2781486981548369,0.4980649226345122,43.31988773899214,77.57043868400962,43.31988773899214,77.57043868400962,abs(mean_region - mean_healthy) / abs(mean_healthy),311,18462,1413639
BraTS-GLI-00008-000,processed_zscore,case_brain_mask,T1ce,2.252495527267456,0.14246270060539246,-0.0018604773795232177,2.2543560046469793,0.14432317798491567,1211.708365529658,77.5731968436516,1211.708365529658,77.5731968436516,abs(mean_region - mean_healthy) / abs(mean_healthy),311,18462,1413639
BraTS-GLI-00008-000,processed_zscore,case_brain_mask,T2,0.3339831829071045,0.2806852459907532,-0.0036657718010246754,0.33764895470812917,0.28435101779177785,92.10855804328786,77.56920867586318,92.10855804328786,77.56920867586318,abs(mean_region - mean_healthy) / abs(mean_healthy),311,18462,1413639
BraTS-GLI-00008-000,processed_zscore,case_brain_mask,FLAIR,1.9740394353866577,1.6475752592086792,-0.021517135202884674,1.9955565705895424,1.6690923944115639,92.74267005219217,77.57038186885579,92.74267005219217,77.57038186885579,abs(mean_region - mean_healthy) / abs(mean_healthy),311,18462,1413639
BraTS-GLI-00009-000,processed_zscore,case_brain_mask,T1,-0.1897556632757187,-0.08211182057857513,0.0016202664701268077,0.1913759297458455,0.08373208704870194,118.11386168527437,51.67797309423355,118.11386168527437,51.67797309423355,abs(mean_region - mean_healthy) / abs(mean_healthy),1480,27453,1391216
BraTS-GLI-00009-000,processed_zscore,case_brain_mask,T1ce,1.049189567565918,-0.3126775324344635,0.006170136388391256,1.0430194311775267,0.31884766882285476,169.0431727149347,51.67595151101484,169.0431727149347,51.67595151101484,abs(mean_region - mean_healthy) / abs(mean_healthy),1480,27453,1391216
BraTS-GLI-00009-000,processed_zscore,case_brain_mask,T2,0.2781398594379425,0.052055586129426956,-0.0010272398358210921,0.2791670992737636,0.05308282596524805,271.76428477447047,51.67520194815843,271.76428477447047,51.67520194815843,abs(mean_region - mean_healthy) / abs(mean_healthy),1480,27453,1391216
BraTS-GLI-00009-000,processed_zscore,case_brain_mask,FLAIR,2.3113763332366943,1.8372265100479126,-0.036254141479730606,2.347630474716425,1.8734806515276432,64.75482190162926,51.6763209680497,64.75482190162926,51.6763209680497,abs(mean_region - mean_healthy) / abs(mean_healthy),1480,27453,1391216
BraTS-GLI-00011-000,processed_zscore,case_brain_mask,T1,1.403211236000061,0.9258995056152344,-0.047795139253139496,1.4510063752532005,0.9736946448683739,30.358869080141638,20.37225249436668,30.358869080141638,20.37225249436668,abs(mean_region - mean_healthy) / abs(mean_healthy),9353,70184,1359621
BraTS-GLI-00011-000,processed_zscore,case_brain_mask,T1ce,3.224911689758301,0.32420384883880615,-0.016735518351197243,3.241647208109498,0.3409393671900034,193.69864381150725,20.37220240421253,193.69864381150725,20.37220240421253,abs(mean_region - mean_healthy) / abs(mean_healthy),9353,70184,1359621
BraTS-GLI-00011-000,processed_zscore,case_brain_mask,T2,1.4550511837005615,1.1775199174880981,-0.06078379973769188,1.5158349834382534,1.23830371722579,24.938141247828046,20.372265678842073,24.938141247828046,20.372265678842073,abs(mean_region - mean_healthy) / abs(mean_healthy),9353,70184,1359621
BraTS-GLI-00011-000,processed_zscore,case_brain_mask,FLAIR,3.417426586151123,2.9389724731445312,-0.15171049535274506,3.569137081503868,3.0906829684972763,23.525973421978467,20.37224228495905,23.525973421978467,20.37224228495905,abs(mean_region - mean_healthy) / abs(mean_healthy),9353,70184,1359621
BraTS-GLI-00012-000,processed_zscore,case_brain_mask,T1,0.13294368982315063,-0.2824226915836334,0.05448160320520401,0.07846208661794662,0.33690429478883743,1.44015744768781,6.183817563515767,1.44015744768781,6.183817563515767,abs(mean_region - mean_healthy) / abs(mean_healthy),224,263809,1367537
BraTS-GLI-00012-000,processed_zscore,case_brain_mask,T1ce,1.6154032945632935,-0.42913687229156494,0.08278390020132065,1.5326193943619728,0.5119207724928856,18.513495868578598,6.183820419767066,18.513495868578598,6.183820419767066,abs(mean_region - mean_healthy) / abs(mean_healthy),224,263809,1367537
BraTS-GLI-00012-000,processed_zscore,case_brain_mask,T2,0.5701883435249329,1.0222113132476807,-0.19719278812408447,0.7673811316490173,1.2194041013717651,3.891527367451893,6.183816928459115,3.891527367451893,6.183816928459115,abs(mean_region - mean_healthy) / abs(mean_healthy),224,263809,1367537
BraTS-GLI-00012-000,processed_zscore,case_brain_mask,FLAIR,1.6858054399490356,1.5148437023162842,-0.29222553968429565,1.9780309796333313,1.8070692420005798,6.768850463139829,6.183816937947442,6.768850463139829,6.183816937947442,abs(mean_region - mean_healthy) / abs(mean_healthy),224,263809,1367537
BraTS-GLI-00014-000,processed_zscore,case_brain_mask,T1,-0.4548131227493286,-0.23569270968437195,0.0065746246837079525,0.46138774743303657,0.2422673343680799,70.17704730375931,36.8488462875186,70.17704730375931,36.8488462875186,abs(mean_region - mean_healthy) / abs(mean_healthy),2557,38358,1375057
BraTS-GLI-00014-000,processed_zscore,case_brain_mask,T1ce,0.8974897861480713,0.15896035730838776,-0.004434375092387199,0.9019241612404585,0.16339473240077496,203.39374600692994,36.84729617963218,203.39374600692994,36.84729617963218,abs(mean_region - mean_healthy) / abs(mean_healthy),2557,38358,1375057
BraTS-GLI-00014-000,processed_zscore,case_brain_mask,T2,-0.2999122738838196,-0.37110236287117004,0.010352103970944881,0.31026437785476446,0.3814544668421149,29.971141975155923,36.84801349684454,29.971141975155923,36.84801349684454,abs(mean_region - mean_healthy) / abs(mean_healthy),2557,38358,1375057
BraTS-GLI-00014-000,processed_zscore,case_brain_mask,FLAIR,1.2065207958221436,0.8818930387496948,-0.024600999429821968,1.2311217952519655,0.9064940381795168,50.04356830152062,36.84785411931847,50.04356830152062,36.84785411931847,abs(mean_region - mean_healthy) / abs(mean_healthy),2557,38358,1375057
BraTS-GLI-00014-001,processed_zscore,case_brain_mask,T1,0.3563680648803711,0.3675038814544678,-0.010524263605475426,0.3668923284858465,0.3780281450599432,34.861567729543054,35.91967659031913,34.861567729543054,35.91967659031913,abs(mean_region - mean_healthy) / abs(mean_healthy),20314,38600,1347929
BraTS-GLI-00014-001,processed_zscore,case_brain_mask,T1ce,1.2619893550872803,0.7469156384468079,-0.021389082074165344,1.2833784371614456,0.7683047205209732,60.00156681391977,35.920415745609056,60.00156681391977,35.920415745609056,abs(mean_region - mean_healthy) / abs(mean_healthy),20314,38600,1347929
BraTS-GLI-00014-001,processed_zscore,case_brain_mask,T2,0.18802018463611603,0.1841152310371399,-0.005272462032735348,0.19329264666885138,0.18938769306987524,36.660794419902416,35.92016251497237,36.660794419902416,35.92016251497237,abs(mean_region - mean_healthy) / abs(mean_healthy),20314,38600,1347929
BraTS-GLI-00014-001,processed_zscore,case_brain_mask,FLAIR,1.5439242124557495,1.421775221824646,-0.040714651346206665,1.5846388638019562,1.4624898731708527,38.92060502563029,35.92048132096092,38.92060502563029,35.92048132096092,abs(mean_region - mean_healthy) / abs(mean_healthy),20314,38600,1347929
BraTS-GLI-00016-000,processed_zscore,case_brain_mask,T1,-0.0614614300429821,0.12002277374267578,-0.0067756385542452335,0.05468579148873687,0.12679841229692101,8.070942841907325,18.713869000210508,8.070942841907325,18.713869000210508,abs(mean_region - mean_healthy) / abs(mean_healthy),12694,74546,1320500
BraTS-GLI-00016-000,processed_zscore,case_brain_mask,T1ce,2.134247064590454,0.41244789958000183,-0.02328396402299404,2.157531028613448,0.4357318636029959,92.6616716330081,18.71381793807487,92.6616716330081,18.71381793807487,abs(mean_region - mean_healthy) / abs(mean_healthy),12694,74546,1320500
BraTS-GLI-00016-000,processed_zscore,case_brain_mask,T2,0.9135384559631348,0.6207360029220581,-0.03504226729273796,0.9485807232558727,0.6557782702147961,27.06961611049789,18.713922382262556,27.06961611049789,18.713922382262556,abs(mean_region - mean_healthy) / abs(mean_healthy),12694,74546,1320500
BraTS-GLI-00016-000,processed_zscore,case_brain_mask,FLAIR,3.1664016246795654,2.1734089851379395,-0.12269511818885803,3.2890967428684235,2.2961041033267975,26.807070985543962,18.713899438056917,26.807070985543962,18.713899438056917,abs(mean_region - mean_healthy) / abs(mean_healthy),12694,74546,1320500
BraTS-GLI-00016-001,processed_zscore,case_brain_mask,T1,1.8441576957702637,1.165082335472107,-0.060325220227241516,1.9044829159975052,1.2254075556993484,31.57026047851017,20.31335403473557,31.57026047851017,20.31335403473557,abs(mean_region - mean_healthy) / abs(mean_healthy),22791,71716,1385076
BraTS-GLI-00016-001,processed_zscore,case_brain_mask,T1ce,2.4680700302124023,1.260300636291504,-0.06525525450706482,2.533325284719467,1.3255558907985687,38.82178230482877,20.31339699479769,38.82178230482877,20.31339699479769,abs(mean_region - mean_healthy) / abs(mean_healthy),22791,71716,1385076
BraTS-GLI-00016-001,processed_zscore,case_brain_mask,T2,1.1926413774490356,0.6986717581748962,-0.036175619810819626,1.2288169972598553,0.7348473779857159,33.968097953427,20.313332068077884,33.968097953427,20.313332068077884,abs(mean_region - mean_healthy) / abs(mean_healthy),22791,71716,1385076
BraTS-GLI-00016-001,processed_zscore,case_brain_mask,FLAIR,3.0709469318389893,2.1165075302124023,-0.10958778113126755,3.180534712970257,2.22609531134367,29.02271293512656,20.31335326223264,29.02271293512656,20.31335326223264,abs(mean_region - mean_healthy) / abs(mean_healthy),22791,71716,1385076
BraTS-GLI-00017-000,processed_zscore,case_brain_mask,T1,0.7924950122833252,0.5406405925750732,-0.03635656461119652,0.8288515768945217,0.5769971571862698,22.797851935638196,15.870508211014396,22.797851935638196,15.870508211014396,abs(mean_region - mean_healthy) / abs(mean_healthy),1727,99385,1477902
BraTS-GLI-00017-000,processed_zscore,case_brain_mask,T1ce,1.1049879789352417,-0.2427157610654831,0.016321858391165733,1.088666120544076,0.2590376194566488,66.69988762635758,15.870595936358198,66.69988762635758,15.870595936358198,abs(mean_region - mean_healthy) / abs(mean_healthy),1727,99385,1477902
BraTS-GLI-00017-000,processed_zscore,case_brain_mask,T2,0.5746819972991943,0.2524222731590271,-0.01697475090622902,0.5916567482054234,0.2693970240652561,34.85510635612981,15.870455216305928,34.85510635612981,15.870455216305928,abs(mean_region - mean_healthy) / abs(mean_healthy),1727,99385,1477902
BraTS-GLI-00017-000,processed_zscore,case_brain_mask,FLAIR,3.4482123851776123,2.3432576656341553,-0.1575777679681778,3.60579015314579,2.500835433602333,22.882607106568262,15.870483925799526,22.882607106568262,15.870483925799526,abs(mean_region - mean_healthy) / abs(mean_healthy),1727,99385,1477902
BraTS-GLI-00018-000,processed_zscore,case_brain_mask,T1,0.6098406314849854,0.40561720728874207,-0.04927997663617134,0.6591206081211567,0.4548971839249134,13.375018681266264,9.230872556685028,13.375018681266264,9.230872556685028,abs(mean_region - mean_healthy) / abs(mean_healthy),64578,160203,1318612
BraTS-GLI-00018-000,processed_zscore,case_brain_mask,T1ce,0.9405713677406311,0.09917950630187988,-0.012049853801727295,0.9526212215423584,0.11122936010360718,79.05666219832511,9.230764284265668,79.05666219832511,9.230764284265668,abs(mean_region - mean_healthy) / abs(mean_healthy),64578,160203,1318612
BraTS-GLI-00018-000,processed_zscore,case_brain_mask,T2,0.4187358021736145,0.5933105945587158,-0.07208354771137238,0.4908193498849869,0.6653941422700882,6.809034314602027,9.230873942752838,6.809034314602027,9.230873942752838,abs(mean_region - mean_healthy) / abs(mean_healthy),64578,160203,1318612
BraTS-GLI-00018-000,processed_zscore,case_brain_mask,FLAIR,1.6951143741607666,1.9655355215072632,-0.23879998922348022,1.9339143633842468,2.2043355107307434,8.098469223859132,9.230886139897699,8.098469223859132,9.230886139897699,abs(mean_region - mean_healthy) / abs(mean_healthy),64578,160203,1318612
BraTS-GLI-00019-000,processed_zscore,case_brain_mask,T1,-0.3669167459011078,-0.17797748744487762,0.017277173697948456,0.38419391959905624,0.19525466114282608,22.23708149931239,11.301307989165567,22.23708149931239,11.301307989165567,abs(mean_region - mean_healthy) / abs(mean_healthy),10375,142997,1473062
BraTS-GLI-00019-000,processed_zscore,case_brain_mask,T1ce,1.1772714853286743,-0.2595866918563843,0.025199271738529205,1.1520722135901451,0.2847859635949135,45.71847256318319,11.301356902290204,45.71847256318319,11.301356902290204,abs(mean_region - mean_healthy) / abs(mean_healthy),10375,142997,1473062
BraTS-GLI-00019-000,processed_zscore,case_brain_mask,T2,1.0501716136932373,0.7206040620803833,-0.0699523463845253,1.1201239600777626,0.7905564084649086,16.012671739708132,11.301356556637158,16.012671739708132,11.301356556637158,abs(mean_region - mean_healthy) / abs(mean_healthy),10375,142997,1473062
BraTS-GLI-00019-000,processed_zscore,case_brain_mask,FLAIR,2.379138469696045,1.7768666744232178,-0.1724889576435089,2.551627427339554,1.9493556320667267,14.792990010485905,11.301335799683782,14.792990010485905,11.301335799683782,abs(mean_region - mean_healthy) / abs(mean_healthy),10375,142997,1473062
BraTS-GLI-00020-000,processed_zscore,case_brain_mask,T1,0.6860103011131287,0.7111968994140625,-0.02799277752637863,0.7140030786395073,0.7391896769404411,25.506689286787484,26.406442742020698,25.506689286787484,26.406442742020698,abs(mean_region - mean_healthy) / abs(mean_healthy),20409,59921,1522372
BraTS-GLI-00020-000,processed_zscore,case_brain_mask,T1ce,2.10246205329895,0.8794574737548828,-0.034615710377693176,2.1370777636766434,0.914073184132576,61.737221058268524,26.40631014528065,61.737221058268524,26.40631014528065,abs(mean_region - mean_healthy) / abs(mean_healthy),20409,59921,1522372
BraTS-GLI-00020-000,processed_zscore,case_brain_mask,T2,0.24763476848602295,0.3074028789997101,-0.012099497951567173,0.2597342664375901,0.31950237695127726,21.46653253525683,26.40625075769314,21.46653253525683,26.40625075769314,abs(mean_region - mean_healthy) / abs(mean_healthy),20409,59921,1522372
BraTS-GLI-00020-000,processed_zscore,case_brain_mask,FLAIR,2.153964042663574,2.2752392292022705,-0.08955410867929459,2.243518151342869,2.364793337881565,25.052096262575866,26.406307569317796,25.052096262575866,26.406307569317796,abs(mean_region - mean_healthy) / abs(mean_healthy),20409,59921,1522372
BraTS-GLI-00020-001,processed_zscore,case_brain_mask,T1,-0.20443232357501984,-0.018607445061206818,0.0007201011758297682,0.2051524247508496,0.019327546237036586,284.8938894099898,26.840042602021267,284.8938894099898,26.840042602021267,abs(mean_region - mean_healthy) / abs(mean_healthy),17529,48705,1258558
BraTS-GLI-00020-001,processed_zscore,case_brain_mask,T1ce,2.054633617401123,0.8713585138320923,-0.033720627427101135,2.088354244828224,0.9050791412591934,61.93106131678387,26.84051900326697,61.93106131678387,26.84051900326697,abs(mean_region - mean_healthy) / abs(mean_healthy),17529,48705,1258558
BraTS-GLI-00020-001,processed_zscore,case_brain_mask,T2,0.9077086448669434,0.6236041784286499,-0.024132831022143364,0.9318414758890867,0.6477370094507933,38.613019543130456,26.840489988781446,38.613019543130456,26.840489988781446,abs(mean_region - mean_healthy) / abs(mean_healthy),17529,48705,1258558
BraTS-GLI-00020-001,processed_zscore,case_brain_mask,FLAIR,2.0151278972625732,1.958835244178772,-0.07580514252185822,2.0909330397844315,2.03464038670063,27.58299727728256,26.840400519185714,27.58299727728256,26.840400519185714,abs(mean_region - mean_healthy) / abs(mean_healthy),17529,48705,1258558
BraTS-GLI-00021-000,processed_zscore,case_brain_mask,T1,0.9451726078987122,-0.3586202561855316,0.023531032726168633,0.9216415751725435,0.38215128891170025,39.167068691702376,16.2403109697227,39.167068691702376,16.2403109697227,abs(mean_region - mean_healthy) / abs(mean_healthy),6769,89260,1360349
BraTS-GLI-00021-000,processed_zscore,case_brain_mask,T1ce,0.5375604629516602,-0.2287927269935608,0.015012442134320736,0.5225480208173394,0.24380516912788153,34.807662613580696,16.240207085994733,34.807662613580696,16.240207085994733,abs(mean_region - mean_healthy) / abs(mean_healthy),6769,89260,1360349
BraTS-GLI-00021-000,processed_zscore,case_brain_mask,T2,0.6422396898269653,0.21831385791301727,-0.0143247926607728,0.6565644824877381,0.23263865057379007,45.83413512753192,16.240280476160105,45.83413512753192,16.240280476160105,abs(mean_region - mean_healthy) / abs(mean_healthy),6769,89260,1360349
BraTS-GLI-00021-000,processed_zscore,case_brain_mask,FLAIR,1.9041075706481934,0.9227558374404907,-0.06054690480232239,1.9646544754505157,0.9833027422428131,32.44847084859006,16.240346974848112,32.44847084859006,16.240346974848112,abs(mean_region - mean_healthy) / abs(mean_healthy),6769,89260,1360349
BraTS-GLI-00021-001,processed_zscore,case_brain_mask,T1,-0.33283209800720215,-0.18961574137210846,0.019226884469389915,0.35205898247659206,0.20884262584149837,18.310766002525586,10.86201075239129,18.310766002525586,10.86201075239129,abs(mean_region - mean_healthy) / abs(mean_healthy),19856,130905,1290996
BraTS-GLI-00021-001,processed_zscore,case_brain_mask,T1ce,0.7547198534011841,-0.30400487780570984,0.03082571178674698,0.7238941416144371,0.3348305895924568,23.48345260029531,10.862055413637258,23.48345260029531,10.862055413637258,abs(mean_region - mean_healthy) / abs(mean_healthy),19856,130905,1290996
BraTS-GLI-00021-001,processed_zscore,case_brain_mask,T2,1.3774040937423706,1.1124120950698853,-0.11279673129320145,1.490200825035572,1.2252088263630867,13.211383060046089,10.862095136234974,13.211383060046089,10.862095136234974,abs(mean_region - mean_healthy) / abs(mean_healthy),19856,130905,1290996
BraTS-GLI-00021-001,processed_zscore,case_brain_mask,FLAIR,1.9742079973220825,1.7535001039505005,-0.17780229449272156,2.152010291814804,1.931302398443222,12.103388755215967,10.86207803984375,12.103388755215967,10.86207803984375,abs(mean_region - mean_healthy) / abs(mean_healthy),19856,130905,1290996
BraTS-GLI-00022-000,processed_zscore,case_brain_mask,T1,-0.23669414222240448,-0.13816730678081512,0.012909917160868645,0.24960405938327312,0.15107722394168377,19.334288227646418,11.702416216861188,19.334288227646418,11.702416216861188,abs(mean_region - mean_healthy) / abs(mean_healthy),47855,112949,1208818
BraTS-GLI-00022-000,processed_zscore,case_brain_mask,T1ce,1.427631139755249,0.3805834650993347,-0.035560768097639084,1.463191907852888,0.4161442331969738,41.146240256549206,11.702340963343872,41.146240256549206,11.702340963343872,abs(mean_region - mean_healthy) / abs(mean_healthy),47855,112949,1208818
BraTS-GLI-00022-000,processed_zscore,case_brain_mask,T2,0.23550377786159515,0.5527835488319397,-0.051650747656822205,0.28715452551841736,0.6044342964887619,5.559542476061119,11.702333923697351,5.559542476061119,11.702333923697351,abs(mean_region - mean_healthy) / abs(mean_healthy),47855,112949,1208818
BraTS-GLI-00022-000,processed_zscore,case_brain_mask,FLAIR,1.388520359992981,1.781076192855835,-0.1664193719625473,1.5549397319555283,1.9474955648183823,9.343501983083241,11.702336944623648,9.343501983083241,11.702336944623648,abs(mean_region - mean_healthy) / abs(mean_healthy),47855,112949,1208818
BraTS-GLI-00022-001,processed_zscore,case_brain_mask,T1,-0.19899030029773712,-0.19445425271987915,0.014984723180532455,0.21397502347826958,0.2094389759004116,14.279544633581036,13.976833163825557,14.279544633581036,13.976833163825557,abs(mean_region - mean_healthy) / abs(mean_healthy),34997,96170,1247981
BraTS-GLI-00022-001,processed_zscore,case_brain_mask,T1ce,2.005326747894287,0.3625951409339905,-0.02794182300567627,2.0332685708999634,0.39053696393966675,72.76792822311246,13.976788982606136,72.76792822311246,13.976788982606136,abs(mean_region - mean_healthy) / abs(mean_healthy),34997,96170,1247981
BraTS-GLI-00022-001,processed_zscore,case_brain_mask,T2,0.6182433366775513,0.7905177474021912,-0.06091771274805069,0.679161049425602,0.8514354601502419,11.14882714383157,13.976812682900459,11.14882714383157,13.976812682900459,abs(mean_region - mean_healthy) / abs(mean_healthy),34997,96170,1247981
BraTS-GLI-00022-001,processed_zscore,case_brain_mask,FLAIR,0.9969022870063782,1.007326602935791,-0.07762493938207626,1.0745272263884544,1.0849515423178673,13.842551568376035,13.976842377649373,13.842551568376035,13.976842377649373,abs(mean_region - mean_healthy) / abs(mean_healthy),34997,96170,1247981
BraTS-GLI-00024-000,processed_zscore,case_brain_mask,T1,-1.134114146232605,-0.3935376703739166,0.025610601529479027,1.159724747762084,0.41914827190339565,45.28299526378501,16.36620176300568,45.28299526378501,16.36620176300568,abs(mean_region - mean_healthy) / abs(mean_healthy),5680,101451,1558909
BraTS-GLI-00024-000,processed_zscore,case_brain_mask,T1ce,1.4753527641296387,-0.6543697118759155,0.04258517920970917,1.4327675849199295,0.6969548910856247,33.644747104721986,16.366137328047763,33.644747104721986,16.366137328047763,abs(mean_region - mean_healthy) / abs(mean_healthy),5680,101451,1558909
BraTS-GLI-00024-000,processed_zscore,case_brain_mask,T2,0.36537104845046997,0.6604000329971313,-0.04297758638858795,0.4083486348390579,0.7033776193857193,9.50143247103073,16.366149858347807,9.50143247103073,16.366149858347807,abs(mean_region - mean_healthy) / abs(mean_healthy),5680,101451,1558909
BraTS-GLI-00024-000,processed_zscore,case_brain_mask,FLAIR,1.6900025606155396,2.1387085914611816,-0.13918337225914001,1.8291859328746796,2.2778919637203217,13.142273413730706,16.366121374607914,13.142273413730706,16.366121374607914,abs(mean_region - mean_healthy) / abs(mean_healthy),5680,101451,1558909
BraTS-GLI-00024-001,processed_zscore,case_brain_mask,T1,-0.6772132515907288,0.29748210310935974,-0.014945964328944683,0.6622672872617841,0.3124280674383044,44.31077665421847,20.903841368953984,44.31077665421847,20.903841368953984,abs(mean_region - mean_healthy) / abs(mean_healthy),1494,75168,1496118
BraTS-GLI-00024-001,processed_zscore,case_brain_mask,T1ce,2.8866007328033447,0.021189704537391663,-0.0010642800480127335,2.8876650128513575,0.022253984585404396,2713.256739373553,20.909895498800275,2713.256739373553,20.909895498800275,abs(mean_region - mean_healthy) / abs(mean_healthy),1494,75168,1496118
BraTS-GLI-00024-001,processed_zscore,case_brain_mask,T2,0.9697341322898865,0.7432652711868286,-0.03734305128455162,1.007077183574438,0.7806083224713802,26.968261803262287,20.903710211658808,26.968261803262287,20.903710211658808,abs(mean_region - mean_healthy) / abs(mean_healthy),1494,75168,1496118
BraTS-GLI-00024-001,processed_zscore,case_brain_mask,FLAIR,1.3302173614501953,1.735001564025879,-0.08716988563537598,1.4173872470855713,1.8221714496612549,16.260056288411096,20.903680627541934,16.260056288411096,20.903680627541934,abs(mean_region - mean_healthy) / abs(mean_healthy),1494,75168,1496118
BraTS-GLI-00025-000,processed_zscore,case_brain_mask,T1,0.7401865720748901,0.9828446507453918,-0.018845776095986366,0.7590323481708765,1.0016904268413782,40.275993108743855,53.15198598028079,40.275993108743855,53.15198598028079,abs(mean_region - mean_healthy) / abs(mean_healthy),5150,30557,1593611
BraTS-GLI-00025-000,processed_zscore,case_brain_mask,T1ce,0.7997119426727295,-0.006764179561287165,0.00012967445945832878,0.7995822682132712,0.0068938540207454935,6166.073655161207,53.16277430067754,6166.073655161207,53.16277430067754,abs(mean_region - mean_healthy) / abs(mean_healthy),5150,30557,1593611
BraTS-GLI-00025-000,processed_zscore,case_brain_mask,T2,0.22933876514434814,0.07142378389835358,-0.0013696127571165562,0.2307083779014647,0.07279339665547013,168.44788915895813,53.14888918581773,168.44788915895813,53.14888918581773,abs(mean_region - mean_healthy) / abs(mean_healthy),5150,30557,1593611
BraTS-GLI-00025-000,processed_zscore,case_brain_mask,FLAIR,2.8565003871917725,2.021942138671875,-0.0387701615691185,2.895270548760891,2.0607123002409935,74.67780456883764,53.152017346309115,74.67780456883764,53.152017346309115,abs(mean_region - mean_healthy) / abs(mean_healthy),5150,30557,1593611
BraTS-GLI-00026-000,processed_zscore,case_brain_mask,T1,0.4035322964191437,0.5313661098480225,-0.02268349565565586,0.42621579207479954,0.5540496055036783,18.789687380856915,24.42523030463925,18.789687380856915,24.42523030463925,abs(mean_region - mean_healthy) / abs(mean_healthy),30972,71556,1676217
BraTS-GLI-00026-000,processed_zscore,case_brain_mask,T1ce,1.8874598741531372,0.9468262791633606,-0.04041913151741028,1.9278790056705475,0.9872454106807709,47.69719024863575,24.425200978292207,47.69719024863575,24.425200978292207,abs(mean_region - mean_healthy) / abs(mean_healthy),30972,71556,1676217
BraTS-GLI-00026-000,processed_zscore,case_brain_mask,T2,-0.1995958536863327,-0.15442632138729095,0.006592347752302885,0.2061882014386356,0.16101866913959384,31.276900003736678,24.425087266269543,31.276900003736678,24.425087266269543,abs(mean_region - mean_healthy) / abs(mean_healthy),30972,71556,1676217
BraTS-GLI-00026-000,processed_zscore,case_brain_mask,FLAIR,1.4462496042251587,1.550034523010254,-0.06616931408643723,1.512418918311596,1.6162038370966911,22.85680211730648,24.425277175843746,22.85680211730648,24.425277175843746,abs(mean_region - mean_healthy) / abs(mean_healthy),30972,71556,1676217
BraTS-GLI-00028-000,processed_zscore,case_brain_mask,T1,-0.02080420032143593,-0.05170118063688278,0.0008055224316194654,0.021609722753055394,0.05250670306850225,26.826965835836567,65.18341514455403,26.826965835836567,65.18341514455403,abs(mean_region - mean_healthy) / abs(mean_healthy),13655,21245,1363530
BraTS-GLI-00028-000,processed_zscore,case_brain_mask,T1ce,0.6942623257637024,0.3207492232322693,-0.004997514188289642,0.699259839951992,0.32574673742055893,139.921531706808,65.18175339729112,139.921531706808,65.18175339729112,abs(mean_region - mean_healthy) / abs(mean_healthy),13655,21245,1363530
BraTS-GLI-00028-000,processed_zscore,case_brain_mask,T2,-0.16938835382461548,-0.09788104891777039,0.0015251169679686427,0.17091347079258412,0.09940616588573903,112.06581159491644,65.17937179476904,112.06581159491644,65.17937179476904,abs(mean_region - mean_healthy) / abs(mean_healthy),13655,21245,1363530
BraTS-GLI-00028-000,processed_zscore,case_brain_mask,FLAIR,1.0313386917114258,1.1683155298233032,-0.01820327527821064,1.0495419669896364,1.1865188051015139,57.65676511226199,65.18161083471497,57.65676511226199,65.18161083471497,abs(mean_region - mean_healthy) / abs(mean_healthy),13655,21245,1363530
BraTS-GLI-00030-000,processed_zscore,case_brain_mask,T1,0.48403629660606384,0.43355831503868103,-0.03327423706650734,0.5173105336725712,0.46683255210518837,15.546878885264587,14.029849915780199,15.546878885264587,14.029849915780199,abs(mean_region - mean_healthy) / abs(mean_healthy),27185,117996,1537464
BraTS-GLI-00030-000,processed_zscore,case_brain_mask,T1ce,2.3898959159851074,0.4583176076412201,-0.035174619406461716,2.425070535391569,0.4934922270476818,68.94376048162938,14.029781569065829,68.94376048162938,14.029781569065829,abs(mean_region - mean_healthy) / abs(mean_healthy),27185,117996,1537464
BraTS-GLI-00030-000,processed_zscore,case_brain_mask,T2,0.5359750390052795,0.6133623123168945,-0.047073837369680405,0.58304887637496,0.6604361496865749,12.385836994680478,14.029792058379174,12.385836994680478,14.029792058379174,abs(mean_region - mean_healthy) / abs(mean_healthy),27185,117996,1537464
BraTS-GLI-00030-000,processed_zscore,case_brain_mask,FLAIR,2.187948703765869,2.2064688205718994,-0.16934023797512054,2.3572889417409897,2.37580905854702,13.920430075734997,14.029796384814775,13.920430075734997,14.029796384814775,abs(mean_region - mean_healthy) / abs(mean_healthy),27185,117996,1537464
BraTS-GLI-00031-000,processed_zscore,case_brain_mask,T1,0.08439191430807114,0.6446504592895508,-0.1048070564866066,0.18919897079467773,0.7494575157761574,1.8052121406429886,7.150830687358645,1.8052121406429886,7.150830687358645,abs(mean_region - mean_healthy) / abs(mean_healthy),12695,212996,1310101
BraTS-GLI-00031-000,processed_zscore,case_brain_mask,T1ce,0.8561264872550964,-0.09396427124738693,0.015276783145964146,0.8408497041091323,0.10924105439335108,55.041018523017385,7.150789099353722,55.041018523017385,7.150789099353722,abs(mean_region - mean_healthy) / abs(mean_healthy),12695,212996,1310101
BraTS-GLI-00031-000,processed_zscore,case_brain_mask,T2,0.15414930880069733,0.29100045561790466,-0.04731085151433945,0.20146016031503677,0.3383113071322441,4.258223089769928,7.150818391626397,4.258223089769928,7.150818391626397,abs(mean_region - mean_healthy) / abs(mean_healthy),12695,212996,1310101
BraTS-GLI-00031-000,processed_zscore,case_brain_mask,FLAIR,1.3769625425338745,1.4894850254058838,-0.24216005206108093,1.6191225945949554,1.7316450774669647,6.68616718907278,7.150828812302144,6.68616718907278,7.150828812302144,abs(mean_region - mean_healthy) / abs(mean_healthy),12695,212996,1310101
BraTS-GLI-00031-001,processed_zscore,case_brain_mask,T1,-0.42017149925231934,0.12103084474802017,-0.024140704423189163,0.3960307948291302,0.14517154917120934,16.405105165394822,6.013558951153055,16.405105165394822,6.013558951153055,abs(mean_region - mean_healthy) / abs(mean_healthy),11328,222780,1116925
BraTS-GLI-00031-001,processed_zscore,case_brain_mask,T1ce,1.058393955230713,-0.056886520236730576,0.011346505023539066,1.0470474502071738,0.06823302526026964,92.27929199652276,6.013572031098191,92.27929199652276,6.013572031098191,abs(mean_region - mean_healthy) / abs(mean_healthy),11328,222780,1116925
BraTS-GLI-00031-001,processed_zscore,case_brain_mask,T2,0.251888632774353,0.1025625690817833,-0.02045692317187786,0.2723455559462309,0.12301949225366116,13.313124053798296,6.013587244770812,13.313124053798296,6.013587244770812,abs(mean_region - mean_healthy) / abs(mean_healthy),11328,222780,1116925
BraTS-GLI-00031-001,processed_zscore,case_brain_mask,FLAIR,0.7089203000068665,1.2120234966278076,-0.2417481541633606,0.950668454170227,1.4537716507911682,3.9324745103444125,6.013579114274379,3.9324745103444125,6.013579114274379,abs(mean_region - mean_healthy) / abs(mean_healthy),11328,222780,1116925
BraTS-GLI-00032-000,processed_zscore,case_brain_mask,T1,0.6695008873939514,0.3379911184310913,-0.0193287655711174,0.6888296529650688,0.3573198840022087,35.63753983308554,18.486430635598627,35.63753983308554,18.486430635598627,abs(mean_region - mean_healthy) / abs(mean_healthy),9994,88373,1545325
BraTS-GLI-00032-000,processed_zscore,case_brain_mask,T1ce,1.5501892566680908,-0.1364714652299881,0.00780441053211689,1.542384846135974,0.144275875762105,197.62989655512305,18.48645393119411,197.62989655512305,18.48645393119411,abs(mean_region - mean_healthy) / abs(mean_healthy),9994,88373,1545325
BraTS-GLI-00032-000,processed_zscore,case_brain_mask,T2,0.48428988456726074,0.601841151714325,-0.03441761061549187,0.5187074951827526,0.6362587623298168,15.070990865044967,18.486430375367995,15.070990865044967,18.486430375367995,abs(mean_region - mean_healthy) / abs(mean_healthy),9994,88373,1545325
BraTS-GLI-00032-000,processed_zscore,case_brain_mask,FLAIR,2.210078001022339,2.208247423171997,-0.12628379464149475,2.3363617956638336,2.334531217813492,18.500883682633212,18.486387936321986,18.500883682633212,18.486387936321986,abs(mean_region - mean_healthy) / abs(mean_healthy),9994,88373,1545325
BraTS-GLI-00032-001,processed_zscore,case_brain_mask,T1,-0.13230405747890472,-0.0027208798564970493,0.00021640985505655408,0.13252046733396128,0.0029372897115536034,612.3587453969224,13.572809384239944,612.3587453969224,13.572809384239944,abs(mean_region - mean_healthy) / abs(mean_healthy),21937,122552,1541089
BraTS-GLI-00032-001,processed_zscore,case_brain_mask,T1ce,2.4379820823669434,0.1940106302499771,-0.015428557991981506,2.453410640358925,0.20943918824195862,159.01749480631992,13.574774023003826,159.01749480631992,13.574774023003826,abs(mean_region - mean_healthy) / abs(mean_healthy),21937,122552,1541089
BraTS-GLI-00032-001,processed_zscore,case_brain_mask,T2,1.1281850337982178,1.1463491916656494,-0.09116100519895554,1.2193460389971733,1.237510196864605,13.37574148437696,13.574995077816272,13.37574148437696,13.574995077816272,abs(mean_region - mean_healthy) / abs(mean_healthy),21937,122552,1541089
BraTS-GLI-00032-001,processed_zscore,case_brain_mask,FLAIR,0.9044095277786255,1.5627483129501343,-0.12427431344985962,1.028683841228485,1.687022626399994,8.277525843210741,13.574990515482904,8.277525843210741,13.574990515482904,abs(mean_region - mean_healthy) / abs(mean_healthy),21937,122552,1541089
BraTS-GLI-00035-000,processed_zscore,case_brain_mask,T1,0.6099050641059875,0.4289109408855438,-0.012920488603413105,0.6228255527094007,0.44183142948895693,48.204489151042914,34.196185844879096,48.204489151042914,34.196185844879096,abs(mean_region - mean_healthy) / abs(mean_healthy),8779,38022,1262162
BraTS-GLI-00035-000,processed_zscore,case_brain_mask,T1ce,2.271751642227173,0.45060378313064575,-0.013574150390923023,2.285325792618096,0.4641779335215688,168.35866163279607,34.19572644723036,168.35866163279607,34.19572644723036,abs(mean_region - mean_healthy) / abs(mean_healthy),8779,38022,1262162
BraTS-GLI-00035-000,processed_zscore,case_brain_mask,T2,0.5809422135353088,0.6351330876350403,-0.019133003428578377,0.6000752169638872,0.6542660910636187,31.363356997447323,34.1956814833557,31.363356997447323,34.1956814833557,abs(mean_region - mean_healthy) / abs(mean_healthy),8779,38022,1262162
BraTS-GLI-00035-000,processed_zscore,case_brain_mask,FLAIR,2.1253936290740967,2.4061646461486816,-0.07248461991548538,2.197878248989582,2.478649266064167,30.321994535561252,34.19551994553035,30.321994535561252,34.19551994553035,abs(mean_region - mean_healthy) / abs(mean_healthy),8779,38022,1262162
BraTS-GLI-00036-000,processed_zscore,case_brain_mask,T1,0.12444502115249634,0.23817402124404907,-0.022659625858068466,0.1471046470105648,0.26083364710211754,6.4919274454032925,11.510942357825467,6.4919274454032925,11.510942357825467,abs(mean_region - mean_healthy) / abs(mean_healthy),39607,157005,1650265
BraTS-GLI-00036-000,processed_zscore,case_brain_mask,T1ce,2.0957748889923096,0.5289916396141052,-0.0503278486430645,2.146102737635374,0.5793194882571697,42.64244936945305,11.510913020856966,42.64244936945305,11.510913020856966,abs(mean_region - mean_healthy) / abs(mean_healthy),39607,157005,1650265
BraTS-GLI-00036-000,processed_zscore,case_brain_mask,T2,0.19299015402793884,0.5116809606552124,-0.048680953681468964,0.2416711077094078,0.5603619143366814,4.964387289754413,11.510906668001256,4.964387289754413,11.510906668001256,abs(mean_region - mean_healthy) / abs(mean_healthy),39607,157005,1650265
BraTS-GLI-00036-000,processed_zscore,case_brain_mask,FLAIR,1.338474988937378,1.9552515745162964,-0.18602122366428375,1.5244962126016617,2.14127279818058,8.195281068320197,11.51090588483053,8.195281068320197,11.51090588483053,abs(mean_region - mean_healthy) / abs(mean_healthy),39607,157005,1650265
BraTS-GLI-00036-001,processed_zscore,case_brain_mask,T1,0.2077200561761856,0.2881595194339752,-0.030141545459628105,0.2378616016358137,0.3183010648936033,7.891486584667929,10.560210501480059,7.891486584667929,10.560210501480059,abs(mean_region - mean_healthy) / abs(mean_healthy),37717,176771,1689959
BraTS-GLI-00036-001,processed_zscore,case_brain_mask,T1ce,1.5992984771728516,0.1497391015291214,-0.01566290855407715,1.6149613857269287,0.16540201008319855,103.10737499048633,10.560108265469214,103.10737499048633,10.560108265469214,abs(mean_region - mean_healthy) / abs(mean_healthy),37717,176771,1689959
BraTS-GLI-00036-001,processed_zscore,case_brain_mask,T2,0.9069455862045288,1.0764811038970947,-0.11260067671537399,1.0195462629199028,1.1890817806124687,9.054530511366798,10.560165491883911,9.054530511366798,10.560165491883911,abs(mean_region - mean_healthy) / abs(mean_healthy),37717,176771,1689959
BraTS-GLI-00036-001,processed_zscore,case_brain_mask,FLAIR,1.488515019416809,1.7789456844329834,-0.18607908487319946,1.6745941042900085,1.9650247693061829,8.99936769052327,10.560159249736298,8.99936769052327,10.560159249736298,abs(mean_region - mean_healthy) / abs(mean_healthy),37717,176771,1689959
BraTS-GLI-00043-000,processed_zscore,case_brain_mask,T1,0.1001623272895813,-0.09378707408905029,0.006501725874841213,0.09366060141474009,0.1002887999638915,14.40549835808442,15.424950527669052,14.40549835808442,15.424950527669052,abs(mean_region - mean_healthy) / abs(mean_healthy),11259,98719,1424014
BraTS-GLI-00043-000,processed_zscore,case_brain_mask,T1ce,-0.40067538619041443,-0.933448076248169,0.06471073627471924,0.46538612246513367,0.9981588125228882,7.191791490200485,15.424933635206408,7.191791490200485,15.424933635206408,abs(mean_region - mean_healthy) / abs(mean_healthy),11259,98719,1424014
BraTS-GLI-00043-000,processed_zscore,case_brain_mask,T2,1.2063589096069336,1.626684546470642,-0.11276905983686447,1.319127969443798,1.7394536063075066,11.697605454475662,15.42491893453629,11.697605454475662,15.42491893453629,abs(mean_region - mean_healthy) / abs(mean_healthy),11259,98719,1424014
BraTS-GLI-00043-000,processed_zscore,case_brain_mask,FLAIR,2.410227060317993,2.4059154987335205,-0.16678877174854279,2.577015832066536,2.5727042704820633,15.450775283313105,15.424924852620007,15.450775283313105,15.424924852620007,abs(mean_region - mean_healthy) / abs(mean_healthy),11259,98719,1424014
BraTS-GLI-00044-000,processed_zscore,case_brain_mask,T1,0.22678242623806,0.28309115767478943,-0.0033068908378481865,0.23008931707590818,0.2863980485126376,69.57874582447018,86.60644168677746,69.57874582447018,86.60644168677746,abs(mean_region - mean_healthy) / abs(mean_healthy),4835,16636,1424200
BraTS-GLI-00044-000,processed_zscore,case_brain_mask,T1ce,2.2587831020355225,0.5198501348495483,-0.006072252057492733,2.264855354093015,0.5259223869070411,372.9844105035697,86.61076350710603,372.9844105035697,86.61076350710603,abs(mean_region - mean_healthy) / abs(mean_healthy),4835,16636,1424200
BraTS-GLI-00044-000,processed_zscore,case_brain_mask,T2,0.1098395511507988,0.10706620663404465,-0.001250660978257656,0.11109021212905645,0.1083168676123023,88.8252004822446,86.60769744587594,88.8252004822446,86.60769744587594,abs(mean_region - mean_healthy) / abs(mean_healthy),4835,16636,1424200
BraTS-GLI-00044-000,processed_zscore,case_brain_mask,FLAIR,2.4347612857818604,2.30932879447937,-0.02697514183819294,2.4617364276200533,2.336303936317563,91.25944331957457,86.60951443116014,91.25944331957457,86.60951443116014,abs(mean_region - mean_healthy) / abs(mean_healthy),4835,16636,1424200
BraTS-GLI-00045-000,processed_zscore,case_brain_mask,T1,-0.5110100507736206,-0.33704835176467896,0.006878046318888664,0.5178880970925093,0.3439263980835676,75.29581411370725,50.00350130516979,75.29581411370725,50.00350130516979,abs(mean_region - mean_healthy) / abs(mean_healthy),7857,34190,1675432
BraTS-GLI-00045-000,processed_zscore,case_brain_mask,T1ce,2.0963659286499023,0.0197359099984169,-0.0004026442184112966,2.0967685728683136,0.020138554216828197,5207.497033339959,50.01575409747195,5207.497033339959,50.01575409747195,abs(mean_region - mean_healthy) / abs(mean_healthy),7857,34190,1675432
BraTS-GLI-00045-000,processed_zscore,case_brain_mask,T2,0.6549556851387024,0.5981097221374512,-0.012205475009977818,0.6671611601486802,0.610315197147429,54.660810792147345,50.00339574236187,54.660810792147345,50.00339574236187,abs(mean_region - mean_healthy) / abs(mean_healthy),7857,34190,1675432
BraTS-GLI-00045-000,processed_zscore,case_brain_mask,FLAIR,1.975672960281372,2.146873712539673,-0.04381050169467926,2.0194834619760513,2.190684214234352,46.09587619082927,50.00363222273732,46.09587619082927,50.00363222273732,abs(mean_region - mean_healthy) / abs(mean_healthy),7857,34190,1675432
BraTS-GLI-00045-001,processed_zscore,case_brain_mask,T1,-0.2676295340061188,-0.10250458121299744,0.0013475007144734263,0.2689770347205922,0.10385208192747086,199.61179376866045,77.07014980548932,199.61179376866045,77.07014980548932,abs(mean_region - mean_healthy) / abs(mean_healthy),6752,22643,1722243
BraTS-GLI-00045-001,processed_zscore,case_brain_mask,T1ce,2.504108190536499,0.5070323944091797,-0.0066663590259850025,2.510774549562484,0.5136987534351647,376.63356260526325,77.05836895864786,376.63356260526325,77.05836895864786,abs(mean_region - mean_healthy) / abs(mean_healthy),6752,22643,1722243
BraTS-GLI-00045-001,processed_zscore,case_brain_mask,T2,1.0262489318847656,0.7724428772926331,-0.010155707597732544,1.0364046394824982,0.7825985848903656,102.05144540729937,77.05997611285063,102.05144540729937,77.05997611285063,abs(mean_region - mean_healthy) / abs(mean_healthy),6752,22643,1722243
BraTS-GLI-00045-001,processed_zscore,case_brain_mask,FLAIR,3.791127920150757,2.3145408630371094,-0.030430184677243233,3.821558104828,2.3449710477143526,125.58445324473816,77.06069064602177,125.58445324473816,77.06069064602177,abs(mean_region - mean_healthy) / abs(mean_healthy),6752,22643,1722243
BraTS-GLI-00046-000,processed_zscore,case_brain_mask,T1,-0.46533310413360596,-0.047051478177309036,0.0012242734665051103,0.46655737760011107,0.048275751643814147,381.0891850265903,39.432163617516935,381.0891850265903,39.432163617516935,abs(mean_region - mean_healthy) / abs(mean_healthy),6841,33792,1298587
BraTS-GLI-00046-000,processed_zscore,case_brain_mask,T1ce,2.444972515106201,0.04140270873904228,-0.0010774637339636683,2.446049978840165,0.04248017247300595,2270.192398812232,39.42608102152454,2270.192398812232,39.42608102152454,abs(mean_region - mean_healthy) / abs(mean_healthy),6841,33792,1298587
BraTS-GLI-00046-000,processed_zscore,case_brain_mask,T2,0.8560787439346313,0.83184814453125,-0.021646523848176003,0.8777252677828074,0.853494668379426,40.548093261485356,39.42871725574284,40.548093261485356,39.42871725574284,abs(mean_region - mean_healthy) / abs(mean_healthy),6841,33792,1298587
BraTS-GLI-00046-000,processed_zscore,case_brain_mask,FLAIR,2.8135557174682617,2.8790974617004395,-0.0749201625585556,2.8884758800268173,2.954017624258995,38.55405249246839,39.428873662016066,38.55405249246839,39.428873662016066,abs(mean_region - mean_healthy) / abs(mean_healthy),6841,33792,1298587
BraTS-GLI-00048-000,processed_zscore,case_brain_mask,T1,0.10379200428724289,0.2404485046863556,-0.012394918128848076,0.11618692241609097,0.25284342281520367,9.373754728212054,20.398958685070532,9.373754728212054,20.398958685070532,abs(mean_region - mean_healthy) / abs(mean_healthy),14189,84681,1642724
BraTS-GLI-00048-000,processed_zscore,case_brain_mask,T1ce,2.2748866081237793,0.03844522312283516,-0.0019818011205643415,2.2768684092443436,0.0404270242433995,1148.8884457770305,20.399132800917695,1148.8884457770305,20.399132800917695,abs(mean_region - mean_healthy) / abs(mean_healthy),14189,84681,1642724
BraTS-GLI-00048-000,processed_zscore,case_brain_mask,T2,1.3608497381210327,0.9396578073501587,-0.04843851551413536,1.409288253635168,0.988096322864294,29.094373324135184,20.398980282043265,29.094373324135184,20.398980282043265,abs(mean_region - mean_healthy) / abs(mean_healthy),14189,84681,1642724
BraTS-GLI-00048-000,processed_zscore,case_brain_mask,FLAIR,3.5731401443481445,2.642487049102783,-0.1362179070711136,3.709358051419258,2.778704956173897,27.23106037360242,20.39896967968575,27.23106037360242,20.39896967968575,abs(mean_region - mean_healthy) / abs(mean_healthy),14189,84681,1642724
BraTS-GLI-00049-000,processed_zscore,case_brain_mask,T1,-0.16092556715011597,0.14504826068878174,-0.013597979210317135,0.14732758793979883,0.15864623989909887,10.834520752025979,11.666898253435328,10.834520752025979,11.666898253435328,abs(mean_region - mean_healthy) / abs(mean_healthy),15417,119424,1273886
BraTS-GLI-00049-000,processed_zscore,case_brain_mask,T1ce,1.8885242938995361,0.029767608270049095,-0.002790491096675396,1.8913147849962115,0.03255809936672449,677.7713024239829,11.667515945675069,677.7713024239829,11.667515945675069,abs(mean_region - mean_healthy) / abs(mean_healthy),15417,119424,1273886
BraTS-GLI-00049-000,processed_zscore,case_brain_mask,T2,0.2499447464942932,0.37250813841819763,-0.03492182493209839,0.2848665714263916,0.407429963350296,8.157264747197004,11.666915006374905,8.157264747197004,11.666915006374905,abs(mean_region - mean_healthy) / abs(mean_healthy),15417,119424,1273886
BraTS-GLI-00049-000,processed_zscore,case_brain_mask,FLAIR,1.295822024345398,2.0398950576782227,-0.19123564660549164,1.4870576709508896,2.2311307042837143,7.776048541925898,11.66691850545213,7.776048541925898,11.66691850545213,abs(mean_region - mean_healthy) / abs(mean_healthy),15417,119424,1273886
BraTS-GLI-00051-000,processed_zscore,case_brain_mask,T1,0.3042977750301361,0.39945346117019653,-0.02935284748673439,0.3336506225168705,0.4288063086569309,11.366891156561872,14.608678386337951,11.366891156561872,14.608678386337951,abs(mean_region - mean_healthy) / abs(mean_healthy),18805,108726,1479619
BraTS-GLI-00051-000,processed_zscore,case_brain_mask,T1ce,1.8897228240966797,0.20314104855060577,-0.014927159063518047,1.9046499831601977,0.21806820761412382,127.596281050904,14.60882185861355,127.596281050904,14.60882185861355,abs(mean_region - mean_healthy) / abs(mean_healthy),18805,108726,1479619
BraTS-GLI-00051-000,processed_zscore,case_brain_mask,T2,1.0068917274475098,1.3135278224945068,-0.09652120620012283,1.1034129336476326,1.4100490286946297,11.431818737945159,14.60869672278127,11.431818737945159,14.60869672278127,abs(mean_region - mean_healthy) / abs(mean_healthy),18805,108726,1479619
BraTS-GLI-00051-000,processed_zscore,case_brain_mask,FLAIR,1.5052337646484375,1.9268379211425781,-0.14158867299556732,1.6468224376440048,2.0684265941381454,11.631032361575713,14.608701037849977,11.631032361575713,14.608701037849977,abs(mean_region - mean_healthy) / abs(mean_healthy),18805,108726,1479619
BraTS-GLI-00052-000,processed_zscore,case_brain_mask,T1,0.15877683460712433,0.07736244052648544,-0.008216923102736473,0.1669937577098608,0.08557936362922192,20.323149629360294,10.415013327886872,20.323149629360294,10.415013327886872,abs(mean_region - mean_healthy) / abs(mean_healthy),49797,164216,1546072
BraTS-GLI-00052-000,processed_zscore,case_brain_mask,T1ce,1.6524778604507446,0.0500003844499588,-0.005310851614922285,1.657788712065667,0.055311236064881086,312.15120140198565,10.414758324158237,312.15120140198565,10.414758324158237,abs(mean_region - mean_healthy) / abs(mean_healthy),49797,164216,1546072
BraTS-GLI-00052-000,processed_zscore,case_brain_mask,T2,0.28716665506362915,0.7770217657089233,-0.08253122866153717,0.3696978837251663,0.8595529943704605,4.479490851169895,10.41488183697726,4.479490851169895,10.41488183697726,abs(mean_region - mean_healthy) / abs(mean_healthy),49797,164216,1546072
BraTS-GLI-00052-000,processed_zscore,case_brain_mask,FLAIR,1.1328158378601074,1.7399795055389404,-0.1848118156194687,1.317627653479576,1.9247913211584091,7.129563924595592,10.414871553026641,7.129563924595592,10.414871553026641,abs(mean_region - mean_healthy) / abs(mean_healthy),49797,164216,1546072
BraTS-GLI-00053-000,processed_zscore,case_brain_mask,T1,-0.031221965327858925,-0.02445254661142826,0.0017155605601146817,0.03293752588797361,0.026168107171542943,19.19927903085613,15.253385849458825,19.19927903085613,15.253385849458825,abs(mean_region - mean_healthy) / abs(mean_healthy),27997,131650,1876433
BraTS-GLI-00053-000,processed_zscore,case_brain_mask,T1ce,1.3691045045852661,-0.013234784826636314,0.0009286078857257962,1.3681758966995403,0.01416339271236211,1473.3623499548246,15.252285631078891,1473.3623499548246,15.252285631078891,abs(mean_region - mean_healthy) / abs(mean_healthy),27997,131650,1876433
BraTS-GLI-00053-000,processed_zscore,case_brain_mask,T2,0.33107414841651917,0.7057302594184875,-0.0495138093829155,0.38058795779943466,0.755244068801403,7.686501251724629,15.253200636628787,7.686501251724629,15.253200636628787,abs(mean_region - mean_healthy) / abs(mean_healthy),27997,131650,1876433
BraTS-GLI-00053-000,processed_zscore,case_brain_mask,FLAIR,1.3680046796798706,2.0786969661712646,-0.1458408385515213,1.513845518231392,2.224537804722786,10.380120775955321,15.253188522616194,10.380120775955321,15.253188522616194,abs(mean_region - mean_healthy) / abs(mean_healthy),27997,131650,1876433
BraTS-GLI-00053-001,processed_zscore,case_brain_mask,T1,-0.042277127504348755,-0.14985154569149017,0.011954604648053646,0.0542317321524024,0.16180615033954382,4.536472242202671,13.535048218084553,4.536472242202671,13.535048218084553,abs(mean_region - mean_healthy) / abs(mean_healthy),31640,138820,1740134
BraTS-GLI-00053-001,processed_zscore,case_brain_mask,T1ce,1.596447229385376,-0.3562406003475189,0.028419209644198418,1.5680280197411776,0.38465980999171734,55.17493411577966,13.535204349718533,55.17493411577966,13.535204349718533,abs(mean_region - mean_healthy) / abs(mean_healthy),31640,138820,1740134
BraTS-GLI-00053-001,processed_zscore,case_brain_mask,T2,1.4072028398513794,1.461362600326538,-0.11658097058534622,1.5237838104367256,1.5779435709118843,13.070604943378807,13.535172704336926,13.070604943378807,13.535172704336926,abs(mean_region - mean_healthy) / abs(mean_healthy),31640,138820,1740134
BraTS-GLI-00053-001,processed_zscore,case_brain_mask,FLAIR,2.04036283493042,2.2172887325286865,-0.176885187625885,2.217248022556305,2.3941739201545715,12.534955879097236,13.535186028229155,12.534955879097236,13.535186028229155,abs(mean_region - mean_healthy) / abs(mean_healthy),31640,138820,1740134
BraTS-GLI-00054-000,processed_zscore,case_brain_mask,T1,0.33786848187446594,0.3757281005382538,-0.031268104910850525,0.36913658678531647,0.4069962054491043,11.805531158276889,13.016337466229691,11.805531158276889,13.016337466229691,abs(mean_region - mean_healthy) / abs(mean_healthy),55839,100486,1207470
BraTS-GLI-00054-000,processed_zscore,case_brain_mask,T1ce,1.8645838499069214,1.036826252937317,-0.0862850546836853,1.9508689045906067,1.1231113076210022,22.60958067121067,13.016290152892017,22.60958067121067,13.016290152892017,abs(mean_region - mean_healthy) / abs(mean_healthy),55839,100486,1207470
BraTS-GLI-00054-000,processed_zscore,case_brain_mask,T2,0.2463737577199936,0.32717591524124146,-0.027227601036429405,0.273601358756423,0.35440351627767086,10.048676649490922,13.016332794192687,10.048676649490922,13.016332794192687,abs(mean_region - mean_healthy) / abs(mean_healthy),55839,100486,1207470
BraTS-GLI-00054-000,processed_zscore,case_brain_mask,FLAIR,1.3428243398666382,1.5745651721954346,-0.13103574514389038,1.4738600850105286,1.705600917339325,11.247771235185349,13.016302654412383,11.247771235185349,13.016302654412383,abs(mean_region - mean_healthy) / abs(mean_healthy),55839,100486,1207470
BraTS-GLI-00056-000,processed_zscore,case_brain_mask,T1,0.0542658194899559,0.2860965132713318,-0.022652899846434593,0.0769187193363905,0.3087494131177664,3.395535223208827,13.629575692772127,3.395535223208827,13.629575692772127,abs(mean_region - mean_healthy) / abs(mean_healthy),43755,104443,1319061
BraTS-GLI-00056-000,processed_zscore,case_brain_mask,T1ce,1.9989078044891357,0.5695597529411316,-0.04509751498699188,2.0440053194761276,0.6146572679281235,45.324123071209335,13.629515242811445,45.324123071209335,13.629515242811445,abs(mean_region - mean_healthy) / abs(mean_healthy),43755,104443,1319061
BraTS-GLI-00056-000,processed_zscore,case_brain_mask,T2,0.5042579174041748,0.7015573978424072,-0.05554914101958275,0.5598070584237576,0.75710653886199,10.077690638391847,13.629491383045636,10.077690638391847,13.629491383045636,abs(mean_region - mean_healthy) / abs(mean_healthy),43755,104443,1319061
BraTS-GLI-00056-000,processed_zscore,case_brain_mask,FLAIR,1.5871516466140747,2.0300657749176025,-0.16074031591415405,1.7478919625282288,2.1908060908317566,10.874010994613936,13.629474835683363,10.874010994613936,13.629474835683363,abs(mean_region - mean_healthy) / abs(mean_healthy),43755,104443,1319061
BraTS-GLI-00056-001,processed_zscore,case_brain_mask,T1,1.3506700992584229,1.1084297895431519,-0.09018342196941376,1.4408535212278366,1.1986132115125656,15.97692225203553,13.290837554590492,15.97692225203553,13.290837554590492,abs(mean_region - mean_healthy) / abs(mean_healthy),35801,103998,1278223
BraTS-GLI-00056-001,processed_zscore,case_brain_mask,T1ce,1.7454015016555786,0.3651523292064667,-0.029709335416555405,1.775110837072134,0.3948616646230221,59.74926103809649,13.290827919462211,59.74926103809649,13.290827919462211,abs(mean_region - mean_healthy) / abs(mean_healthy),35801,103998,1278223
BraTS-GLI-00056-001,processed_zscore,case_brain_mask,T2,2.2314019203186035,2.0982697010040283,-0.1707180291414261,2.4021199494600296,2.2689877301454544,14.07068697747247,13.290850073402508,14.07068697747247,13.290850073402508,abs(mean_region - mean_healthy) / abs(mean_healthy),35801,103998,1278223
BraTS-GLI-00056-001,processed_zscore,case_brain_mask,FLAIR,2.0211102962493896,2.4289610385894775,-0.1976235955953598,2.2187338918447495,2.6265846341848373,11.227069749240233,13.29084528733526,11.227069749240233,13.29084528733526,abs(mean_region - mean_healthy) / abs(mean_healthy),35801,103998,1278223
BraTS-GLI-00058-000,processed_zscore,case_brain_mask,T1,0.4349287748336792,0.4102434813976288,-0.008629027754068375,0.4435578025877476,0.41887250915169716,51.402987130111036,48.54226004247223,51.402987130111036,48.54226004247223,abs(mean_region - mean_healthy) / abs(mean_healthy),7997,27410,1303110
BraTS-GLI-00058-000,processed_zscore,case_brain_mask,T1ce,1.879269003868103,0.4536358714103699,-0.009541818872094154,1.8888108227401972,0.463177690282464,197.95081504472716,48.54186570624033,197.95081504472716,48.54186570624033,abs(mean_region - mean_healthy) / abs(mean_healthy),7997,27410,1303110
BraTS-GLI-00058-000,processed_zscore,case_brain_mask,T2,0.6892853379249573,0.6819846034049988,-0.014345033094286919,0.7036303710192442,0.6963296364992857,49.05045296127434,48.54151481718138,49.05045296127434,48.54151481718138,abs(mean_region - mean_healthy) / abs(mean_healthy),7997,27410,1303110
BraTS-GLI-00058-000,processed_zscore,case_brain_mask,FLAIR,2.748406410217285,2.596600294113159,-0.05461779236793518,2.8030242025852203,2.6512180864810944,51.32071585212605,48.541289780096676,51.32071585212605,48.541289780096676,abs(mean_region - mean_healthy) / abs(mean_healthy),7997,27410,1303110
BraTS-GLI-00058-001,processed_zscore,case_brain_mask,T1,-0.8440091609954834,-0.5752399563789368,0.023806024342775345,0.8678151853382587,0.5990459807217121,36.45359564633157,25.163629680296058,36.45359564633157,25.163629680296058,abs(mean_region - mean_healthy) / abs(mean_healthy),9956,51158,1236160
BraTS-GLI-00058-001,processed_zscore,case_brain_mask,T1ce,1.6973313093185425,-0.036868005990982056,0.0015253069577738643,1.6958060023607686,0.03839331294875592,1111.780152655792,25.17087642790911,1111.780152655792,25.17087642790911,abs(mean_region - mean_healthy) / abs(mean_healthy),9956,51158,1236160
BraTS-GLI-00058-001,processed_zscore,case_brain_mask,T2,2.435835599899292,2.122757911682129,-0.08784952014684677,2.5236851200461388,2.2106074318289757,28.72736374458982,25.163568658471746,28.72736374458982,25.163568658471746,abs(mean_region - mean_healthy) / abs(mean_healthy),9956,51158,1236160
BraTS-GLI-00058-001,processed_zscore,case_brain_mask,FLAIR,2.1505560874938965,2.0630478858947754,-0.08537834137678146,2.235934428870678,2.148426227271557,26.188543754947407,25.163597613010303,26.188543754947407,25.163597613010303,abs(mean_region - mean_healthy) / abs(mean_healthy),9956,51158,1236160
BraTS-GLI-00059-000,processed_zscore,case_brain_mask,T1,0.043188512325286865,0.23457320034503937,-0.02143826149404049,0.06462677381932735,0.25601146183907986,3.0145529215273643,11.941801433397346,3.0145529215273643,11.941801433397346,abs(mean_region - mean_healthy) / abs(mean_healthy),23135,119934,1312308
BraTS-GLI-00059-000,processed_zscore,case_brain_mask,T1ce,2.454893112182617,0.42477038502693176,-0.03882041946053505,2.4937135316431522,0.4635908044874668,64.23716091420054,11.941931873218284,64.23716091420054,11.941931873218284,abs(mean_region - mean_healthy) / abs(mean_healthy),23135,119934,1312308
BraTS-GLI-00059-000,processed_zscore,case_brain_mask,T2,0.37786826491355896,0.4993242919445038,-0.045634131878614426,0.4235023967921734,0.5449584238231182,9.280386836736119,11.941904039561727,9.280386836736119,11.941904039561727,abs(mean_region - mean_healthy) / abs(mean_healthy),23135,119934,1312308
BraTS-GLI-00059-000,processed_zscore,case_brain_mask,FLAIR,1.2780061960220337,1.5553361177444458,-0.14214491844177246,1.4201511144638062,1.6974810361862183,9.9908679819993,11.94190446478441,9.9908679819993,11.94190446478441,abs(mean_region - mean_healthy) / abs(mean_healthy),23135,119934,1312308
BraTS-GLI-00059-001,processed_zscore,case_brain_mask,T1,1.1545575857162476,0.7408963441848755,-0.024174075573682785,1.1787316612899303,0.7650704197585583,48.76015455884327,31.648383716954026,48.76015455884327,31.648383716954026,abs(mean_region - mean_healthy) / abs(mean_healthy),15913,45184,1384822
BraTS-GLI-00059-001,processed_zscore,case_brain_mask,T1ce,1.890586018562317,0.755757212638855,-0.024658920243382454,1.9152449388056993,0.7804161328822374,77.66945672812582,31.648430879355814,77.66945672812582,31.648430879355814,abs(mean_region - mean_healthy) / abs(mean_healthy),15913,45184,1384822
BraTS-GLI-00059-001,processed_zscore,case_brain_mask,T2,1.179542899131775,0.9232853055000305,-0.030124962329864502,1.2096678614616394,0.953410267829895,40.1549999703213,31.648513196138605,40.1549999703213,31.648513196138605,abs(mean_region - mean_healthy) / abs(mean_healthy),15913,45184,1384822
BraTS-GLI-00059-001,processed_zscore,case_brain_mask,FLAIR,2.010039806365967,1.8532599210739136,-0.060468338429927826,2.0705081447958946,1.9137282595038414,34.24119462444383,31.648434688204905,34.24119462444383,31.648434688204905,abs(mean_region - mean_healthy) / abs(mean_healthy),15913,45184,1384822
BraTS-GLI-00060-000,processed_zscore,case_brain_mask,T1,-0.29940664768218994,-0.20016898214817047,0.030414843931794167,0.3298214916139841,0.23058382607996464,10.84409613784686,7.581292430664876,10.84409613784686,7.581292430664876,abs(mean_region - mean_healthy) / abs(mean_healthy),61830,240373,1581960
BraTS-GLI-00060-000,processed_zscore,case_brain_mask,T1ce,1.8016225099563599,0.03371215611696243,-0.005122554022818804,1.8067450639791787,0.03883471013978124,352.7039550839086,7.581122613209951,352.7039550839086,7.581122613209951,abs(mean_region - mean_healthy) / abs(mean_healthy),61830,240373,1581960
BraTS-GLI-00060-000,processed_zscore,case_brain_mask,T2,0.19727307558059692,0.5516013503074646,-0.08381380885839462,0.28108688443899155,0.6354151591658592,3.3537061287107757,7.581270530723737,3.3537061287107757,7.581270530723737,abs(mean_region - mean_healthy) / abs(mean_healthy),61830,240373,1581960
BraTS-GLI-00060-000,processed_zscore,case_brain_mask,FLAIR,1.0389529466629028,1.6625608205795288,-0.25261998176574707,1.29157292842865,1.9151808023452759,5.112710876633336,7.581272031446868,5.112710876633336,7.581272031446868,abs(mean_region - mean_healthy) / abs(mean_healthy),61830,240373,1581960
BraTS-GLI-00061-000,processed_zscore,case_brain_mask,T1,0.6812527179718018,0.6359094381332397,-0.0075962478294968605,0.6888489658012986,0.6435056859627366,90.68279251322488,84.71362446390317,90.68279251322488,84.71362446390317,abs(mean_region - mean_healthy) / abs(mean_healthy),5569,19464,1629408
BraTS-GLI-00061-000,processed_zscore,case_brain_mask,T1ce,1.2713794708251953,0.41286930441856384,-0.004931956063956022,1.2763114268891513,0.41780126048251987,258.78402206717874,84.71309457436509,258.78402206717874,84.71309457436509,abs(mean_region - mean_healthy) / abs(mean_healthy),5569,19464,1629408
BraTS-GLI-00061-000,processed_zscore,case_brain_mask,T2,0.2731436789035797,0.44181883335113525,-0.005277669057250023,0.27842134796082973,0.4470965024083853,52.75460528893104,84.71476660595103,52.75460528893104,84.71476660595103,abs(mean_region - mean_healthy) / abs(mean_healthy),5569,19464,1629408
BraTS-GLI-00061-000,processed_zscore,case_brain_mask,FLAIR,1.9900965690612793,2.3901195526123047,-0.02855103835463524,2.0186476074159145,2.41867059096694,70.70312408053589,84.71392742093636,70.70312408053589,84.71392742093636,abs(mean_region - mean_healthy) / abs(mean_healthy),5569,19464,1629408
BraTS-GLI-00061-001,processed_zscore,case_brain_mask,T1,0.6844483613967896,0.5909105539321899,-0.01548023708164692,0.6999285984784365,0.6063907910138369,45.21433326807758,39.17193178732143,45.21433326807758,39.17193178732143,abs(mean_region - mean_healthy) / abs(mean_healthy),3427,41800,1595592
BraTS-GLI-00061-001,processed_zscore,case_brain_mask,T1ce,1.217427372932434,0.03564196825027466,-0.0009336372604593635,1.2183610101928934,0.03657560551073402,1304.961853807593,39.175391835516805,1304.961853807593,39.175391835516805,abs(mean_region - mean_healthy) / abs(mean_healthy),3427,41800,1595592
BraTS-GLI-00061-001,processed_zscore,case_brain_mask,T2,1.134477972984314,1.2327344417572021,-0.032294269651174545,1.1667722426354885,1.2650287114083767,36.12938936964171,39.17192508369259,36.12938936964171,39.17192508369259,abs(mean_region - mean_healthy) / abs(mean_healthy),3427,41800,1595592
BraTS-GLI-00061-001,processed_zscore,case_brain_mask,FLAIR,3.8535408973693848,2.6029317378997803,-0.06818932294845581,3.9217302203178406,2.671121060848236,57.512379515518425,39.172130552862825,57.512379515518425,39.172130552862825,abs(mean_region - mean_healthy) / abs(mean_healthy),3427,41800,1595592
BraTS-GLI-00062-000,processed_zscore,case_brain_mask,T1,-0.6341511607170105,-0.32271260023117065,0.02949446067214012,0.6636456213891506,0.3522070609033108,22.500686782044365,11.941464698013567,22.500686782044365,11.941464698013567,abs(mean_region - mean_healthy) / abs(mean_healthy),6048,124308,1360116
BraTS-GLI-00062-000,processed_zscore,case_brain_mask,T1ce,3.20709490776062,-0.4515267014503479,0.04126742109656334,3.1658274866640568,0.49279412254691124,76.71493402159071,11.941480941922732,76.71493402159071,11.941480941922732,abs(mean_region - mean_healthy) / abs(mean_healthy),6048,124308,1360116
BraTS-GLI-00062-000,processed_zscore,case_brain_mask,T2,0.8746462464332581,0.9752997756004333,-0.0891377255320549,0.963783971965313,1.0644375011324883,10.812301595228899,11.9414927268893,10.812301595228899,11.9414927268893,abs(mean_region - mean_healthy) / abs(mean_healthy),6048,124308,1360116
BraTS-GLI-00062-000,processed_zscore,case_brain_mask,FLAIR,2.6092801094055176,2.4198317527770996,-0.22116096317768097,2.8304410725831985,2.6409927159547806,12.79810429433344,11.941495813766211,12.79810429433344,11.941495813766211,abs(mean_region - mean_healthy) / abs(mean_healthy),6048,124308,1360116
BraTS-GLI-00063-000,processed_zscore,case_brain_mask,T1,0.3510337769985199,0.06461325287818909,-0.0009402590803802013,0.3519740360789001,0.06555351195856929,374.3372900334837,69.71856302846041,374.3372900334837,69.71856302846041,abs(mean_region - mean_healthy) / abs(mean_healthy),9900,24738,1699515
BraTS-GLI-00063-000,processed_zscore,case_brain_mask,T1ce,2.666962146759033,0.8278533220291138,-0.012050142511725426,2.6790122892707586,0.8399034645408392,222.3220419728595,69.7007079977327,222.3220419728595,69.7007079977327,abs(mean_region - mean_healthy) / abs(mean_healthy),9900,24738,1699515
BraTS-GLI-00063-000,processed_zscore,case_brain_mask,T2,0.6502108573913574,0.5569209456443787,-0.008106502704322338,0.6583173600956798,0.565027448348701,81.20855368920915,69.70051931857518,81.20855368920915,69.70051931857518,abs(mean_region - mean_healthy) / abs(mean_healthy),9900,24738,1699515
BraTS-GLI-00063-000,processed_zscore,case_brain_mask,FLAIR,2.1463088989257812,1.795512318611145,-0.02613535150885582,2.172444250434637,1.8216476701200008,83.12282502489076,69.70052304453398,83.12282502489076,69.70052304453398,abs(mean_region - mean_healthy) / abs(mean_healthy),9900,24738,1699515
BraTS-GLI-00064-000,processed_zscore,case_brain_mask,T1,-0.12505292892456055,0.06580852717161179,-0.004034347366541624,0.12101858155801892,0.06984287453815341,29.997065339904047,17.31206269380443,29.997065339904047,17.31206269380443,abs(mean_region - mean_healthy) / abs(mean_healthy),26321,101426,1654460
BraTS-GLI-00064-000,processed_zscore,case_brain_mask,T1ce,0.9265621900558472,0.0527915433049202,-0.003236400429159403,0.9297985904850066,0.0560279437340796,287.2940511648941,17.31180827603334,287.2940511648941,17.31180827603334,abs(mean_region - mean_healthy) / abs(mean_healthy),26321,101426,1654460
BraTS-GLI-00064-000,processed_zscore,case_brain_mask,T2,0.4296906292438507,0.6227536797523499,-0.038177672773599625,0.46786830201745033,0.6609313525259495,12.255024154876919,17.311986417961872,12.255024154876919,17.311986417961872,abs(mean_region - mean_healthy) / abs(mean_healthy),26321,101426,1654460
BraTS-GLI-00064-000,processed_zscore,case_brain_mask,FLAIR,1.3573797941207886,1.8154650926589966,-0.11129624396562576,1.4686760380864143,1.9267613366246223,13.196097062718668,17.312006838431216,13.196097062718668,17.312006838431216,abs(mean_region - mean_healthy) / abs(mean_healthy),26321,101426,1654460
BraTS-GLI-00066-000,processed_zscore,case_brain_mask,T1,-0.16401833295822144,0.050654467195272446,-0.0013974549947306514,0.16262087796349078,0.0520519221900031,116.3693131991236,37.247655478189984,116.3693131991236,37.247655478189984,abs(mean_region - mean_healthy) / abs(mean_healthy),5665,38714,1403427
BraTS-GLI-00066-000,processed_zscore,case_brain_mask,T1ce,1.176355242729187,-0.2604517638683319,0.0071847462095320225,1.169170496519655,0.26763651007786393,162.72954707412117,37.25065608062674,162.72954707412117,37.25065608062674,abs(mean_region - mean_healthy) / abs(mean_healthy),5665,38714,1403427
BraTS-GLI-00066-000,processed_zscore,case_brain_mask,T2,0.44448328018188477,0.4305188059806824,-0.011876000091433525,0.4563592802733183,0.4423948060721159,38.427018925547365,37.251162231905596,38.427018925547365,37.251162231905596,abs(mean_region - mean_healthy) / abs(mean_healthy),5665,38714,1403427
BraTS-GLI-00066-000,processed_zscore,case_brain_mask,FLAIR,2.5747759342193604,2.3842499256134033,-0.06577029079198837,2.6405462250113487,2.4500202164053917,40.14800897509487,37.251168983790386,40.14800897509487,37.251168983790386,abs(mean_region - mean_healthy) / abs(mean_healthy),5665,38714,1403427
BraTS-GLI-00068-000,processed_zscore,case_brain_mask,T1,-0.14470252394676208,0.13481394946575165,-0.013429155573248863,0.13127336837351322,0.1482431050390005,9.775251143490534,11.038899968833753,9.775251143490534,11.038899968833753,abs(mean_region - mean_healthy) / abs(mean_healthy),21537,110080,1105088
BraTS-GLI-00068-000,processed_zscore,case_brain_mask,T1ce,2.3203938007354736,0.10621306300163269,-0.010580161586403847,2.3309739623218775,0.11679322458803654,220.31553519157225,11.038888549502207,220.31553519157225,11.038888549502207,abs(mean_region - mean_healthy) / abs(mean_healthy),21537,110080,1105088
BraTS-GLI-00068-000,processed_zscore,case_brain_mask,T2,0.7580758929252625,0.8918200731277466,-0.08883602917194366,0.8469119220972061,0.9806561022996902,9.533428384760349,11.038945700754065,9.533428384760349,11.038945700754065,abs(mean_region - mean_healthy) / abs(mean_healthy),21537,110080,1105088
BraTS-GLI-00068-000,processed_zscore,case_brain_mask,FLAIR,1.4249050617218018,1.8666290044784546,-0.18593865633010864,1.6108437180519104,2.0525676608085632,8.663307296316468,11.03895070191596,8.663307296316468,11.03895070191596,abs(mean_region - mean_healthy) / abs(mean_healthy),21537,110080,1105088
BraTS-GLI-00070-000,processed_zscore,case_brain_mask,T1,-0.9439723491668701,-0.7117900252342224,0.07428660988807678,1.018258959054947,0.7860766351222992,13.707166884975598,10.581673282797992,13.707166884975598,10.581673282797992,abs(mean_region - mean_healthy) / abs(mean_healthy),33741,156721,1501649
BraTS-GLI-00070-000,processed_zscore,case_brain_mask,T1ce,2.7347354888916016,0.007347472012042999,-0.0007667350582778454,2.7355022239498794,0.008114207070320845,3567.7281147076524,10.582804298196654,3567.7281147076524,10.582804298196654,abs(mean_region - mean_healthy) / abs(mean_healthy),33741,156721,1501649
BraTS-GLI-00070-000,processed_zscore,case_brain_mask,T2,2.0413551330566406,1.6494554281234741,-0.17214709520339966,2.2135022282600403,1.8216025233268738,12.85820260658297,10.58166285742183,12.85820260658297,10.58166285742183,abs(mean_region - mean_healthy) / abs(mean_healthy),33741,156721,1501649
BraTS-GLI-00070-000,processed_zscore,case_brain_mask,FLAIR,2.124908447265625,1.9874908924102783,-0.20742638409137726,2.3323348313570023,2.1949172765016556,11.244157012974503,10.581668701965762,11.244157012974503,10.581668701965762,abs(mean_region - mean_healthy) / abs(mean_healthy),33741,156721,1501649
BraTS-GLI-00071-000,processed_zscore,case_brain_mask,T1,-0.4607169032096863,-0.25642335414886475,0.01494162529706955,0.47565852850675583,0.2713649794459343,31.834457031929794,18.161677464844214,31.834457031929794,18.161677464844214,abs(mean_region - mean_healthy) / abs(mean_healthy),33782,92002,1578904
BraTS-GLI-00071-000,processed_zscore,case_brain_mask,T1ce,2.227201461791992,0.7425694465637207,-0.04326924681663513,2.2704707086086273,0.7858386933803558,52.47308136030994,18.161598622470944,52.47308136030994,18.161598622470944,abs(mean_region - mean_healthy) / abs(mean_healthy),33782,92002,1578904
BraTS-GLI-00071-000,processed_zscore,case_brain_mask,T2,0.667042076587677,0.5886960029602051,-0.034303002059459686,0.7013450786471367,0.6229990050196648,20.445588914680073,18.161646725256844,20.445588914680073,18.161646725256844,abs(mean_region - mean_healthy) / abs(mean_healthy),33782,92002,1578904
BraTS-GLI-00071-000,processed_zscore,case_brain_mask,FLAIR,2.5871336460113525,2.2126057147979736,-0.128927543759346,2.7160611897706985,2.3415332585573196,21.066570498236224,18.161621561083848,21.066570498236224,18.161621561083848,abs(mean_region - mean_healthy) / abs(mean_healthy),33782,92002,1578904
BraTS-GLI-00072-000,processed_zscore,case_brain_mask,T1,-0.27747592329978943,-0.13503916561603546,0.006232655607163906,0.28370857890695333,0.14127182122319937,45.519694459108976,22.666392967520853,45.519694459108976,22.666392967520853,abs(mean_region - mean_healthy) / abs(mean_healthy),33421,74301,1609835
BraTS-GLI-00072-000,processed_zscore,case_brain_mask,T1ce,1.6114839315414429,0.5355374813079834,-0.024717282503843307,1.6362012140452862,0.5602547638118267,66.19664656868619,22.666519417120888,66.19664656868619,22.666519417120888,abs(mean_region - mean_healthy) / abs(mean_healthy),33421,74301,1609835
BraTS-GLI-00072-000,processed_zscore,case_brain_mask,T2,0.508124053478241,0.6707726716995239,-0.030959252268075943,0.5390833057463169,0.7017319239675999,17.41267202057719,22.666307244480848,17.41267202057719,22.666307244480848,abs(mean_region - mean_healthy) / abs(mean_healthy),33421,74301,1609835
BraTS-GLI-00072-000,processed_zscore,case_brain_mask,FLAIR,1.7937037944793701,2.078512668609619,-0.09593257308006287,1.889636367559433,2.174445241689682,19.697547005044793,22.666391319191927,19.697547005044793,22.666391319191927,abs(mean_region - mean_healthy) / abs(mean_healthy),33421,74301,1609835
BraTS-GLI-00072-001,processed_zscore,case_brain_mask,T1,0.025951582938432693,0.20755723118782043,-0.003365242388099432,0.029316825326532125,0.21092247357591987,8.711653410228562,62.67675526785496,8.711653410228562,62.67675526785496,abs(mean_region - mean_healthy) / abs(mean_healthy),16229,26964,1663141
BraTS-GLI-00072-001,processed_zscore,case_brain_mask,T1ce,2.162452220916748,1.142231822013855,-0.018518704921007156,2.180970925837755,1.1607505269348621,117.77124454117286,62.6798975352826,117.77124454117286,62.6798975352826,abs(mean_region - mean_healthy) / abs(mean_healthy),16229,26964,1663141
BraTS-GLI-00072-001,processed_zscore,case_brain_mask,T2,0.837639331817627,0.724461019039154,-0.011745423078536987,0.8493847548961639,0.736206442117691,72.31623324393381,62.68028296596644,72.31623324393381,62.68028296596644,abs(mean_region - mean_healthy) / abs(mean_healthy),16229,26964,1663141
BraTS-GLI-00072-001,processed_zscore,case_brain_mask,FLAIR,1.4938066005706787,1.582140326499939,-0.025650721043348312,1.519457321614027,1.6077910475432873,59.236437020473126,62.68015019251149,59.236437020473126,62.68015019251149,abs(mean_region - mean_healthy) / abs(mean_healthy),16229,26964,1663141
BraTS-GLI-00074-000,processed_zscore,case_brain_mask,T1,-0.13787086308002472,-0.2227417379617691,0.025236912071704865,0.16310777515172958,0.24797865003347397,6.463063891822283,9.826029798293066,6.463063891822283,9.826029798293066,abs(mean_region - mean_healthy) / abs(mean_healthy),32208,181624,1603023
BraTS-GLI-00074-000,processed_zscore,case_brain_mask,T1ce,1.7744927406311035,-0.30179479718208313,0.03419356420636177,1.7402991764247417,0.3359883613884449,50.895518405798605,9.826070173928628,50.895518405798605,9.826070173928628,abs(mean_region - mean_healthy) / abs(mean_healthy),32208,181624,1603023
BraTS-GLI-00074-000,processed_zscore,case_brain_mask,T2,0.7057148814201355,0.9376711249351501,-0.1062389612197876,0.8119538426399231,1.0439100861549377,7.642712554014432,9.826056977301315,7.642712554014432,9.826056977301315,abs(mean_region - mean_healthy) / abs(mean_healthy),32208,181624,1603023
BraTS-GLI-00074-000,processed_zscore,case_brain_mask,FLAIR,1.841620683670044,1.9876281023025513,-0.22520005702972412,2.066820740699768,2.2128281593322754,9.177709668283827,9.826055057526938,9.177709668283827,9.826055057526938,abs(mean_region - mean_healthy) / abs(mean_healthy),32208,181624,1603023
BraTS-GLI-00077-000,processed_zscore,case_brain_mask,T1,-0.36427927017211914,-0.2414911687374115,0.03219817206263542,0.39647744223475456,0.2736893408000469,12.313663069551994,8.500151507596032,12.313663069551994,8.500151507596032,abs(mean_region - mean_healthy) / abs(mean_healthy),36917,197218,1479158
BraTS-GLI-00077-000,processed_zscore,case_brain_mask,T1ce,2.3551406860351562,-0.0032963664270937443,0.0004394526476971805,2.354701233387459,0.003735819074790925,5358.259293069602,8.501073083453614,5358.259293069602,8.501073083453614,abs(mean_region - mean_healthy) / abs(mean_healthy),36917,197218,1479158
BraTS-GLI-00077-000,processed_zscore,case_brain_mask,T2,0.22738762199878693,0.5062139630317688,-0.06749410182237625,0.2948817238211632,0.573708064854145,4.368999895682756,8.500121482673679,4.368999895682756,8.500121482673679,abs(mean_region - mean_healthy) / abs(mean_healthy),36917,197218,1479158
BraTS-GLI-00077-000,processed_zscore,case_brain_mask,FLAIR,1.3079829216003418,1.7999008893966675,-0.23998312652111053,1.5479660481214523,2.039884015917778,6.450312030522207,8.500114343407123,6.450312030522207,8.500114343407123,abs(mean_region - mean_healthy) / abs(mean_healthy),36917,197218,1479158
BraTS-GLI-00078-000,processed_zscore,case_brain_mask,T1,0.5364975929260254,0.5014083385467529,-0.022807855159044266,0.5593054480850697,0.5242161937057972,24.52249210567622,22.984019762065333,24.52249210567622,22.984019762065333,abs(mean_region - mean_healthy) / abs(mean_healthy),18859,68098,1497072
BraTS-GLI-00078-000,processed_zscore,case_brain_mask,T1ce,2.04935884475708,0.3985196352005005,-0.01812778227031231,2.0674866270273924,0.4166474174708128,114.05072039139034,22.9839155864726,114.05072039139034,22.9839155864726,abs(mean_region - mean_healthy) / abs(mean_healthy),18859,68098,1497072
BraTS-GLI-00078-000,processed_zscore,case_brain_mask,T2,0.43381041288375854,0.5978116989135742,-0.027193007990717888,0.46100342087447643,0.6250047069042921,16.95301310659844,22.984022478044075,16.95301310659844,22.984022478044075,abs(mean_region - mean_healthy) / abs(mean_healthy),18859,68098,1497072
BraTS-GLI-00078-000,processed_zscore,case_brain_mask,FLAIR,2.2295641899108887,2.424328565597534,-0.11027660220861435,2.339840792119503,2.5346051678061485,21.21792606280287,22.98407021111642,21.21792606280287,22.98407021111642,abs(mean_region - mean_healthy) / abs(mean_healthy),18859,68098,1497072
BraTS-GLI-00081-000,processed_zscore,case_brain_mask,T1,0.6345575451850891,0.7346292734146118,-0.047282662242650986,0.6818402074277401,0.7819119356572628,14.420512193847896,16.536969336551966,14.420512193847896,16.536969336551966,abs(mean_region - mean_healthy) / abs(mean_healthy),27233,79806,1239944
BraTS-GLI-00081-000,processed_zscore,case_brain_mask,T1ce,3.1649885177612305,0.955024242401123,-0.061467722058296204,3.2264562398195267,1.0164919644594193,52.49025231095345,16.537003982275035,52.49025231095345,16.537003982275035,abs(mean_region - mean_healthy) / abs(mean_healthy),27233,79806,1239944
BraTS-GLI-00081-000,processed_zscore,case_brain_mask,T2,0.5607936978340149,0.33325323462486267,-0.021449072286486626,0.5822427701205015,0.3547023069113493,27.14535912526748,16.536953308457043,27.14535912526748,16.536953308457043,abs(mean_region - mean_healthy) / abs(mean_healthy),27233,79806,1239944
BraTS-GLI-00081-000,processed_zscore,case_brain_mask,FLAIR,3.0113027095794678,2.582876682281494,-0.16624075174331665,3.1775434613227844,2.749117434024811,19.1141066675941,16.536964644322435,19.1141066675941,16.536964644322435,abs(mean_region - mean_healthy) / abs(mean_healthy),27233,79806,1239944
BraTS-GLI-00084-000,processed_zscore,case_brain_mask,T1,0.6326181292533875,0.7160239219665527,-0.03970983251929283,0.6723279617726803,0.7557337544858456,16.931019828553367,19.031401205700778,16.931019828553367,19.031401205700778,abs(mean_region - mean_healthy) / abs(mean_healthy),26028,67070,1209364
BraTS-GLI-00084-000,processed_zscore,case_brain_mask,T1ce,1.8501336574554443,0.6467089653015137,-0.03586568683385849,1.8859993442893028,0.6825746521353722,52.58506139937775,19.03141170270291,52.58506139937775,19.03141170270291,abs(mean_region - mean_healthy) / abs(mean_healthy),26028,67070,1209364
BraTS-GLI-00084-000,processed_zscore,case_brain_mask,T2,0.4470522403717041,0.3343818783760071,-0.0185445137321949,0.465596754103899,0.352926392108202,25.10698100946062,19.031310133276282,25.10698100946062,19.031310133276282,abs(mean_region - mean_healthy) / abs(mean_healthy),26028,67070,1209364
BraTS-GLI-00084-000,processed_zscore,case_brain_mask,FLAIR,2.091689109802246,1.9498883485794067,-0.10813863575458527,2.1998277455568314,2.058026984333992,20.342662270580334,19.03137551138126,20.342662270580334,19.03137551138126,abs(mean_region - mean_healthy) / abs(mean_healthy),26028,67070,1209364
BraTS-GLI-00085-000,processed_zscore,case_brain_mask,T1,-0.18932515382766724,0.40809959173202515,-0.020374737679958344,0.1689504161477089,0.4284743294119835,8.292151722468425,21.02968568932562,8.292151722468425,21.02968568932562,abs(mean_region - mean_healthy) / abs(mean_healthy),1128,77413,1550546
BraTS-GLI-00085-000,processed_zscore,case_brain_mask,T1ce,1.0366113185882568,-0.17577213048934937,0.00877568032592535,1.0278356382623315,0.18454781081527472,117.12318590569804,21.02945913721112,117.12318590569804,21.02945913721112,abs(mean_region - mean_healthy) / abs(mean_healthy),1128,77413,1550546
BraTS-GLI-00085-000,processed_zscore,case_brain_mask,T2,0.7502297163009644,0.6117218732833862,-0.03054102510213852,0.7807707414031029,0.6422628983855247,25.564654060954634,21.02951345731197,25.564654060954634,21.02951345731197,abs(mean_region - mean_healthy) / abs(mean_healthy),1128,77413,1550546
BraTS-GLI-00085-000,processed_zscore,case_brain_mask,FLAIR,2.5771074295043945,2.469478130340576,-0.12329190224409103,2.7003993317484856,2.592770032584667,21.902487370194716,21.02952412439504,21.902487370194716,21.02952412439504,abs(mean_region - mean_healthy) / abs(mean_healthy),1128,77413,1550546
BraTS-GLI-00087-000,processed_zscore,case_brain_mask,T1,-0.36104288697242737,-0.35794857144355774,0.03184598684310913,0.3928888738155365,0.38979455828666687,12.337154937327691,12.239989930505514,12.337154937327691,12.239989930505514,abs(mean_region - mean_healthy) / abs(mean_healthy),15320,117717,1323143
BraTS-GLI-00087-000,processed_zscore,case_brain_mask,T1ce,1.166050910949707,-0.1953950971364975,0.017383761703968048,1.148667149245739,0.21277885884046555,66.07701881828847,12.240092936380753,66.07701881828847,12.240092936380753,abs(mean_region - mean_healthy) / abs(mean_healthy),15320,117717,1323143
BraTS-GLI-00087-000,processed_zscore,case_brain_mask,T2,0.1255178451538086,0.42790716886520386,-0.03807003051042557,0.16358787566423416,0.4659771993756294,4.297025073815878,12.240000681061195,4.297025073815878,12.240000681061195,abs(mean_region - mean_healthy) / abs(mean_healthy),15320,117717,1323143
BraTS-GLI-00087-000,processed_zscore,case_brain_mask,FLAIR,0.9342447519302368,1.6515413522720337,-0.14693371951580048,1.0811784714460373,1.7984750717878342,7.358273342626251,12.24004318215354,7.358273342626251,12.24004318215354,abs(mean_region - mean_healthy) / abs(mean_healthy),15320,117717,1323143
BraTS-GLI-00087-001,processed_zscore,case_brain_mask,T1,-0.5304244160652161,-0.4184166193008423,0.0286420825868845,0.5590664986521006,0.4470587018877268,19.519058956561448,15.608456561480606,19.519058956561448,15.608456561480606,abs(mean_region - mean_healthy) / abs(mean_healthy),8517,87543,1278861
BraTS-GLI-00087-001,processed_zscore,case_brain_mask,T1ce,2.504450798034668,-0.10972531884908676,0.007511141709983349,2.4969396563246846,0.11723646055907011,332.4314402171251,15.608340926818968,332.4314402171251,15.608340926818968,abs(mean_region - mean_healthy) / abs(mean_healthy),8517,87543,1278861
BraTS-GLI-00087-001,processed_zscore,case_brain_mask,T2,0.8452535271644592,0.5200459361076355,-0.03559921681880951,0.8808527439832687,0.555645152926445,24.74359895237509,15.608353289189765,24.74359895237509,15.608353289189765,abs(mean_region - mean_healthy) / abs(mean_healthy),8517,87543,1278861
BraTS-GLI-00087-001,processed_zscore,case_brain_mask,FLAIR,3.175912618637085,1.852732539176941,-0.12682682275772095,3.302739441394806,1.9795593619346619,26.041332342639183,15.608365161967685,26.041332342639183,15.608365161967685,abs(mean_region - mean_healthy) / abs(mean_healthy),8517,87543,1278861
BraTS-GLI-00088-000,processed_zscore,case_brain_mask,T1,-0.10616720467805862,-0.06890282779932022,0.00698121078312397,0.1131484154611826,0.07588403858244419,16.207563268924915,10.869753247657624,16.207563268924915,10.869753247657624,abs(mean_region - mean_healthy) / abs(mean_healthy),36744,125245,1236134
BraTS-GLI-00088-000,processed_zscore,case_brain_mask,T1ce,1.7537614107131958,0.03949160501360893,-0.004001365043222904,1.7577627757564187,0.04349297005683184,439.29078121315985,10.86953316856099,439.29078121315985,10.86953316856099,abs(mean_region - mean_healthy) / abs(mean_healthy),36744,125245,1236134
BraTS-GLI-00088-000,processed_zscore,case_brain_mask,T2,0.49659788608551025,0.8504523634910583,-0.08616772294044495,0.5827656090259552,0.9366200864315033,6.763154335977234,10.86973235997951,6.763154335977234,10.86973235997951,abs(mean_region - mean_healthy) / abs(mean_healthy),36744,125245,1236134
BraTS-GLI-00088-000,processed_zscore,case_brain_mask,FLAIR,1.819109320640564,1.9221217632293701,-0.1947491317987442,2.013858452439308,2.1168708950281143,10.34078269740607,10.869732129105001,10.34078269740607,10.869732129105001,abs(mean_region - mean_healthy) / abs(mean_healthy),36744,125245,1236134
BraTS-GLI-00088-001,processed_zscore,case_brain_mask,T1,-0.6631884574890137,-0.4535099267959595,0.047533806413412094,0.7107222639024258,0.5010437332093716,14.951932477721561,10.54078709480328,14.951932477721561,10.54078709480328,abs(mean_region - mean_healthy) / abs(mean_healthy),41330,126723,1209039
BraTS-GLI-00088-001,processed_zscore,case_brain_mask,T1ce,1.6583075523376465,0.33598217368125916,-0.03521529957652092,1.6935228519141674,0.3711974732577801,48.090542243840204,10.540801234735723,48.090542243840204,10.540801234735723,abs(mean_region - mean_healthy) / abs(mean_healthy),41330,126723,1209039
BraTS-GLI-00088-001,processed_zscore,case_brain_mask,T2,1.1729456186294556,1.1467974185943604,-0.12019938975572586,1.2931450083851814,1.2669968083500862,10.758332559035148,10.54079235281418,10.758332559035148,10.54079235281418,abs(mean_region - mean_healthy) / abs(mean_healthy),41330,126723,1209039
BraTS-GLI-00088-001,processed_zscore,case_brain_mask,FLAIR,1.4944714307785034,1.5169169902801514,-0.15899261832237244,1.6534640491008759,1.6759096086025238,10.399627772330426,10.540801367296561,10.399627772330426,10.540801367296561,abs(mean_region - mean_healthy) / abs(mean_healthy),41330,126723,1209039
BraTS-GLI-00089-000,processed_zscore,case_brain_mask,T1,-0.2415941059589386,-0.1281510889530182,0.0034203017130494118,0.245014407671988,0.1315713906660676,71.63531998863995,38.46777322716466,71.63531998863995,38.46777322716466,abs(mean_region - mean_healthy) / abs(mean_healthy),18855,35086,1314616
BraTS-GLI-00089-000,processed_zscore,case_brain_mask,T1ce,2.5101702213287354,1.2227290868759155,-0.03263359144330025,2.5428038127720356,1.2553626783192158,77.91982740208262,38.46841928202618,77.91982740208262,38.46841928202618,abs(mean_region - mean_healthy) / abs(mean_healthy),18855,35086,1314616
BraTS-GLI-00089-000,processed_zscore,case_brain_mask,T2,0.6257882714271545,0.5399945378303528,-0.014411994256079197,0.6402002656832337,0.554406532086432,44.421351709406046,38.46841195156423,44.421351709406046,38.46841195156423,abs(mean_region - mean_healthy) / abs(mean_healthy),18855,35086,1314616
BraTS-GLI-00089-000,processed_zscore,case_brain_mask,FLAIR,2.6164941787719727,2.4087765216827393,-0.06428822129964828,2.680782400071621,2.4730647429823875,41.69943336239554,38.46839581165885,41.69943336239554,38.46839581165885,abs(mean_region - mean_healthy) / abs(mean_healthy),18855,35086,1314616
BraTS-GLI-00090-000,processed_zscore,case_brain_mask,T1,0.9405656456947327,0.24385038018226624,-0.017007671296596527,0.9575733169913292,0.26085805147886276,56.302435547596275,15.33767009779076,56.302435547596275,15.33767009779076,abs(mean_region - mean_healthy) / abs(mean_healthy),7824,97635,1399860
BraTS-GLI-00090-000,processed_zscore,case_brain_mask,T1ce,1.6955457925796509,-0.27885758876800537,0.0194492656737566,1.6760965269058943,0.29830685444176197,86.17788224094727,15.337692406776837,86.17788224094727,15.337692406776837,abs(mean_region - mean_healthy) / abs(mean_healthy),7824,97635,1399860
BraTS-GLI-00090-000,processed_zscore,case_brain_mask,T2,0.9143394827842712,1.1536757946014404,-0.08046463876962662,0.9948041215538979,1.234140433371067,12.36324597693231,15.337674439879846,12.36324597693231,15.337674439879846,abs(mean_region - mean_healthy) / abs(mean_healthy),7824,97635,1399860
BraTS-GLI-00090-000,processed_zscore,case_brain_mask,FLAIR,1.984610915184021,2.1420974731445312,-0.14940327405929565,2.1340141892433167,2.291500747203827,14.283583828265787,15.337687621854718,14.283583828265787,15.337687621854718,abs(mean_region - mean_healthy) / abs(mean_healthy),7824,97635,1399860
BraTS-GLI-00090-001,processed_zscore,case_brain_mask,T1,-0.09171745926141739,0.1267234832048416,-0.010898382402956486,0.0808190768584609,0.1376218656077981,7.415694721497064,12.627733228599539,7.415694721497064,12.627733228599539,abs(mean_region - mean_healthy) / abs(mean_healthy),7671,116253,1351779
BraTS-GLI-00090-001,processed_zscore,case_brain_mask,T1ce,0.9155548810958862,-0.9120230078697205,0.07843410968780518,0.837120771408081,0.9904571175575256,10.672917366438028,12.627887554278193,10.672917366438028,12.627887554278193,abs(mean_region - mean_healthy) / abs(mean_healthy),7671,116253,1351779
BraTS-GLI-00090-001,processed_zscore,case_brain_mask,T2,1.8728556632995605,1.6022346019744873,-0.1377922147512436,2.010647878050804,1.740026816725731,14.591883015166195,12.627903687207604,14.591883015166195,12.627903687207604,abs(mean_region - mean_healthy) / abs(mean_healthy),7671,116253,1351779
BraTS-GLI-00090-001,processed_zscore,case_brain_mask,FLAIR,1.7741219997406006,1.8947921991348267,-0.16295228898525238,1.937074288725853,2.057744488120079,11.887370842033176,12.627895569520415,11.887370842033176,12.627895569520415,abs(mean_region - mean_healthy) / abs(mean_healthy),7671,116253,1351779
BraTS-GLI-00094-000,processed_zscore,case_brain_mask,T1,0.5550971627235413,0.3413735032081604,-0.03660673648118973,0.591703899204731,0.37798023968935013,16.16379814433271,10.325428487283324,16.16379814433271,10.325428487283324,abs(mean_region - mean_healthy) / abs(mean_healthy),34307,162400,1514442
BraTS-GLI-00094-000,processed_zscore,case_brain_mask,T1ce,0.8226028084754944,-0.46886318922042847,0.05027812719345093,0.7723246812820435,0.5191413164138794,15.361047127122191,10.325390888495567,15.361047127122191,10.325390888495567,abs(mean_region - mean_healthy) / abs(mean_healthy),34307,162400,1514442
BraTS-GLI-00094-000,processed_zscore,case_brain_mask,T2,0.9447787404060364,1.4866490364074707,-0.1594196856021881,1.1041984260082245,1.6460687220096588,6.926361834407412,10.325379301758362,6.926361834407412,10.325379301758362,abs(mean_region - mean_healthy) / abs(mean_healthy),34307,162400,1514442
BraTS-GLI-00094-000,processed_zscore,case_brain_mask,FLAIR,1.9590604305267334,2.077042579650879,-0.22273001074790955,2.181790441274643,2.2997725903987885,9.795673398247345,10.3253826580277,9.795673398247345,10.3253826580277,abs(mean_region - mean_healthy) / abs(mean_healthy),34307,162400,1514442
BraTS-GLI-00095-000,processed_zscore,case_brain_mask,T1,-0.2336483895778656,-0.22317706048488617,0.036445628851652145,0.27009401842951775,0.2596226893365383,7.410875513464323,7.123561796486032,7.410875513464323,7.123561796486032,abs(mean_region - mean_healthy) / abs(mean_healthy),37976,236428,1447786
BraTS-GLI-00095-000,processed_zscore,case_brain_mask,T1ce,1.601251482963562,-0.24172626435756683,0.039474714547395706,1.5617767684161663,0.28120097890496254,39.5639787728168,7.123572193722536,39.5639787728168,7.123572193722536,abs(mean_region - mean_healthy) / abs(mean_healthy),37976,236428,1447786
BraTS-GLI-00095-000,processed_zscore,case_brain_mask,T2,0.5626504421234131,1.1015498638153076,-0.17988669872283936,0.7425371408462524,1.281436562538147,4.1278045909904515,7.123575959957561,4.1278045909904515,7.123575959957561,abs(mean_region - mean_healthy) / abs(mean_healthy),37976,236428,1447786
BraTS-GLI-00095-000,processed_zscore,case_brain_mask,FLAIR,1.416434407234192,1.8329658508300781,-0.29932901263237,1.715763419866562,2.132294863462448,5.7320318026566595,7.123582324047187,5.7320318026566595,7.123582324047187,abs(mean_region - mean_healthy) / abs(mean_healthy),37976,236428,1447786
BraTS-GLI-00095-001,processed_zscore,case_brain_mask,T1,0.24982136487960815,0.2614656090736389,-0.04698598012328148,0.29680734500288963,0.3084515891969204,6.316934205142228,6.564758006273516,6.316934205142228,6.564758006273516,abs(mean_region - mean_healthy) / abs(mean_healthy),44058,242338,1348552
BraTS-GLI-00095-001,processed_zscore,case_brain_mask,T1ce,2.5660030841827393,0.1045399084687233,-0.018786096945405006,2.5847891811281443,0.1233260054141283,137.59053775991356,6.56474869540654,137.59053775991356,6.56474869540654,abs(mean_region - mean_healthy) / abs(mean_healthy),44058,242338,1348552
BraTS-GLI-00095-001,processed_zscore,case_brain_mask,T2,0.4745234549045563,0.7330809235572815,-0.13173642754554749,0.6062598824501038,0.864817351102829,4.602067125590537,6.564754845836554,4.602067125590537,6.564754845836554,abs(mean_region - mean_healthy) / abs(mean_healthy),44058,242338,1348552
BraTS-GLI-00095-001,processed_zscore,case_brain_mask,FLAIR,0.9588615894317627,1.093170404434204,-0.1964452862739563,1.155306875705719,1.2896156907081604,5.881061834665583,6.5647576237065,5.881061834665583,6.5647576237065,abs(mean_region - mean_healthy) / abs(mean_healthy),44058,242338,1348552
BraTS-GLI-00096-000,processed_zscore,case_brain_mask,T1,0.6929271817207336,0.5124343633651733,-0.037718094885349274,0.7306452766060829,0.5501524582505226,19.371213705968096,14.585902599874329,19.371213705968096,14.585902599874329,abs(mean_region - mean_healthy) / abs(mean_healthy),15157,119315,1620999
BraTS-GLI-00096-000,processed_zscore,case_brain_mask,T1ce,2.265700340270996,-0.05193747580051422,0.0038229816127568483,2.2618773586582392,0.05576045741327107,591.6526909547814,14.585593932025427,591.6526909547814,14.585593932025427,abs(mean_region - mean_healthy) / abs(mean_healthy),15157,119315,1620999
BraTS-GLI-00096-000,processed_zscore,case_brain_mask,T2,1.3255083560943604,1.3927111625671387,-0.10251166671514511,1.4280200228095055,1.4952228292822838,13.930317090420784,14.585879609558422,13.930317090420784,14.585879609558422,abs(mean_region - mean_healthy) / abs(mean_healthy),15157,119315,1620999
BraTS-GLI-00096-000,processed_zscore,case_brain_mask,FLAIR,2.4151811599731445,2.4199938774108887,-0.1781255304813385,2.593306690454483,2.598119407892227,14.558871395059079,14.585890079156405,14.558871395059079,14.585890079156405,abs(mean_region - mean_healthy) / abs(mean_healthy),15157,119315,1620999
BraTS-GLI-00096-001,processed_zscore,case_brain_mask,T1,0.1896553337574005,0.1408463567495346,-0.009905988350510597,0.1995613221079111,0.1507523451000452,20.145523601148277,15.21830429896223,20.145523601148277,15.21830429896223,abs(mean_region - mean_healthy) / abs(mean_healthy),14445,97764,1390069
BraTS-GLI-00096-001,processed_zscore,case_brain_mask,T1ce,3.0855631828308105,0.02202697843313217,-0.0015492025995627046,3.0871123854303733,0.023576181032694876,1992.71056368081,15.21826844297173,1992.71056368081,15.21826844297173,abs(mean_region - mean_healthy) / abs(mean_healthy),14445,97764,1390069
BraTS-GLI-00096-001,processed_zscore,case_brain_mask,T2,2.0191025733947754,2.1035568714141846,-0.14794383943080902,2.1670464128255844,2.2515007108449936,14.647763780924974,15.218617547761998,14.647763780924974,15.218617547761998,abs(mean_region - mean_healthy) / abs(mean_healthy),14445,97764,1390069
BraTS-GLI-00096-001,processed_zscore,case_brain_mask,FLAIR,2.4082729816436768,2.3357465267181396,-0.16427366435527802,2.5725466459989548,2.5000201910734177,15.66012821407122,15.21863045354959,15.66012821407122,15.21863045354959,abs(mean_region - mean_healthy) / abs(mean_healthy),14445,97764,1390069
BraTS-GLI-00097-000,processed_zscore,case_brain_mask,T1,-0.15292292833328247,0.08033524453639984,-0.0024225544184446335,0.15050037391483784,0.08275779895484447,62.12466179045194,34.16137871857506,62.12466179045194,34.16137871857506,abs(mean_region - mean_healthy) / abs(mean_healthy),15672,41919,1390108
BraTS-GLI-00097-000,processed_zscore,case_brain_mask,T1ce,2.6662299633026123,0.8311535120010376,-0.025063559412956238,2.6912935227155685,0.8562170714139938,107.3787437120501,34.1618306205696,107.3787437120501,34.1618306205696,abs(mean_region - mean_healthy) / abs(mean_healthy),15672,41919,1390108
BraTS-GLI-00097-000,processed_zscore,case_brain_mask,T2,0.121390700340271,0.2634980082511902,-0.007945756427943707,0.1293364567682147,0.2714437646791339,16.277425307597287,34.16210490980041,16.277425307597287,34.16210490980041,abs(mean_region - mean_healthy) / abs(mean_healthy),15672,41919,1390108
BraTS-GLI-00097-000,processed_zscore,case_brain_mask,FLAIR,2.349937677383423,2.5829360485076904,-0.07788898795843124,2.427826665341854,2.6608250364661217,31.17034550041357,34.161761581575355,31.17034550041357,34.161761581575355,abs(mean_region - mean_healthy) / abs(mean_healthy),15672,41919,1390108
BraTS-GLI-00097-001,processed_zscore,case_brain_mask,T1,-0.0679892972111702,0.11393826454877853,-0.0019853017292916775,0.06600399548187852,0.11592356627807021,33.246329516585696,58.39090580927958,33.246329516585696,58.39090580927958,abs(mean_region - mean_healthy) / abs(mean_healthy),14187,23668,1358240
BraTS-GLI-00097-001,processed_zscore,case_brain_mask,T1ce,2.201200008392334,1.4774914979934692,-0.025745809078216553,2.2269458174705505,1.5032373070716858,86.4974105379645,58.38765068539136,86.4974105379645,58.38765068539136,abs(mean_region - mean_healthy) / abs(mean_healthy),14187,23668,1358240
BraTS-GLI-00097-001,processed_zscore,case_brain_mask,T2,0.7428391575813293,0.6887950301170349,-0.012002659030258656,0.754841816611588,0.7007976891472936,62.88954928309092,58.38686972449899,62.88954928309092,58.38686972449899,abs(mean_region - mean_healthy) / abs(mean_healthy),14187,23668,1358240
BraTS-GLI-00097-001,processed_zscore,case_brain_mask,FLAIR,2.229438543319702,2.255234956741333,-0.03929869830608368,2.268737241625786,2.2945336550474167,57.73059514479062,58.387014174772524,57.73059514479062,58.387014174772524,abs(mean_region - mean_healthy) / abs(mean_healthy),14187,23668,1358240
BraTS-GLI-00098-000,processed_zscore,case_brain_mask,T1,0.5398992300033569,0.4152221083641052,-0.020338010042905807,0.5602372400462627,0.43556011840701103,27.54631543913912,21.416063690013797,27.54631543913912,21.416063690013797,abs(mean_region - mean_healthy) / abs(mean_healthy),39207,66169,1350910
BraTS-GLI-00098-000,processed_zscore,case_brain_mask,T1ce,0.968612015247345,0.46500012278556824,-0.022776098921895027,0.99138811416924,0.48777622170746326,43.5275644687424,21.416144326566663,43.5275644687424,21.416144326566663,abs(mean_region - mean_healthy) / abs(mean_healthy),39207,66169,1350910
BraTS-GLI-00098-000,processed_zscore,case_brain_mask,T2,-0.3910260796546936,0.048483237624168396,-0.002374711213633418,0.3886513684410602,0.050857948837801814,163.6625818793375,21.416477315566635,163.6625818793375,21.416477315566635,abs(mean_region - mean_healthy) / abs(mean_healthy),39207,66169,1350910
BraTS-GLI-00098-000,processed_zscore,case_brain_mask,FLAIR,0.4407036006450653,0.7129573225975037,-0.0349213182926178,0.4756249189376831,0.7478786408901215,13.619901601430321,21.416105618447386,13.619901601430321,21.416105618447386,abs(mean_region - mean_healthy) / abs(mean_healthy),39207,66169,1350910
BraTS-GLI-00098-001,processed_zscore,case_brain_mask,T1,0.5500749349594116,0.4115254282951355,-0.05342838168144226,0.6035033166408539,0.46495380997657776,11.295556736850854,8.70237494275583,11.295556736850854,8.70237494275583,abs(mean_region - mean_healthy) / abs(mean_healthy),63130,157410,1212429
BraTS-GLI-00098-001,processed_zscore,case_brain_mask,T1ce,2.5593254566192627,1.0538653135299683,-0.13682347536087036,2.696148931980133,1.1906887888908386,19.705309522865655,8.702372058233506,19.705309522865655,8.702372058233506,abs(mean_region - mean_healthy) / abs(mean_healthy),63130,157410,1212429
BraTS-GLI-00098-001,processed_zscore,case_brain_mask,T2,0.9074604511260986,0.9795205593109131,-0.12717141211032867,1.0346318632364273,1.1066919714212418,8.13572678062915,8.702364415526985,8.13572678062915,8.702364415526985,abs(mean_region - mean_healthy) / abs(mean_healthy),63130,157410,1212429
BraTS-GLI-00098-001,processed_zscore,case_brain_mask,FLAIR,1.4607839584350586,1.4535118341445923,-0.1887097805738449,1.6494937390089035,1.6422216147184372,8.740902214993739,8.702366192810084,8.740902214993739,8.702366192810084,abs(mean_region - mean_healthy) / abs(mean_healthy),63130,157410,1212429
BraTS-GLI-00099-000,processed_zscore,case_brain_mask,T1,0.37150004506111145,0.4069264531135559,-0.027368903160095215,0.39886894822120667,0.4342953562736511,14.573800999185494,15.868204645733426,14.573800999185494,15.868204645733426,abs(mean_region - mean_healthy) / abs(mean_healthy),10106,83944,1248096
BraTS-GLI-00099-000,processed_zscore,case_brain_mask,T1ce,1.5421969890594482,0.16666120290756226,-0.011209183372557163,1.5534061724320054,0.17787038628011942,138.5833490988403,15.868273394080594,138.5833490988403,15.868273394080594,abs(mean_region - mean_healthy) / abs(mean_healthy),10106,83944,1248096
BraTS-GLI-00099-000,processed_zscore,case_brain_mask,T2,0.5173911452293396,0.4634850025177002,-0.03117293491959572,0.5485640801489353,0.4946579374372959,17.597447322937203,15.86818625558248,17.597447322937203,15.86818625558248,abs(mean_region - mean_healthy) / abs(mean_healthy),10106,83944,1248096
BraTS-GLI-00099-000,processed_zscore,case_brain_mask,FLAIR,2.479743719100952,2.04309344291687,-0.13741356134414673,2.617157280445099,2.180507004261017,19.045844200853903,15.868208224368953,19.045844200853903,15.868208224368953,abs(mean_region - mean_healthy) / abs(mean_healthy),10106,83944,1248096
BraTS-GLI-00099-001,processed_zscore,case_brain_mask,T1,-0.0801367461681366,0.292408287525177,-0.02406531199812889,0.056071434170007706,0.3164735995233059,2.3299691345936977,13.15061278025035,2.3299691345936977,13.15061278025035,abs(mean_region - mean_healthy) / abs(mean_healthy),8384,97770,1187977
BraTS-GLI-00099-001,processed_zscore,case_brain_mask,T1ce,1.3502386808395386,-0.2269764542579651,0.018680177628993988,1.3315585032105446,0.24565663188695908,71.28189729544103,13.150658241368596,71.28189729544103,13.150658241368596,abs(mean_region - mean_healthy) / abs(mean_healthy),8384,97770,1187977
BraTS-GLI-00099-001,processed_zscore,case_brain_mask,T2,1.5179245471954346,1.235538363456726,-0.10168435424566269,1.6196089014410973,1.3372227177023888,15.927808299084331,13.15072242551442,15.927808299084331,13.15072242551442,abs(mean_region - mean_healthy) / abs(mean_healthy),8384,97770,1187977
BraTS-GLI-00099-001,processed_zscore,case_brain_mask,FLAIR,1.1904720067977905,1.3714988231658936,-0.11287372559309006,1.3033457323908806,1.4843725487589836,11.546936415383717,13.150735841839303,11.546936415383717,13.150735841839303,abs(mean_region - mean_healthy) / abs(mean_healthy),8384,97770,1187977
BraTS-GLI-00100-000,processed_zscore,case_brain_mask,T1,0.3448031544685364,0.19610345363616943,-0.015462776646018028,0.3602659311145544,0.21156623028218746,23.298915800308738,13.682292328568941,23.298915800308738,13.682292328568941,abs(mean_region - mean_healthy) / abs(mean_healthy),25236,95391,1209779
BraTS-GLI-00100-000,processed_zscore,case_brain_mask,T1ce,3.2494568824768066,0.8364540338516235,-0.06595436483621597,3.3154112473130226,0.9024083986878395,50.268261328058585,13.68231505115369,50.268261328058585,13.68231505115369,abs(mean_region - mean_healthy) / abs(mean_healthy),25236,95391,1209779
BraTS-GLI-00100-000,processed_zscore,case_brain_mask,T2,1.481586217880249,1.4648710489273071,-0.11550487577915192,1.597091093659401,1.580375924706459,13.827044814221326,13.682330845740015,13.827044814221326,13.682330845740015,abs(mean_region - mean_healthy) / abs(mean_healthy),25236,95391,1209779
BraTS-GLI-00100-000,processed_zscore,case_brain_mask,FLAIR,2.4082882404327393,2.6426799297332764,-0.20837518572807312,2.6166634261608124,2.8510551154613495,12.557461758308994,13.682315893323013,12.557461758308994,13.682315893323013,abs(mean_region - mean_healthy) / abs(mean_healthy),25236,95391,1209779
BraTS-GLI-00101-000,processed_zscore,case_brain_mask,T1,-0.7273776531219482,-0.38040465116500854,0.01584055833518505,0.7432182114571333,0.3962452095001936,46.91868782215188,25.014598672324173,46.91868782215188,25.014598672324173,abs(mean_region - mean_healthy) / abs(mean_healthy),25568,58948,1415602
BraTS-GLI-00101-000,processed_zscore,case_brain_mask,T1ce,2.0069637298583984,0.7958745956420898,-0.0331416130065918,2.0401053428649902,0.8290162086486816,61.55721335769679,25.014359092413276,61.55721335769679,25.014359092413276,abs(mean_region - mean_healthy) / abs(mean_healthy),25568,58948,1415602
BraTS-GLI-00101-000,processed_zscore,case_brain_mask,T2,1.647881269454956,1.6235268115997314,-0.06760649383068085,1.715487763285637,1.6911333054304123,25.374600368746275,25.014361928986037,25.374600368746275,25.014361928986037,abs(mean_region - mean_healthy) / abs(mean_healthy),25568,58948,1415602
BraTS-GLI-00101-000,processed_zscore,case_brain_mask,FLAIR,2.8882410526275635,3.1660075187683105,-0.13183777034282684,3.0200788229703903,3.2978452891111374,22.90753867512376,25.014419468226162,22.90753867512376,25.014419468226162,abs(mean_region - mean_healthy) / abs(mean_healthy),25568,58948,1415602
BraTS-GLI-00102-000,processed_zscore,case_brain_mask,T1,0.30572620034217834,0.359193354845047,-0.0031051409896463156,0.30883134133182466,0.3622984958346933,99.4580736789673,116.67698730676965,99.4580736789673,116.67698730676965,abs(mean_region - mean_healthy) / abs(mean_healthy),1037,12952,1498327
BraTS-GLI-00102-000,processed_zscore,case_brain_mask,T1ce,1.1288833618164062,0.44255706667900085,-0.0038256794214248657,1.1327090412378311,0.4463827461004257,296.0804909304074,116.68064595286226,296.0804909304074,116.68064595286226,abs(mean_region - mean_healthy) / abs(mean_healthy),1037,12952,1498327
BraTS-GLI-00102-000,processed_zscore,case_brain_mask,T2,1.0733805894851685,0.5363686680793762,-0.0046365088783204556,1.078017098363489,0.5410051769576967,232.5062081524566,116.68373579253712,232.5062081524566,116.68373579253712,abs(mean_region - mean_healthy) / abs(mean_healthy),1037,12952,1498327
BraTS-GLI-00102-000,processed_zscore,case_brain_mask,FLAIR,2.659587860107422,1.7644875049591064,-0.015252900309860706,2.6748407604172826,1.7797404052689672,175.36604226594528,116.68209777247408,175.36604226594528,116.68209777247408,abs(mean_region - mean_healthy) / abs(mean_healthy),1037,12952,1498327
BraTS-GLI-00103-000,processed_zscore,case_brain_mask,T1,0.15778407454490662,-0.17517031729221344,0.02650531940162182,0.1312787551432848,0.20167563669383526,4.952921077995086,7.608874039129483,4.952921077995086,7.608874039129483,abs(mean_region - mean_healthy) / abs(mean_healthy),19368,225535,1490527
BraTS-GLI-00103-000,processed_zscore,case_brain_mask,T1ce,1.8365163803100586,-0.5077959299087524,0.07683567702770233,1.7596807032823563,0.5846316069364548,22.901870216461045,7.608856062082615,22.901870216461045,7.608856062082615,abs(mean_region - mean_healthy) / abs(mean_healthy),19368,225535,1490527
BraTS-GLI-00103-000,processed_zscore,case_brain_mask,T2,0.28195109963417053,0.5940930247306824,-0.08989351242780685,0.3718446120619774,0.6839865371584892,4.136501089114795,7.608853171776954,4.136501089114795,7.608853171776954,abs(mean_region - mean_healthy) / abs(mean_healthy),19368,225535,1490527
BraTS-GLI-00103-000,processed_zscore,case_brain_mask,FLAIR,1.040464997291565,1.6552727222442627,-0.2504630982875824,1.2909280955791473,1.905735820531845,5.154164842666365,7.608848702908219,5.154164842666365,7.608848702908219,abs(mean_region - mean_healthy) / abs(mean_healthy),19368,225535,1490527
BraTS-GLI-00104-000,processed_zscore,case_brain_mask,T1,0.1620459109544754,0.34260255098342896,-0.019212404265999794,0.1812583152204752,0.36181495524942875,9.434442077676252,18.832362167692512,9.434442077676252,18.832362167692512,abs(mean_region - mean_healthy) / abs(mean_healthy),29516,74986,1337167
BraTS-GLI-00104-000,processed_zscore,case_brain_mask,T1ce,3.173705577850342,1.3756355047225952,-0.07714314013719559,3.2508487179875374,1.4527786448597908,42.14047693944076,18.832246681637404,42.14047693944076,18.832246681637404,abs(mean_region - mean_healthy) / abs(mean_healthy),29516,74986,1337167
BraTS-GLI-00104-000,processed_zscore,case_brain_mask,T2,1.9665491580963135,1.6456892490386963,-0.09228745847940445,2.058836616575718,1.7379767075181007,22.30895346451851,18.832209014683837,22.30895346451851,18.832209014683837,abs(mean_region - mean_healthy) / abs(mean_healthy),29516,74986,1337167
BraTS-GLI-00104-000,processed_zscore,case_brain_mask,FLAIR,2.692718744277954,2.812871217727661,-0.15774108469486237,2.8504598289728165,2.9706123024225235,18.0704971979038,18.832204103128475,18.0704971979038,18.832204103128475,abs(mean_region - mean_healthy) / abs(mean_healthy),29516,74986,1337167
BraTS-GLI-00105-000,processed_zscore,case_brain_mask,T1,-0.5806724429130554,-0.359993040561676,0.04750625416636467,0.6281786970794201,0.4074992947280407,13.223073637411357,8.577803109902064,13.223073637411357,8.577803109902064,abs(mean_region - mean_healthy) / abs(mean_healthy),36506,166140,1258978
BraTS-GLI-00105-000,processed_zscore,case_brain_mask,T1ce,2.7650303840637207,0.22044865787029266,-0.029091255739331245,2.794121639803052,0.2495399136096239,96.0467868709226,8.577832316542015,96.0467868709226,8.577832316542015,abs(mean_region - mean_healthy) / abs(mean_healthy),36506,166140,1258978
BraTS-GLI-00105-000,processed_zscore,case_brain_mask,T2,0.9331333041191101,0.8788014650344849,-0.1159704178571701,1.0491037219762802,0.994771882891655,9.046304578020603,8.577807179386232,9.046304578020603,8.577807179386232,abs(mean_region - mean_healthy) / abs(mean_healthy),36506,166140,1258978
BraTS-GLI-00105-000,processed_zscore,case_brain_mask,FLAIR,0.36953452229499817,0.8906151056289673,-0.11752954125404358,0.48706406354904175,1.0081446468830109,4.144184162994718,8.577797855127132,4.144184162994718,8.577797855127132,abs(mean_region - mean_healthy) / abs(mean_healthy),36506,166140,1258978
BraTS-GLI-00106-000,processed_zscore,case_brain_mask,T1,0.1338089257478714,0.07919718325138092,-0.013561064377427101,0.1473699901252985,0.09275824762880802,10.867140367728167,6.840041832056162,10.867140367728167,6.840041832056162,abs(mean_region - mean_healthy) / abs(mean_healthy),48062,227126,1326416
BraTS-GLI-00106-000,processed_zscore,case_brain_mask,T1ce,1.9490094184875488,0.48109573125839233,-0.08237932622432709,2.031388744711876,0.5634750574827194,24.658962846821574,6.840005658073979,24.658962846821574,6.840005658073979,abs(mean_region - mean_healthy) / abs(mean_healthy),48062,227126,1326416
BraTS-GLI-00106-000,processed_zscore,case_brain_mask,T2,0.9909886121749878,1.4606167078018188,-0.25010547041893005,1.2410940825939178,1.710722178220749,4.962282834178191,6.840003040938154,4.962282834178191,6.840003040938154,abs(mean_region - mean_healthy) / abs(mean_healthy),48062,227126,1326416
BraTS-GLI-00106-000,processed_zscore,case_brain_mask,FLAIR,1.2825121879577637,1.7718006372451782,-0.3033907115459442,1.5859028995037079,2.0751913487911224,5.2272625335912615,6.839996314379137,5.2272625335912615,6.839996314379137,abs(mean_region - mean_healthy) / abs(mean_healthy),48062,227126,1326416
BraTS-GLI-00107-000,processed_zscore,case_brain_mask,T1,-0.9715813994407654,-0.6360194087028503,0.04035049304366112,1.0119318924844265,0.6763699017465115,25.078550871471855,16.762370189991177,25.078550871471855,16.762370189991177,abs(mean_region - mean_healthy) / abs(mean_healthy),17626,82921,1307036
BraTS-GLI-00107-000,processed_zscore,case_brain_mask,T1ce,3.4234871864318848,0.39603549242019653,-0.025125188753008842,3.4486123751848936,0.4211606811732054,137.2571728350462,16.762488246890072,137.2571728350462,16.762488246890072,abs(mean_region - mean_healthy) / abs(mean_healthy),17626,82921,1307036
BraTS-GLI-00107-000,processed_zscore,case_brain_mask,T2,2.320612907409668,2.10274600982666,-0.13340237736701965,2.4540152847766876,2.23614838719368,18.395588843406777,16.762432809136058,18.395588843406777,16.762432809136058,abs(mean_region - mean_healthy) / abs(mean_healthy),17626,82921,1307036
BraTS-GLI-00107-000,processed_zscore,case_brain_mask,FLAIR,1.9167839288711548,2.3156425952911377,-0.14690887928009033,2.063692808151245,2.462551474571228,14.047434152817235,16.76244136255529,14.047434152817235,16.76244136255529,abs(mean_region - mean_healthy) / abs(mean_healthy),17626,82921,1307036
BraTS-GLI-00108-000,processed_zscore,case_brain_mask,T1,2.8805088996887207,0.3772503733634949,-0.01927557773888111,2.899784477427602,0.396525951102376,150.43826528625365,20.571417182611157,150.43826528625365,20.571417182611157,abs(mean_region - mean_healthy) / abs(mean_healthy),3218,73791,1444199
BraTS-GLI-00108-000,processed_zscore,case_brain_mask,T1ce,1.8413723707199097,-0.011601131409406662,0.0005927755846641958,1.8407795951352455,0.012193906994070858,3105.356635391853,20.570865787224758,3105.356635391853,20.570865787224758,abs(mean_region - mean_healthy) / abs(mean_healthy),3218,73791,1444199
BraTS-GLI-00108-000,processed_zscore,case_brain_mask,T2,1.6538885831832886,1.3746519088745117,-0.07023750245571136,1.724126085639,1.444889411330223,24.547087031264486,20.571480488522578,24.547087031264486,20.571480488522578,abs(mean_region - mean_healthy) / abs(mean_healthy),3218,73791,1444199
BraTS-GLI-00108-000,processed_zscore,case_brain_mask,FLAIR,1.815672516822815,1.7718678712844849,-0.09053301066160202,1.906205527484417,1.8624008819460869,21.055364375426656,20.57151163245244,21.055364375426656,20.57151163245244,abs(mean_region - mean_healthy) / abs(mean_healthy),3218,73791,1444199
BraTS-GLI-00109-000,processed_zscore,case_brain_mask,T1,-0.014475722797214985,-0.04995854198932648,0.005361957475543022,0.019837680272758007,0.0553204994648695,3.6997086163479844,10.317220850258053,3.6997086163479844,10.317220850258053,abs(mean_region - mean_healthy) / abs(mean_healthy),13892,134271,1251035
BraTS-GLI-00109-000,processed_zscore,case_brain_mask,T1ce,2.6669561862945557,-0.08542058616876602,0.009168263524770737,2.657787922769785,0.09458884969353676,289.890001044254,10.31698635602886,289.890001044254,10.31698635602886,abs(mean_region - mean_healthy) / abs(mean_healthy),13892,134271,1251035
BraTS-GLI-00109-000,processed_zscore,case_brain_mask,T2,0.8687413334846497,0.8644106984138489,-0.0927753895521164,0.961516723036766,0.9571860879659653,10.363920083532884,10.317241378202652,10.363920083532884,10.317241378202652,abs(mean_region - mean_healthy) / abs(mean_healthy),13892,134271,1251035
BraTS-GLI-00109-000,processed_zscore,case_brain_mask,FLAIR,0.6921797394752502,1.1506794691085815,-0.12350001931190491,0.8156797587871552,1.2741794884204865,6.604693370347731,10.31724120789397,6.604693370347731,10.31724120789397,abs(mean_region - mean_healthy) / abs(mean_healthy),13892,134271,1251035
BraTS-GLI-00110-000,processed_zscore,case_brain_mask,T1,-0.5290704965591431,-0.14305530488491058,0.011645452119410038,0.5407159486785531,0.15470075700432062,46.43151190131259,13.284220777179907,46.43151190131259,13.284220777179907,abs(mean_region - mean_healthy) / abs(mean_healthy),15090,90740,1114673
BraTS-GLI-00110-000,processed_zscore,case_brain_mask,T1ce,3.0753557682037354,0.17812228202819824,-0.014500117860734463,3.08985588606447,0.1926223998889327,213.09177730421302,13.284195462337847,213.09177730421302,13.284195462337847,abs(mean_region - mean_healthy) / abs(mean_healthy),15090,90740,1114673
BraTS-GLI-00110-000,processed_zscore,case_brain_mask,T2,1.3048025369644165,1.198349118232727,-0.09755154699087143,1.402354083955288,1.2959006652235985,14.375518658730403,13.284265654391568,14.375518658730403,13.284265654391568,abs(mean_region - mean_healthy) / abs(mean_healthy),15090,90740,1114673
BraTS-GLI-00110-000,processed_zscore,case_brain_mask,FLAIR,1.8373957872390747,2.0942227840423584,-0.1704803854227066,2.0078761726617813,2.264703169465065,11.777754770340568,13.284244776017646,11.777754770340568,13.284244776017646,abs(mean_region - mean_healthy) / abs(mean_healthy),15090,90740,1114673
BraTS-GLI-00111-000,processed_zscore,case_brain_mask,T1,-0.1789848804473877,-0.027666766196489334,0.0035494286566972733,0.18253430910408497,0.031216194853186607,51.4263918954022,8.794709761044508,51.4263918954022,8.794709761044508,abs(mean_region - mean_healthy) / abs(mean_healthy),5899,168746,1315366
BraTS-GLI-00111-000,processed_zscore,case_brain_mask,T1ce,1.9481277465820312,-0.2849724292755127,0.03655875474214554,1.9115689918398857,0.32153118401765823,52.287584884180895,8.79491619136009,52.287584884180895,8.79491619136009,abs(mean_region - mean_healthy) / abs(mean_healthy),5899,168746,1315366
BraTS-GLI-00111-000,processed_zscore,case_brain_mask,T2,1.064484715461731,1.1650081872940063,-0.1494569182395935,1.2139416337013245,1.3144651055335999,8.122351564584395,8.794943191765727,8.122351564584395,8.794943191765727,abs(mean_region - mean_healthy) / abs(mean_healthy),5899,168746,1315366
BraTS-GLI-00111-000,processed_zscore,case_brain_mask,FLAIR,1.6857571601867676,1.7442481517791748,-0.22376644611358643,1.909523606300354,1.9680145978927612,8.533556480273445,8.794949520241182,8.533556480273445,8.794949520241182,abs(mean_region - mean_healthy) / abs(mean_healthy),5899,168746,1315366
BraTS-GLI-00112-000,processed_zscore,case_brain_mask,T1,0.5267173647880554,0.5325681567192078,-0.034399110823869705,0.5611164756119251,0.5669672675430775,16.311947087381217,16.482032644566388,16.311947087381217,16.482032644566388,abs(mean_region - mean_healthy) / abs(mean_healthy),9523,91751,1420492
BraTS-GLI-00112-000,processed_zscore,case_brain_mask,T1ce,2.6087770462036133,1.0355733633041382,-0.06688862293958664,2.6756656691432,1.1024619862437248,40.00180526305413,16.482055359989413,40.00180526305413,16.482055359989413,abs(mean_region - mean_healthy) / abs(mean_healthy),9523,91751,1420492
BraTS-GLI-00112-000,processed_zscore,case_brain_mask,T2,0.8953043818473816,0.6360808610916138,-0.0410851426422596,0.9363895244896412,0.6771660037338734,22.791439052385915,16.482016616813446,22.791439052385915,16.482016616813446,abs(mean_region - mean_healthy) / abs(mean_healthy),9523,91751,1420492
BraTS-GLI-00112-000,processed_zscore,case_brain_mask,FLAIR,2.100532054901123,2.011728286743164,-0.12993957102298737,2.2304716259241104,2.1416678577661514,17.16545320539439,16.48202961503754,17.16545320539439,16.48202961503754,abs(mean_region - mean_healthy) / abs(mean_healthy),9523,91751,1420492
BraTS-GLI-00113-000,processed_zscore,case_brain_mask,T1,-0.05202102288603783,-0.22518260776996613,0.006113511975854635,0.05813453486189246,0.23129611974582076,9.50918802342995,37.83359232129202,9.50918802342995,37.83359232129202,abs(mean_region - mean_healthy) / abs(mean_healthy),1662,38314,1411176
BraTS-GLI-00113-000,processed_zscore,case_brain_mask,T1ce,0.7653159499168396,-0.256517618894577,0.006964231841266155,0.7583517180755734,0.2634818507358432,108.89237109856165,37.83358405367791,108.89237109856165,37.83358405367791,abs(mean_region - mean_healthy) / abs(mean_healthy),1662,38314,1411176
BraTS-GLI-00113-000,processed_zscore,case_brain_mask,T2,1.5904189348220825,0.39876502752304077,-0.010826660320162773,1.6012455951422453,0.40959168784320354,147.89838674075733,37.83176674347215,147.89838674075733,37.83176674347215,abs(mean_region - mean_healthy) / abs(mean_healthy),1662,38314,1411176
BraTS-GLI-00113-000,processed_zscore,case_brain_mask,FLAIR,4.4945526123046875,2.2532413005828857,-0.061176642775535583,4.555729255080223,2.3144179433584213,74.4684416860817,37.83172528525793,74.4684416860817,37.83172528525793,abs(mean_region - mean_healthy) / abs(mean_healthy),1662,38314,1411176
BraTS-GLI-00115-000,processed_zscore,case_brain_mask,T1,-0.1704920381307602,-0.27297621965408325,0.017557019367814064,0.18804905749857426,0.2905332390218973,10.710762092300824,16.547981917392516,10.710762092300824,16.547981917392516,abs(mean_region - mean_healthy) / abs(mean_healthy),31534,84845,1319165
BraTS-GLI-00115-000,processed_zscore,case_brain_mask,T1ce,1.7711418867111206,0.20313678681850433,-0.013065127655863762,1.7842070143669844,0.2162019144743681,136.56253971358743,16.548013932135937,136.56253971358743,16.548013932135937,abs(mean_region - mean_healthy) / abs(mean_healthy),31534,84845,1319165
BraTS-GLI-00115-000,processed_zscore,case_brain_mask,T2,0.8026443719863892,1.1106125116348267,-0.07143153250217438,0.8740759044885635,1.182044044137001,12.23655539606345,16.5479306229503,12.23655539606345,16.5479306229503,abs(mean_region - mean_healthy) / abs(mean_healthy),31534,84845,1319165
BraTS-GLI-00115-000,processed_zscore,case_brain_mask,FLAIR,1.2332112789154053,1.6684242486953735,-0.10730832815170288,1.3405196070671082,1.7757325768470764,12.492223391757646,16.54794746533284,12.492223391757646,16.54794746533284,abs(mean_region - mean_healthy) / abs(mean_healthy),31534,84845,1319165
BraTS-GLI-00116-000,processed_zscore,case_brain_mask,T1,1.619681477546692,0.8527045249938965,-0.10645626485347748,1.7261377424001694,0.959160789847374,16.21452476071711,9.009904594788553,16.21452476071711,9.009904594788553,abs(mean_region - mean_healthy) / abs(mean_healthy),47182,169918,1361028
BraTS-GLI-00116-000,processed_zscore,case_brain_mask,T1ce,2.0546600818634033,0.8277231454849243,-0.10333714634180069,2.157997228205204,0.931060291826725,20.88307355679588,9.009928421548677,20.88307355679588,9.009928421548677,abs(mean_region - mean_healthy) / abs(mean_healthy),47182,169918,1361028
BraTS-GLI-00116-000,processed_zscore,case_brain_mask,T2,-0.9139772057533264,0.1757856160402298,-0.021946176886558533,0.8920310288667679,0.19773179292678833,40.646306346556145,9.009851417350689,40.646306346556145,9.009851417350689,abs(mean_region - mean_healthy) / abs(mean_healthy),47182,169918,1361028
BraTS-GLI-00116-000,processed_zscore,case_brain_mask,FLAIR,2.0897881984710693,1.792084813117981,-0.22373341023921967,2.313521608710289,2.0158182233572006,10.340528069708638,9.009911488864594,10.340528069708638,9.009911488864594,abs(mean_region - mean_healthy) / abs(mean_healthy),47182,169918,1361028
BraTS-GLI-00117-000,processed_zscore,case_brain_mask,T1,0.2178846299648285,0.37356123328208923,-0.021671021357178688,0.23955565132200718,0.3952322546392679,11.054192941517847,18.237823133718813,11.054192941517847,18.237823133718813,abs(mean_region - mean_healthy) / abs(mean_healthy),7337,75085,1294303
BraTS-GLI-00117-000,processed_zscore,case_brain_mask,T1ce,1.8024342060089111,0.4447464346885681,-0.025800514966249466,1.8282347209751606,0.4705469496548176,70.86039652180341,18.237889835546156,70.86039652180341,18.237889835546156,abs(mean_region - mean_healthy) / abs(mean_healthy),7337,75085,1294303
BraTS-GLI-00117-000,processed_zscore,case_brain_mask,T2,0.40282654762268066,0.7609744668006897,-0.04414566606283188,0.44697221368551254,0.8051201328635216,10.124939853650494,18.237806894058544,10.124939853650494,18.237806894058544,abs(mean_region - mean_healthy) / abs(mean_healthy),7337,75085,1294303
BraTS-GLI-00117-000,processed_zscore,case_brain_mask,FLAIR,1.0476980209350586,1.68345046043396,-0.09766018390655518,1.1453582048416138,1.7811106443405151,11.727995576350073,18.23783831950129,11.727995576350073,18.23783831950129,abs(mean_region - mean_healthy) / abs(mean_healthy),7337,75085,1294303
BraTS-GLI-00118-000,processed_zscore,case_brain_mask,T1,-0.040618572384119034,0.06349259614944458,-0.007227208465337753,0.03339136391878128,0.07071980461478233,4.62022979950403,9.785217204396407,4.62022979950403,9.785217204396407,abs(mean_region - mean_healthy) / abs(mean_healthy),45628,147090,1292198
BraTS-GLI-00118-000,processed_zscore,case_brain_mask,T1ce,2.4199655055999756,0.7292869091033936,-0.0830143541097641,2.5029798597097397,0.8123012632131577,30.15116947606704,9.785069966804876,30.15116947606704,9.785069966804876,abs(mean_region - mean_healthy) / abs(mean_healthy),45628,147090,1292198
BraTS-GLI-00118-000,processed_zscore,case_brain_mask,T2,1.4501025676727295,1.2986388206481934,-0.1478230208158493,1.5979255884885788,1.4464618414640427,10.809720838266433,9.785091885424086,10.809720838266433,9.785091885424086,abs(mean_region - mean_healthy) / abs(mean_healthy),45628,147090,1292198
BraTS-GLI-00118-000,processed_zscore,case_brain_mask,FLAIR,1.7161318063735962,1.8588809967041016,-0.21159519255161285,1.927726998925209,2.0704761892557144,9.110448000632116,9.785081429724253,9.110448000632116,9.785081429724253,abs(mean_region - mean_healthy) / abs(mean_healthy),45628,147090,1292198
BraTS-GLI-00120-000,processed_zscore,case_brain_mask,T1,1.0989981889724731,0.8235359787940979,-0.06370682269334793,1.162705011665821,0.8872428014874458,18.250871139226145,13.926966751397712,18.250871139226145,13.926966751397712,abs(mean_region - mean_healthy) / abs(mean_healthy),39514,91560,1183593
BraTS-GLI-00120-000,processed_zscore,case_brain_mask,T1ce,2.2087316513061523,1.1870969533920288,-0.09183086454868317,2.3005625158548355,1.278927817940712,25.052170935788332,13.92699311093496,25.052170935788332,13.92699311093496,abs(mean_region - mean_healthy) / abs(mean_healthy),39514,91560,1183593
BraTS-GLI-00120-000,processed_zscore,case_brain_mask,T2,1.3693082332611084,1.2233240604400635,-0.0946335420012474,1.4639417752623558,1.3179576024413109,15.46958662123266,13.926960510723971,15.46958662123266,13.926960510723971,abs(mean_region - mean_healthy) / abs(mean_healthy),39514,91560,1183593
BraTS-GLI-00120-000,processed_zscore,case_brain_mask,FLAIR,2.389845848083496,2.2093284130096436,-0.17090848088264465,2.5607543289661407,2.380236893892288,14.983190510741817,13.926967705755294,14.983190510741817,13.926967705755294,abs(mean_region - mean_healthy) / abs(mean_healthy),39514,91560,1183593
BraTS-GLI-00121-000,processed_zscore,case_brain_mask,T1,-0.01768452674150467,0.1137673407793045,-0.006497324910014868,0.011187201831489801,0.12026466568931937,1.7218165916631376,18.50987404122971,1.7218165916631376,18.50987404122971,abs(mean_region - mean_healthy) / abs(mean_healthy),17941,66816,1169945
BraTS-GLI-00121-000,processed_zscore,case_brain_mask,T1ce,2.576266050338745,0.5926328301429749,-0.03384551405906677,2.610111564397812,0.6264783442020416,77.11839033801282,18.509937331981998,77.11839033801282,18.509937331981998,abs(mean_region - mean_healthy) / abs(mean_healthy),17941,66816,1169945
BraTS-GLI-00121-000,processed_zscore,case_brain_mask,T2,0.3974932134151459,0.47494083642959595,-0.027123916894197464,0.42461713030934334,0.5020647533237934,15.65471284865131,18.51003877066142,15.65471284865131,18.51003877066142,abs(mean_region - mean_healthy) / abs(mean_healthy),17941,66816,1169945
BraTS-GLI-00121-000,processed_zscore,case_brain_mask,FLAIR,1.2881957292556763,1.581972599029541,-0.09034714102745056,1.3785428702831268,1.6723197400569916,15.258289909409289,18.50993535643683,15.258289909409289,18.50993535643683,abs(mean_region - mean_healthy) / abs(mean_healthy),17941,66816,1169945
BraTS-GLI-00122-000,processed_zscore,case_brain_mask,T1,-0.18719075620174408,0.04004000872373581,-0.0012919108849018812,0.1858988453168422,0.04133191960863769,143.8944802535362,31.992856544262953,143.8944802535362,31.992856544262953,abs(mean_region - mean_healthy) / abs(mean_healthy),14699,43881,1359818
BraTS-GLI-00122-000,processed_zscore,case_brain_mask,T1ce,2.558173656463623,1.269608497619629,-0.04097007215023041,2.5991437286138535,1.3105785697698593,63.44005739319247,31.98868102951312,63.44005739319247,31.98868102951312,abs(mean_region - mean_healthy) / abs(mean_healthy),14699,43881,1359818
BraTS-GLI-00122-000,processed_zscore,case_brain_mask,T2,1.000665307044983,0.7316159605979919,-0.023609107360243797,1.0242744144052267,0.7552250679582357,43.38471585461288,31.988717592516256,43.38471585461288,31.988717592516256,abs(mean_region - mean_healthy) / abs(mean_healthy),14699,43881,1359818
BraTS-GLI-00122-000,processed_zscore,case_brain_mask,FLAIR,2.025009870529175,1.7601796388626099,-0.05680065602064133,2.081810526549816,1.8169802948832512,36.651170468758096,31.988720239832467,36.651170468758096,31.988720239832467,abs(mean_region - mean_healthy) / abs(mean_healthy),14699,43881,1359818
BraTS-GLI-00123-000,processed_zscore,case_brain_mask,T1,-0.5199227333068848,-0.12636922299861908,0.021815668791532516,0.5417384020984173,0.1481848917901516,24.832536984091288,6.792589913524345,24.832536984091288,6.792589913524345,abs(mean_region - mean_healthy) / abs(mean_healthy),50410,222999,1291750
BraTS-GLI-00123-000,processed_zscore,case_brain_mask,T1ce,2.5529959201812744,0.48592695593833923,-0.08388738334178925,2.6368833035230637,0.5698143392801285,31.43361013871888,6.792610719045642,31.43361013871888,6.792610719045642,abs(mean_region - mean_healthy) / abs(mean_healthy),50410,222999,1291750
BraTS-GLI-00123-000,processed_zscore,case_brain_mask,T2,1.6070294380187988,1.2567973136901855,-0.21696504950523376,1.8239944875240326,1.4737623631954193,8.406858577837593,6.7926256627792405,8.406858577837593,6.7926256627792405,abs(mean_region - mean_healthy) / abs(mean_healthy),50410,222999,1291750
BraTS-GLI-00123-000,processed_zscore,case_brain_mask,FLAIR,1.6807645559310913,1.7105101346969604,-0.2952909469604492,1.9760555028915405,2.0058010816574097,6.6918932775687505,6.792626398824423,6.6918932775687505,6.792626398824423,abs(mean_region - mean_healthy) / abs(mean_healthy),50410,222999,1291750
BraTS-GLI-00124-000,processed_zscore,case_brain_mask,T1,1.189543604850769,1.1612505912780762,-0.15171211957931519,1.3412557244300842,1.3129627108573914,8.840794843215376,8.654303390514386,8.840794843215376,8.654303390514386,abs(mean_region - mean_healthy) / abs(mean_healthy),39005,176056,1347587
BraTS-GLI-00124-000,processed_zscore,case_brain_mask,T1ce,2.7770261764526367,1.7908434867858887,-0.23396533727645874,3.0109915137290955,2.0248088240623474,12.869391461057496,8.654311136994568,12.869391461057496,8.654311136994568,abs(mean_region - mean_healthy) / abs(mean_healthy),39005,176056,1347587
BraTS-GLI-00124-000,processed_zscore,case_brain_mask,T2,2.179708242416382,1.8918566703796387,-0.24716226756572723,2.426870509982109,2.139018937945366,9.818936093620106,8.654310219000326,9.818936093620106,8.654310219000326,abs(mean_region - mean_healthy) / abs(mean_healthy),39005,176056,1347587
BraTS-GLI-00124-000,processed_zscore,case_brain_mask,FLAIR,2.420107364654541,2.173898458480835,-0.2840096950531006,2.7041170597076416,2.4579081535339355,9.521213912088669,8.65431073778797,9.521213912088669,8.65431073778797,abs(mean_region - mean_healthy) / abs(mean_healthy),39005,176056,1347587
BraTS-GLI-00126-000,processed_zscore,case_brain_mask,T1,0.7535300254821777,0.5957056283950806,-0.07117856293916702,0.8247085884213448,0.6668841913342476,11.586474274932812,9.369171893849588,11.586474274932812,9.369171893849588,abs(mean_region - mean_healthy) / abs(mean_healthy),54464,154557,1293516
BraTS-GLI-00126-000,processed_zscore,case_brain_mask,T1ce,2.0910959243774414,0.8761415481567383,-0.1046864464879036,2.195782370865345,0.9808279946446419,20.974848650718748,9.369197518400584,20.974848650718748,9.369197518400584,abs(mean_region - mean_healthy) / abs(mean_healthy),54464,154557,1293516
BraTS-GLI-00126-000,processed_zscore,case_brain_mask,T2,1.0027717351913452,1.186905860900879,-0.1418185830116272,1.1445903182029724,1.328724443912506,8.070806335084674,9.36918431771081,8.070806335084674,9.36918431771081,abs(mean_region - mean_healthy) / abs(mean_healthy),54464,154557,1293516
BraTS-GLI-00126-000,processed_zscore,case_brain_mask,FLAIR,1.6502658128738403,1.9880881309509277,-0.23754854500293732,1.8878143578767776,2.225636675953865,7.9470676524389345,9.369186731606144,7.9470676524389345,9.369186731606144,abs(mean_region - mean_healthy) / abs(mean_healthy),54464,154557,1293516
BraTS-GLI-00127-000,processed_zscore,case_brain_mask,T1,0.018114125356078148,0.44482821226119995,-0.03699616715312004,0.05511029250919819,0.48182437941432,1.4896216757024385,13.02362964844821,1.4896216757024385,13.02362964844821,abs(mean_region - mean_healthy) / abs(mean_healthy),6511,118171,1420850
BraTS-GLI-00127-000,processed_zscore,case_brain_mask,T1ce,1.628157615661621,-0.4003269076347351,0.033294886350631714,1.5948627293109894,0.4336217939853668,47.90113149855307,13.023675450303484,47.90113149855307,13.023675450303484,abs(mean_region - mean_healthy) / abs(mean_healthy),6511,118171,1420850
BraTS-GLI-00127-000,processed_zscore,case_brain_mask,T2,0.6596348881721497,0.7096287608146667,-0.05901927500963211,0.7186541631817818,0.7686480358242989,12.176601001359224,13.023678039061872,12.176601001359224,13.023678039061872,abs(mean_region - mean_healthy) / abs(mean_healthy),6511,118171,1420850
BraTS-GLI-00127-000,processed_zscore,case_brain_mask,FLAIR,1.393438696861267,1.9703599214553833,-0.16387337446212769,1.5573120713233948,2.134233295917511,9.503142755404117,13.023673326570496,9.503142755404117,13.023673326570496,abs(mean_region - mean_healthy) / abs(mean_healthy),6511,118171,1420850
BraTS-GLI-00128-000,processed_zscore,case_brain_mask,T1,0.020578186959028244,0.2363312691450119,-0.027356885373592377,0.04793507233262062,0.2636881545186043,1.7522123472028137,9.638822216696592,1.7522123472028137,9.638822216696592,abs(mean_region - mean_healthy) / abs(mean_healthy),40450,132171,1141798
BraTS-GLI-00128-000,processed_zscore,case_brain_mask,T1ce,2.311366558074951,0.6828691959381104,-0.07904694229364395,2.390413500368595,0.7619161382317543,30.240429686561132,9.638780655188214,30.240429686561132,9.638780655188214,abs(mean_region - mean_healthy) / abs(mean_healthy),40450,132171,1141798
BraTS-GLI-00128-000,processed_zscore,case_brain_mask,T2,1.0452626943588257,1.138623833656311,-0.13180357217788696,1.1770662665367126,1.270427405834198,8.930458007223814,9.638793432089855,8.930458007223814,9.638793432089855,abs(mean_region - mean_healthy) / abs(mean_healthy),40450,132171,1141798
BraTS-GLI-00128-000,processed_zscore,case_brain_mask,FLAIR,1.5177156925201416,1.8102765083312988,-0.2095518559217453,1.727267548441887,2.019828364253044,8.242673589523898,9.638799691696958,8.242673589523898,9.638799691696958,abs(mean_region - mean_healthy) / abs(mean_healthy),40450,132171,1141798
BraTS-GLI-00130-000,processed_zscore,case_brain_mask,T1,0.608476996421814,0.1815464347600937,-0.020805738866329193,0.6292827352881432,0.20235217362642288,30.245632675248945,9.725786472976356,30.245632675248945,9.725786472976356,abs(mean_region - mean_healthy) / abs(mean_healthy),26937,149604,1305423
BraTS-GLI-00130-000,processed_zscore,case_brain_mask,T1ce,2.108813762664795,0.28497692942619324,-0.03265908733010292,2.141472849994898,0.31763601675629616,65.57050502819882,9.725808120287578,65.57050502819882,9.725808120287578,abs(mean_region - mean_healthy) / abs(mean_healthy),26937,149604,1305423
BraTS-GLI-00130-000,processed_zscore,case_brain_mask,T2,0.9181573987007141,1.135181188583374,-0.13009391725063324,1.0482513159513474,1.2652751058340073,8.057650489006587,9.725859076073355,8.057650489006587,9.725859076073355,abs(mean_region - mean_healthy) / abs(mean_healthy),26937,149604,1305423
BraTS-GLI-00130-000,processed_zscore,case_brain_mask,FLAIR,1.925112009048462,2.0454702377319336,-0.23441480100154877,2.1595268100500107,2.2798850387334824,9.212416625670931,9.725857876689362,9.212416625670931,9.725857876689362,abs(mean_region - mean_healthy) / abs(mean_healthy),26937,149604,1305423
BraTS-GLI-00131-000,processed_zscore,case_brain_mask,T1,-1.1371688842773438,-0.8412837982177734,0.06133251637220383,1.1985014006495476,0.9026163145899773,19.54104399330848,14.716766374174842,19.54104399330848,14.716766374174842,abs(mean_region - mean_healthy) / abs(mean_healthy),15498,103496,1419627
BraTS-GLI-00131-000,processed_zscore,case_brain_mask,T1ce,2.430420160293579,-0.347207635641098,0.02531290426850319,2.405107256025076,0.3725205399096012,95.01506545883585,14.716625795212602,95.01506545883585,14.716625795212602,abs(mean_region - mean_healthy) / abs(mean_healthy),15498,103496,1419627
BraTS-GLI-00131-000,processed_zscore,case_brain_mask,T2,0.9581772089004517,1.8116086721420288,-0.13207288086414337,1.090250089764595,1.9436815530061722,8.254912610606864,14.716734732284202,8.254912610606864,14.716734732284202,abs(mean_region - mean_healthy) / abs(mean_healthy),15498,103496,1419627
BraTS-GLI-00131-000,processed_zscore,case_brain_mask,FLAIR,2.397376537322998,2.7018136978149414,-0.19697193801403046,2.5943484753370285,2.898785635828972,13.171157787726246,14.716744248221232,13.171157787726246,14.716744248221232,abs(mean_region - mean_healthy) / abs(mean_healthy),15498,103496,1419627
BraTS-GLI-00132-000,processed_zscore,case_brain_mask,T1,0.14890246093273163,0.20372097194194794,-0.02117929421365261,0.17008175514638424,0.22490026615560055,8.030567658706305,10.618874448168588,8.030567658706305,10.618874448168588,abs(mean_region - mean_healthy) / abs(mean_healthy),50084,129841,1248935
BraTS-GLI-00132-000,processed_zscore,case_brain_mask,T1ce,2.66329288482666,1.0282573699951172,-0.10689891874790192,2.770191803574562,1.135156288743019,25.91412369761628,10.61896885430657,25.91412369761628,10.61896885430657,abs(mean_region - mean_healthy) / abs(mean_healthy),50084,129841,1248935
BraTS-GLI-00132-000,processed_zscore,case_brain_mask,T2,0.9476158022880554,1.0255331993103027,-0.10661596059799194,1.0542317628860474,1.1321491599082947,9.888123288230291,10.618946296204156,9.888123288230291,10.618946296204156,abs(mean_region - mean_healthy) / abs(mean_healthy),50084,129841,1248935
BraTS-GLI-00132-000,processed_zscore,case_brain_mask,FLAIR,1.5539209842681885,1.9817924499511719,-0.2060299962759018,1.7599509805440903,2.1878224462270737,8.542207505490026,10.61895105457016,8.542207505490026,10.61895105457016,abs(mean_region - mean_healthy) / abs(mean_healthy),50084,129841,1248935
BraTS-GLI-00133-000,processed_zscore,case_brain_mask,T1,-0.39405393600463867,-0.3528752028942108,0.020456615835428238,0.4145105518400669,0.37333181872963905,20.26290932844267,18.249930571755478,20.26290932844267,18.249930571755478,abs(mean_region - mean_healthy) / abs(mean_healthy),18881,80218,1383758
BraTS-GLI-00133-000,processed_zscore,case_brain_mask,T1ce,1.9083577394485474,0.051522910594940186,-0.00298686814494431,1.9113446075934917,0.054509778739884496,639.9159637591329,18.24981087034253,639.9159637591329,18.24981087034253,abs(mean_region - mean_healthy) / abs(mean_healthy),18881,80218,1383758
BraTS-GLI-00133-000,processed_zscore,case_brain_mask,T2,0.3626069724559784,0.4836539626121521,-0.02803790010511875,0.39064487256109715,0.5116918627172709,13.932743575535419,18.250006626703602,13.932743575535419,18.250006626703602,abs(mean_region - mean_healthy) / abs(mean_healthy),18881,80218,1383758
BraTS-GLI-00133-000,processed_zscore,case_brain_mask,FLAIR,0.5896671414375305,1.0576748847961426,-0.06131459400057793,0.6509817354381084,1.1189894787967205,10.617076505994193,18.249969636693237,10.617076505994193,18.249969636693237,abs(mean_region - mean_healthy) / abs(mean_healthy),18881,80218,1383758
BraTS-GLI-00134-000,processed_zscore,case_brain_mask,T1,-0.2852190136909485,-0.57094806432724,0.06207830086350441,0.3472973145544529,0.6330263651907444,5.594504194276806,10.197224414737455,5.594504194276806,10.197224414737455,abs(mean_region - mean_healthy) / abs(mean_healthy),11994,157749,1450851
BraTS-GLI-00134-000,processed_zscore,case_brain_mask,T1ce,0.8665290474891663,-0.5187507271766663,0.056403130292892456,0.8101259171962738,0.5751538574695587,14.363137524272485,10.197197469056709,14.363137524272485,10.197197469056709,abs(mean_region - mean_healthy) / abs(mean_healthy),11994,157749,1450851
BraTS-GLI-00134-000,processed_zscore,case_brain_mask,T2,1.4571188688278198,1.449119210243225,-0.15756076574325562,1.6146796345710754,1.6066799759864807,10.247980370964855,10.197208476408123,10.247980370964855,10.197208476408123,abs(mean_region - mean_healthy) / abs(mean_healthy),11994,157749,1450851
BraTS-GLI-00134-000,processed_zscore,case_brain_mask,FLAIR,2.4324841499328613,1.3739210367202759,-0.14938443899154663,2.581868588924408,1.5233054757118225,17.283383773797958,10.19721656415648,17.283383773797958,10.19721656415648,abs(mean_region - mean_healthy) / abs(mean_healthy),11994,157749,1450851
BraTS-GLI-00136-000,processed_zscore,case_brain_mask,T1,-0.9360678791999817,-0.5026242733001709,0.020567921921610832,0.9566358011215925,0.5231921952217817,46.51105759578219,25.437290029386038,46.51105759578219,25.437290029386038,abs(mean_region - mean_healthy) / abs(mean_healthy),15114,57168,1397025
BraTS-GLI-00136-000,processed_zscore,case_brain_mask,T1ce,2.3110756874084473,0.5639365911483765,-0.023077072575688362,2.3341527599841356,0.5870136637240648,101.14596434745192,25.43709397276335,101.14596434745192,25.43709397276335,abs(mean_region - mean_healthy) / abs(mean_healthy),15114,57168,1397025
BraTS-GLI-00136-000,processed_zscore,case_brain_mask,T2,0.5261768102645874,0.4146963655948639,-0.016969840973615646,0.543146651238203,0.43166620656847954,32.006584627556386,25.43725702790174,32.006584627556386,25.43725702790174,abs(mean_region - mean_healthy) / abs(mean_healthy),15114,57168,1397025
BraTS-GLI-00136-000,processed_zscore,case_brain_mask,FLAIR,1.046443223953247,1.290096640586853,-0.05279220640659332,1.0992354303598404,1.3428888469934464,20.82192628763769,25.437255579939738,20.82192628763769,25.437255579939738,abs(mean_region - mean_healthy) / abs(mean_healthy),15114,57168,1397025
BraTS-GLI-00137-000,processed_zscore,case_brain_mask,T1,-0.10202711075544357,0.009452174417674541,-0.0016409322852268815,0.10038617847021669,0.011093106702901423,61.176307745286955,6.760246478645917,61.176307745286955,6.760246478645917,abs(mean_region - mean_healthy) / abs(mean_healthy),49748,186261,1072769
BraTS-GLI-00137-000,processed_zscore,case_brain_mask,T1ce,2.539518356323242,0.5236148834228516,-0.09091336280107498,2.630431719124317,0.6145282462239265,28.933389306915114,6.759493074396102,28.933389306915114,6.759493074396102,abs(mean_region - mean_healthy) / abs(mean_healthy),49748,186261,1072769
BraTS-GLI-00137-000,processed_zscore,case_brain_mask,T2,1.310334324836731,1.461427927017212,-0.25374242663383484,1.5640767514705658,1.7151703536510468,6.164033237246604,6.759493776443377,6.164033237246604,6.759493776443377,abs(mean_region - mean_healthy) / abs(mean_healthy),49748,186261,1072769
BraTS-GLI-00137-000,processed_zscore,case_brain_mask,FLAIR,1.3709636926651,1.870526909828186,-0.3247726857662201,1.6957363784313202,2.195299595594406,5.221302322363266,6.759495769834045,5.221302322363266,6.759495769834045,abs(mean_region - mean_healthy) / abs(mean_healthy),49748,186261,1072769
BraTS-GLI-00138-000,processed_zscore,case_brain_mask,T1,-0.06494119018316269,0.19256243109703064,-0.022395288571715355,0.042545901611447334,0.214957719668746,1.8997701893951775,9.59834560650546,1.8997701893951775,9.59834560650546,abs(mean_region - mean_healthy) / abs(mean_healthy),14523,154118,1325158
BraTS-GLI-00138-000,processed_zscore,case_brain_mask,T1ce,2.3276069164276123,0.17329704761505127,-0.020154820755124092,2.3477617371827364,0.19345186837017536,116.48636153640064,9.598292672535568,116.48636153640064,9.598292672535568,abs(mean_region - mean_healthy) / abs(mean_healthy),14523,154118,1325158
BraTS-GLI-00138-000,processed_zscore,case_brain_mask,T2,0.5061415433883667,0.7430382966995239,-0.08641661703586578,0.5925581604242325,0.8294549137353897,6.856993258348693,9.598326597199913,6.856993258348693,9.598326597199913,abs(mean_region - mean_healthy) / abs(mean_healthy),14523,154118,1325158
BraTS-GLI-00138-000,processed_zscore,case_brain_mask,FLAIR,1.252714991569519,1.7936848402023315,-0.20860837399959564,1.4613233655691147,2.002293214201927,7.005104050003032,9.598335751400892,7.005104050003032,9.598335751400892,abs(mean_region - mean_healthy) / abs(mean_healthy),14523,154118,1325158
BraTS-GLI-00139-000,processed_zscore,case_brain_mask,T1,0.04184034466743469,0.1078009232878685,-0.007320326287299395,0.04916067095473409,0.1151212495751679,6.715639306956409,15.726245669527154,6.715639306956409,15.726245669527154,abs(mean_region - mean_healthy) / abs(mean_healthy),17276,80769,1189394
BraTS-GLI-00139-000,processed_zscore,case_brain_mask,T1ce,2.5999655723571777,0.7445939779281616,-0.05056359991431236,2.65052917227149,0.795157577842474,52.419708580148786,15.725889358945729,52.419708580148786,15.725889358945729,abs(mean_region - mean_healthy) / abs(mean_healthy),17276,80769,1189394
BraTS-GLI-00139-000,processed_zscore,case_brain_mask,T2,1.0347440242767334,0.7248690724372864,-0.049224063754081726,1.0839680880308151,0.7740931361913681,22.021101172105706,15.72590877621678,22.021101172105706,15.72590877621678,abs(mean_region - mean_healthy) / abs(mean_healthy),17276,80769,1189394
BraTS-GLI-00139-000,processed_zscore,case_brain_mask,FLAIR,2.3561410903930664,1.9818297624588013,-0.1345815360546112,2.4907226264476776,2.1164112985134125,18.50716450016575,15.725866716624514,18.50716450016575,15.725866716624514,abs(mean_region - mean_healthy) / abs(mean_healthy),17276,80769,1189394
BraTS-GLI-00140-000,processed_zscore,case_brain_mask,T1,-0.3933560252189636,0.12475960701704025,-0.0014829065185040236,0.3918731187004596,0.12624251353554428,264.2601632743422,85.13180835087262,264.2601632743422,85.13180835087262,abs(mean_region - mean_healthy) / abs(mean_healthy),2642,16748,1409199
BraTS-GLI-00140-000,processed_zscore,case_brain_mask,T1ce,1.914940357208252,0.5602250099182129,-0.006657838821411133,1.921598196029663,0.566882848739624,288.6219158460161,85.14517457475381,288.6219158460161,85.14517457475381,abs(mean_region - mean_healthy) / abs(mean_healthy),2642,16748,1409199
BraTS-GLI-00140-000,processed_zscore,case_brain_mask,T2,1.2820324897766113,0.8563218116760254,-0.010177128948271275,1.2922096187248826,0.8664989406242967,126.97192157955139,85.14178655184314,126.97192157955139,85.14178655184314,abs(mean_region - mean_healthy) / abs(mean_healthy),2642,16748,1409199
BraTS-GLI-00140-000,processed_zscore,case_brain_mask,FLAIR,1.4749598503112793,1.4466521739959717,-0.01719340682029724,1.4921532571315765,1.463845580816269,86.78636367575812,85.13993742579063,86.78636367575812,85.13993742579063,abs(mean_region - mean_healthy) / abs(mean_healthy),2642,16748,1409199
BraTS-GLI-00142-000,processed_zscore,case_brain_mask,T1,-0.32025739550590515,-0.20839768648147583,0.012506263330578804,0.33276365883648396,0.22090394981205463,26.607760450945445,17.663465415119397,26.607760450945445,17.663465415119397,abs(mean_region - mean_healthy) / abs(mean_healthy),31255,88649,1477194
BraTS-GLI-00142-000,processed_zscore,case_brain_mask,T1ce,2.594716787338257,0.7733480334281921,-0.04640994966030121,2.641126736998558,0.8197579830884933,56.90863179836116,17.663410305090448,56.90863179836116,17.663410305090448,abs(mean_region - mean_healthy) / abs(mean_healthy),31255,88649,1477194
BraTS-GLI-00142-000,processed_zscore,case_brain_mask,T2,0.6872602701187134,0.6341798901557922,-0.038058146834373474,0.7253184169530869,0.6722380369901657,19.058164342831102,17.663446407826974,19.058164342831102,17.663446407826974,abs(mean_region - mean_healthy) / abs(mean_healthy),31255,88649,1477194
BraTS-GLI-00142-000,processed_zscore,case_brain_mask,FLAIR,1.2068965435028076,1.276921272277832,-0.0766303762793541,1.2835269197821617,1.3535516485571861,16.749583939182248,17.663382515868744,16.749583939182248,17.663382515868744,abs(mean_region - mean_healthy) / abs(mean_healthy),31255,88649,1477194
BraTS-GLI-00143-000,processed_zscore,case_brain_mask,T1,0.005370361730456352,0.18444223701953888,-0.02338505908846855,0.028755420818924904,0.20782729610800743,1.229649269225261,8.887182851314218,1.229649269225261,8.887182851314218,abs(mean_region - mean_healthy) / abs(mean_healthy),63709,162623,1282632
BraTS-GLI-00143-000,processed_zscore,case_brain_mask,T1ce,3.3796017169952393,1.3527536392211914,-0.17151348292827606,3.5511151999235153,1.5242671221494675,20.704583332428328,8.887156252239885,20.704583332428328,8.887156252239885,abs(mean_region - mean_healthy) / abs(mean_healthy),63709,162623,1282632
BraTS-GLI-00143-000,processed_zscore,case_brain_mask,T2,0.9964314103126526,1.0307245254516602,-0.13068397343158722,1.1271153837442398,1.1614084988832474,8.624740694269464,8.887153247534537,8.624740694269464,8.887153247534537,abs(mean_region - mean_healthy) / abs(mean_healthy),63709,162623,1282632
BraTS-GLI-00143-000,processed_zscore,case_brain_mask,FLAIR,1.6906661987304688,1.84640371799469,-0.23410271108150482,1.9247689098119736,2.0805064290761948,8.221899271990273,8.887152222478317,8.221899271990273,8.887152222478317,abs(mean_region - mean_healthy) / abs(mean_healthy),63709,162623,1282632
BraTS-GLI-00144-000,processed_zscore,case_brain_mask,T1,0.011529690586030483,-0.2155589759349823,0.010176128707826138,0.0013535618782043457,0.22573510464280844,0.13301343930166334,22.18280754145756,0.13301343930166334,22.18280754145756,abs(mean_region - mean_healthy) / abs(mean_healthy),19458,64347,1363045
BraTS-GLI-00144-000,processed_zscore,case_brain_mask,T1ce,2.751410961151123,0.10200748592615128,-0.0048157041892409325,2.756226665340364,0.10682319011539221,572.3413559118152,22.18225744721875,572.3413559118152,22.18225744721875,abs(mean_region - mean_healthy) / abs(mean_healthy),19458,64347,1363045
BraTS-GLI-00144-000,processed_zscore,case_brain_mask,T2,0.7513105273246765,1.0498747825622559,-0.04956269636750221,0.8008732236921787,1.099437478929758,16.15879042886988,22.18276162332945,16.15879042886988,22.18276162332945,abs(mean_region - mean_healthy) / abs(mean_healthy),19458,64347,1363045
BraTS-GLI-00144-000,processed_zscore,case_brain_mask,FLAIR,1.0988527536392212,0.7139316201210022,-0.03370339795947075,1.132556151598692,0.747635018080473,33.60361922440644,22.182778691321403,33.60361922440644,22.182778691321403,abs(mean_region - mean_healthy) / abs(mean_healthy),19458,64347,1363045
BraTS-GLI-00146-000,processed_zscore,case_brain_mask,T1,-0.11215867102146149,-0.3154134750366211,0.044874679297208786,0.15703335031867027,0.3602881543338299,3.4993754334961404,8.028762767252577,3.4993754334961404,8.028762767252577,abs(mean_region - mean_healthy) / abs(mean_healthy),27851,184720,1298354
BraTS-GLI-00146-000,processed_zscore,case_brain_mask,T1ce,1.9286555051803589,0.058925844728946686,-0.008383429609239101,1.937038934789598,0.06730927433818579,231.0556687509908,8.028847079959549,231.0556687509908,8.028847079959549,abs(mean_region - mean_healthy) / abs(mean_healthy),27851,184720,1298354
BraTS-GLI-00146-000,processed_zscore,case_brain_mask,T2,0.5417376756668091,0.8843061327934265,-0.12581227719783783,0.6675499528646469,1.0101184099912643,5.305920596405191,8.02877455594313,5.305920596405191,8.02877455594313,abs(mean_region - mean_healthy) / abs(mean_healthy),27851,184720,1298354
BraTS-GLI-00146-000,processed_zscore,case_brain_mask,FLAIR,0.41437259316444397,0.8551443815231323,-0.12166342884302139,0.5360360220074654,0.9768078103661537,4.405892774065214,8.028771009129613,4.405892774065214,8.028771009129613,abs(mean_region - mean_healthy) / abs(mean_healthy),27851,184720,1298354
BraTS-GLI-00147-000,processed_zscore,case_brain_mask,T1,0.41951900720596313,0.17984141409397125,-0.022756388410925865,0.442275395616889,0.20259780250489712,19.435219140685014,8.902897896031044,19.435219140685014,8.902897896031044,abs(mean_region - mean_healthy) / abs(mean_healthy),36248,175302,1385398
BraTS-GLI-00147-000,processed_zscore,case_brain_mask,T1ce,3.1360790729522705,0.48905304074287415,-0.06188229098916054,3.197961363941431,0.5509353317320347,51.67813461369092,8.902956288876537,51.67813461369092,8.902956288876537,abs(mean_region - mean_healthy) / abs(mean_healthy),36248,175302,1385398
BraTS-GLI-00147-000,processed_zscore,case_brain_mask,T2,1.87340247631073,1.5088757276535034,-0.19092626869678497,2.064328745007515,1.6998019963502884,10.812177701361406,8.902923667616365,10.812177701361406,8.902923667616365,abs(mean_region - mean_healthy) / abs(mean_healthy),36248,175302,1385398
BraTS-GLI-00147-000,processed_zscore,case_brain_mask,FLAIR,2.2201249599456787,2.279942750930786,-0.2884935736656189,2.5086185336112976,2.568436324596405,8.695578559122204,8.902923874392345,8.695578559122204,8.902923874392345,abs(mean_region - mean_healthy) / abs(mean_healthy),36248,175302,1385398
BraTS-GLI-00148-000,processed_zscore,case_brain_mask,T1,0.4206561744213104,0.30131232738494873,-0.012388129718601704,0.43304430413991213,0.31370045710355043,34.956390833530236,25.322664859773443,34.956390833530236,25.322664859773443,abs(mean_region - mean_healthy) / abs(mean_healthy),20160,58817,1430596
BraTS-GLI-00148-000,processed_zscore,case_brain_mask,T1ce,2.6229119300842285,0.9343262910842896,-0.038413576781749725,2.6613255068659782,0.9727398678660393,69.28085666134514,25.322814206881866,69.28085666134514,25.322814206881866,abs(mean_region - mean_healthy) / abs(mean_healthy),20160,58817,1430596
BraTS-GLI-00148-000,processed_zscore,case_brain_mask,T2,2.8689050674438477,1.8502663373947144,-0.07607126235961914,2.944976329803467,1.9263375997543335,38.71338845254587,25.322803119103884,38.71338845254587,25.322803119103884,abs(mean_region - mean_healthy) / abs(mean_healthy),20160,58817,1430596
BraTS-GLI-00148-000,processed_zscore,case_brain_mask,FLAIR,3.638467311859131,2.3958513736724854,-0.09850221872329712,3.736969530582428,2.4943535923957825,37.93792240436696,25.322816325616774,37.93792240436696,25.322816325616774,abs(mean_region - mean_healthy) / abs(mean_healthy),20160,58817,1430596
BraTS-GLI-00149-000,processed_zscore,case_brain_mask,T1,0.6325536966323853,0.39120179414749146,-0.007356442045420408,0.6399101386778057,0.39855823619291186,86.98636307155681,54.17812493215053,86.98636307155681,54.17812493215053,abs(mean_region - mean_healthy) / abs(mean_healthy),4362,24434,1299335
BraTS-GLI-00149-000,processed_zscore,case_brain_mask,T1ce,1.581133484840393,0.7303339838981628,-0.013734136708080769,1.5948676215484738,0.7440681206062436,116.12434443077153,54.176548291415756,116.12434443077153,54.176548291415756,abs(mean_region - mean_healthy) / abs(mean_healthy),4362,24434,1299335
BraTS-GLI-00149-000,processed_zscore,case_brain_mask,T2,0.27241528034210205,0.23736876249313354,-0.004463616758584976,0.276878897100687,0.24183237925171852,62.03016792787139,54.17857139876464,62.03016792787139,54.17857139876464,abs(mean_region - mean_healthy) / abs(mean_healthy),4362,24434,1299335
BraTS-GLI-00149-000,processed_zscore,case_brain_mask,FLAIR,1.798474907875061,1.5117852687835693,-0.028429049998521805,1.8269039578735828,1.5402143187820911,64.26187150005275,54.17748109283202,64.26187150005275,54.17748109283202,abs(mean_region - mean_healthy) / abs(mean_healthy),4362,24434,1299335
BraTS-GLI-00150-000,processed_zscore,case_brain_mask,T1,0.9928944110870361,0.3883894979953766,-0.05312090739607811,1.0460153184831142,0.4415104053914547,19.691217069841336,8.3114243907673,19.691217069841336,8.3114243907673,abs(mean_region - mean_healthy) / abs(mean_healthy),16998,162397,1187352
BraTS-GLI-00150-000,processed_zscore,case_brain_mask,T1ce,2.1437816619873047,0.018420232459902763,-0.002519541420042515,2.146301203407347,0.020939773879945278,851.8618453079968,8.310946473581664,851.8618453079968,8.310946473581664,abs(mean_region - mean_healthy) / abs(mean_healthy),16998,162397,1187352
BraTS-GLI-00150-000,processed_zscore,case_brain_mask,T2,1.5398428440093994,1.3678697347640991,-0.18708683550357819,1.7269296795129776,1.5549565702676773,9.230631727051414,8.311416279409663,9.230631727051414,8.311416279409663,abs(mean_region - mean_healthy) / abs(mean_healthy),16998,162397,1187352
BraTS-GLI-00150-000,processed_zscore,case_brain_mask,FLAIR,2.0347719192504883,1.7176964282989502,-0.23493343591690063,2.269705355167389,1.9526298642158508,9.661057168423726,8.311417472762473,9.661057168423726,8.311417472762473,abs(mean_region - mean_healthy) / abs(mean_healthy),16998,162397,1187352
BraTS-GLI-00151-000,processed_zscore,case_brain_mask,T1,0.14410988986492157,0.2809430658817291,-0.043963927775621414,0.18807381764054298,0.32490699365735054,4.277912078293251,7.390308602897756,4.277912078293251,7.390308602897756,abs(mean_region - mean_healthy) / abs(mean_healthy),79009,186689,1192993
BraTS-GLI-00151-000,processed_zscore,case_brain_mask,T1ce,2.0579559803009033,1.0975033044815063,-0.17174604535102844,2.2297020256519318,1.2692493498325348,12.982552355687064,7.390268272194218,12.982552355687064,7.390268272194218,abs(mean_region - mean_healthy) / abs(mean_healthy),79009,186689,1192993
BraTS-GLI-00151-000,processed_zscore,case_brain_mask,T2,1.4706486463546753,1.2508985996246338,-0.19575047492980957,1.6663991212844849,1.4466490745544434,8.512873963049168,7.390271084007177,8.512873963049168,7.390271084007177,abs(mean_region - mean_healthy) / abs(mean_healthy),79009,186689,1192993
BraTS-GLI-00151-000,processed_zscore,case_brain_mask,FLAIR,1.8093385696411133,1.6949360370635986,-0.2652370035648346,2.074575573205948,1.9601730406284332,7.821591804021561,7.390269887999576,7.821591804021561,7.390269887999576,abs(mean_region - mean_healthy) / abs(mean_healthy),79009,186689,1192993
BraTS-GLI-00152-000,processed_zscore,case_brain_mask,T1,-0.26622357964515686,-0.40374624729156494,0.013875705190002918,0.2800992848351598,0.41762195248156786,20.186309884773564,30.09734977523546,20.186309884773564,30.09734977523546,abs(mean_region - mean_healthy) / abs(mean_healthy),9813,43797,1274367
BraTS-GLI-00152-000,processed_zscore,case_brain_mask,T1ce,1.8287039995193481,0.12312184274196625,-0.004231577273458242,1.8329355767928064,0.1273534200154245,433.1565887475442,30.095969371568472,433.1565887475442,30.095969371568472,abs(mean_region - mean_healthy) / abs(mean_healthy),9813,43797,1274367
BraTS-GLI-00152-000,processed_zscore,case_brain_mask,T2,1.3518486022949219,1.3374444246292114,-0.04596475511789322,1.397813357412815,1.3834091797471046,30.410547251423786,30.097172849041662,30.410547251423786,30.097172849041662,abs(mean_region - mean_healthy) / abs(mean_healthy),9813,43797,1274367
BraTS-GLI-00152-000,processed_zscore,case_brain_mask,FLAIR,4.091264247894287,3.1365697383880615,-0.10779654234647751,4.199060790240765,3.244366280734539,38.953575864652755,30.09712751552421,38.953575864652755,30.09712751552421,abs(mean_region - mean_healthy) / abs(mean_healthy),9813,43797,1274367
BraTS-GLI-00154-000,processed_zscore,case_brain_mask,T1,-0.5370386838912964,-0.4021666944026947,0.028283366933465004,0.5653220508247614,0.4304500613361597,19.98779184086,15.219194459724996,19.98779184086,15.219194459724996,abs(mean_region - mean_healthy) / abs(mean_healthy),15158,101416,1442057
BraTS-GLI-00154-000,processed_zscore,case_brain_mask,T1ce,2.870025396347046,0.0836578980088234,-0.005883398931473494,2.8759087952785194,0.08954129694029689,488.81757446256495,15.219314206502622,488.81757446256495,15.219314206502622,abs(mean_region - mean_healthy) / abs(mean_healthy),15158,101416,1442057
BraTS-GLI-00154-000,processed_zscore,case_brain_mask,T2,0.8200328946113586,0.8313349485397339,-0.0584656223654747,0.8784985169768333,0.8898005709052086,15.025898663752308,15.21920976643287,15.025898663752308,15.21920976643287,abs(mean_region - mean_healthy) / abs(mean_healthy),15158,101416,1442057
BraTS-GLI-00154-000,processed_zscore,case_brain_mask,FLAIR,2.8852474689483643,2.5965170860290527,-0.18260601162910461,3.067853480577469,2.7791230976581573,16.800396948642955,15.219231135187925,16.800396948642955,15.219231135187925,abs(mean_region - mean_healthy) / abs(mean_healthy),15158,101416,1442057
BraTS-GLI-00155-000,processed_zscore,case_brain_mask,T1,-0.20352521538734436,-0.235892191529274,0.0037280870601534843,0.20725330244749784,0.23962027858942747,55.59239875663346,64.2743248006559,55.59239875663346,64.2743248006559,abs(mean_region - mean_healthy) / abs(mean_healthy),1136,23396,1480402
BraTS-GLI-00155-000,processed_zscore,case_brain_mask,T1ce,1.048343539237976,0.03206457942724228,-0.0005068262689746916,1.0488503655069508,0.03257140569621697,2069.447520209978,64.26542523557204,2069.447520209978,64.26542523557204,abs(mean_region - mean_healthy) / abs(mean_healthy),1136,23396,1480402
BraTS-GLI-00155-000,processed_zscore,case_brain_mask,T2,-0.03226649761199951,0.00972871482372284,-0.00015380047261714935,0.03211269713938236,0.009882515296339989,208.79452834530284,64.25542866139443,208.79452834530284,64.25542866139443,abs(mean_region - mean_healthy) / abs(mean_healthy),1136,23396,1480402
BraTS-GLI-00155-000,processed_zscore,case_brain_mask,FLAIR,2.0308218002319336,2.0616111755371094,-0.032581232488155365,2.063403032720089,2.0941924080252647,63.33103063152144,64.27603402623247,63.33103063152144,64.27603402623247,abs(mean_region - mean_healthy) / abs(mean_healthy),1136,23396,1480402
BraTS-GLI-00156-000,processed_zscore,case_brain_mask,T1,-0.9725173115730286,-0.8528921008110046,0.08631351590156555,1.0588308274745941,0.9392056167125702,12.267265635223522,10.881327297380258,12.267265635223522,10.881327297380258,abs(mean_region - mean_healthy) / abs(mean_healthy),40427,140635,1389660
BraTS-GLI-00156-000,processed_zscore,case_brain_mask,T1ce,3.0386240482330322,0.3463941514492035,-0.03505539149045944,3.0736794397234917,0.38144954293966293,87.6806479414162,10.881337412633858,87.6806479414162,10.881337412633858,abs(mean_region - mean_healthy) / abs(mean_healthy),40427,140635,1389660
BraTS-GLI-00156-000,processed_zscore,case_brain_mask,T2,1.925658106803894,1.826110601425171,-0.18480433523654938,2.1104624420404434,2.0109149366617203,11.419983407526958,10.881319066935042,11.419983407526958,10.881319066935042,abs(mean_region - mean_healthy) / abs(mean_healthy),40427,140635,1389660
BraTS-GLI-00156-000,processed_zscore,case_brain_mask,FLAIR,3.8628194332122803,2.3775477409362793,-0.2406102418899536,4.103429675102234,2.618157982826233,17.05426021299207,10.881323929775538,17.05426021299207,10.881323929775538,abs(mean_region - mean_healthy) / abs(mean_healthy),40427,140635,1389660
BraTS-GLI-00157-000,processed_zscore,case_brain_mask,T1,-0.5245640873908997,-0.38174670934677124,0.010407237336039543,0.5349713247269392,0.3921539466828108,51.40377868335629,37.680888214666616,51.40377868335629,37.680888214666616,abs(mean_region - mean_healthy) / abs(mean_healthy),6597,40916,1500855
BraTS-GLI-00157-000,processed_zscore,case_brain_mask,T1ce,2.678619861602783,-0.03815586492419243,0.001040310482494533,2.6775795511202887,0.03919617540668696,2573.8273296062453,37.67738196071954,2573.8273296062453,37.67738196071954,abs(mean_region - mean_healthy) / abs(mean_healthy),6597,40916,1500855
BraTS-GLI-00157-000,processed_zscore,case_brain_mask,T2,1.897071123123169,1.4534727334976196,-0.03962421044707298,1.936695333570242,1.4930969439446926,48.87656591055947,37.681430799461815,48.87656591055947,37.681430799461815,abs(mean_region - mean_healthy) / abs(mean_healthy),6597,40916,1500855
BraTS-GLI-00157-000,processed_zscore,case_brain_mask,FLAIR,4.864711761474609,3.642125368118286,-0.09929081797599792,4.964002579450607,3.741416186094284,49.9945783571909,37.68139151596793,49.9945783571909,37.68139151596793,abs(mean_region - mean_healthy) / abs(mean_healthy),6597,40916,1500855
BraTS-GLI-00158-000,processed_zscore,case_brain_mask,T1,-0.3145156502723694,-0.3230610489845276,0.04243927448987961,0.356954924762249,0.3655003234744072,8.410957280793554,8.612313190263588,8.410957280793554,8.612313190263588,abs(mean_region - mean_healthy) / abs(mean_healthy),37180,149997,1141827
BraTS-GLI-00158-000,processed_zscore,case_brain_mask,T1ce,2.724370002746582,0.27831003069877625,-0.03656051680445671,2.7609305195510387,0.31487054750323296,75.51672571582694,8.612311176762423,75.51672571582694,8.612311176762423,abs(mean_region - mean_healthy) / abs(mean_healthy),37180,149997,1141827
BraTS-GLI-00158-000,processed_zscore,case_brain_mask,T2,1.1495271921157837,1.349624752998352,-0.17729462683200836,1.326821818947792,1.5269193798303604,7.4837113941698465,8.612327441130855,7.4837113941698465,8.612327441130855,abs(mean_region - mean_healthy) / abs(mean_healthy),37180,149997,1141827
BraTS-GLI-00158-000,processed_zscore,case_brain_mask,FLAIR,2.0762510299682617,2.256340503692627,-0.2964058518409729,2.3726568818092346,2.5527463555336,8.004757217418932,8.612334539546117,8.004757217418932,8.612334539546117,abs(mean_region - mean_healthy) / abs(mean_healthy),37180,149997,1141827
BraTS-GLI-00159-000,processed_zscore,case_brain_mask,T1,-0.13564689457416534,-0.18951798975467682,0.01181708462536335,0.1474639791995287,0.20133507438004017,12.478879848505315,17.03762651812689,12.478879848505315,17.03762651812689,abs(mean_region - mean_healthy) / abs(mean_healthy),24144,103304,1656766
BraTS-GLI-00159-000,processed_zscore,case_brain_mask,T1ce,2.1357223987579346,0.20897060632705688,-0.013029939495027065,2.1487523382529616,0.22200054582208395,164.90885004286034,17.037726530258368,164.90885004286034,17.037726530258368,abs(mean_region - mean_healthy) / abs(mean_healthy),24144,103304,1656766
BraTS-GLI-00159-000,processed_zscore,case_brain_mask,T2,1.2023924589157104,1.3233214616775513,-0.082512766122818,1.2849052250385284,1.4058342278003693,15.572199132507352,17.03777844155441,15.572199132507352,17.03777844155441,abs(mean_region - mean_healthy) / abs(mean_healthy),24144,103304,1656766
BraTS-GLI-00159-000,processed_zscore,case_brain_mask,FLAIR,3.3576712608337402,2.987043619155884,-0.1862505078315735,3.5439217686653137,3.1732941269874573,19.02771600424352,17.037774360631918,19.02771600424352,17.037774360631918,abs(mean_region - mean_healthy) / abs(mean_healthy),24144,103304,1656766
BraTS-GLI-00160-000,processed_zscore,case_brain_mask,T1,-0.07650540769100189,-0.5757254362106323,0.055819205939769745,0.13232461363077164,0.6315446421504021,2.370592906204238,11.314110108120381,2.370592906204238,11.314110108120381,abs(mean_region - mean_healthy) / abs(mean_healthy),4251,125680,1296273
BraTS-GLI-00160-000,processed_zscore,case_brain_mask,T1ce,1.5586891174316406,-0.4765472710132599,0.04620368406176567,1.512485433369875,0.5227509550750256,32.73516958838099,11.314053536860945,32.73516958838099,11.314053536860945,abs(mean_region - mean_healthy) / abs(mean_healthy),4251,125680,1296273
BraTS-GLI-00160-000,processed_zscore,case_brain_mask,T2,1.1003072261810303,1.2693612575531006,-0.12307079136371613,1.2233780175447464,1.3924320489168167,9.940441627040874,11.314074066540334,9.940441627040874,11.314074066540334,abs(mean_region - mean_healthy) / abs(mean_healthy),4251,125680,1296273
BraTS-GLI-00160-000,processed_zscore,case_brain_mask,FLAIR,2.676114320755005,2.3903777599334717,-0.23175887763500214,2.907873198390007,2.622136637568474,12.546976530364574,11.314072040416445,12.546976530364574,11.314072040416445,abs(mean_region - mean_healthy) / abs(mean_healthy),4251,125680,1296273
BraTS-GLI-00162-000,processed_zscore,case_brain_mask,T1,-0.9331077933311462,-0.7815783023834229,0.017948610708117485,0.9510564040392637,0.7995269130915403,52.98774481799511,44.545337023212845,52.98774481799511,44.545337023212845,abs(mean_region - mean_healthy) / abs(mean_healthy),3487,31569,1374691
BraTS-GLI-00162-000,processed_zscore,case_brain_mask,T1ce,2.012192726135254,-0.2588112950325012,0.0059433588758111,2.006249367259443,0.2647546539083123,337.5615387158741,44.54630107999003,337.5615387158741,44.54630107999003,abs(mean_region - mean_healthy) / abs(mean_healthy),3487,31569,1374691
BraTS-GLI-00162-000,processed_zscore,case_brain_mask,T2,1.8352781534194946,1.0950407981872559,-0.02514692395925522,1.8604250773787498,1.120187722146511,73.98221271091204,44.54571556988507,73.98221271091204,44.54571556988507,abs(mean_region - mean_healthy) / abs(mean_healthy),3487,31569,1374691
BraTS-GLI-00162-000,processed_zscore,case_brain_mask,FLAIR,5.513112545013428,2.6798579692840576,-0.061541441828012466,5.57465398684144,2.74139941111207,90.58374034233248,44.54558310111347,90.58374034233248,44.54558310111347,abs(mean_region - mean_healthy) / abs(mean_healthy),3487,31569,1374691
BraTS-GLI-00165-000,processed_zscore,case_brain_mask,T1,-0.02651430107653141,0.09565648436546326,-0.0049311937764286995,0.02158310730010271,0.10058767814189196,4.376852396932932,20.398240811931792,4.376852396932932,20.398240811931792,abs(mean_region - mean_healthy) / abs(mean_healthy),11742,74472,1444658
BraTS-GLI-00165-000,processed_zscore,case_brain_mask,T1ce,1.8543570041656494,0.04571211710572243,-0.0023563450668007135,1.8567133492324501,0.04806846217252314,787.9632636969297,20.39958529409585,787.9632636969297,20.39958529409585,abs(mean_region - mean_healthy) / abs(mean_healthy),11742,74472,1444658
BraTS-GLI-00165-000,processed_zscore,case_brain_mask,T2,1.0388654470443726,1.0654867887496948,-0.05492580682039261,1.0937912538647652,1.1204125955700874,19.913977002494704,20.398655211999646,19.913977002494704,20.398655211999646,abs(mean_region - mean_healthy) / abs(mean_healthy),11742,74472,1444658
BraTS-GLI-00165-000,processed_zscore,case_brain_mask,FLAIR,3.3414525985717773,3.1664741039276123,-0.16323144733905792,3.5046840459108353,3.3297055512666702,21.470642471429198,20.398676882098197,21.470642471429198,20.398676882098197,abs(mean_region - mean_healthy) / abs(mean_healthy),11742,74472,1444658
BraTS-GLI-00166-000,processed_zscore,case_brain_mask,T1,0.2995354235172272,0.12606899440288544,-0.011073624715209007,0.3106090482324362,0.13714261911809444,28.049446881275642,12.384618645215301,28.049446881275642,12.384618645215301,abs(mean_region - mean_healthy) / abs(mean_healthy),29061,98161,1117542
BraTS-GLI-00166-000,processed_zscore,case_brain_mask,T1ce,2.753584384918213,0.6443145275115967,-0.05659441649913788,2.8101788014173508,0.7009089440107346,49.65470050318761,12.38477198579142,49.65470050318761,12.38477198579142,abs(mean_region - mean_healthy) / abs(mean_healthy),29061,98161,1117542
BraTS-GLI-00166-000,processed_zscore,case_brain_mask,T2,0.8738994002342224,1.0781455039978027,-0.09470053017139435,0.9685999304056168,1.172846034169197,10.228030705346528,12.384788469996042,10.228030705346528,12.384788469996042,abs(mean_region - mean_healthy) / abs(mean_healthy),29061,98161,1117542
BraTS-GLI-00166-000,processed_zscore,case_brain_mask,FLAIR,2.9672067165374756,2.3427743911743164,-0.20578117668628693,3.1729878932237625,2.5485555678606033,15.419232916822988,12.384784696541375,15.419232916822988,12.384784696541375,abs(mean_region - mean_healthy) / abs(mean_healthy),29061,98161,1117542
BraTS-GLI-00167-000,processed_zscore,case_brain_mask,T1,0.034089624881744385,0.04421362653374672,-0.00202845293097198,0.036118077812716365,0.0462420794647187,17.805726354916974,22.796722940256117,17.805726354916974,22.796722940256117,abs(mean_region - mean_healthy) / abs(mean_healthy),4068,61507,1340617
BraTS-GLI-00167-000,processed_zscore,case_brain_mask,T1ce,1.5344853401184082,-0.032969918102025986,0.0015126687940210104,1.5329726713243872,0.034482586896046996,1013.4225531614258,22.795860556086836,1013.4225531614258,22.795860556086836,abs(mean_region - mean_healthy) / abs(mean_healthy),4068,61507,1340617
BraTS-GLI-00167-000,processed_zscore,case_brain_mask,T2,0.41305282711982727,0.3441929221153259,-0.015791427344083786,0.42884425446391106,0.3599843494594097,27.15677595949402,22.796188185881554,27.15677595949402,22.796188185881554,abs(mean_region - mean_healthy) / abs(mean_healthy),4068,61507,1340617
BraTS-GLI-00167-000,processed_zscore,case_brain_mask,FLAIR,2.6017377376556396,2.08919358253479,-0.095851369202137,2.6975891068577766,2.185044951736927,28.143459288191725,22.7961788123128,28.143459288191725,22.7961788123128,abs(mean_region - mean_healthy) / abs(mean_healthy),4068,61507,1340617
BraTS-GLI-00172-000,processed_zscore,case_brain_mask,T1,0.08029413968324661,-0.14317019283771515,0.01403742004185915,0.06625671964138746,0.1572076128795743,4.720006913222799,11.19918136030596,4.720006913222799,11.19918136030596,abs(mean_region - mean_healthy) / abs(mean_healthy),25719,137737,1404817
BraTS-GLI-00172-000,processed_zscore,case_brain_mask,T1ce,2.718928813934326,0.13040730357170105,-0.012785904109477997,2.731714718043804,0.14319320768117905,213.6504931253806,11.199302486167724,213.6504931253806,11.199302486167724,abs(mean_region - mean_healthy) / abs(mean_healthy),25719,137737,1404817
BraTS-GLI-00172-000,processed_zscore,case_brain_mask,T2,0.7413626313209534,1.2688844203948975,-0.12440929561853409,0.8657719269394875,1.3932937160134315,6.959061399994837,11.199273407073798,6.959061399994837,11.199273407073798,abs(mean_region - mean_healthy) / abs(mean_healthy),25719,137737,1404817
BraTS-GLI-00172-000,processed_zscore,case_brain_mask,FLAIR,1.847350001335144,2.2839999198913574,-0.22393755614757538,2.0712875574827194,2.507937476038933,9.249397881781544,11.1992714361239,9.249397881781544,11.1992714361239,abs(mean_region - mean_healthy) / abs(mean_healthy),25719,137737,1404817
BraTS-GLI-00176-000,processed_zscore,case_brain_mask,T1,-0.025151919573545456,-0.21102571487426758,0.02084885910153389,0.046000778675079346,0.23187457397580147,2.2063930909147436,11.121691256417098,2.2063930909147436,11.121691256417098,abs(mean_region - mean_healthy) / abs(mean_healthy),30664,129272,1308455
BraTS-GLI-00176-000,processed_zscore,case_brain_mask,T1ce,1.6965420246124268,0.04185422882437706,-0.004135145340114832,1.7006771699525416,0.04598937416449189,411.2738561942092,11.121585913402207,411.2738561942092,11.121585913402207,abs(mean_region - mean_healthy) / abs(mean_healthy),30664,129272,1308455
BraTS-GLI-00176-000,processed_zscore,case_brain_mask,T2,0.8839477300643921,1.0021544694900513,-0.09901038557291031,0.9829581156373024,1.1011648550629616,9.927828378301399,11.121710603299027,9.927828378301399,11.121710603299027,abs(mean_region - mean_healthy) / abs(mean_healthy),30664,129272,1308455
BraTS-GLI-00176-000,processed_zscore,case_brain_mask,FLAIR,2.992053508758545,2.208805561065674,-0.21822436153888702,3.210277870297432,2.427029922604561,14.710905087126896,11.121718517077985,14.710905087126896,11.121718517077985,abs(mean_region - mean_healthy) / abs(mean_healthy),30664,129272,1308455
BraTS-GLI-00177-000,processed_zscore,case_brain_mask,T1,-0.7943551540374756,-0.758091390132904,0.076979860663414,0.8713350147008896,0.835071250796318,11.31899963434211,10.847918450353859,11.31899963434211,10.847918450353859,abs(mean_region - mean_healthy) / abs(mean_healthy),37834,150080,1477977
BraTS-GLI-00177-000,processed_zscore,case_brain_mask,T1ce,1.6811658143997192,-0.1784294992685318,0.018118442967534065,1.6630473714321852,0.19654794223606586,91.78754346674013,10.847948832482718,91.78754346674013,10.847948832482718,abs(mean_region - mean_healthy) / abs(mean_healthy),37834,150080,1477977
BraTS-GLI-00177-000,processed_zscore,case_brain_mask,T2,1.0307228565216064,1.5297558307647705,-0.15533791482448578,1.1860607713460922,1.6850937455892563,7.6353591631908175,10.847923042440868,7.6353591631908175,10.847923042440868,abs(mean_region - mean_healthy) / abs(mean_healthy),37834,150080,1477977
BraTS-GLI-00177-000,processed_zscore,case_brain_mask,FLAIR,2.483881950378418,2.3917901515960693,-0.24287231266498566,2.7267542630434036,2.634662464261055,11.227110382090554,10.847932542624848,11.227110382090554,10.847932542624848,abs(mean_region - mean_healthy) / abs(mean_healthy),37834,150080,1477977
BraTS-GLI-00178-000,processed_zscore,case_brain_mask,T1,-0.6827834248542786,-0.41622281074523926,0.03718896210193634,0.7199723869562149,0.4534117728471756,19.35984083080199,12.192106130963186,19.35984083080199,12.192106130963186,abs(mean_region - mean_healthy) / abs(mean_healthy),32444,127388,1425741
BraTS-GLI-00178-000,processed_zscore,case_brain_mask,T1ce,2.771935224533081,0.345487117767334,-0.030868766829371452,2.8028039913624525,0.37635588459670544,90.79740719333176,12.192125674375985,90.79740719333176,12.192125674375985,abs(mean_region - mean_healthy) / abs(mean_healthy),32444,127388,1425741
BraTS-GLI-00178-000,processed_zscore,case_brain_mask,T2,1.441931962966919,1.6104493141174316,-0.14389140903949738,1.5858233720064163,1.754340723156929,11.020973264436634,12.192115810578882,11.020973264436634,12.192115810578882,abs(mean_region - mean_healthy) / abs(mean_healthy),32444,127388,1425741
BraTS-GLI-00178-000,processed_zscore,case_brain_mask,FLAIR,3.065704107284546,2.5487213134765625,-0.2277248054742813,3.293428912758827,2.776446118950844,14.462319578666976,12.192111057767086,14.462319578666976,12.192111057767086,abs(mean_region - mean_healthy) / abs(mean_healthy),32444,127388,1425741
BraTS-GLI-00183-000,processed_zscore,case_brain_mask,T1,0.17553368210792542,-0.22055654227733612,0.029031110927462578,0.14650257118046284,0.2495876532047987,5.046399069829453,8.597247753571018,5.046399069829453,8.597247753571018,abs(mean_region - mean_healthy) / abs(mean_healthy),30371,154011,1170064
BraTS-GLI-00183-000,processed_zscore,case_brain_mask,T1ce,2.495948553085327,0.08591505885124207,-0.011308531276881695,2.507257084362209,0.09722359012812376,221.71376839075958,8.597366691365156,221.71376839075958,8.597366691365156,abs(mean_region - mean_healthy) / abs(mean_healthy),30371,154011,1170064
BraTS-GLI-00183-000,processed_zscore,case_brain_mask,T2,1.1710578203201294,1.3958475589752197,-0.18372994661331177,1.3547877669334412,1.5795775055885315,7.373799382769117,8.5972784225154,7.373799382769117,8.5972784225154,abs(mean_region - mean_healthy) / abs(mean_healthy),30371,154011,1170064
BraTS-GLI-00183-000,processed_zscore,case_brain_mask,FLAIR,2.6280250549316406,2.2540509700775146,-0.29669180512428284,2.9247168600559235,2.5507427752017975,9.857760846582105,8.597280852207236,9.857760846582105,8.597280852207236,abs(mean_region - mean_healthy) / abs(mean_healthy),30371,154011,1170064
BraTS-GLI-00184-000,processed_zscore,case_brain_mask,T1,-0.4013849198818207,-0.24356098473072052,0.012394469231367111,0.4137793891131878,0.25595545396208763,33.384195917484064,20.65077972958554,33.384195917484064,20.65077972958554,abs(mean_region - mean_healthy) / abs(mean_healthy),9819,78134,1535403
BraTS-GLI-00184-000,processed_zscore,case_brain_mask,T1ce,2.627260446548462,-0.01716403104364872,0.000873493670951575,2.6263869528775103,0.018037524714600295,3006.761285421051,20.649863089391822,3006.761285421051,20.649863089391822,abs(mean_region - mean_healthy) / abs(mean_healthy),9819,78134,1535403
BraTS-GLI-00184-000,processed_zscore,case_brain_mask,T2,1.1229454278945923,0.8369638323783875,-0.04259156808257103,1.1655369959771633,0.8795554004609585,27.365439885133384,20.650927872760874,27.365439885133384,20.650927872760874,abs(mean_region - mean_healthy) / abs(mean_healthy),9819,78134,1535403
BraTS-GLI-00184-000,processed_zscore,case_brain_mask,FLAIR,4.473089694976807,2.983745813369751,-0.1518375426530838,4.62492723762989,3.1355833560228348,30.459708164514073,20.650909526288697,30.459708164514073,20.650909526288697,abs(mean_region - mean_healthy) / abs(mean_healthy),9819,78134,1535403
BraTS-GLI-00185-000,processed_zscore,case_brain_mask,T1,0.46572887897491455,0.5109438300132751,-0.021316522732377052,0.4870454017072916,0.5322603527456522,22.848257561611227,24.96937982934793,22.848257561611227,24.96937982934793,abs(mean_region - mean_healthy) / abs(mean_healthy),16373,62512,1498382
BraTS-GLI-00185-000,processed_zscore,case_brain_mask,T1ce,2.6906321048736572,1.1755903959274292,-0.0490451343357563,2.7396772392094135,1.2246355302631855,55.86032694811185,24.969562156349653,55.86032694811185,24.969562156349653,abs(mean_region - mean_healthy) / abs(mean_healthy),16373,62512,1498382
BraTS-GLI-00185-000,processed_zscore,case_brain_mask,T2,0.01754538156092167,-0.08013584464788437,0.003343236865475774,0.014202144695445895,0.08347908151336014,4.2480222810730455,24.96953846597414,4.2480222810730455,24.96953846597414,abs(mean_region - mean_healthy) / abs(mean_healthy),16373,62512,1498382
BraTS-GLI-00185-000,processed_zscore,case_brain_mask,FLAIR,2.200044870376587,1.6014865636825562,-0.06681346893310547,2.2668583393096924,1.6683000326156616,33.928164118814145,24.969516764441398,33.928164118814145,24.969516764441398,abs(mean_region - mean_healthy) / abs(mean_healthy),16373,62512,1498382
BraTS-GLI-00186-000,processed_zscore,case_brain_mask,T1,-0.15162824094295502,0.07564639300107956,-0.004763321485370398,0.14686491945758462,0.08040971448644996,30.83246006146158,16.881017738024305,30.83246006146158,16.881017738024305,abs(mean_region - mean_healthy) / abs(mean_healthy),21117,117131,1860190
BraTS-GLI-00186-000,processed_zscore,case_brain_mask,T1ce,1.8293462991714478,0.30719873309135437,-0.01934354566037655,1.8486898448318243,0.3265422787517309,95.57140543363222,16.881200814213827,95.57140543363222,16.881200814213827,abs(mean_region - mean_healthy) / abs(mean_healthy),21117,117131,1860190
BraTS-GLI-00186-000,processed_zscore,case_brain_mask,T2,0.9628868103027344,0.8969824910163879,-0.05648040398955345,1.0193672142922878,0.9534628950059414,18.048157277359927,16.881304446446467,18.048157277359927,16.881304446446467,abs(mean_region - mean_healthy) / abs(mean_healthy),21117,117131,1860190
BraTS-GLI-00186-000,processed_zscore,case_brain_mask,FLAIR,3.3269214630126953,2.8901145458221436,-0.18198247253894806,3.5089039355516434,3.0720970183610916,19.28154885795754,16.881279694139767,19.28154885795754,16.881279694139767,abs(mean_region - mean_healthy) / abs(mean_healthy),21117,117131,1860190
BraTS-GLI-00187-000,processed_zscore,case_brain_mask,T1,-0.5834091901779175,-0.20613287389278412,0.02524353377521038,0.6086527239531279,0.2313764076679945,24.111232974475076,9.165769330410088,24.111232974475076,9.165769330410088,abs(mean_region - mean_healthy) / abs(mean_healthy),29674,171038,1396657
BraTS-GLI-00187-000,processed_zscore,case_brain_mask,T1ce,2.201573133468628,-0.023517688736319542,0.002879963954910636,2.1986931695137173,0.026397652691230178,763.4446833144277,9.16596634698134,763.4446833144277,9.16596634698134,abs(mean_region - mean_healthy) / abs(mean_healthy),29674,171038,1396657
BraTS-GLI-00187-000,processed_zscore,case_brain_mask,T2,1.813838243484497,1.2617998123168945,-0.1545230597257614,1.9683613032102585,1.416322872042656,12.738301368763938,9.165770303514982,12.738301368763938,9.165770303514982,abs(mean_region - mean_healthy) / abs(mean_healthy),29674,171038,1396657
BraTS-GLI-00187-000,processed_zscore,case_brain_mask,FLAIR,4.096397399902344,1.8652868270874023,-0.2284276783466339,4.324825078248978,2.0937145054340363,18.933016828574303,9.165765377420119,18.933016828574303,9.165765377420119,abs(mean_region - mean_healthy) / abs(mean_healthy),29674,171038,1396657
BraTS-GLI-00188-000,processed_zscore,case_brain_mask,T1,-0.056307096034288406,0.01777040958404541,-0.0005920329713262618,0.055715063062962145,0.018362442555371672,94.10804087169376,31.015912026379972,94.10804087169376,31.015912026379972,abs(mean_region - mean_healthy) / abs(mean_healthy),27215,53458,1604096
BraTS-GLI-00188-000,processed_zscore,case_brain_mask,T1ce,2.3655712604522705,1.1124751567840576,-0.03707418590784073,2.4026454463601112,1.1495493426918983,64.80642494302165,31.006731895595934,64.80642494302165,31.006731895595934,abs(mean_region - mean_healthy) / abs(mean_healthy),27215,53458,1604096
BraTS-GLI-00188-000,processed_zscore,case_brain_mask,T2,0.6387008428573608,0.7370190620422363,-0.02456177957355976,0.6632626224309206,0.7615808416157961,27.00385045165493,31.006745229308297,27.00385045165493,31.006745229308297,abs(mean_region - mean_healthy) / abs(mean_healthy),27215,53458,1604096
BraTS-GLI-00188-000,processed_zscore,case_brain_mask,FLAIR,2.4610345363616943,2.2085423469543457,-0.0736018493771553,2.5346363857388496,2.282144196331501,34.437129055694015,31.00661485606417,34.437129055694015,31.00661485606417,abs(mean_region - mean_healthy) / abs(mean_healthy),27215,53458,1604096
BraTS-GLI-00191-000,processed_zscore,case_brain_mask,T1,-0.9717860817909241,-0.5663525462150574,0.05115719512104988,1.022943276911974,0.6175097413361073,19.996078254318892,12.070828744127486,19.996078254318892,12.070828744127486,abs(mean_region - mean_healthy) / abs(mean_healthy),25278,135328,1498193
BraTS-GLI-00191-000,processed_zscore,case_brain_mask,T1ce,3.1028780937194824,0.10026247799396515,-0.009056545794010162,3.1119346395134926,0.10931902378797531,343.61164955094364,12.070719485598689,343.61164955094364,12.070719485598689,abs(mean_region - mean_healthy) / abs(mean_healthy),25278,135328,1498193
BraTS-GLI-00191-000,processed_zscore,case_brain_mask,T2,1.7070039510726929,1.4877138137817383,-0.13438142836093903,1.841385379433632,1.6220952421426773,13.702677534337564,12.07082899718735,13.702677534337564,12.07082899718735,abs(mean_region - mean_healthy) / abs(mean_healthy),25278,135328,1498193
BraTS-GLI-00191-000,processed_zscore,case_brain_mask,FLAIR,3.4161880016326904,2.5388293266296387,-0.22932595014572144,3.645513951778412,2.76815527677536,15.896648196429272,12.0708331308183,15.896648196429272,12.0708331308183,abs(mean_region - mean_healthy) / abs(mean_healthy),25278,135328,1498193
BraTS-GLI-00192-000,processed_zscore,case_brain_mask,T1,-0.9839617013931274,-0.6812211275100708,0.0168444961309433,1.0008061975240707,0.6980656236410141,59.414433637204034,41.4417634231676,59.414433637204034,41.4417634231676,abs(mean_region - mean_healthy) / abs(mean_healthy),12320,35722,1444664
BraTS-GLI-00192-000,processed_zscore,case_brain_mask,T1ce,2.4743099212646484,0.5013269782066345,-0.012396369129419327,2.4867062903940678,0.5137233473360538,200.5995678599602,41.44143676045228,200.5995678599602,41.44143676045228,abs(mean_region - mean_healthy) / abs(mean_healthy),12320,35722,1444664
BraTS-GLI-00192-000,processed_zscore,case_brain_mask,T2,1.0365320444107056,0.8096299171447754,-0.02001955360174179,1.0565515980124474,0.8296494707465172,52.77598187406749,41.44195656162553,52.77598187406749,41.44195656162553,abs(mean_region - mean_healthy) / abs(mean_healthy),12320,35722,1444664
BraTS-GLI-00192-000,processed_zscore,case_brain_mask,FLAIR,4.129590034484863,2.9259226322174072,-0.07234889268875122,4.2019389271736145,2.9982715249061584,58.07882845215861,41.44184400727295,58.07882845215861,41.44184400727295,abs(mean_region - mean_healthy) / abs(mean_healthy),12320,35722,1444664
BraTS-GLI-00193-000,processed_zscore,case_brain_mask,T1,-0.10340481996536255,0.14032450318336487,-0.005961674731224775,0.09744314523413777,0.14628617791458964,16.344928166538686,24.537765730223995,16.344928166538686,24.537765730223995,abs(mean_region - mean_healthy) / abs(mean_healthy),22159,71098,1673508
BraTS-GLI-00193-000,processed_zscore,case_brain_mask,T1ce,3.1129913330078125,1.1419541835784912,-0.04851538687944412,3.1615067198872566,1.1904695704579353,65.16503161653198,24.53797953659801,65.16503161653198,24.53797953659801,abs(mean_region - mean_healthy) / abs(mean_healthy),22159,71098,1673508
BraTS-GLI-00193-000,processed_zscore,case_brain_mask,T2,2.5478675365448,1.8557783365249634,-0.07884163409471512,2.626709170639515,1.9346199706196785,33.31627002408347,24.53805014106575,33.31627002408347,24.53805014106575,abs(mean_region - mean_healthy) / abs(mean_healthy),22159,71098,1673508
BraTS-GLI-00193-000,processed_zscore,case_brain_mask,FLAIR,4.508092403411865,2.5721912384033203,-0.10927800834178925,4.6173704117536545,2.6814692467451096,42.253427581804814,24.53805012952165,42.253427581804814,24.53805012952165,abs(mean_region - mean_healthy) / abs(mean_healthy),22159,71098,1673508
BraTS-GLI-00194-000,processed_zscore,case_brain_mask,T1,-0.7897934317588806,-0.6424638032913208,0.021789714694023132,0.8115831464529037,0.6642535179853439,37.24615754953042,30.48472764847844,37.24615754953042,30.48472764847844,abs(mean_region - mean_healthy) / abs(mean_healthy),16849,47503,1400615
BraTS-GLI-00194-000,processed_zscore,case_brain_mask,T1ce,2.2101919651031494,0.38389983773231506,-0.013020362704992294,2.2232123278081417,0.39692020043730736,170.74887836693773,30.48457323582233,170.74887836693773,30.48457323582233,abs(mean_region - mean_healthy) / abs(mean_healthy),16849,47503,1400615
BraTS-GLI-00194-000,processed_zscore,case_brain_mask,T2,0.88700932264328,0.8911051750183105,-0.030222555622458458,0.9172318782657385,0.921327730640769,30.34924940576968,30.48477243784533,30.34924940576968,30.48477243784533,abs(mean_region - mean_healthy) / abs(mean_healthy),16849,47503,1400615
BraTS-GLI-00194-000,processed_zscore,case_brain_mask,FLAIR,3.6240832805633545,2.8782310485839844,-0.09761765599250793,3.7217009365558624,2.9758487045764923,38.12528480341199,30.48473838385226,38.12528480341199,30.48473838385226,abs(mean_region - mean_healthy) / abs(mean_healthy),16849,47503,1400615
BraTS-GLI-00195-000,processed_zscore,case_brain_mask,T1,-0.47655999660491943,-0.25892603397369385,0.01405712217092514,0.4906171187758446,0.272983156144619,34.901675663786,19.419562043021866,34.901675663786,19.419562043021866,abs(mean_region - mean_healthy) / abs(mean_healthy),4366,70393,1296621
BraTS-GLI-00195-000,processed_zscore,case_brain_mask,T1ce,2.76470947265625,-0.29116690158843994,0.015807203948497772,2.7489022687077522,0.3069741055369377,173.9018663682765,19.41988643514091,173.9018663682765,19.41988643514091,abs(mean_region - mean_healthy) / abs(mean_healthy),4366,70393,1296621
BraTS-GLI-00195-000,processed_zscore,case_brain_mask,T2,1.1383730173110962,1.311910629272461,-0.07122299075126648,1.2095960080623627,1.3831336200237274,16.983224030659702,19.419763273548472,16.983224030659702,19.419763273548472,abs(mean_region - mean_healthy) / abs(mean_healthy),4366,70393,1296621
BraTS-GLI-00195-000,processed_zscore,case_brain_mask,FLAIR,3.5556159019470215,2.956606864929199,-0.16051292419433594,3.7161288261413574,3.117119789123535,23.15158635850514,19.41974333075872,23.15158635850514,19.41974333075872,abs(mean_region - mean_healthy) / abs(mean_healthy),4366,70393,1296621
BraTS-GLI-00196-000,processed_zscore,case_brain_mask,T1,-0.3565348982810974,0.010027816519141197,-0.0007398739107884467,0.35579502437030897,0.010767690429929644,480.8860255542137,14.55341278144955,480.8860255542137,14.55341278144955,abs(mean_region - mean_healthy) / abs(mean_healthy),26467,92279,1250442
BraTS-GLI-00196-000,processed_zscore,case_brain_mask,T1ce,1.9454556703567505,0.33750060200691223,-0.024906665086746216,1.9703623354434967,0.36240726709365845,79.10984182671656,14.550613895174154,79.10984182671656,14.550613895174154,abs(mean_region - mean_healthy) / abs(mean_healthy),26467,92279,1250442
BraTS-GLI-00196-000,processed_zscore,case_brain_mask,T2,1.1577696800231934,0.938948392868042,-0.0692916139960289,1.2270612940192223,1.008240006864071,17.70865510636749,14.550678627890715,17.70865510636749,14.550678627890715,abs(mean_region - mean_healthy) / abs(mean_healthy),26467,92279,1250442
BraTS-GLI-00196-000,processed_zscore,case_brain_mask,FLAIR,3.2210166454315186,2.499128580093384,-0.18442846834659576,3.4054451137781143,2.6835570484399796,18.464856018748,14.55066602514304,18.464856018748,14.55066602514304,abs(mean_region - mean_healthy) / abs(mean_healthy),26467,92279,1250442
BraTS-GLI-00199-000,processed_zscore,case_brain_mask,T1,-0.4166897237300873,-0.3131242096424103,0.016377411782741547,0.4330671355128288,0.3295016214251518,26.442953334616238,20.119273166983525,26.442953334616238,20.119273166983525,abs(mean_region - mean_healthy) / abs(mean_healthy),24761,75415,1441892
BraTS-GLI-00199-000,processed_zscore,case_brain_mask,T1ce,1.855850100517273,0.32661181688308716,-0.017082637175917625,1.8729327376931906,0.3436944540590048,109.63955497067931,20.11951963386137,109.63955497067931,20.11951963386137,abs(mean_region - mean_healthy) / abs(mean_healthy),24761,75415,1441892
BraTS-GLI-00199-000,processed_zscore,case_brain_mask,T2,0.904945433139801,1.1376192569732666,-0.05950067564845085,0.9644461087882519,1.1971199326217175,16.208994238763104,20.119434268186925,16.208994238763104,20.119434268186925,abs(mean_region - mean_healthy) / abs(mean_healthy),24761,75415,1441892
BraTS-GLI-00199-000,processed_zscore,case_brain_mask,FLAIR,3.00006365776062,2.8304362297058105,-0.14803993701934814,3.1481035947799683,2.9784761667251587,21.265231924332184,20.11940984773511,21.265231924332184,20.11940984773511,abs(mean_region - mean_healthy) / abs(mean_healthy),24761,75415,1441892
BraTS-GLI-00201-000,processed_zscore,case_brain_mask,T1,0.5611310005187988,0.19967137277126312,-0.020538777112960815,0.5816697776317596,0.22021014988422394,28.32056526212079,10.721677764605676,28.32056526212079,10.721677764605676,abs(mean_region - mean_healthy) / abs(mean_healthy),37994,147786,1436735
BraTS-GLI-00201-000,processed_zscore,case_brain_mask,T1ce,2.0910425186157227,0.3214845359325409,-0.0330687053501606,2.1241112239658833,0.3545532412827015,64.23327437448553,10.721715214683469,64.23327437448553,10.721715214683469,abs(mean_region - mean_healthy) / abs(mean_healthy),37994,147786,1436735
BraTS-GLI-00201-000,processed_zscore,case_brain_mask,T2,0.5850179195404053,1.1631200313568115,-0.11964130401611328,0.7046592235565186,1.2827613353729248,5.88976548986473,10.721726463297012,5.88976548986473,10.721726463297012,abs(mean_region - mean_healthy) / abs(mean_healthy),37994,147786,1436735
BraTS-GLI-00201-000,processed_zscore,case_brain_mask,FLAIR,1.7868292331695557,2.3502697944641113,-0.24175435304641724,2.028583586215973,2.5920241475105286,8.391094351159342,10.721726888668911,8.391094351159342,10.721726888668911,abs(mean_region - mean_healthy) / abs(mean_healthy),37994,147786,1436735
BraTS-GLI-00203-000,processed_zscore,case_brain_mask,T1,-0.4917461574077606,-0.2992789149284363,0.02409834787249565,0.5158445052802563,0.32337726280093193,21.405803750928875,13.419063601866855,21.405803750928875,13.419063601866855,abs(mean_region - mean_healthy) / abs(mean_healthy),24797,105469,1309817
BraTS-GLI-00203-000,processed_zscore,case_brain_mask,T1ce,1.5385538339614868,0.08211039751768112,-0.00661172391846776,1.5451655578799546,0.08872212143614888,233.70085879781266,13.41890897596793,233.70085879781266,13.41890897596793,abs(mean_region - mean_healthy) / abs(mean_healthy),24797,105469,1309817
BraTS-GLI-00203-000,processed_zscore,case_brain_mask,T2,1.460880994796753,1.3385295867919922,-0.10778091102838516,1.568661905825138,1.4463104978203773,14.554171892386544,13.418985644308362,14.554171892386544,13.418985644308362,abs(mean_region - mean_healthy) / abs(mean_healthy),24797,105469,1309817
BraTS-GLI-00203-000,processed_zscore,case_brain_mask,FLAIR,3.461106061935425,2.6544318199157715,-0.2137400209903717,3.6748460829257965,2.868171840906143,17.193065041812346,13.418974264231709,17.193065041812346,13.418974264231709,abs(mean_region - mean_healthy) / abs(mean_healthy),24797,105469,1309817
BraTS-GLI-00204-000,processed_zscore,case_brain_mask,T1,0.7360082864761353,0.5372375249862671,-0.010753786191344261,0.7467620726674795,0.5479913111776114,69.44178165533451,50.95798832402772,69.44178165533451,50.95798832402772,abs(mean_region - mean_healthy) / abs(mean_healthy),4774,29850,1491247
BraTS-GLI-00204-000,processed_zscore,case_brain_mask,T1ce,1.85779869556427,0.6826449036598206,-0.01366433221846819,1.8714630277827382,0.6963092358782887,136.95971364435508,50.95816061447802,136.95971364435508,50.95816061447802,abs(mean_region - mean_healthy) / abs(mean_healthy),4774,29850,1491247
BraTS-GLI-00204-000,processed_zscore,case_brain_mask,T2,0.24684913456439972,0.11847896873950958,-0.0023715796414762735,0.249220714205876,0.12085054838098586,105.08637780797433,50.9578283889122,105.08637780797433,50.9578283889122,abs(mean_region - mean_healthy) / abs(mean_healthy),4774,29850,1491247
BraTS-GLI-00204-000,processed_zscore,case_brain_mask,FLAIR,2.1500585079193115,2.1187634468078613,-0.04241098836064339,2.192469496279955,2.1611744351685047,51.69578878087468,50.9578889506389,51.69578878087468,50.9578889506389,abs(mean_region - mean_healthy) / abs(mean_healthy),4774,29850,1491247
BraTS-GLI-00206-000,processed_zscore,case_brain_mask,T1,0.340888649225235,0.4978676736354828,-0.011667325161397457,0.35255597438663244,0.5095349987968802,30.217377977353376,43.67196351763034,30.217377977353376,43.67196351763034,abs(mean_region - mean_healthy) / abs(mean_healthy),11426,34711,1481183
BraTS-GLI-00206-000,processed_zscore,case_brain_mask,T1ce,3.034872531890869,1.2605100870132446,-0.02953958325088024,3.0644121151417494,1.2900496702641249,103.7391790234696,43.67189812082684,103.7391790234696,43.67189812082684,abs(mean_region - mean_healthy) / abs(mean_healthy),11426,34711,1481183
BraTS-GLI-00206-000,processed_zscore,case_brain_mask,T2,2.9901390075683594,1.77946937084198,-0.04170117899775505,3.0318401865661144,1.821170549839735,72.70394409542548,43.671919921922985,72.70394409542548,43.671919921922985,abs(mean_region - mean_healthy) / abs(mean_healthy),11426,34711,1481183
BraTS-GLI-00206-000,processed_zscore,case_brain_mask,FLAIR,2.3655099868774414,2.1451311111450195,-0.050270479172468185,2.4157804660499096,2.1954015903174877,48.055648281406654,43.671785637560646,48.055648281406654,43.671785637560646,abs(mean_region - mean_healthy) / abs(mean_healthy),11426,34711,1481183
BraTS-GLI-00207-000,processed_zscore,case_brain_mask,T1,-0.265376478433609,-0.2966498136520386,0.031030431389808655,0.29640690982341766,0.32768024504184723,9.552136291626509,10.559964214660177,9.552136291626509,10.559964214660177,abs(mean_region - mean_healthy) / abs(mean_healthy),18291,136827,1308067
BraTS-GLI-00207-000,processed_zscore,case_brain_mask,T1ce,1.0824047327041626,-0.31619635224342346,0.033074844628572464,1.0493298880755901,0.3492711968719959,31.725920404448473,10.560025324208778,31.725920404448473,10.560025324208778,abs(mean_region - mean_healthy) / abs(mean_healthy),18291,136827,1308067
BraTS-GLI-00207-000,processed_zscore,case_brain_mask,T2,0.5160598158836365,0.5542901158332825,-0.057980041950941086,0.5740398578345776,0.6122701577842236,9.900645782910825,10.560015777537492,9.900645782910825,10.560015777537492,abs(mean_region - mean_healthy) / abs(mean_healthy),18291,136827,1308067
BraTS-GLI-00207-000,processed_zscore,case_brain_mask,FLAIR,2.7403407096862793,1.952507734298706,-0.20423714816570282,2.944577857851982,2.156744882464409,14.417445035332019,10.560002927158905,14.417445035332019,10.560002927158905,abs(mean_region - mean_healthy) / abs(mean_healthy),18291,136827,1308067
BraTS-GLI-00209-000,processed_zscore,case_brain_mask,T1,-0.33785104751586914,-0.3932153582572937,0.01027366891503334,0.3481247164309025,0.40348902717232704,33.885140674671305,39.274092878534,33.885140674671305,39.274092878534,abs(mean_region - mean_healthy) / abs(mean_healthy),17570,43342,1658855
BraTS-GLI-00209-000,processed_zscore,case_brain_mask,T1ce,1.8203409910202026,0.4895874857902527,-0.012791839428246021,1.8331328304484487,0.5023793252184987,143.30486563180713,39.27342334435349,143.30486563180713,39.27342334435349,abs(mean_region - mean_healthy) / abs(mean_healthy),17570,43342,1658855
BraTS-GLI-00209-000,processed_zscore,case_brain_mask,T2,1.099631905555725,1.3536182641983032,-0.03536692261695862,1.1349988281726837,1.3889851868152618,32.09210030698136,39.273566486365326,32.09210030698136,39.273566486365326,abs(mean_region - mean_healthy) / abs(mean_healthy),17570,43342,1658855
BraTS-GLI-00209-000,processed_zscore,case_brain_mask,FLAIR,3.2845377922058105,3.49497389793396,-0.09131542593240738,3.375853218138218,3.5862893238663673,36.969144957359774,39.27364174505385,36.969144957359774,39.27364174505385,abs(mean_region - mean_healthy) / abs(mean_healthy),17570,43342,1658855
BraTS-GLI-00210-000,processed_zscore,case_brain_mask,T1,-1.1784241199493408,-1.0522468090057373,0.021308382973074913,1.1997325029224157,1.0735551919788122,56.30331050640432,50.38182359193315,56.30331050640432,50.38182359193315,abs(mean_region - mean_healthy) / abs(mean_healthy),23080,31229,1542134
BraTS-GLI-00210-000,processed_zscore,case_brain_mask,T1ce,3.291092872619629,2.4648759365081787,-0.049915000796318054,3.341007873415947,2.5147909373044968,66.93394410728716,50.381466436638796,66.93394410728716,50.381466436638796,abs(mean_region - mean_healthy) / abs(mean_healthy),23080,31229,1542134
BraTS-GLI-00210-000,processed_zscore,case_brain_mask,T2,2.053764820098877,1.8703505992889404,-0.03787556290626526,2.091640383005142,1.9082261621952057,55.22400784330388,50.38146012292144,55.22400784330388,50.38146012292144,abs(mean_region - mean_healthy) / abs(mean_healthy),23080,31229,1542134
BraTS-GLI-00210-000,processed_zscore,case_brain_mask,FLAIR,5.907614707946777,5.228652000427246,-0.10588283091783524,6.013497538864613,5.334534831345081,56.79388704228232,50.38149041825926,56.79388704228232,50.38149041825926,abs(mean_region - mean_healthy) / abs(mean_healthy),23080,31229,1542134
BraTS-GLI-00211-000,processed_zscore,case_brain_mask,T1,-0.050814300775527954,0.07508096098899841,-0.006897630635648966,0.04391667013987899,0.08197859162464738,6.366921115332682,11.8850364646895,6.366921115332682,11.8850364646895,abs(mean_region - mean_healthy) / abs(mean_healthy),33299,132888,1446514
BraTS-GLI-00211-000,processed_zscore,case_brain_mask,T1ce,2.631073236465454,0.4560639262199402,-0.04189760237932205,2.672970838844776,0.49796152859926224,63.79770409401713,11.885203456057997,63.79770409401713,11.885203456057997,abs(mean_region - mean_healthy) / abs(mean_healthy),33299,132888,1446514
BraTS-GLI-00211-000,processed_zscore,case_brain_mask,T2,0.6041379570960999,1.1525137424468994,-0.10587888956069946,0.7100168466567993,1.2583926320075989,6.705934011989734,11.885208063937743,6.705934011989734,11.885208063937743,abs(mean_region - mean_healthy) / abs(mean_healthy),33299,132888,1446514
BraTS-GLI-00211-000,processed_zscore,case_brain_mask,FLAIR,2.0456995964050293,2.517566204071045,-0.23128308355808258,2.276982679963112,2.7488492876291275,9.845003123158762,11.88521549151174,9.845003123158762,11.88521549151174,abs(mean_region - mean_healthy) / abs(mean_healthy),33299,132888,1446514
BraTS-GLI-00212-000,processed_zscore,case_brain_mask,T1,-0.375338077545166,0.429987370967865,-0.022488681599497795,0.3528493959456682,0.4524760525673628,15.690088117639936,20.120168030546854,15.690088117639936,20.120168030546854,abs(mean_region - mean_healthy) / abs(mean_healthy),2112,74191,1418553
BraTS-GLI-00212-000,processed_zscore,case_brain_mask,T1ce,2.9396371841430664,0.389169842004776,-0.020353764295578003,2.9599909484386444,0.409523606300354,145.42719987583442,20.120288333560286,145.42719987583442,20.120288333560286,abs(mean_region - mean_healthy) / abs(mean_healthy),2112,74191,1418553
BraTS-GLI-00212-000,processed_zscore,case_brain_mask,T2,0.6800601482391357,0.12996472418308258,-0.006797218695282936,0.6868573669344187,0.13676194287836552,101.04976722480284,20.120279927623066,101.04976722480284,20.120279927623066,abs(mean_region - mean_healthy) / abs(mean_healthy),2112,74191,1418553
BraTS-GLI-00212-000,processed_zscore,case_brain_mask,FLAIR,3.2355804443359375,1.6038519144058228,-0.08388210088014603,3.3194625452160835,1.6877340152859688,39.5729543059378,20.120311694356204,39.5729543059378,20.120311694356204,abs(mean_region - mean_healthy) / abs(mean_healthy),2112,74191,1418553
BraTS-GLI-00214-000,processed_zscore,case_brain_mask,T1,0.3232617676258087,0.4193023145198822,-0.017935343086719513,0.34119711071252823,0.4372376576066017,19.023729240238097,24.378549966538458,19.023729240238097,24.378549966538458,abs(mean_region - mean_healthy) / abs(mean_healthy),39613,70265,1642703
BraTS-GLI-00214-000,processed_zscore,case_brain_mask,T1ce,2.9831628799438477,1.8238952159881592,-0.07801546901464462,3.0611783489584923,1.9019106850028038,39.238094542299876,24.378635532470977,39.238094542299876,24.378635532470977,abs(mean_region - mean_healthy) / abs(mean_healthy),39613,70265,1642703
BraTS-GLI-00214-000,processed_zscore,case_brain_mask,T2,0.8101049661636353,0.8539013862609863,-0.03652481734752655,0.8466297835111618,0.8904262036085129,23.179576107270947,24.37866273597703,23.179576107270947,24.37866273597703,abs(mean_region - mean_healthy) / abs(mean_healthy),39613,70265,1642703
BraTS-GLI-00214-000,processed_zscore,case_brain_mask,FLAIR,2.8809618949890137,2.774038791656494,-0.1186566948890686,2.9996185898780823,2.8926954865455627,25.27980905487387,24.378695945053295,25.27980905487387,24.378695945053295,abs(mean_region - mean_healthy) / abs(mean_healthy),39613,70265,1642703
BraTS-GLI-00216-000,processed_zscore,case_brain_mask,T1,-0.7510517835617065,-0.4083292484283447,0.056458745151758194,0.8075105287134647,0.4647879935801029,14.30266518575498,8.2323472179691,14.30266518575498,8.2323472179691,abs(mean_region - mean_healthy) / abs(mean_healthy),32981,163678,1183777
BraTS-GLI-00216-000,processed_zscore,case_brain_mask,T1ce,1.9793261289596558,-0.057368092238903046,0.007932363077998161,1.9713937658816576,0.06530045531690121,248.52540743497653,8.232156631612563,248.52540743497653,8.232156631612563,abs(mean_region - mean_healthy) / abs(mean_healthy),32981,163678,1183777
BraTS-GLI-00216-000,processed_zscore,case_brain_mask,T2,1.8407784700393677,1.6328123807907104,-0.22576498985290527,2.066543459892273,1.8585773706436157,9.153516057732011,8.23235423638781,9.153516057732011,8.23235423638781,abs(mean_region - mean_healthy) / abs(mean_healthy),32981,163678,1183777
BraTS-GLI-00216-000,processed_zscore,case_brain_mask,FLAIR,1.6845879554748535,1.8265899419784546,-0.2525581121444702,1.9371460676193237,2.079148054122925,7.670100362926465,8.23235506659788,7.670100362926465,8.23235506659788,abs(mean_region - mean_healthy) / abs(mean_healthy),32981,163678,1183777
BraTS-GLI-00217-000,processed_zscore,case_brain_mask,T1,0.4881560802459717,0.13613249361515045,-0.01558710541576147,0.5037431856617332,0.15171959903091192,32.31794308341271,9.733660932163525,32.31794308341271,9.733660932163525,abs(mean_region - mean_healthy) / abs(mean_healthy),14694,160793,1404286
BraTS-GLI-00217-000,processed_zscore,case_brain_mask,T1ce,1.6855049133300781,-0.7169191241264343,0.08208827674388885,1.6034166365861893,0.7990074008703232,19.532833434776144,9.733514121184255,19.532833434776144,9.733514121184255,abs(mean_region - mean_healthy) / abs(mean_healthy),14694,160793,1404286
BraTS-GLI-00217-000,processed_zscore,case_brain_mask,T2,1.4145482778549194,1.592084527015686,-0.1822962611913681,1.5968445390462875,1.7743807882070541,8.759612120459108,9.733500712581113,8.759612120459108,9.733500712581113,abs(mean_region - mean_healthy) / abs(mean_healthy),14694,160793,1404286
BraTS-GLI-00217-000,processed_zscore,case_brain_mask,FLAIR,2.2939772605895996,2.285839080810547,-0.261732280254364,2.5557095408439636,2.547571361064911,9.764594334180721,9.73350080696603,9.764594334180721,9.73350080696603,abs(mean_region - mean_healthy) / abs(mean_healthy),14694,160793,1404286
BraTS-GLI-00219-000,processed_zscore,case_brain_mask,T1,-0.2942691445350647,-0.06119544059038162,0.00039139724685810506,0.2946605417819228,0.06158683783723973,752.8426532053439,157.35122904317993,752.8426532053439,157.35122904317993,abs(mean_region - mean_healthy) / abs(mean_healthy),5288,9173,1434035
BraTS-GLI-00219-000,processed_zscore,case_brain_mask,T1ce,2.8123419284820557,1.697632074356079,-0.010859076865017414,2.823201005347073,1.7084911512210965,259.9853597539247,157.33300099615388,259.9853597539247,157.33300099615388,abs(mean_region - mean_healthy) / abs(mean_healthy),5288,9173,1434035
BraTS-GLI-00219-000,processed_zscore,case_brain_mask,T2,0.8947930335998535,0.758482038974762,-0.004851766396313906,0.8996447999961674,0.7633338053710759,185.42623995245648,157.3311126337437,185.42623995245648,157.3311126337437,abs(mean_region - mean_healthy) / abs(mean_healthy),5288,9173,1434035
BraTS-GLI-00219-000,processed_zscore,case_brain_mask,FLAIR,3.176647663116455,2.668161153793335,-0.017067328095436096,3.193714991211891,2.685228481888771,187.12448564611054,157.33150888490957,187.12448564611054,157.33150888490957,abs(mean_region - mean_healthy) / abs(mean_healthy),5288,9173,1434035
BraTS-GLI-00220-000,processed_zscore,case_brain_mask,T1,-0.5613943934440613,-0.36941397190093994,0.010593194514513016,0.5719875879585743,0.38000716641545296,53.99575993577131,35.8727639613179,53.99575993577131,35.8727639613179,abs(mean_region - mean_healthy) / abs(mean_healthy),16152,38000,1325175
BraTS-GLI-00220-000,processed_zscore,case_brain_mask,T1ce,2.363276481628418,0.9813623428344727,-0.028141092509031296,2.3914175741374493,1.009503435343504,84.97955697242294,35.87292977412035,84.97955697242294,35.87292977412035,abs(mean_region - mean_healthy) / abs(mean_healthy),16152,38000,1325175
BraTS-GLI-00220-000,processed_zscore,case_brain_mask,T2,0.9237531423568726,0.8947399258613586,-0.02565714716911316,0.9494102895259857,0.9203970730304718,37.00373557777749,35.872931115992245,37.00373557777749,35.872931115992245,abs(mean_region - mean_healthy) / abs(mean_healthy),16152,38000,1325175
BraTS-GLI-00220-000,processed_zscore,case_brain_mask,FLAIR,3.183119297027588,2.6669063568115234,-0.0764748826622963,3.259594179689884,2.7433812394738197,42.62306872811891,35.87297088886367,42.62306872811891,35.87297088886367,abs(mean_region - mean_healthy) / abs(mean_healthy),16152,38000,1325175
BraTS-GLI-00221-000,processed_zscore,case_brain_mask,T1,-0.018007706850767136,-0.045945167541503906,0.0009607259999029338,0.01896843285067007,0.04690589354140684,19.743852932663973,48.82338309377069,19.743852932663973,48.82338309377069,abs(mean_region - mean_healthy) / abs(mean_healthy),10361,27719,1325802
BraTS-GLI-00221-000,processed_zscore,case_brain_mask,T1ce,1.405326247215271,0.47721561789512634,-0.00997723639011383,1.4153034836053848,0.4871928542852402,141.85325758220685,48.830441139791596,141.85325758220685,48.830441139791596,abs(mean_region - mean_healthy) / abs(mean_healthy),10361,27719,1325802
BraTS-GLI-00221-000,processed_zscore,case_brain_mask,T2,0.6087949872016907,0.761246383190155,-0.015915675088763237,0.6247106622904539,0.7771620582789183,39.25128270126042,48.829977612926335,39.25128270126042,48.829977612926335,abs(mean_region - mean_healthy) / abs(mean_healthy),10361,27719,1325802
BraTS-GLI-00221-000,processed_zscore,case_brain_mask,FLAIR,3.162733793258667,3.020219326019287,-0.06314468383789062,3.2258784770965576,3.0833640098571777,51.08709523953362,48.83014408264363,51.08709523953362,48.83014408264363,abs(mean_region - mean_healthy) / abs(mean_healthy),10361,27719,1325802
BraTS-GLI-00222-000,processed_zscore,case_brain_mask,T1,0.1133921667933464,0.5326072573661804,-0.006164351478219032,0.11955651827156544,0.5387716088443995,19.3948250183338,87.40118254906162,19.3948250183338,87.40118254906162,abs(mean_region - mean_healthy) / abs(mean_healthy),2561,17539,1515421
BraTS-GLI-00222-000,processed_zscore,case_brain_mask,T1ce,2.201859474182129,0.6504679322242737,-0.007528287824243307,2.209387762006372,0.657996220048517,293.47812060153865,87.40316993853172,293.47812060153865,87.40316993853172,abs(mean_region - mean_healthy) / abs(mean_healthy),2561,17539,1515421
BraTS-GLI-00222-000,processed_zscore,case_brain_mask,T2,1.0233711004257202,0.4107891023159027,-0.004754284396767616,1.0281253848224878,0.4155433867126703,216.2523944763377,87.40398176331091,216.2523944763377,87.40398176331091,abs(mean_region - mean_healthy) / abs(mean_healthy),2561,17539,1515421
BraTS-GLI-00222-000,processed_zscore,case_brain_mask,FLAIR,5.423067092895508,3.1401913166046143,-0.036343615502119064,5.459410708397627,3.1765349321067333,150.21649973375128,87.40283233300003,150.21649973375128,87.40283233300003,abs(mean_region - mean_healthy) / abs(mean_healthy),2561,17539,1515421
BraTS-GLI-00227-000,processed_zscore,case_brain_mask,T1,-0.9875205755233765,-0.4452863931655884,0.009008483961224556,0.996529059484601,0.45429487712681293,110.62117263836913,50.42967041760254,110.62117263836913,50.42967041760254,abs(mean_region - mean_healthy) / abs(mean_healthy),2041,29239,1445270
BraTS-GLI-00227-000,processed_zscore,case_brain_mask,T1ce,0.5750320553779602,-0.394707590341568,0.007985354401171207,0.567046700976789,0.4026929447427392,71.01083715127541,50.428938342883875,71.01083715127541,50.428938342883875,abs(mean_region - mean_healthy) / abs(mean_healthy),2041,29239,1445270
BraTS-GLI-00227-000,processed_zscore,case_brain_mask,T2,1.5586777925491333,0.45655399560928345,-0.009236489422619343,1.5679142819717526,0.4657904850319028,169.75218724682017,50.42938542117779,169.75218724682017,50.42938542117779,abs(mean_region - mean_healthy) / abs(mean_healthy),2041,29239,1445270
BraTS-GLI-00227-000,processed_zscore,case_brain_mask,FLAIR,5.331699371337891,2.028226852416992,-0.04103260487318039,5.372731976211071,2.0692594572901726,130.93811598889693,50.42963915368375,130.93811598889693,50.42963915368375,abs(mean_region - mean_healthy) / abs(mean_healthy),2041,29239,1445270
BraTS-GLI-00228-000,processed_zscore,case_brain_mask,T1,0.08222576230764389,0.19896189868450165,-0.006507902406156063,0.08873366471379995,0.2054698010906577,13.634756512307796,31.572354388150675,13.634756512307796,31.572354388150675,abs(mean_region - mean_healthy) / abs(mean_healthy),17849,51320,1568954
BraTS-GLI-00228-000,processed_zscore,case_brain_mask,T1ce,1.4615038633346558,0.6429352760314941,-0.021030208095908165,1.482534071430564,0.6639654841274023,70.49545418996685,31.571988308408116,70.49545418996685,31.571988308408116,abs(mean_region - mean_healthy) / abs(mean_healthy),17849,51320,1568954
BraTS-GLI-00228-000,processed_zscore,case_brain_mask,T2,0.6265241503715515,0.42900875210762024,-0.014032713137567043,0.6405568635091186,0.4430414652451873,45.64739956055117,31.5720460399863,45.64739956055117,31.5720460399863,abs(mean_region - mean_healthy) / abs(mean_healthy),17849,51320,1568954
BraTS-GLI-00228-000,processed_zscore,case_brain_mask,FLAIR,1.8355062007904053,1.837226152420044,-0.06009503826498985,1.8956012390553951,1.8973211906850338,31.54339016636809,31.572010692775855,31.54339016636809,31.572010692775855,abs(mean_region - mean_healthy) / abs(mean_healthy),17849,51320,1568954
BraTS-GLI-00230-000,processed_zscore,case_brain_mask,T1,0.1627674102783203,0.22389711439609528,-0.01304314099252224,0.17581055127084255,0.23694025538861752,13.479157464573637,18.165889299552745,13.479157464573637,18.165889299552745,abs(mean_region - mean_healthy) / abs(mean_healthy),20908,75949,1303717
BraTS-GLI-00230-000,processed_zscore,case_brain_mask,T1ce,2.0751192569732666,0.43722426891326904,-0.025470850989222527,2.100590107962489,0.46269511990249157,82.47035440046001,18.16567181435248,82.47035440046001,18.16567181435248,abs(mean_region - mean_healthy) / abs(mean_healthy),20908,75949,1303717
BraTS-GLI-00230-000,processed_zscore,case_brain_mask,T2,0.4700257182121277,1.024109125137329,-0.05966026335954666,0.5296859815716743,1.0837693884968758,8.878371494599103,18.16568227272926,8.878371494599103,18.16568227272926,abs(mean_region - mean_healthy) / abs(mean_healthy),20908,75949,1303717
BraTS-GLI-00230-000,processed_zscore,case_brain_mask,FLAIR,2.311744451522827,2.8588030338287354,-0.1665417104959488,2.478286162018776,3.025344744324684,14.88087371409015,18.165687954779816,14.88087371409015,18.165687954779816,abs(mean_region - mean_healthy) / abs(mean_healthy),20908,75949,1303717
BraTS-GLI-00231-000,processed_zscore,case_brain_mask,T1,-0.3855135440826416,-0.23970170319080353,0.013222726061940193,0.3987362701445818,0.2529244292527437,30.15537554637009,19.128009464005466,30.15537554637009,19.128009464005466,abs(mean_region - mean_healthy) / abs(mean_healthy),9305,79221,1436110
BraTS-GLI-00231-000,processed_zscore,case_brain_mask,T1ce,1.8061261177062988,-0.12268517166376114,0.006767644081264734,1.799358473625034,0.12945281574502587,265.8766406771159,19.12819501004754,265.8766406771159,19.12819501004754,abs(mean_region - mean_healthy) / abs(mean_healthy),9305,79221,1436110
BraTS-GLI-00231-000,processed_zscore,case_brain_mask,T2,1.420559287071228,1.0432305335998535,-0.05754833295941353,1.4781076200306416,1.100778866559267,25.684629667258825,19.12790188615196,25.684629667258825,19.12790188615196,abs(mean_region - mean_healthy) / abs(mean_healthy),9305,79221,1436110
BraTS-GLI-00231-000,processed_zscore,case_brain_mask,FLAIR,3.7174856662750244,2.438100814819336,-0.134494349360466,3.8519800156354904,2.572595164179802,28.640459870262493,19.12790519759936,28.640459870262493,19.12790519759936,abs(mean_region - mean_healthy) / abs(mean_healthy),9305,79221,1436110
BraTS-GLI-00233-000,processed_zscore,case_brain_mask,T1,-0.9240886569023132,-0.1072908416390419,0.006890452466905117,0.9309791093692183,0.11418129410594702,135.11146239535304,16.570942859610515,135.11146239535304,16.570942859610515,abs(mean_region - mean_healthy) / abs(mean_healthy),19813,86812,1351710
BraTS-GLI-00233-000,processed_zscore,case_brain_mask,T1ce,2.516150712966919,0.36333930492401123,-0.023335039615631104,2.53948575258255,0.38667434453964233,108.82714554645374,16.57054587902334,108.82714554645374,16.57054587902334,abs(mean_region - mean_healthy) / abs(mean_healthy),19813,86812,1351710
BraTS-GLI-00233-000,processed_zscore,case_brain_mask,T2,1.8276804685592651,1.3061373233795166,-0.08388514071702957,1.9115656092762947,1.3900224640965462,22.787892980052266,16.57054458292584,22.787892980052266,16.57054458292584,abs(mean_region - mean_healthy) / abs(mean_healthy),19813,86812,1351710
BraTS-GLI-00233-000,processed_zscore,case_brain_mask,FLAIR,3.9891738891601562,2.7715437412261963,-0.1779991239309311,4.167173013091087,2.9495428651571274,23.41119956696008,16.57054709045443,23.41119956696008,16.57054709045443,abs(mean_region - mean_healthy) / abs(mean_healthy),19813,86812,1351710
BraTS-GLI-00234-000,processed_zscore,case_brain_mask,T1,0.4489225447177887,0.2511136829853058,-0.01625877059996128,0.46518131531775,0.26737245358526707,28.6111002340397,16.444813704789205,28.6111002340397,16.444813704789205,abs(mean_region - mean_healthy) / abs(mean_healthy),35581,104074,1607406
BraTS-GLI-00234-000,processed_zscore,case_brain_mask,T1ce,1.4203683137893677,0.4647662341594696,-0.03009200468659401,1.4504603184759617,0.4948582388460636,48.20085380094806,16.44484121280637,48.20085380094806,16.44484121280637,abs(mean_region - mean_healthy) / abs(mean_healthy),35581,104074,1607406
BraTS-GLI-00234-000,processed_zscore,case_brain_mask,T2,0.7537134289741516,0.875480055809021,-0.056684259325265884,0.8103976882994175,0.9321643151342869,14.296697142132345,16.444853054978406,14.296697142132345,16.444853054978406,abs(mean_region - mean_healthy) / abs(mean_healthy),35581,104074,1607406
BraTS-GLI-00234-000,processed_zscore,case_brain_mask,FLAIR,2.5014801025390625,2.4417052268981934,-0.1580919623374939,2.6595720648765564,2.5997971892356873,16.822942960243076,16.44484103300365,16.822942960243076,16.44484103300365,abs(mean_region - mean_healthy) / abs(mean_healthy),35581,104074,1607406
BraTS-GLI-00235-000,processed_zscore,case_brain_mask,T1,0.027559462934732437,-0.008700176142156124,0.0007532052113674581,0.02680625772336498,0.009453381353523582,35.589580792593985,12.550870879346137,35.589580792593985,12.550870879346137,abs(mean_region - mean_healthy) / abs(mean_healthy),17472,104995,1212666
BraTS-GLI-00235-000,processed_zscore,case_brain_mask,T1ce,2.3362529277801514,0.07610241323709488,-0.0065891253761947155,2.342842053156346,0.0826915386132896,355.56191746185294,12.549698767614704,355.56191746185294,12.549698767614704,abs(mean_region - mean_healthy) / abs(mean_healthy),17472,104995,1212666
BraTS-GLI-00235-000,processed_zscore,case_brain_mask,T2,1.1927424669265747,1.6244367361068726,-0.14064697921276093,1.3333894461393356,1.7650837153196335,9.48039875155994,12.549744937283993,9.48039875155994,12.549744937283993,abs(mean_region - mean_healthy) / abs(mean_healthy),17472,104995,1212666
BraTS-GLI-00235-000,processed_zscore,case_brain_mask,FLAIR,2.6568360328674316,2.6208629608154297,-0.22691954672336578,2.8837555795907974,2.8477825075387955,12.708273135704527,12.549745267253176,12.708273135704527,12.549745267253176,abs(mean_region - mean_healthy) / abs(mean_healthy),17472,104995,1212666
BraTS-GLI-00236-000,processed_zscore,case_brain_mask,T1,0.2141394168138504,0.31979063153266907,-0.009854260832071304,0.2239936776459217,0.32964489236474037,22.730642253442323,33.4520161361967,22.730642253442323,33.4520161361967,abs(mean_region - mean_healthy) / abs(mean_healthy),22912,45076,1462834
BraTS-GLI-00236-000,processed_zscore,case_brain_mask,T1ce,2.3592233657836914,1.2284014225006104,-0.03785213455557823,2.3970755003392696,1.2662535570561886,63.32735335756686,33.45263277548986,63.32735335756686,33.45263277548986,abs(mean_region - mean_healthy) / abs(mean_healthy),22912,45076,1462834
BraTS-GLI-00236-000,processed_zscore,case_brain_mask,T2,-0.04302018880844116,-0.022222159430384636,0.0006847656331956387,0.0437049544416368,0.022906925063580275,63.82469026326008,33.45221190011989,63.82469026326008,33.45221190011989,abs(mean_region - mean_healthy) / abs(mean_healthy),22912,45076,1462834
BraTS-GLI-00236-000,processed_zscore,case_brain_mask,FLAIR,2.1970081329345703,2.1173791885375977,-0.06524526327848434,2.2622533962130547,2.182624451816082,34.67306717051854,33.452611609521036,34.67306717051854,33.452611609521036,abs(mean_region - mean_healthy) / abs(mean_healthy),22912,45076,1462834
BraTS-GLI-00237-000,processed_zscore,case_brain_mask,T1,-0.017847342416644096,0.06365379691123962,-0.0022631732281297445,0.015584169188514352,0.06591697013936937,6.8859815920467105,29.125905750414983,6.8859815920467105,29.125905750414983,abs(mean_region - mean_healthy) / abs(mean_healthy),18812,52639,1480511
BraTS-GLI-00237-000,processed_zscore,case_brain_mask,T1ce,2.5946946144104004,0.8965387940406799,-0.03187604248523712,2.6265706568956375,0.928414836525917,82.39952177602008,29.12578739835403,82.39952177602008,29.12578739835403,abs(mean_region - mean_healthy) / abs(mean_healthy),18812,52639,1480511
BraTS-GLI-00237-000,processed_zscore,case_brain_mask,T2,1.2334672212600708,1.080804705619812,-0.03842763975262642,1.2718948610126972,1.1192323453724384,33.09843823873588,29.125711404014663,33.09843823873588,29.125711404014663,abs(mean_region - mean_healthy) / abs(mean_healthy),18812,52639,1480511
BraTS-GLI-00237-000,processed_zscore,case_brain_mask,FLAIR,3.5495386123657227,2.849259853363037,-0.10130435973405838,3.650842972099781,2.9505642130970955,36.038359866089486,29.12573773569905,36.038359866089486,29.12573773569905,abs(mean_region - mean_healthy) / abs(mean_healthy),18812,52639,1480511
BraTS-GLI-00238-000,processed_zscore,case_brain_mask,T1,-0.6716273427009583,-0.17541185021400452,0.007525235880166292,0.6791525785811245,0.1829370860941708,90.25000536808643,24.30981420480447,90.25000536808643,24.30981420480447,abs(mean_region - mean_healthy) / abs(mean_healthy),25683,58354,1360249
BraTS-GLI-00238-000,processed_zscore,case_brain_mask,T1ce,2.2609190940856934,0.8643947243690491,-0.037082038819789886,2.2980011329054832,0.901476763188839,61.97073316473337,24.310334379665775,61.97073316473337,24.310334379665775,abs(mean_region - mean_healthy) / abs(mean_healthy),25683,58354,1360249
BraTS-GLI-00238-000,processed_zscore,case_brain_mask,T2,1.2872296571731567,1.0983128547668457,-0.047117169946432114,1.3343468271195889,1.1454300247132778,28.319757503190843,24.310246689593757,28.319757503190843,24.310246689593757,abs(mean_region - mean_healthy) / abs(mean_healthy),25683,58354,1360249
BraTS-GLI-00238-000,processed_zscore,case_brain_mask,FLAIR,2.9989566802978516,2.629464864730835,-0.1128026694059372,3.1117593497037888,2.742267534136772,27.585866239615832,24.31030709271883,27.585866239615832,24.31030709271883,abs(mean_region - mean_healthy) / abs(mean_healthy),25683,58354,1360249
BraTS-GLI-00239-000,processed_zscore,case_brain_mask,T1,-0.32918763160705566,-0.24500097334384918,0.011464561335742474,0.34065219294279814,0.25646553467959166,29.713495611974643,22.370287634121876,29.713495611974643,22.370287634121876,abs(mean_region - mean_healthy) / abs(mean_healthy),5046,68663,1467350
BraTS-GLI-00239-000,processed_zscore,case_brain_mask,T1ce,1.5465621948242188,-0.19979926943778992,0.0093494588509202,1.5372127359732985,0.20914872828871012,164.41729521297393,22.370142659981344,164.41729521297393,22.370142659981344,abs(mean_region - mean_healthy) / abs(mean_healthy),5046,68663,1467350
BraTS-GLI-00239-000,processed_zscore,case_brain_mask,T2,1.4605990648269653,1.8748310804367065,-0.08773061633110046,1.5483296811580658,1.962561696767807,17.648681223377928,22.370316986728838,17.648681223377928,22.370316986728838,abs(mean_region - mean_healthy) / abs(mean_healthy),5046,68663,1467350
BraTS-GLI-00239-000,processed_zscore,case_brain_mask,FLAIR,2.8535945415496826,2.5227010250091553,-0.11804680526256561,2.9716413468122482,2.640747830271721,25.173416088665633,22.370345596376264,25.173416088665633,22.370345596376264,abs(mean_region - mean_healthy) / abs(mean_healthy),5046,68663,1467350
BraTS-GLI-00240-000,processed_zscore,case_brain_mask,T1,-0.6815263628959656,-0.5862246155738831,0.06635028123855591,0.7478766441345215,0.652574896812439,11.271642413173874,9.835299634468317,11.271642413173874,9.835299634468317,abs(mean_region - mean_healthy) / abs(mean_healthy),22052,144026,1272512
BraTS-GLI-00240-000,processed_zscore,case_brain_mask,T1ce,1.8623651266098022,-0.228983074426651,0.02591681480407715,1.836448311805725,0.25489988923072815,70.85933690882496,9.835309283092464,70.85933690882496,9.835309283092464,abs(mean_region - mean_healthy) / abs(mean_healthy),22052,144026,1272512
BraTS-GLI-00240-000,processed_zscore,case_brain_mask,T2,1.2967917919158936,1.5441170930862427,-0.17476686835289001,1.4715586602687836,1.7188839614391327,8.420123757653,9.835296458870882,8.420123757653,9.835296458870882,abs(mean_region - mean_healthy) / abs(mean_healthy),22052,144026,1272512
BraTS-GLI-00240-000,processed_zscore,case_brain_mask,FLAIR,2.408356189727783,2.364388942718506,-0.2676074206829071,2.6759636104106903,2.631996363401413,9.999586721406684,9.83528915859218,9.999586721406684,9.83528915859218,abs(mean_region - mean_healthy) / abs(mean_healthy),22052,144026,1272512
BraTS-GLI-00241-000,processed_zscore,case_brain_mask,T1,-0.2329038828611374,0.11481519043445587,-0.0034136732574552298,0.22949020960368216,0.1182288636919111,67.22676492323663,34.63391331718913,67.22676492323663,34.63391331718913,abs(mean_region - mean_healthy) / abs(mean_healthy),6204,43568,1465319
BraTS-GLI-00241-000,processed_zscore,case_brain_mask,T1ce,2.9857161045074463,0.23293006420135498,-0.006925589870661497,2.992641694378108,0.23985565407201648,432.1136177953122,34.63324547820888,432.1136177953122,34.63324547820888,abs(mean_region - mean_healthy) / abs(mean_healthy),6204,43568,1465319
BraTS-GLI-00241-000,processed_zscore,case_brain_mask,T2,0.9016363620758057,0.702495813369751,-0.020887168124318123,0.9225235302001238,0.7233829814940691,44.166998834373594,34.632889302588715,44.166998834373594,34.632889302588715,abs(mean_region - mean_healthy) / abs(mean_healthy),6204,43568,1465319
BraTS-GLI-00241-000,processed_zscore,case_brain_mask,FLAIR,4.952969074249268,3.1419644355773926,-0.09341943264007568,5.046388506889343,3.2353838682174683,54.01861651560181,34.632878586221814,54.01861651560181,34.632878586221814,abs(mean_region - mean_healthy) / abs(mean_healthy),6204,43568,1465319
BraTS-GLI-00242-000,processed_zscore,case_brain_mask,T1,-0.2189318984746933,-0.05950697883963585,0.00777269434183836,0.22670459281653166,0.06727967318147421,29.16679633164535,8.655901058571866,29.16679633164535,8.655901058571866,abs(mean_region - mean_healthy) / abs(mean_healthy),26322,166996,1278521
BraTS-GLI-00242-000,processed_zscore,case_brain_mask,T1ce,1.8751423358917236,0.08903021365404129,-0.011628682725131512,1.8867710186168551,0.1006588963791728,162.25148309698312,8.656087603252967,162.25148309698312,8.656087603252967,abs(mean_region - mean_healthy) / abs(mean_healthy),26322,166996,1278521
BraTS-GLI-00242-000,processed_zscore,case_brain_mask,T2,1.2628053426742554,0.8302041888237,-0.10843837261199951,1.3712437152862549,0.9386425614356995,12.645373425075881,8.656000074754273,12.645373425075881,8.656000074754273,abs(mean_region - mean_healthy) / abs(mean_healthy),26322,166996,1278521
BraTS-GLI-00242-000,processed_zscore,case_brain_mask,FLAIR,3.9039735794067383,1.5935254096984863,-0.20814082026481628,4.112114399671555,1.8016662299633026,19.756405276195878,8.65599658765183,19.756405276195878,8.65599658765183,abs(mean_region - mean_healthy) / abs(mean_healthy),26322,166996,1278521
BraTS-GLI-00246-000,processed_zscore,case_brain_mask,T1,-0.5439817905426025,-0.35836899280548096,0.005254641640931368,0.5492364321835339,0.3636236344464123,104.52405125122549,69.20046299902599,104.52405125122549,69.20046299902599,abs(mean_region - mean_healthy) / abs(mean_healthy),10603,22112,1508087
BraTS-GLI-00246-000,processed_zscore,case_brain_mask,T1ce,2.838296890258789,1.2132251262664795,-0.01778860203921795,2.856085492298007,1.2310137283056974,160.55705141985237,69.20238732598108,160.55705141985237,69.20238732598108,abs(mean_region - mean_healthy) / abs(mean_healthy),10603,22112,1508087
BraTS-GLI-00246-000,processed_zscore,case_brain_mask,T2,0.960777997970581,0.9516347050666809,-0.013953140936791897,0.974731138907373,0.9655878460034728,69.85747103988494,69.202185398801,69.85747103988494,69.202185398801,abs(mean_region - mean_healthy) / abs(mean_healthy),10603,22112,1508087
BraTS-GLI-00246-000,processed_zscore,case_brain_mask,FLAIR,4.699122905731201,4.041947841644287,-0.059264134615659714,4.758387040346861,4.101211976259947,80.29117561921716,69.20225871612169,80.29117561921716,69.20225871612169,abs(mean_region - mean_healthy) / abs(mean_healthy),10603,22112,1508087
BraTS-GLI-00247-000,processed_zscore,case_brain_mask,T1,-0.526597797870636,-0.12787190079689026,0.01661602221429348,0.5432138200849295,0.14448792301118374,32.69216982736365,8.69569871463532,32.69216982736365,8.69569871463532,abs(mean_region - mean_healthy) / abs(mean_healthy),33957,139200,1071246
BraTS-GLI-00247-000,processed_zscore,case_brain_mask,T1ce,2.36606502532959,0.3795287311077118,-0.04931672289967537,2.415381748229265,0.42884545400738716,48.97693127629056,8.695741095364024,48.97693127629056,8.695741095364024,abs(mean_region - mean_healthy) / abs(mean_healthy),33957,139200,1071246
BraTS-GLI-00247-000,processed_zscore,case_brain_mask,T2,1.1445531845092773,0.9744502902030945,-0.12662221491336823,1.2711753994226456,1.1010725051164627,10.039118335533399,8.695729306818627,10.039118335533399,8.695729306818627,abs(mean_region - mean_healthy) / abs(mean_healthy),33957,139200,1071246
BraTS-GLI-00247-000,processed_zscore,case_brain_mask,FLAIR,2.8349554538726807,2.1706697940826416,-0.2820613384246826,3.1170167922973633,2.452731132507324,11.050847343013952,8.695736701122774,11.050847343013952,8.695736701122774,abs(mean_region - mean_healthy) / abs(mean_healthy),33957,139200,1071246
BraTS-GLI-00249-000,processed_zscore,case_brain_mask,T1,-0.10258456319570541,-0.3998735547065735,0.036389537155628204,0.13897410035133362,0.4362630918622017,3.8190675456238696,11.988695816504137,3.8190675456238696,11.988695816504137,abs(mean_region - mean_healthy) / abs(mean_healthy),33201,131601,1446129
BraTS-GLI-00249-000,processed_zscore,case_brain_mask,T1ce,2.012127637863159,0.04442891106009483,-0.00404315022751689,2.016170788090676,0.04847206128761172,498.663337901474,11.988686682409265,498.663337901474,11.988686682409265,abs(mean_region - mean_healthy) / abs(mean_healthy),33201,131601,1446129
BraTS-GLI-00249-000,processed_zscore,case_brain_mask,T2,1.3593595027923584,1.594504952430725,-0.1451035588979721,1.5044630616903305,1.7396085113286972,10.368202359172846,11.988737730077888,10.368202359172846,11.988737730077888,abs(mean_region - mean_healthy) / abs(mean_healthy),33201,131601,1446129
BraTS-GLI-00249-000,processed_zscore,case_brain_mask,FLAIR,3.2221150398254395,2.245361328125,-0.20433293282985687,3.4264479726552963,2.449694260954857,16.768946274110483,11.98873929438804,16.768946274110483,11.98873929438804,abs(mean_region - mean_healthy) / abs(mean_healthy),33201,131601,1446129
BraTS-GLI-00250-000,processed_zscore,case_brain_mask,T1,-0.2982611656188965,-0.14689470827579498,0.012728378176689148,0.31098954379558563,0.15962308645248413,24.432770575997996,12.540724689090329,24.432770575997996,12.540724689090329,abs(mean_region - mean_healthy) / abs(mean_healthy),13994,104014,1200392
BraTS-GLI-00250-000,processed_zscore,case_brain_mask,T1ce,2.3987584114074707,0.03666918724775314,-0.003177291713654995,2.4019357031211257,0.03984647896140814,755.9695236035035,12.54102001089814,755.9695236035035,12.54102001089814,abs(mean_region - mean_healthy) / abs(mean_healthy),13994,104014,1200392
BraTS-GLI-00250-000,processed_zscore,case_brain_mask,T2,0.686366856098175,0.6682038903236389,-0.057899925857782364,0.7442667819559574,0.7261038161814213,12.854365026029132,12.540669187814258,12.854365026029132,12.540669187814258,abs(mean_region - mean_healthy) / abs(mean_healthy),13994,104014,1200392
BraTS-GLI-00250-000,processed_zscore,case_brain_mask,FLAIR,3.0967774391174316,2.42710018157959,-0.21030837297439575,3.3070858120918274,2.6374085545539856,15.724936507851034,12.540673094718297,15.724936507851034,12.540673094718297,abs(mean_region - mean_healthy) / abs(mean_healthy),13994,104014,1200392
BraTS-GLI-00251-000,processed_zscore,case_brain_mask,T1,0.18695922195911407,0.36408278346061707,-0.0021874713711440563,0.18914669333025813,0.3662702548317611,86.4681914585852,167.44002214767286,86.4681914585852,167.44002214767286,abs(mean_region - mean_healthy) / abs(mean_healthy),3179,10008,1665734
BraTS-GLI-00251-000,processed_zscore,case_brain_mask,T1ce,1.2064038515090942,0.48330575227737427,-0.0029038649518042803,1.2093077164608985,0.48620961722917855,416.44764358256754,167.43534058878265,416.44764358256754,167.43534058878265,abs(mean_region - mean_healthy) / abs(mean_healthy),3179,10008,1665734
BraTS-GLI-00251-000,processed_zscore,case_brain_mask,T2,0.7839555740356445,0.8325231671333313,-0.005001942161470652,0.7889575161971152,0.837525109294802,157.73023572210778,167.43998276232688,157.73023572210778,167.43998276232688,abs(mean_region - mean_healthy) / abs(mean_healthy),3179,10008,1665734
BraTS-GLI-00251-000,processed_zscore,case_brain_mask,FLAIR,3.836278200149536,3.7766575813293457,-0.022690733894705772,3.858968934044242,3.7993483152240515,170.0680529749027,167.44052144168504,170.0680529749027,167.44052144168504,abs(mean_region - mean_healthy) / abs(mean_healthy),3179,10008,1665734
BraTS-GLI-00253-000,processed_zscore,case_brain_mask,T1,-0.8094978332519531,-0.6569279432296753,0.026227017864584923,0.835724851116538,0.6831549610942602,31.865035339951508,26.047755967587282,31.865035339951508,26.047755967587282,abs(mean_region - mean_healthy) / abs(mean_healthy),2785,55909,1400390
BraTS-GLI-00253-000,processed_zscore,case_brain_mask,T1ce,2.5834405422210693,-0.6055782437324524,0.024177037179470062,2.5592635050415993,0.6297552809119225,105.85513378019697,26.04766151605538,105.85513378019697,26.04766151605538,abs(mean_region - mean_healthy) / abs(mean_healthy),2785,55909,1400390
BraTS-GLI-00253-000,processed_zscore,case_brain_mask,T2,1.4411633014678955,1.1988180875778198,-0.04786151275038719,1.4890248142182827,1.246679600328207,31.111110548971038,26.04764305779536,31.111110548971038,26.04764305779536,abs(mean_region - mean_healthy) / abs(mean_healthy),2785,55909,1400390
BraTS-GLI-00253-000,processed_zscore,case_brain_mask,FLAIR,4.313577175140381,3.004070997238159,-0.11993420124053955,4.43351137638092,3.1240051984786987,36.96619755268214,26.04765918449906,36.96619755268214,26.04765918449906,abs(mean_region - mean_healthy) / abs(mean_healthy),2785,55909,1400390
BraTS-GLI-00254-000,processed_zscore,case_brain_mask,T1,-1.2001818418502808,-0.8487223982810974,0.060761671513319016,1.2609435133635998,0.9094840697944164,20.75228481966958,14.96805547219116,20.75228481966958,14.96805547219116,abs(mean_region - mean_healthy) / abs(mean_healthy),24337,98690,1378512
BraTS-GLI-00254-000,processed_zscore,case_brain_mask,T1ce,2.053117036819458,-0.09581075608730316,0.006859258748590946,2.046257778070867,0.10267001483589411,298.32054061107067,14.96809183018281,298.32054061107067,14.96809183018281,abs(mean_region - mean_healthy) / abs(mean_healthy),24337,98690,1378512
BraTS-GLI-00254-000,processed_zscore,case_brain_mask,T2,1.1321626901626587,1.4158223867416382,-0.10136105120182037,1.233523741364479,1.5171834379434586,12.169602887290555,14.968110728474874,12.169602887290555,14.968110728474874,abs(mean_region - mean_healthy) / abs(mean_healthy),24337,98690,1378512
BraTS-GLI-00254-000,processed_zscore,case_brain_mask,FLAIR,3.575878620147705,2.8397376537323,-0.20330163836479187,3.779180258512497,3.0430392920970917,18.58903001918445,14.968100191287443,18.58903001918445,14.968100191287443,abs(mean_region - mean_healthy) / abs(mean_healthy),24337,98690,1378512
BraTS-GLI-00258-000,processed_zscore,case_brain_mask,T1,0.6968168020248413,0.606972336769104,-0.00912832748144865,0.70594512950629,0.6161006642505527,77.33564893908228,67.493269221842,77.33564893908228,67.493269221842,abs(mean_region - mean_healthy) / abs(mean_healthy),3205,20404,1356737
BraTS-GLI-00258-000,processed_zscore,case_brain_mask,T1ce,2.328801155090332,0.8485903143882751,-0.012761914171278477,2.3415630692616105,0.8613522285595536,183.48055298251822,67.49396814610172,183.48055298251822,67.49396814610172,abs(mean_region - mean_healthy) / abs(mean_healthy),3205,20404,1356737
BraTS-GLI-00258-000,processed_zscore,case_brain_mask,T2,0.8744428753852844,0.7559944987297058,-0.011369369924068451,0.8858122453093529,0.7673638686537743,77.91216674497745,67.49396613697115,77.91216674497745,67.49396613697115,abs(mean_region - mean_healthy) / abs(mean_healthy),3205,20404,1356737
BraTS-GLI-00258-000,processed_zscore,case_brain_mask,FLAIR,2.6283249855041504,2.0203909873962402,-0.03038463182747364,2.658709617331624,2.050775619223714,87.50178815488005,67.49384461421752,87.50178815488005,67.49384461421752,abs(mean_region - mean_healthy) / abs(mean_healthy),3205,20404,1356737
BraTS-GLI-00259-000,processed_zscore,case_brain_mask,T1,0.19997933506965637,0.32681819796562195,-0.022281870245933533,0.2222612053155899,0.3491000682115555,9.974979786813579,15.667449112592632,9.974979786813579,15.667449112592632,abs(mean_region - mean_healthy) / abs(mean_healthy),15306,99594,1460782
BraTS-GLI-00259-000,processed_zscore,case_brain_mask,T1ce,2.694526433944702,0.3452111780643463,-0.023536015301942825,2.718062449246645,0.36874719336628914,115.48524312109355,15.667358668646438,115.48524312109355,15.667358668646438,abs(mean_region - mean_healthy) / abs(mean_healthy),15306,99594,1460782
BraTS-GLI-00259-000,processed_zscore,case_brain_mask,T2,0.9286172389984131,0.9339171051979065,-0.06367310136556625,0.9922903403639793,0.9975902065634727,15.58413708587783,15.667372645098753,15.58413708587783,15.667372645098753,abs(mean_region - mean_healthy) / abs(mean_healthy),15306,99594,1460782
BraTS-GLI-00259-000,processed_zscore,case_brain_mask,FLAIR,3.0666613578796387,2.676578998565674,-0.18248537182807922,3.249146729707718,2.859064370393753,17.8049708705899,15.667361946618374,17.8049708705899,15.667361946618374,abs(mean_region - mean_healthy) / abs(mean_healthy),15306,99594,1460782
BraTS-GLI-00260-000,processed_zscore,case_brain_mask,T1,0.06661030650138855,0.19614531099796295,-0.01181840430945158,0.07842871081084013,0.20796371530741453,6.6361505967534065,17.59659847997406,6.6361505967534065,17.59659847997406,abs(mean_region - mean_healthy) / abs(mean_healthy),13236,84670,1405227
BraTS-GLI-00260-000,processed_zscore,case_brain_mask,T1ce,1.8861913681030273,0.13700753450393677,-0.00825527310371399,1.8944466412067413,0.14526280760765076,229.4832184721355,17.5963660781008,229.4832184721355,17.5963660781008,abs(mean_region - mean_healthy) / abs(mean_healthy),13236,84670,1405227
BraTS-GLI-00260-000,processed_zscore,case_brain_mask,T2,0.33348989486694336,0.2017064392566681,-0.012153527699410915,0.3456434225663543,0.213859966956079,28.439760957891075,17.596534294025993,28.439760957891075,17.596534294025993,abs(mean_region - mean_healthy) / abs(mean_healthy),13236,84670,1405227
BraTS-GLI-00260-000,processed_zscore,case_brain_mask,FLAIR,2.0830435752868652,2.0496201515197754,-0.12349694967269897,2.206540524959564,2.1731171011924744,17.867166199711864,17.596524504871052,17.867166199711864,17.596524504871052,abs(mean_region - mean_healthy) / abs(mean_healthy),13236,84670,1405227
BraTS-GLI-00261-000,processed_zscore,case_brain_mask,T1,0.24076151847839355,0.10871748626232147,-0.010201775468885899,0.25096329394727945,0.11891926173120737,24.599962497967653,11.65672211605674,24.599962497967653,11.65672211605674,abs(mean_region - mean_healthy) / abs(mean_healthy),33639,134165,1429766
BraTS-GLI-00261-000,processed_zscore,case_brain_mask,T1ce,3.3316588401794434,0.6388969421386719,-0.05995209142565727,3.3916109316051006,0.6988490335643291,56.572020274068656,11.65679156382604,56.572020274068656,11.65679156382604,abs(mean_region - mean_healthy) / abs(mean_healthy),33639,134165,1429766
BraTS-GLI-00261-000,processed_zscore,case_brain_mask,T2,0.8374829888343811,1.1475741863250732,-0.10768502950668335,0.9451680183410645,1.2552592158317566,8.777153358001389,11.656766233730291,8.777153358001389,11.656766233730291,abs(mean_region - mean_healthy) / abs(mean_healthy),33639,134165,1429766
BraTS-GLI-00261-000,processed_zscore,case_brain_mask,FLAIR,1.7070764303207397,1.9595773220062256,-0.18388094007968903,1.8909573704004288,2.1434582620859146,10.283596383512826,11.656772372150142,10.283596383512826,11.656772372150142,abs(mean_region - mean_healthy) / abs(mean_healthy),33639,134165,1429766
BraTS-GLI-00262-000,processed_zscore,case_brain_mask,T1,0.2774879038333893,0.4817671775817871,-0.005130921024829149,0.28261882485821843,0.48689809860661626,55.08149969383501,94.89487291861583,55.08149969383501,94.89487291861583,abs(mean_region - mean_healthy) / abs(mean_healthy),2121,15581,1462994
BraTS-GLI-00262-000,processed_zscore,case_brain_mask,T1ce,2.2597265243530273,0.6885578036308289,-0.007333365734666586,2.267059890087694,0.6958911693654954,309.1431645595904,94.89383109257054,309.1431645595904,94.89383109257054,abs(mean_region - mean_healthy) / abs(mean_healthy),2121,15581,1462994
BraTS-GLI-00262-000,processed_zscore,case_brain_mask,T2,1.2205373048782349,0.9207767844200134,-0.00980624370276928,1.2303435485810041,0.9305830281227827,125.4653245292645,94.89699178697613,125.4653245292645,94.89699178697613,abs(mean_region - mean_healthy) / abs(mean_healthy),2121,15581,1462994
BraTS-GLI-00262-000,processed_zscore,case_brain_mask,FLAIR,3.4384264945983887,2.2724404335021973,-0.02420157380402088,3.4626280684024096,2.296642007306218,143.0744998834383,94.89639086713655,143.0744998834383,94.89639086713655,abs(mean_region - mean_healthy) / abs(mean_healthy),2121,15581,1462994
BraTS-GLI-00263-000,processed_zscore,case_brain_mask,T1,-0.46884098649024963,-0.17676082253456116,0.009260354563593864,0.4781013410538435,0.18602117709815502,51.62883751054738,20.08791087000904,51.62883751054738,20.08791087000904,abs(mean_region - mean_healthy) / abs(mean_healthy),22646,87449,1669211
BraTS-GLI-00263-000,processed_zscore,case_brain_mask,T1ce,1.7278317213058472,0.22730909287929535,-0.011908452957868576,1.7397401742637157,0.23921754583716393,146.09287876593348,20.08804558270515,146.09287876593348,20.08804558270515,abs(mean_region - mean_healthy) / abs(mean_healthy),22646,87449,1669211
BraTS-GLI-00263-000,processed_zscore,case_brain_mask,T2,1.126630425453186,0.9409843683242798,-0.04929768294095993,1.175928108394146,0.9902820512652397,23.853618227908708,20.08780113359942,23.853618227908708,20.08780113359942,abs(mean_region - mean_healthy) / abs(mean_healthy),22646,87449,1669211
BraTS-GLI-00263-000,processed_zscore,case_brain_mask,FLAIR,3.6221821308135986,2.8211419582366943,-0.1477981060743332,3.769980236887932,2.9689400643110275,25.50763563229875,20.087808586788228,25.50763563229875,20.087808586788228,abs(mean_region - mean_healthy) / abs(mean_healthy),22646,87449,1669211
BraTS-GLI-00266-000,processed_zscore,case_brain_mask,T1,-0.5863524675369263,-0.5162877440452576,0.07660315930843353,0.6629556268453598,0.5928909033536911,8.654416251633274,7.7397709011776685,8.654416251633274,7.7397709011776685,abs(mean_region - mean_healthy) / abs(mean_healthy),42739,175363,1181905
BraTS-GLI-00266-000,processed_zscore,case_brain_mask,T1ce,2.2551074028015137,0.03833567723631859,-0.00568791339173913,2.260795316193253,0.04402359062805772,397.47358310285284,7.7398489737898615,397.47358310285284,7.7398489737898615,abs(mean_region - mean_healthy) / abs(mean_healthy),42739,175363,1181905
BraTS-GLI-00266-000,processed_zscore,case_brain_mask,T2,1.2530157566070557,1.5050928592681885,-0.22331540286540985,1.4763311594724655,1.7284082621335983,6.610968793595652,7.739762864343461,6.610968793595652,7.739762864343461,abs(mean_region - mean_healthy) / abs(mean_healthy),42739,175363,1181905
BraTS-GLI-00266-000,processed_zscore,case_brain_mask,FLAIR,1.537807583808899,1.7386877536773682,-0.25797462463378906,1.795782208442688,1.9966623783111572,6.96108080781942,7.739762703969598,6.96108080781942,7.739762703969598,abs(mean_region - mean_healthy) / abs(mean_healthy),42739,175363,1181905
BraTS-GLI-00267-000,processed_zscore,case_brain_mask,T1,-0.17037008702754974,0.013228939846158028,-0.000950559217017144,0.1694195278105326,0.014179499063175172,178.23142922349572,14.91700759861175,178.23142922349572,14.91700759861175,abs(mean_region - mean_healthy) / abs(mean_healthy),19111,102407,1425394
BraTS-GLI-00267-000,processed_zscore,case_brain_mask,T1ce,2.25810170173645,0.22694562375545502,-0.016304852440953255,2.2744065541774035,0.24325047619640827,139.4926180665534,14.918900804366112,139.4926180665534,14.918900804366112,abs(mean_region - mean_healthy) / abs(mean_healthy),19111,102407,1425394
BraTS-GLI-00267-000,processed_zscore,case_brain_mask,T2,0.9396263360977173,0.6269672513008118,-0.045044295489788055,0.9846706315875053,0.6720115467905998,21.86005177527394,14.918904591214016,21.86005177527394,14.918904591214016,abs(mean_region - mean_healthy) / abs(mean_healthy),19111,102407,1425394
BraTS-GLI-00267-000,processed_zscore,case_brain_mask,FLAIR,3.709226608276367,2.5199315547943115,-0.18104374408721924,3.8902703523635864,2.7009752988815308,21.488013142776246,14.918909860703693,21.488013142776246,14.918909860703693,abs(mean_region - mean_healthy) / abs(mean_healthy),19111,102407,1425394
BraTS-GLI-00269-000,processed_zscore,case_brain_mask,T1,-0.13788296282291412,-0.02458484284579754,0.0015112862456589937,0.13939424906857312,0.026096129091456532,92.23550433874988,17.267495927005783,92.23550433874988,17.267495927005783,abs(mean_region - mean_healthy) / abs(mean_healthy),25471,96630,1571962
BraTS-GLI-00269-000,processed_zscore,case_brain_mask,T1ce,1.8243632316589355,0.22849111258983612,-0.014045477844774723,1.8384087095037103,0.24253659043461084,130.88972335588036,17.267948667537905,130.88972335588036,17.267948667537905,abs(mean_region - mean_healthy) / abs(mean_healthy),25471,96630,1571962
BraTS-GLI-00269-000,processed_zscore,case_brain_mask,T2,0.04306728392839432,0.28169211745262146,-0.01731593906879425,0.06038322299718857,0.2990080565214157,3.487146885727243,17.267793293421214,3.487146885727243,17.267793293421214,abs(mean_region - mean_healthy) / abs(mean_healthy),25471,96630,1571962
BraTS-GLI-00269-000,processed_zscore,case_brain_mask,FLAIR,2.30705189704895,2.0163185596466064,-0.12394499778747559,2.430996894836426,2.140263557434082,19.61351356030339,17.26784941417258,19.61351356030339,17.26784941417258,abs(mean_region - mean_healthy) / abs(mean_healthy),25471,96630,1571962
BraTS-GLI-00271-000,processed_zscore,case_brain_mask,T1,-0.3064204454421997,-0.018818557262420654,0.002148718573153019,0.3085691640153527,0.020967275835573673,143.60613245063539,9.758037230909396,143.60613245063539,9.758037230909396,abs(mean_region - mean_healthy) / abs(mean_healthy),31863,151279,1324818
BraTS-GLI-00271-000,processed_zscore,case_brain_mask,T1ce,2.886235475540161,0.40736138820648193,-0.04651595652103424,2.9327514320611954,0.4538773447275162,63.04828818762488,9.757454832134334,63.04828818762488,9.757454832134334,abs(mean_region - mean_healthy) / abs(mean_healthy),31863,151279,1324818
BraTS-GLI-00271-000,processed_zscore,case_brain_mask,T2,0.9512315392494202,0.7127724289894104,-0.08139040321111679,1.032621942460537,0.7941628322005272,12.687269035663105,9.75745052080115,12.687269035663105,9.75745052080115,abs(mean_region - mean_healthy) / abs(mean_healthy),31863,151279,1324818
BraTS-GLI-00271-000,processed_zscore,case_brain_mask,FLAIR,3.658107280731201,2.246563196182251,-0.25653180480003357,3.9146390855312347,2.5030950009822845,15.259858669698653,9.757445097045359,15.259858669698653,9.757445097045359,abs(mean_region - mean_healthy) / abs(mean_healthy),31863,151279,1324818
BraTS-GLI-00273-000,processed_zscore,case_brain_mask,T1,-0.32919785380363464,-0.21474820375442505,0.020448390394449234,0.3496462441980839,0.23519659414887428,17.098961700819064,11.501961260125343,17.098961700819064,11.501961260125343,abs(mean_region - mean_healthy) / abs(mean_healthy),25170,116115,1219431
BraTS-GLI-00273-000,processed_zscore,case_brain_mask,T1ce,1.5882428884506226,0.09240597486495972,-0.008798835799098015,1.5970417242497206,0.10120481066405773,181.50602656017702,11.502068338908249,181.50602656017702,11.502068338908249,abs(mean_region - mean_healthy) / abs(mean_healthy),25170,116115,1219431
BraTS-GLI-00273-000,processed_zscore,case_brain_mask,T2,1.5171618461608887,1.0955597162246704,-0.10431981086730957,1.6214816570281982,1.19987952709198,15.543372285161205,11.501933497733969,15.543372285161205,11.501933497733969,abs(mean_region - mean_healthy) / abs(mean_healthy),25170,116115,1219431
BraTS-GLI-00273-000,processed_zscore,case_brain_mask,FLAIR,3.6802191734313965,2.4376819133758545,-0.23211783170700073,3.912337005138397,2.6697997450828552,16.854961018578223,11.501915753085735,16.854961018578223,11.501915753085735,abs(mean_region - mean_healthy) / abs(mean_healthy),25170,116115,1219431
BraTS-GLI-00274-000,processed_zscore,case_brain_mask,T1,0.5145779252052307,0.19869473576545715,-0.006770338863134384,0.5213482640683651,0.20546507462859154,77.00475184590725,30.347827307047048,77.00475184590725,30.347827307047048,abs(mean_region - mean_healthy) / abs(mean_healthy),10897,45951,1348535
BraTS-GLI-00274-000,processed_zscore,case_brain_mask,T1ce,2.540071725845337,0.5336491465568542,-0.018183965235948563,2.5582556910812855,0.5518331117928028,140.68744951314434,30.347237504714496,140.68744951314434,30.347237504714496,abs(mean_region - mean_healthy) / abs(mean_healthy),10897,45951,1348535
BraTS-GLI-00274-000,processed_zscore,case_brain_mask,T2,0.40954434871673584,0.6742404699325562,-0.02297457866370678,0.4325189273804426,0.6972150485962629,18.82597864846584,30.347239825453773,18.82597864846584,30.347239825453773,abs(mean_region - mean_healthy) / abs(mean_healthy),10897,45951,1348535
BraTS-GLI-00274-000,processed_zscore,case_brain_mask,FLAIR,3.047741174697876,3.125100612640381,-0.10648707300424576,3.1542282477021217,3.2315876856446266,29.62076202034738,30.34722989818473,29.62076202034738,30.34722989818473,abs(mean_region - mean_healthy) / abs(mean_healthy),10897,45951,1348535
BraTS-GLI-00275-000,processed_zscore,case_brain_mask,T1,0.7888771295547485,0.8191580176353455,-0.03879768028855324,0.8276748098433018,0.8579556979238987,21.333100424756495,22.11358234675251,21.333100424756495,22.11358234675251,abs(mean_region - mean_healthy) / abs(mean_healthy),18271,69029,1457455
BraTS-GLI-00275-000,processed_zscore,case_brain_mask,T1ce,3.432468891143799,1.4864990711212158,-0.07040466368198395,3.5028735548257828,1.5569037348031998,49.75343069101462,22.11364494027972,49.75343069101462,22.11364494027972,abs(mean_region - mean_healthy) / abs(mean_healthy),18271,69029,1457455
BraTS-GLI-00275-000,processed_zscore,case_brain_mask,T2,1.0575898885726929,0.8475356698036194,-0.040141623467206955,1.0977315120398998,0.8876772932708263,27.346465270311594,22.11363708286487,27.346465270311594,22.11363708286487,abs(mean_region - mean_healthy) / abs(mean_healthy),18271,69029,1457455
BraTS-GLI-00275-000,processed_zscore,case_brain_mask,FLAIR,2.5411226749420166,2.3857550621032715,-0.11299583315849304,2.6541185081005096,2.4987508952617645,23.488640544627195,22.11365521555918,23.488640544627195,22.11365521555918,abs(mean_region - mean_healthy) / abs(mean_healthy),18271,69029,1457455
BraTS-GLI-00280-000,processed_zscore,case_brain_mask,T1,-0.09096024185419083,-0.0289226733148098,0.0006048784707672894,0.09156512032495812,0.02952755178557709,151.37771428499943,48.815676557509704,151.37771428499943,48.815676557509704,abs(mean_region - mean_healthy) / abs(mean_healthy),9619,30654,1465999
BraTS-GLI-00280-000,processed_zscore,case_brain_mask,T1ce,1.6611038446426392,0.45044708251953125,-0.009418761357665062,1.6705226060003042,0.4598658438771963,177.36117760758634,48.82445009639764,177.36117760758634,48.82445009639764,abs(mean_region - mean_healthy) / abs(mean_healthy),9619,30654,1465999
BraTS-GLI-00280-000,processed_zscore,case_brain_mask,T2,0.0076488410122692585,0.03125159069895744,-0.0006535199354402721,0.00830236094770953,0.031905110634397715,12.704066850105015,48.820409147738474,12.704066850105015,48.820409147738474,abs(mean_region - mean_healthy) / abs(mean_healthy),9619,30654,1465999
BraTS-GLI-00280-000,processed_zscore,case_brain_mask,FLAIR,2.4552197456359863,1.9708844423294067,-0.04121117666363716,2.4964309222996235,2.012095618993044,60.57655045075087,48.82402740925435,60.57655045075087,48.82402740925435,abs(mean_region - mean_healthy) / abs(mean_healthy),9619,30654,1465999
BraTS-GLI-00281-000,processed_zscore,case_brain_mask,T1,-0.36527132987976074,0.02796013467013836,-0.002622491680085659,0.3626488381996751,0.030582626350224018,138.28407577172172,11.66166763557667,138.28407577172172,11.66166763557667,abs(mean_region - mean_healthy) / abs(mean_healthy),15251,121148,1291658
BraTS-GLI-00281-000,processed_zscore,case_brain_mask,T1ce,2.0306828022003174,-0.10083484649658203,0.009457743726670742,2.0212250584736466,0.11029259022325277,213.71112570684406,11.66161754967295,213.71112570684406,11.66161754967295,abs(mean_region - mean_healthy) / abs(mean_healthy),15251,121148,1291658
BraTS-GLI-00281-000,processed_zscore,case_brain_mask,T2,0.8248972296714783,1.013518214225769,-0.09506057947874069,0.919957809150219,1.1085787937045097,9.677595215543136,11.661813969400763,9.677595215543136,11.661813969400763,abs(mean_region - mean_healthy) / abs(mean_healthy),15251,121148,1291658
BraTS-GLI-00281-000,processed_zscore,case_brain_mask,FLAIR,2.946758508682251,2.3334083557128906,-0.218856543302536,3.165615051984787,2.5522648990154266,14.46433816515508,11.661816733929253,14.46433816515508,11.661816733929253,abs(mean_region - mean_healthy) / abs(mean_healthy),15251,121148,1291658
BraTS-GLI-00282-000,processed_zscore,case_brain_mask,T1,-0.20332187414169312,0.11978449672460556,-0.004049341659992933,0.19927253248170018,0.1238338383845985,49.21109385520409,30.581227464223062,49.21109385520409,30.581227464223062,abs(mean_region - mean_healthy) / abs(mean_healthy),8079,52485,1552539
BraTS-GLI-00282-000,processed_zscore,case_brain_mask,T1ce,2.976245880126953,0.38152602314949036,-0.012897775508463383,2.9891436556354165,0.39442379865795374,231.7565268269689,30.580761651428734,231.7565268269689,30.580761651428734,abs(mean_region - mean_healthy) / abs(mean_healthy),8079,52485,1552539
BraTS-GLI-00282-000,processed_zscore,case_brain_mask,T2,0.7329645156860352,0.5392025113105774,-0.018228307366371155,0.7511928230524063,0.5574308186769485,41.210234606766555,30.580503580125907,41.210234606766555,30.580503580125907,abs(mean_region - mean_healthy) / abs(mean_healthy),8079,52485,1552539
BraTS-GLI-00282-000,processed_zscore,case_brain_mask,FLAIR,3.9676949977874756,2.9670822620391846,-0.10030490905046463,4.06799990683794,3.067387171089649,40.556339119865804,30.580628606586036,40.556339119865804,30.580628606586036,abs(mean_region - mean_healthy) / abs(mean_healthy),8079,52485,1552539
BraTS-GLI-00283-000,processed_zscore,case_brain_mask,T1,-0.25765252113342285,-0.0960228443145752,0.0044078947976231575,0.262060415931046,0.10043073911219835,59.45251145112521,22.784286767994782,59.45251145112521,22.784286767994782,abs(mean_region - mean_healthy) / abs(mean_healthy),15491,73803,1607716
BraTS-GLI-00283-000,processed_zscore,case_brain_mask,T1ce,2.031503915786743,0.19031384587287903,-0.008736379444599152,2.0402402952313423,0.19905022531747818,233.5338463913244,22.784063647845727,233.5338463913244,22.784063647845727,abs(mean_region - mean_healthy) / abs(mean_healthy),15491,73803,1607716
BraTS-GLI-00283-000,processed_zscore,case_brain_mask,T2,0.8693567514419556,0.8780754208564758,-0.040308479219675064,0.9096652306616306,0.9183839000761509,22.567589953073988,22.783888597510682,22.567589953073988,22.783888597510682,abs(mean_region - mean_healthy) / abs(mean_healthy),15491,73803,1607716
BraTS-GLI-00283-000,processed_zscore,case_brain_mask,FLAIR,3.533733367919922,2.3102493286132812,-0.10605320334434509,3.639786571264267,2.4163025319576263,34.32038313304136,22.783871262352275,34.32038313304136,22.783871262352275,abs(mean_region - mean_healthy) / abs(mean_healthy),15491,73803,1607716
BraTS-GLI-00284-000,processed_zscore,case_brain_mask,T1,-0.325359970331192,-0.0340457409620285,0.0004394069837871939,0.3257993773149792,0.0344851479458157,741.4524332475444,78.48111026500425,741.4524332475444,78.48111026500425,abs(mean_region - mean_healthy) / abs(mean_healthy),1412,19150,1483638
BraTS-GLI-00284-000,processed_zscore,case_brain_mask,T1ce,1.6819742918014526,0.035953205078840256,-0.00046422419836744666,1.68243851599982,0.0364174292772077,3624.1939173281144,78.4479340053322,3624.1939173281144,78.4479340053322,abs(mean_region - mean_healthy) / abs(mean_healthy),1412,19150,1483638
BraTS-GLI-00284-000,processed_zscore,case_brain_mask,T2,0.6016818284988403,0.43819761276245117,-0.005655928049236536,0.6073377565480769,0.4438535408116877,107.38074304712171,78.4758110336289,107.38074304712171,78.4758110336289,abs(mean_region - mean_healthy) / abs(mean_healthy),1412,19150,1483638
BraTS-GLI-00284-000,processed_zscore,case_brain_mask,FLAIR,2.516674518585205,2.028108835220337,-0.02617781236767769,2.5428523309528828,2.0542866475880146,97.13769413721514,78.47434379675235,97.13769413721514,78.47434379675235,abs(mean_region - mean_healthy) / abs(mean_healthy),1412,19150,1483638
BraTS-GLI-00285-000,processed_zscore,case_brain_mask,T1,-0.2717400789260864,-0.03850637748837471,0.00016278373368550092,0.2719028626597719,0.03866916122206021,1670.331896828769,237.54929529242304,1670.331896828769,237.54929529242304,abs(mean_region - mean_healthy) / abs(mean_healthy),2124,6487,1535810
BraTS-GLI-00285-000,processed_zscore,case_brain_mask,T1ce,2.508436918258667,1.0383400917053223,-0.004385723732411861,2.512822641991079,1.0427258154377341,572.9550686060179,237.7545598076929,572.9550686060179,237.7545598076929,abs(mean_region - mean_healthy) / abs(mean_healthy),2124,6487,1535810
BraTS-GLI-00285-000,processed_zscore,case_brain_mask,T2,0.6481396555900574,0.49507567286491394,-0.0020911036990582943,0.6502307592891157,0.49716677656397223,310.95098707057906,237.75328635680088,310.95098707057906,237.75328635680088,abs(mean_region - mean_healthy) / abs(mean_healthy),2124,6487,1535810
BraTS-GLI-00285-000,processed_zscore,case_brain_mask,FLAIR,4.066620826721191,2.991008996963501,-0.012633497826755047,4.0792543245479465,3.003642494790256,322.89191643417695,237.75224692160737,322.89191643417695,237.75224692160737,abs(mean_region - mean_healthy) / abs(mean_healthy),2124,6487,1535810
BraTS-GLI-00286-000,processed_zscore,case_brain_mask,T1,-0.1927555501461029,-0.3152790367603302,0.014583943411707878,0.20733949355781078,0.3298629801720381,14.216970520563061,22.618229573438047,14.216970520563061,22.618229573438047,abs(mean_region - mean_healthy) / abs(mean_healthy),15501,77815,1682227
BraTS-GLI-00286-000,processed_zscore,case_brain_mask,T1ce,2.5650174617767334,0.17226161062717438,-0.007968300953507423,2.572985762730241,0.1802299115806818,322.90268373933395,22.618361509218552,322.90268373933395,22.618361509218552,abs(mean_region - mean_healthy) / abs(mean_healthy),15501,77815,1682227
BraTS-GLI-00286-000,processed_zscore,case_brain_mask,T2,1.1518610715866089,0.9496022462844849,-0.04392591118812561,1.1957869827747345,0.9935281574726105,27.222815655511976,22.618270870182624,27.222815655511976,22.618270870182624,abs(mean_region - mean_healthy) / abs(mean_healthy),15501,77815,1682227
BraTS-GLI-00286-000,processed_zscore,case_brain_mask,FLAIR,3.369929313659668,2.222360372543335,-0.10280002653598785,3.472729340195656,2.325160399079323,33.78140509506518,22.618285981330356,33.78140509506518,22.618285981330356,abs(mean_region - mean_healthy) / abs(mean_healthy),15501,77815,1682227
BraTS-GLI-00288-000,processed_zscore,case_brain_mask,T1,0.2718616724014282,0.37789851427078247,-0.004975046031177044,0.27683671843260527,0.3828735603019595,55.6450566884722,76.95879754732151,55.6450566884722,76.95879754732151,abs(mean_region - mean_healthy) / abs(mean_healthy),3913,18374,1395615
BraTS-GLI-00288-000,processed_zscore,case_brain_mask,T1ce,2.524186611175537,0.5519299507141113,-0.007266342639923096,2.53145295381546,0.5591962933540344,348.38061997063386,76.957049930686,348.38061997063386,76.957049930686,abs(mean_region - mean_healthy) / abs(mean_healthy),3913,18374,1395615
BraTS-GLI-00288-000,processed_zscore,case_brain_mask,T2,0.16869093477725983,0.17997699975967407,-0.002369468566030264,0.1710604033432901,0.18234646832570434,72.19357361211148,76.95669439970757,72.19357361211148,76.95669439970757,abs(mean_region - mean_healthy) / abs(mean_healthy),3913,18374,1395615
BraTS-GLI-00288-000,processed_zscore,case_brain_mask,FLAIR,2.553844928741455,2.1536662578582764,-0.02835397608578205,2.582198904827237,2.1820202339440584,91.07008121242181,76.95641088722724,91.07008121242181,76.95641088722724,abs(mean_region - mean_healthy) / abs(mean_healthy),3913,18374,1395615
BraTS-GLI-00289-000,processed_zscore,case_brain_mask,T1,-0.4422057867050171,-0.39570507407188416,0.011127200908958912,0.453332987613976,0.40683227498084307,40.74097262402993,36.56196003914045,40.74097262402993,36.56196003914045,abs(mean_region - mean_healthy) / abs(mean_healthy),17269,40355,1435099
BraTS-GLI-00289-000,processed_zscore,case_brain_mask,T1ce,2.509603261947632,1.1252754926681519,-0.031642694026231766,2.5412459559738636,1.1569181866943836,80.3106699406559,36.56193703782932,80.3106699406559,36.56193703782932,abs(mean_region - mean_healthy) / abs(mean_healthy),17269,40355,1435099
BraTS-GLI-00289-000,processed_zscore,case_brain_mask,T2,0.6953310370445251,0.6717177033424377,-0.018888743594288826,0.714219780638814,0.6906064469367266,37.8119262974571,36.561799014813104,37.8119262974571,36.561799014813104,abs(mean_region - mean_healthy) / abs(mean_healthy),17269,40355,1435099
BraTS-GLI-00289-000,processed_zscore,case_brain_mask,FLAIR,1.8907619714736938,1.7475568056106567,-0.04914133995771408,1.939903311431408,1.7966981455683708,39.47599542667511,36.561846850623574,39.47599542667511,36.561846850623574,abs(mean_region - mean_healthy) / abs(mean_healthy),17269,40355,1435099
BraTS-GLI-00290-000,processed_zscore,case_brain_mask,T1,-0.38903936743736267,-0.3960888385772705,0.029690328985452652,0.4187296964228153,0.42577916756272316,14.10323532042976,14.340668564883261,14.10323532042976,14.340668564883261,abs(mean_region - mean_healthy) / abs(mean_healthy),8577,118394,1579464
BraTS-GLI-00290-000,processed_zscore,case_brain_mask,T1ce,3.565986156463623,-0.15615049004554749,0.011704850010573864,3.554281306453049,0.16785534005612135,303.658851095247,14.340665613355583,303.658851095247,14.340665613355583,abs(mean_region - mean_healthy) / abs(mean_healthy),8577,118394,1579464
BraTS-GLI-00290-000,processed_zscore,case_brain_mask,T2,0.8388940095901489,1.0072170495986938,-0.07549939304590225,0.9143934026360512,1.082716442644596,12.111268259866893,14.340730421320398,12.111268259866893,14.340730421320398,abs(mean_region - mean_healthy) / abs(mean_healthy),8577,118394,1579464
BraTS-GLI-00290-000,processed_zscore,case_brain_mask,FLAIR,3.5028650760650635,2.342470407485962,-0.17558780312538147,3.678452879190445,2.5180582106113434,20.949364441696346,14.34073532324612,20.949364441696346,14.34073532324612,abs(mean_region - mean_healthy) / abs(mean_healthy),8577,118394,1579464
BraTS-GLI-00291-000,processed_zscore,case_brain_mask,T1,0.3525021970272064,0.41873303055763245,-0.015688197687268257,0.3681903947144747,0.4344212282449007,23.469260271578506,27.69095831814096,23.469260271578506,27.69095831814096,abs(mean_region - mean_healthy) / abs(mean_healthy),12057,57452,1533462
BraTS-GLI-00291-000,processed_zscore,case_brain_mask,T1ce,2.600921392440796,0.9005030393600464,-0.03373780846595764,2.6346592009067535,0.934240847826004,78.09218561321775,27.69121322058243,78.09218561321775,27.69121322058243,abs(mean_region - mean_healthy) / abs(mean_healthy),12057,57452,1533462
BraTS-GLI-00291-000,processed_zscore,case_brain_mask,T2,0.6787297129631042,0.8453835844993591,-0.03167283162474632,0.7104025445878506,0.8770564161241055,22.429397945992473,27.691127415297213,22.429397945992473,27.691127415297213,abs(mean_region - mean_healthy) / abs(mean_healthy),12057,57452,1533462
BraTS-GLI-00291-000,processed_zscore,case_brain_mask,FLAIR,2.8938281536102295,2.264655590057373,-0.08484670519828796,2.9786748588085175,2.349502295255661,35.10654717643203,27.6911435719848,35.10654717643203,27.6911435719848,abs(mean_region - mean_healthy) / abs(mean_healthy),12057,57452,1533462
BraTS-GLI-00292-000,processed_zscore,case_brain_mask,T1,-0.8865369558334351,-0.6913502216339111,0.017145907506346703,0.9036828633397818,0.7084961291402578,52.70545539833782,41.321588191118025,52.70545539833782,41.321588191118025,abs(mean_region - mean_healthy) / abs(mean_healthy),2624,37429,1509188
BraTS-GLI-00292-000,processed_zscore,case_brain_mask,T1ce,1.112181544303894,-0.4539254307746887,0.011257586069405079,1.100923958234489,0.4651830168440938,97.79396323928516,41.321737535574265,97.79396323928516,41.321737535574265,abs(mean_region - mean_healthy) / abs(mean_healthy),2624,37429,1509188
BraTS-GLI-00292-000,processed_zscore,case_brain_mask,T2,0.7119264602661133,0.4878242015838623,-0.012098403647542,0.7240248639136553,0.4999226052314043,59.8446609161328,41.32136931412205,59.8446609161328,41.32136931412205,abs(mean_region - mean_healthy) / abs(mean_healthy),2624,37429,1509188
BraTS-GLI-00292-000,processed_zscore,case_brain_mask,FLAIR,2.4586703777313232,1.9745453596115112,-0.04897011071443558,2.507640488445759,2.023515470325947,51.207572371416916,41.32143956393891,51.207572371416916,41.32143956393891,abs(mean_region - mean_healthy) / abs(mean_healthy),2624,37429,1509188
BraTS-GLI-00293-000,processed_zscore,case_brain_mask,T1,0.7350731492042542,0.7067142128944397,-0.016461599618196487,0.7515347488224506,0.7231758125126362,45.653810459082706,43.931077737624285,45.653810459082706,43.931077737624285,abs(mean_region - mean_healthy) / abs(mean_healthy),1276,34459,1479355
BraTS-GLI-00293-000,processed_zscore,case_brain_mask,T1ce,1.2749103307724,0.43818965554237366,-0.010206974111497402,1.2851173048838973,0.44839662965387106,125.905806250288,43.93041706148597,125.905806250288,43.93041706148597,abs(mean_region - mean_healthy) / abs(mean_healthy),1276,34459,1479355
BraTS-GLI-00293-000,processed_zscore,case_brain_mask,T2,0.2742091715335846,0.2772725522518158,-0.006458638701587915,0.2806678102351725,0.2837311909534037,43.45618685345687,43.93049434451966,43.45618685345687,43.93049434451966,abs(mean_region - mean_healthy) / abs(mean_healthy),1276,34459,1479355
BraTS-GLI-00293-000,processed_zscore,case_brain_mask,FLAIR,2.2626795768737793,2.1409554481506348,-0.049869876354932785,2.312549453228712,2.1908253245055676,46.37167007934582,43.93083529850914,46.37167007934582,43.93083529850914,abs(mean_region - mean_healthy) / abs(mean_healthy),1276,34459,1479355
BraTS-GLI-00294-000,processed_zscore,case_brain_mask,T1,-0.4954816699028015,-0.558740496635437,0.05392681807279587,0.5494084879755974,0.6126673147082329,10.188038300979493,11.361087796450231,10.188038300979493,11.361087796450231,abs(mean_region - mean_healthy) / abs(mean_healthy),12653,148942,1543208
BraTS-GLI-00294-000,processed_zscore,case_brain_mask,T1ce,1.7331209182739258,-0.3865348696708679,0.03730621188879013,1.6958147063851357,0.42384108155965805,45.456630961094675,11.361139609219208,45.456630961094675,11.361139609219208,abs(mean_region - mean_healthy) / abs(mean_healthy),12653,148942,1543208
BraTS-GLI-00294-000,processed_zscore,case_brain_mask,T2,1.579811692237854,1.8655399084091187,-0.18005171418190002,1.759863406419754,2.0455916225910187,9.774210783918585,11.361133838050707,9.774210783918585,11.361133838050707,abs(mean_region - mean_healthy) / abs(mean_healthy),12653,148942,1543208
BraTS-GLI-00294-000,processed_zscore,case_brain_mask,FLAIR,1.8768589496612549,2.2746286392211914,-0.2195347249507904,2.0963936746120453,2.494163364171982,9.549257754471236,11.361133710081896,9.549257754471236,11.361133710081896,abs(mean_region - mean_healthy) / abs(mean_healthy),12653,148942,1543208
BraTS-GLI-00296-000,processed_zscore,case_brain_mask,T1,-0.022319244220852852,0.15909507870674133,-0.00375402276404202,0.018565221456810832,0.16284910147078335,4.945420585788176,43.37989184046422,4.945420585788176,43.37989184046422,abs(mean_region - mean_healthy) / abs(mean_healthy),8897,33412,1415970
BraTS-GLI-00296-000,processed_zscore,case_brain_mask,T1ce,2.763481616973877,0.6216824650764465,-0.014669600874185562,2.7781512178480625,0.6363520659506321,189.38151362637547,43.378962482233284,189.38151362637547,43.378962482233284,abs(mean_region - mean_healthy) / abs(mean_healthy),8897,33412,1415970
BraTS-GLI-00296-000,processed_zscore,case_brain_mask,T2,0.44317442178726196,0.38455840945243835,-0.009074314497411251,0.4522487362846732,0.3936327239498496,49.83833615351244,43.378783495122015,49.83833615351244,43.378783495122015,abs(mean_region - mean_healthy) / abs(mean_healthy),8897,33412,1415970
BraTS-GLI-00296-000,processed_zscore,case_brain_mask,FLAIR,3.145742893218994,2.7316079139709473,-0.06445644050836563,3.2101993337273598,2.796064354479313,49.80416709965107,43.379130656717216,49.80416709965107,43.379130656717216,abs(mean_region - mean_healthy) / abs(mean_healthy),8897,33412,1415970
BraTS-GLI-00297-000,processed_zscore,case_brain_mask,T1,-0.10962410271167755,-0.008228974416851997,0.0005953832878731191,0.11021948599955067,0.008824357704725116,185.1235804640847,14.821305677302883,185.1235804640847,14.821305677302883,abs(mean_region - mean_healthy) / abs(mean_healthy),18844,92405,1276897
BraTS-GLI-00297-000,processed_zscore,case_brain_mask,T1ce,2.8959944248199463,0.5555953979492188,-0.04020672291517258,2.936201147735119,0.5958021208643913,73.02761664833673,14.81847008823385,73.02761664833673,14.81847008823385,abs(mean_region - mean_healthy) / abs(mean_healthy),18844,92405,1276897
BraTS-GLI-00297-000,processed_zscore,case_brain_mask,T2,1.0351471900939941,0.8795409202575684,-0.06364967674016953,1.0987968668341637,0.9431905969977379,17.263196344573252,14.818466413396363,17.263196344573252,14.818466413396363,abs(mean_region - mean_healthy) / abs(mean_healthy),18844,92405,1276897
BraTS-GLI-00297-000,processed_zscore,case_brain_mask,FLAIR,2.9143126010894775,2.1790542602539062,-0.15769121050834656,3.072003811597824,2.336745470762253,19.481135325771525,14.818489015521696,19.481135325771525,14.818489015521696,abs(mean_region - mean_healthy) / abs(mean_healthy),18844,92405,1276897
BraTS-GLI-00298-000,processed_zscore,case_brain_mask,T1,-0.4998825788497925,-0.3697722852230072,0.007599486503750086,0.5074820653535426,0.3773717717267573,66.77846787452252,49.65753561645741,66.77846787452252,49.65753561645741,abs(mean_region - mean_healthy) / abs(mean_healthy),10956,27849,1355079
BraTS-GLI-00298-000,processed_zscore,case_brain_mask,T1ce,2.509220600128174,0.9453928470611572,-0.019429219886660576,2.5286498200148344,0.9648220669478178,130.14674983172728,49.658301906924784,130.14674983172728,49.658301906924784,abs(mean_region - mean_healthy) / abs(mean_healthy),10956,27849,1355079
BraTS-GLI-00298-000,processed_zscore,case_brain_mask,T2,0.5503451228141785,0.4835403263568878,-0.00993745680898428,0.5602825796231627,0.4934777831658721,56.380881989506726,49.65835753064381,56.380881989506726,49.65835753064381,abs(mean_region - mean_healthy) / abs(mean_healthy),10956,27849,1355079
BraTS-GLI-00298-000,processed_zscore,case_brain_mask,FLAIR,3.081251382827759,2.3996777534484863,-0.04931715503334999,3.130568537861109,2.4489949084818363,63.47828733721782,49.65807348022691,63.47828733721782,49.65807348022691,abs(mean_region - mean_healthy) / abs(mean_healthy),10956,27849,1355079
BraTS-GLI-00299-000,processed_zscore,case_brain_mask,T1,-0.13276955485343933,-0.04271768033504486,0.0017376459436491132,0.13450720079708844,0.044455326278693974,77.40771432103075,25.583650363972502,77.40771432103075,25.583650363972502,abs(mean_region - mean_healthy) / abs(mean_healthy),7133,59335,1458657
BraTS-GLI-00299-000,processed_zscore,case_brain_mask,T1ce,1.710103988647461,-0.015410160645842552,0.0006269249133765697,1.7094770637340844,0.016037085559219122,2726.765242949066,25.580552338946944,2726.765242949066,25.580552338946944,abs(mean_region - mean_healthy) / abs(mean_healthy),7133,59335,1458657
BraTS-GLI-00299-000,processed_zscore,case_brain_mask,T2,0.8648360967636108,0.6543638110160828,-0.026618214324116707,0.8914543110877275,0.6809820253401995,33.49038745548193,25.583309873766186,33.49038745548193,25.583309873766186,abs(mean_region - mean_healthy) / abs(mean_healthy),7133,59335,1458657
BraTS-GLI-00299-000,processed_zscore,case_brain_mask,FLAIR,2.7810347080230713,2.035977602005005,-0.08281928300857544,2.8638539910316467,2.1187968850135803,34.5795554730305,25.583376335124655,34.5795554730305,25.583376335124655,abs(mean_region - mean_healthy) / abs(mean_healthy),7133,59335,1458657
BraTS-GLI-00300-000,processed_zscore,case_brain_mask,T1,-0.4131104052066803,-0.3115622401237488,0.03655897453427315,0.44966937974095345,0.3481212146580219,12.299835689302482,9.522182147961146,12.299835689302482,9.522182147961146,abs(mean_region - mean_healthy) / abs(mean_healthy),35912,169685,1446090
BraTS-GLI-00300-000,processed_zscore,case_brain_mask,T1ce,2.962339401245117,0.23044036328792572,-0.0270400270819664,2.9893794283270836,0.2574803903698921,110.55386221564726,9.522194248895984,110.55386221564726,9.522194248895984,abs(mean_region - mean_healthy) / abs(mean_healthy),35912,169685,1446090
BraTS-GLI-00300-000,processed_zscore,case_brain_mask,T2,0.9135950207710266,1.1545954942703247,-0.13548092544078827,1.0490759462118149,1.290076419711113,7.743347949526016,9.522199641859835,7.743347949526016,9.522199641859835,abs(mean_region - mean_healthy) / abs(mean_healthy),35912,169685,1446090
BraTS-GLI-00300-000,processed_zscore,case_brain_mask,FLAIR,2.4670567512512207,2.2644450664520264,-0.2657112777233124,2.732768028974533,2.5301563441753387,10.284727288919177,9.5222015634956,10.284727288919177,9.5222015634956,abs(mean_region - mean_healthy) / abs(mean_healthy),35912,169685,1446090
BraTS-GLI-00301-000,processed_zscore,case_brain_mask,T1,-1.0247176885604858,-0.7453728914260864,0.03773793950676918,1.062455628067255,0.7831108309328556,28.153514525526198,20.751287462114522,28.153514525526198,20.751287462114522,abs(mean_region - mean_healthy) / abs(mean_healthy),24023,75163,1484560
BraTS-GLI-00301-000,processed_zscore,case_brain_mask,T1ce,2.6882708072662354,0.43974876403808594,-0.02226448804140091,2.7105352953076363,0.46201325207948685,121.74253862327238,20.751128488576573,121.74253862327238,20.751128488576573,abs(mean_region - mean_healthy) / abs(mean_healthy),24023,75163,1484560
BraTS-GLI-00301-000,processed_zscore,case_brain_mask,T2,1.5511560440063477,1.4352751970291138,-0.07266761362552643,1.623823657631874,1.5079428106546402,22.345905921719478,20.75123614799613,22.345905921719478,20.75123614799613,abs(mean_region - mean_healthy) / abs(mean_healthy),24023,75163,1484560
BraTS-GLI-00301-000,processed_zscore,case_brain_mask,FLAIR,4.25985860824585,3.121817111968994,-0.1580571085214615,4.417915716767311,3.2798742204904556,27.95138895108557,20.751197153812946,27.95138895108557,20.751197153812946,abs(mean_region - mean_healthy) / abs(mean_healthy),24023,75163,1484560
BraTS-GLI-00303-000,processed_zscore,case_brain_mask,T1,-0.3678469657897949,-0.045495979487895966,0.0033285741228610277,0.37117553991265595,0.04882455361075699,111.51187451809467,14.668308954102711,111.51187451809467,14.668308954102711,abs(mean_region - mean_healthy) / abs(mean_healthy),27505,113040,1545046
BraTS-GLI-00303-000,processed_zscore,case_brain_mask,T1ce,2.45707106590271,0.47476357221603394,-0.03473493456840515,2.491806000471115,0.5094985067844391,71.7377485068781,14.668186743840256,71.7377485068781,14.668186743840256,abs(mean_region - mean_healthy) / abs(mean_healthy),27505,113040,1545046
BraTS-GLI-00303-000,processed_zscore,case_brain_mask,T2,0.7005216479301453,0.6825302243232727,-0.0499359630048275,0.7504576109349728,0.7324661873281002,15.028399689867264,14.66810978006552,15.028399689867264,14.66810978006552,abs(mean_region - mean_healthy) / abs(mean_healthy),27505,113040,1545046
BraTS-GLI-00303-000,processed_zscore,case_brain_mask,FLAIR,3.767955780029297,2.747161865234375,-0.20099017024040222,3.968945950269699,2.948152035474777,19.746965463646728,14.66814039685883,19.746965463646728,14.66814039685883,abs(mean_region - mean_healthy) / abs(mean_healthy),27505,113040,1545046
BraTS-GLI-00304-000,processed_zscore,case_brain_mask,T1,-0.3696228265762329,-0.24306939542293549,0.028848035261034966,0.3984708618372679,0.27191743068397045,13.812755642859408,9.425856153581774,13.812755642859408,9.425856153581774,abs(mean_region - mean_healthy) / abs(mean_healthy),33860,155834,1313032
BraTS-GLI-00304-000,processed_zscore,case_brain_mask,T1ce,1.9384063482284546,0.06577841192483902,-0.007806655019521713,1.9462130032479763,0.07358506694436073,249.30178141357322,9.425940657086835,249.30178141357322,9.425940657086835,abs(mean_region - mean_healthy) / abs(mean_healthy),33860,155834,1313032
BraTS-GLI-00304-000,processed_zscore,case_brain_mask,T2,0.4580150544643402,0.80218106508255,-0.09520497918128967,0.5532200336456299,0.8973860442638397,5.810830887239482,9.425831001496611,5.810830887239482,9.425831001496611,abs(mean_region - mean_healthy) / abs(mean_healthy),33860,155834,1313032
BraTS-GLI-00304-000,processed_zscore,case_brain_mask,FLAIR,2.0776302814483643,2.2231945991516113,-0.26385432481765747,2.3414846062660217,2.487048923969269,8.874156631255364,9.42584104197648,8.874156631255364,9.42584104197648,abs(mean_region - mean_healthy) / abs(mean_healthy),33860,155834,1313032
BraTS-GLI-00305-000,processed_zscore,case_brain_mask,T1,0.22185757756233215,0.15678918361663818,-0.006853965576738119,0.22871154313907027,0.1636431491933763,33.369228452985126,23.87568880543692,33.369228452985126,23.87568880543692,abs(mean_region - mean_healthy) / abs(mean_healthy),3810,57981,1326335
BraTS-GLI-00305-000,processed_zscore,case_brain_mask,T1ce,2.161207437515259,-0.061637744307518005,0.0026944908313453197,2.1585129466839135,0.06433223513886333,801.0837971959992,23.87547004817351,801.0837971959992,23.87547004817351,abs(mean_region - mean_healthy) / abs(mean_healthy),3810,57981,1326335
BraTS-GLI-00305-000,processed_zscore,case_brain_mask,T2,0.85367751121521,0.5939440727233887,-0.025964364409446716,0.8796418756246567,0.6199084371328354,33.87881412204387,23.875355751334766,33.87881412204387,23.875355751334766,abs(mean_region - mean_healthy) / abs(mean_healthy),3810,57981,1326335
BraTS-GLI-00305-000,processed_zscore,case_brain_mask,FLAIR,3.3951046466827393,2.6357598304748535,-0.11522277444601059,3.51032742112875,2.750982604920864,30.46556931133062,23.87533730330265,30.46556931133062,23.87533730330265,abs(mean_region - mean_healthy) / abs(mean_healthy),3810,57981,1326335
BraTS-GLI-00306-000,processed_zscore,case_brain_mask,T1,-0.9026312828063965,-1.0454363822937012,0.05395893752574921,0.9565902203321457,1.0993953198194504,17.72811445510136,20.374665814997172,17.72811445510136,20.374665814997172,abs(mean_region - mean_healthy) / abs(mean_healthy),24751,62840,1217506
BraTS-GLI-00306-000,processed_zscore,case_brain_mask,T1ce,1.6192939281463623,0.0709458515048027,-0.003661672119051218,1.6229556002654135,0.07460752362385392,443.22799734617973,20.375260590832365,443.22799734617973,20.375260590832365,abs(mean_region - mean_healthy) / abs(mean_healthy),24751,62840,1217506
BraTS-GLI-00306-000,processed_zscore,case_brain_mask,T2,2.051964044570923,2.3531994819641113,-0.12145741283893585,2.1734214574098587,2.474656894803047,17.894514683035638,20.37468802406222,17.894514683035638,20.37468802406222,abs(mean_region - mean_healthy) / abs(mean_healthy),24751,62840,1217506
BraTS-GLI-00306-000,processed_zscore,case_brain_mask,FLAIR,4.951700687408447,3.0824053287506104,-0.15909439325332642,5.110795080661774,3.2414997220039368,32.12429411339368,20.37469489476281,32.12429411339368,20.37469489476281,abs(mean_region - mean_healthy) / abs(mean_healthy),24751,62840,1217506
BraTS-GLI-00309-000,processed_zscore,case_brain_mask,T1,0.26766836643218994,0.1880672723054886,-0.005236097611486912,0.27290446404367685,0.1933033699169755,52.1198198148524,36.91744964664295,52.1198198148524,36.91744964664295,abs(mean_region - mean_healthy) / abs(mean_healthy),5988,42154,1514070
BraTS-GLI-00309-000,processed_zscore,case_brain_mask,T1ce,2.0566775798797607,0.16850735247135162,-0.004691370762884617,2.0613689506426454,0.17319872323423624,439.3958727267927,36.91857497268886,439.3958727267927,36.91857497268886,abs(mean_region - mean_healthy) / abs(mean_healthy),5988,42154,1514070
BraTS-GLI-00309-000,processed_zscore,case_brain_mask,T2,0.36120206117630005,0.48913660645484924,-0.013618379831314087,0.37482044100761414,0.5027549862861633,27.523130185115885,36.91738609978619,27.523130185115885,36.91738609978619,abs(mean_region - mean_healthy) / abs(mean_healthy),5988,42154,1514070
BraTS-GLI-00309-000,processed_zscore,case_brain_mask,FLAIR,2.684380054473877,2.922675371170044,-0.08137166500091553,2.7657517194747925,3.0040470361709595,33.989125323215085,36.917605608010604,33.989125323215085,36.917605608010604,abs(mean_region - mean_healthy) / abs(mean_healthy),5988,42154,1514070
BraTS-GLI-00310-000,processed_zscore,case_brain_mask,T1,-0.22736681997776031,-0.22043398022651672,0.01752561517059803,0.24489243514835835,0.23795959539711475,13.97340023528554,13.577816988491755,13.97340023528554,13.577816988491755,abs(mean_region - mean_healthy) / abs(mean_healthy),40108,97205,1222628
BraTS-GLI-00310-000,processed_zscore,case_brain_mask,T1ce,2.5650622844696045,0.9352296590805054,-0.07435554265975952,2.639417827129364,1.009585201740265,35.49725726845903,13.577806920998269,35.49725726845903,13.577806920998269,abs(mean_region - mean_healthy) / abs(mean_healthy),40108,97205,1222628
BraTS-GLI-00310-000,processed_zscore,case_brain_mask,T2,0.33896639943122864,0.5359475612640381,-0.042610570788383484,0.3815769702196121,0.5785581320524216,8.954983778899246,13.57780760379179,8.954983778899246,13.57780760379179,abs(mean_region - mean_healthy) / abs(mean_healthy),40108,97205,1222628
BraTS-GLI-00310-000,processed_zscore,case_brain_mask,FLAIR,2.2310523986816406,2.30389142036438,-0.1831708699464798,2.4142232686281204,2.4870622903108597,13.180170347684246,13.577826490847304,13.180170347684246,13.577826490847304,abs(mean_region - mean_healthy) / abs(mean_healthy),40108,97205,1222628
BraTS-GLI-00311-000,processed_zscore,case_brain_mask,T1,0.08189231902360916,0.1154075488448143,-0.00144103541970253,0.08333335444331169,0.11684858426451683,57.828803722613586,81.08654559555355,57.828803722613586,81.08654559555355,abs(mean_region - mean_healthy) / abs(mean_healthy),7693,19464,1558899
BraTS-GLI-00311-000,processed_zscore,case_brain_mask,T1ce,2.0725514888763428,0.7806221842765808,-0.009746684692800045,2.082298173569143,0.7903688689693809,213.64168834838304,81.09104725150623,213.64168834838304,81.09104725150623,abs(mean_region - mean_healthy) / abs(mean_healthy),7693,19464,1558899
BraTS-GLI-00311-000,processed_zscore,case_brain_mask,T2,0.6286309957504272,0.6382924914360046,-0.007969500496983528,0.6366004962474108,0.6462619919329882,79.87959803608335,81.09190684881689,79.87959803608335,81.09190684881689,abs(mean_region - mean_healthy) / abs(mean_healthy),7693,19464,1558899
BraTS-GLI-00311-000,processed_zscore,case_brain_mask,FLAIR,3.6981163024902344,3.4096899032592773,-0.04257239028811455,3.740688692778349,3.452262293547392,87.86654137723346,81.09157766767919,87.86654137723346,81.09157766767919,abs(mean_region - mean_healthy) / abs(mean_healthy),7693,19464,1558899
BraTS-GLI-00312-000,processed_zscore,case_brain_mask,T1,-0.037417441606521606,0.2127382457256317,-0.020710522308945656,0.01670691929757595,0.23344876803457737,0.8066874919112784,11.271988439120246,0.8066874919112784,11.271988439120246,abs(mean_region - mean_healthy) / abs(mean_healthy),12777,122547,1258808
BraTS-GLI-00312-000,processed_zscore,case_brain_mask,T1ce,2.017732858657837,-0.15245980024337769,0.01484217680990696,2.00289068184793,0.16730197705328465,134.9458847917124,11.272064684043702,134.9458847917124,11.272064684043702,abs(mean_region - mean_healthy) / abs(mean_healthy),12777,122547,1258808
BraTS-GLI-00312-000,processed_zscore,case_brain_mask,T2,1.4958266019821167,1.3412970304489136,-0.1305774748325348,1.6264040768146515,1.4718745052814484,12.455471963296194,11.272039891789323,12.455471963296194,11.272039891789323,abs(mean_region - mean_healthy) / abs(mean_healthy),12777,122547,1258808
BraTS-GLI-00312-000,processed_zscore,case_brain_mask,FLAIR,2.92453670501709,2.073514223098755,-0.20186005532741547,3.1263967603445053,2.2753742784261703,15.487941659747955,11.272038317514234,15.487941659747955,11.272038317514234,abs(mean_region - mean_healthy) / abs(mean_healthy),12777,122547,1258808
BraTS-GLI-00313-000,processed_zscore,case_brain_mask,T1,0.06649649143218994,0.06297199428081512,-0.0015271160518750548,0.068023607484065,0.06449911033269018,44.5438363381374,42.23589310943039,44.5438363381374,42.23589310943039,abs(mean_region - mean_healthy) / abs(mean_healthy),3691,36221,1493492
BraTS-GLI-00313-000,processed_zscore,case_brain_mask,T1ce,4.0027642250061035,0.7116654515266418,-0.017259782180190086,4.020024007186294,0.7289252337068319,232.91278911968402,42.23258590965625,232.91278911968402,42.23258590965625,abs(mean_region - mean_healthy) / abs(mean_healthy),3691,36221,1493492
BraTS-GLI-00313-000,processed_zscore,case_brain_mask,T2,1.019340991973877,0.6335211992263794,-0.015364454127848148,1.034705446101725,0.6488856533542275,67.34410721603942,42.232912927125675,67.34410721603942,42.232912927125675,abs(mean_region - mean_healthy) / abs(mean_healthy),3691,36221,1493492
BraTS-GLI-00313-000,processed_zscore,case_brain_mask,FLAIR,4.548675060272217,2.760960578918457,-0.06696035712957382,4.615635417401791,2.827920936048031,68.93086619102337,42.232763642161736,68.93086619102337,42.232763642161736,abs(mean_region - mean_healthy) / abs(mean_healthy),3691,36221,1493492
BraTS-GLI-00314-000,processed_zscore,case_brain_mask,T1,-0.04028742387890816,-9.845426393439993e-05,1.2183942317278706e-06,0.040288642273139885,9.96726581661278e-05,33067.00017448735,81.80657423564507,33067.00017448735,81.80657423564507,abs(mean_region - mean_healthy) / abs(mean_healthy),12723,22211,1573376
BraTS-GLI-00314-000,processed_zscore,case_brain_mask,T1ce,2.2016761302948,1.2829543352127075,-0.018111176788806915,2.2197873070836067,1.3010655120015144,122.56449887096687,71.83771254475303,122.56449887096687,71.83771254475303,abs(mean_region - mean_healthy) / abs(mean_healthy),12723,22211,1573376
BraTS-GLI-00314-000,processed_zscore,case_brain_mask,T2,0.12956300377845764,0.09450239688158035,-0.001334053697064519,0.13089705747552216,0.09583645057864487,98.11978165762811,71.83852553276192,98.11978165762811,71.83852553276192,abs(mean_region - mean_healthy) / abs(mean_healthy),12723,22211,1573376
BraTS-GLI-00314-000,processed_zscore,case_brain_mask,FLAIR,2.789637804031372,2.342784881591797,-0.03307248279452324,2.8227102868258953,2.37585736438632,85.34921022903465,71.83788949705823,85.34921022903465,71.83788949705823,abs(mean_region - mean_healthy) / abs(mean_healthy),12723,22211,1573376
BraTS-GLI-00316-000,processed_zscore,case_brain_mask,T1,-0.5353639125823975,-0.019923700019717216,0.000441829179180786,0.5358057417615782,0.020365529198898003,1212.698859670242,46.09367184996379,1212.698859670242,46.09367184996379,abs(mean_region - mean_healthy) / abs(mean_healthy),11700,35375,1595226
BraTS-GLI-00316-000,processed_zscore,case_brain_mask,T1ce,2.253511667251587,0.7551309466362,-0.016745321452617645,2.2702569887042046,0.7718762680888176,135.57559913842775,46.09504035338522,135.57559913842775,46.09504035338522,abs(mean_region - mean_healthy) / abs(mean_healthy),11700,35375,1595226
BraTS-GLI-00316-000,processed_zscore,case_brain_mask,T2,1.1248257160186768,0.6796653270721436,-0.01507190428674221,1.139897620305419,0.6947372313588858,75.63063025208527,46.09485424943958,75.63063025208527,46.09485424943958,abs(mean_region - mean_healthy) / abs(mean_healthy),11700,35375,1595226
BraTS-GLI-00316-000,processed_zscore,case_brain_mask,FLAIR,4.880862236022949,3.248020887374878,-0.07202668488025665,4.952888920903206,3.3200475722551346,68.76463812179213,46.09468806977118,68.76463812179213,46.09468806977118,abs(mean_region - mean_healthy) / abs(mean_healthy),11700,35375,1595226
BraTS-GLI-00317-000,processed_zscore,case_brain_mask,T1,0.10369346290826797,-0.004683664068579674,0.00018950231606140733,0.10350396059220657,0.004873166384641081,546.188367210597,25.715603301977346,546.188367210597,25.715603301977346,abs(mean_region - mean_healthy) / abs(mean_healthy),13407,57894,1430291
BraTS-GLI-00317-000,processed_zscore,case_brain_mask,T1ce,4.5603718757629395,0.8003579378128052,-0.032396115362644196,4.592767991125584,0.8327540531754494,141.76909606950846,25.705367568103366,141.76909606950846,25.705367568103366,abs(mean_region - mean_healthy) / abs(mean_healthy),13407,57894,1430291
BraTS-GLI-00317-000,processed_zscore,case_brain_mask,T2,1.1254363059997559,1.39247465133667,-0.05636327341198921,1.181799579411745,1.4488379247486591,20.96754691256737,25.705354516199414,20.96754691256737,25.705354516199414,abs(mean_region - mean_healthy) / abs(mean_healthy),13407,57894,1430291
BraTS-GLI-00317-000,processed_zscore,case_brain_mask,FLAIR,1.629727840423584,2.16949725151062,-0.0878150537610054,1.7175428941845894,2.2573123052716255,19.55863853205623,25.705300043601333,19.55863853205623,25.705300043601333,abs(mean_region - mean_healthy) / abs(mean_healthy),13407,57894,1430291
BraTS-GLI-00318-000,processed_zscore,case_brain_mask,T1,-0.018726762384176254,-0.08113443106412888,0.009300912730395794,0.028027675114572048,0.09043534379452467,3.0134327594512706,9.72327624352156,3.0134327594512706,9.72327624352156,abs(mean_region - mean_healthy) / abs(mean_healthy),28203,171454,1495632
BraTS-GLI-00318-000,processed_zscore,case_brain_mask,T1ce,2.694105863571167,0.11302559077739716,-0.012956984341144562,2.7070628479123116,0.12598257511854172,208.9269213142525,9.723140184594294,208.9269213142525,9.723140184594294,abs(mean_region - mean_healthy) / abs(mean_healthy),28203,171454,1495632
BraTS-GLI-00318-000,processed_zscore,case_brain_mask,T2,0.9041092991828918,0.9317425489425659,-0.10681170225143433,1.0109210014343262,1.0385542511940002,9.464515405387155,9.723225351743272,9.464515405387155,9.723225351743272,abs(mean_region - mean_healthy) / abs(mean_healthy),28203,171454,1495632
BraTS-GLI-00318-000,processed_zscore,case_brain_mask,FLAIR,2.727663993835449,2.2060153484344482,-0.2528897225856781,2.9805537164211273,2.4589050710201263,11.785981992254852,9.723230528623235,11.785981992254852,9.723230528623235,abs(mean_region - mean_healthy) / abs(mean_healthy),28203,171454,1495632
BraTS-GLI-00320-000,processed_zscore,case_brain_mask,T1,-0.3978084325790405,-0.31680959463119507,0.008926688693463802,0.40673512127250433,0.32573628332465887,45.56394148373509,36.49015827819399,45.56394148373509,36.49015827819399,abs(mean_region - mean_healthy) / abs(mean_healthy),4321,39411,1398700
BraTS-GLI-00320-000,processed_zscore,case_brain_mask,T1ce,2.3453688621520996,-0.0032737120054662228,9.227527334587649e-05,2.3452765868787537,0.0033659872788120992,25416.089292826324,36.477673343706385,25416.089292826324,36.477673343706385,abs(mean_region - mean_healthy) / abs(mean_healthy),4321,39411,1398700
BraTS-GLI-00320-000,processed_zscore,case_brain_mask,T2,0.4903906583786011,0.3115187883377075,-0.008777553215622902,0.499168211594224,0.3202963415533304,56.868719486174065,36.49039016741529,56.868719486174065,36.49039016741529,abs(mean_region - mean_healthy) / abs(mean_healthy),4321,39411,1398700
BraTS-GLI-00320-000,processed_zscore,case_brain_mask,FLAIR,3.6140077114105225,2.4632489681243896,-0.06940662860870361,3.683414340019226,2.5326555967330933,53.07006569625145,36.490111211301475,53.07006569625145,36.490111211301475,abs(mean_region - mean_healthy) / abs(mean_healthy),4321,39411,1398700
BraTS-GLI-00321-000,processed_zscore,case_brain_mask,T1,0.16295082867145538,-0.15578997135162354,0.002046322450041771,0.1609045062214136,0.1578362938016653,78.63106140390002,77.1316826429009,78.63106140390002,77.1316826429009,abs(mean_region - mean_healthy) / abs(mean_healthy),106,20752,1580006
BraTS-GLI-00321-000,processed_zscore,case_brain_mask,T1ce,1.2992115020751953,-0.18602535128593445,0.0024431755300611258,1.2967683265451342,0.18846852681599557,530.7716578647504,77.14080486524858,530.7716578647504,77.14080486524858,abs(mean_region - mean_healthy) / abs(mean_healthy),106,20752,1580006
BraTS-GLI-00321-000,processed_zscore,case_brain_mask,T2,0.23508408665657043,0.22506266832351685,-0.0029560013208538294,0.23804008797742426,0.22801866964437068,80.52773396889664,77.13753983658856,80.52773396889664,77.13753983658856,abs(mean_region - mean_healthy) / abs(mean_healthy),106,20752,1580006
BraTS-GLI-00321-000,processed_zscore,case_brain_mask,FLAIR,1.8154364824295044,1.6291077136993408,-0.021396959200501442,1.8368334416300058,1.6505046728998423,85.84553648104163,77.13734729471103,85.84553648104163,77.13734729471103,abs(mean_region - mean_healthy) / abs(mean_healthy),106,20752,1580006
BraTS-GLI-00322-000,processed_zscore,case_brain_mask,T1,-0.10932163894176483,-0.23338735103607178,0.02584216557443142,0.13516380451619625,0.2592295166105032,5.230359047382976,10.031261345488334,5.230359047382976,10.031261345488334,abs(mean_region - mean_healthy) / abs(mean_healthy),42419,148914,1344889
BraTS-GLI-00322-000,processed_zscore,case_brain_mask,T1ce,1.6446921825408936,0.06822820752859116,-0.007554573472589254,1.6522467560134828,0.07578278100118041,218.7081457356178,10.03137785027149,218.7081457356178,10.03137785027149,abs(mean_region - mean_healthy) / abs(mean_healthy),42419,148914,1344889
BraTS-GLI-00322-000,processed_zscore,case_brain_mask,T2,0.8194925785064697,1.2926709651947021,-0.14313200116157532,0.962624579668045,1.4358029663562775,6.725432271301658,10.031320422436236,6.725432271301658,10.031320422436236,abs(mean_region - mean_healthy) / abs(mean_healthy),42419,148914,1344889
BraTS-GLI-00322-000,processed_zscore,case_brain_mask,FLAIR,2.211153745651245,2.179250955581665,-0.24129942059516907,2.452453166246414,2.420550376176834,10.163526958321729,10.031314498006278,10.163526958321729,10.031314498006278,abs(mean_region - mean_healthy) / abs(mean_healthy),42419,148914,1344889
BraTS-GLI-00324-000,processed_zscore,case_brain_mask,T1,0.14555911719799042,0.29526665806770325,-0.01676170714199543,0.16232082433998585,0.3120283652096987,9.68402698871292,18.6155480802985,9.68402698871292,18.6155480802985,abs(mean_region - mean_healthy) / abs(mean_healthy),6047,83418,1469466
BraTS-GLI-00324-000,processed_zscore,case_brain_mask,T1ce,2.715440034866333,0.23377370834350586,-0.013270897790789604,2.7287109326571226,0.24704460613429546,205.6161516480768,18.61551569674146,205.6161516480768,18.61551569674146,abs(mean_region - mean_healthy) / abs(mean_healthy),6047,83418,1469466
BraTS-GLI-00324-000,processed_zscore,case_brain_mask,T2,0.5256036520004272,0.7241592407226562,-0.04110875725746155,0.5667124092578888,0.7652679979801178,13.78568575324729,18.615692836134468,13.78568575324729,18.615692836134468,abs(mean_region - mean_healthy) / abs(mean_healthy),6047,83418,1469466
BraTS-GLI-00324-000,processed_zscore,case_brain_mask,FLAIR,2.6110644340515137,2.6357972621917725,-0.1496276557445526,2.7606920897960663,2.785424917936325,18.450413301329643,18.61570913529287,18.450413301329643,18.61570913529287,abs(mean_region - mean_healthy) / abs(mean_healthy),6047,83418,1469466
BraTS-GLI-00325-000,processed_zscore,case_brain_mask,T1,-0.207849383354187,-0.045765213668346405,0.005006507504731417,0.21285589085891843,0.05077172117307782,42.51584376089684,10.141145524119526,42.51584376089684,10.141145524119526,abs(mean_region - mean_healthy) / abs(mean_healthy),40965,139507,1275198
BraTS-GLI-00325-000,processed_zscore,case_brain_mask,T1ce,0.9932010173797607,-0.1603381484746933,0.01754104718565941,0.9756599701941013,0.1778791956603527,55.62153501255883,10.140739818873351,55.62153501255883,10.140739818873351,abs(mean_region - mean_healthy) / abs(mean_healthy),40965,139507,1275198
BraTS-GLI-00325-000,processed_zscore,case_brain_mask,T2,1.0503509044647217,0.9154835343360901,-0.10015413910150528,1.150505043566227,1.0156376734375954,11.487343946915672,10.140745879790911,11.487343946915672,10.140745879790911,abs(mean_region - mean_healthy) / abs(mean_healthy),40965,139507,1275198
BraTS-GLI-00325-000,processed_zscore,case_brain_mask,FLAIR,2.9552080631256104,2.040529251098633,-0.2232343703508377,3.178442433476448,2.2637636214494705,14.23814096584308,10.14074856793653,14.23814096584308,10.14074856793653,abs(mean_region - mean_healthy) / abs(mean_healthy),40965,139507,1275198
BraTS-GLI-00327-000,processed_zscore,case_brain_mask,T1,-0.8070098757743835,-0.5710845589637756,0.04167509824037552,0.8486849740147591,0.6127596572041512,20.364318498295443,14.703256454726231,20.364318498295443,14.703256454726231,abs(mean_region - mean_healthy) / abs(mean_healthy),19201,98456,1349162
BraTS-GLI-00327-000,processed_zscore,case_brain_mask,T1ce,1.5513062477111816,-0.25045737624168396,0.01827721670269966,1.533029031008482,0.2687345929443836,83.87650351500422,14.70325582476077,83.87650351500422,14.70325582476077,abs(mean_region - mean_healthy) / abs(mean_healthy),19201,98456,1349162
BraTS-GLI-00327-000,processed_zscore,case_brain_mask,T2,0.7111734747886658,1.0865446329116821,-0.079291433095932,0.7904649078845978,1.1658360660076141,9.969108603803909,14.70317814280275,9.969108603803909,14.70317814280275,abs(mean_region - mean_healthy) / abs(mean_healthy),19201,98456,1349162
BraTS-GLI-00327-000,processed_zscore,case_brain_mask,FLAIR,2.1588103771209717,2.5359883308410645,-0.1850654035806656,2.3438757807016373,2.72105373442173,12.665121277948625,14.70320049979351,12.665121277948625,14.70320049979351,abs(mean_region - mean_healthy) / abs(mean_healthy),19201,98456,1349162
BraTS-GLI-00328-000,processed_zscore,case_brain_mask,T1,-0.5076602101325989,-0.32574358582496643,0.013004395179450512,0.5206646053120494,0.33874798100441694,40.03758714859737,26.048730166221418,40.03758714859737,26.048730166221418,abs(mean_region - mean_healthy) / abs(mean_healthy),17506,57075,1429654
BraTS-GLI-00328-000,processed_zscore,case_brain_mask,T1ce,3.411652088165283,0.9935670495033264,-0.03966541960835457,3.4513175077736378,1.033232469111681,87.01073988000118,26.048696303065338,87.01073988000118,26.048696303065338,abs(mean_region - mean_healthy) / abs(mean_healthy),17506,57075,1429654
BraTS-GLI-00328-000,processed_zscore,case_brain_mask,T2,1.130010724067688,1.0855228900909424,-0.043336380273103714,1.1733471043407917,1.128859270364046,27.075337094293907,26.048766954001028,27.075337094293907,26.048766954001028,abs(mean_region - mean_healthy) / abs(mean_healthy),17506,57075,1429654
BraTS-GLI-00328-000,processed_zscore,case_brain_mask,FLAIR,3.5192294120788574,3.0337958335876465,-0.12111583352088928,3.6403452455997467,3.1549116671085358,30.056724540246698,26.048713660253156,30.056724540246698,26.048713660253156,abs(mean_region - mean_healthy) / abs(mean_healthy),17506,57075,1429654
BraTS-GLI-00329-000,processed_zscore,case_brain_mask,T1,-0.8926011919975281,-0.7733546495437622,0.014317868277430534,0.9069190602749586,0.7876725178211927,63.34176587617784,55.013253548561586,63.34176587617784,55.013253548561586,abs(mean_region - mean_healthy) / abs(mean_healthy),5844,24992,1349902
BraTS-GLI-00329-000,processed_zscore,case_brain_mask,T1ce,3.10396146774292,0.1910986304283142,-0.0035379601176828146,3.1074994278606027,0.19463659054599702,878.3308246831957,55.013788757311985,878.3308246831957,55.013788757311985,abs(mean_region - mean_healthy) / abs(mean_healthy),5844,24992,1349902
BraTS-GLI-00329-000,processed_zscore,case_brain_mask,T2,1.0719716548919678,0.7377548217773438,-0.013658815994858742,1.0856304708868265,0.7514136377722025,79.48203353024627,55.013087375585044,79.48203353024627,55.013087375585044,abs(mean_region - mean_healthy) / abs(mean_healthy),5844,24992,1349902
BraTS-GLI-00329-000,processed_zscore,case_brain_mask,FLAIR,5.010435104370117,3.0689122676849365,-0.056817676872015,5.067252781242132,3.1257299445569515,89.18444153667886,55.013335930608946,89.18444153667886,55.013335930608946,abs(mean_region - mean_healthy) / abs(mean_healthy),5844,24992,1349902
BraTS-GLI-00331-000,processed_zscore,case_brain_mask,T1,-0.7519189715385437,-0.4163587689399719,0.008003941737115383,0.7599229132756591,0.4243627106770873,94.94358382842688,53.019215358510024,94.94358382842688,53.019215358510024,abs(mean_region - mean_healthy) / abs(mean_healthy),406,26806,1394440
BraTS-GLI-00331-000,processed_zscore,case_brain_mask,T1ce,0.5126609802246094,0.01205033715814352,-0.00023171929933596402,0.5128926995239453,0.012282056457479484,2213.4224511887332,53.004028981082136,2213.4224511887332,53.004028981082136,abs(mean_region - mean_healthy) / abs(mean_healthy),406,26806,1394440
BraTS-GLI-00331-000,processed_zscore,case_brain_mask,T2,0.07307713478803635,-0.07809769362211227,0.0015013457741588354,0.07157578901387751,0.07959903939627111,47.674420007595884,53.018459016123956,47.674420007595884,53.018459016123956,abs(mean_region - mean_healthy) / abs(mean_healthy),406,26806,1394440
BraTS-GLI-00331-000,processed_zscore,case_brain_mask,FLAIR,1.3035659790039062,0.740714430809021,-0.014239066280424595,1.3178050452843308,0.7549534970894456,92.54855756209284,53.0198737909754,92.54855756209284,53.0198737909754,abs(mean_region - mean_healthy) / abs(mean_healthy),406,26806,1394440
BraTS-GLI-00332-000,processed_zscore,case_brain_mask,T1,-0.23913520574569702,0.2828487455844879,-0.0100048016756773,0.22913040407001972,0.2928535472601652,22.90204358843607,29.2712995972846,22.90204358843607,29.2712995972846,abs(mean_region - mean_healthy) / abs(mean_healthy),6124,37115,1049301
BraTS-GLI-00332-000,processed_zscore,case_brain_mask,T1ce,1.1402459144592285,0.14122790098190308,-0.004995347466319799,1.1452412619255483,0.14622324844822288,229.26158183131892,29.271887378026435,229.26158183131892,29.271887378026435,abs(mean_region - mean_healthy) / abs(mean_healthy),6124,37115,1049301
BraTS-GLI-00332-000,processed_zscore,case_brain_mask,T2,0.6798319816589355,0.32692232728004456,-0.011563633568584919,0.6913956152275205,0.3384859608486295,59.79051576883622,29.271591739831578,59.79051576883622,29.271591739831578,abs(mean_region - mean_healthy) / abs(mean_healthy),6124,37115,1049301
BraTS-GLI-00332-000,processed_zscore,case_brain_mask,FLAIR,2.7946858406066895,2.023959159851074,-0.07158980518579483,2.8662756457924843,2.095548965036869,40.03748352651228,29.27161150387761,40.03748352651228,29.27161150387761,abs(mean_region - mean_healthy) / abs(mean_healthy),6124,37115,1049301
BraTS-GLI-00334-000,processed_zscore,case_brain_mask,T1,-0.7871953845024109,-0.5926639437675476,0.018485648557543755,0.8056810330599546,0.6111495923250914,43.58413666428634,33.060760103853056,43.58413666428634,33.060760103853056,abs(mean_region - mean_healthy) / abs(mean_healthy),21452,48049,1540476
BraTS-GLI-00334-000,processed_zscore,case_brain_mask,T1ce,2.2829530239105225,0.8484311103820801,-0.026463352143764496,2.309416376054287,0.8748944625258446,87.26847466292928,33.06060614592222,87.26847466292928,33.06060614592222,abs(mean_region - mean_healthy) / abs(mean_healthy),21452,48049,1540476
BraTS-GLI-00334-000,processed_zscore,case_brain_mask,T2,1.3981058597564697,1.2024534940719604,-0.03750571236014366,1.4356115721166134,1.239959206432104,38.2771445141834,33.060542738811606,38.2771445141834,33.060542738811606,abs(mean_region - mean_healthy) / abs(mean_healthy),21452,48049,1540476
BraTS-GLI-00334-000,processed_zscore,case_brain_mask,FLAIR,4.031063556671143,3.0765812397003174,-0.09596167504787445,4.127025231719017,3.172542914748192,43.00701534920144,33.060520391765124,43.00701534920144,33.060520391765124,abs(mean_region - mean_healthy) / abs(mean_healthy),21452,48049,1540476
BraTS-GLI-00336-000,processed_zscore,case_brain_mask,T1,0.1865406334400177,-0.11779473721981049,0.01171759981662035,0.17482303362339735,0.12951233703643084,14.919696555554557,11.052804248591027,14.919696555554557,11.052804248591027,abs(mean_region - mean_healthy) / abs(mean_healthy),17168,145124,1458904
BraTS-GLI-00336-000,processed_zscore,case_brain_mask,T1ce,3.8393828868865967,0.08596722781658173,-0.008551486767828465,3.847934373654425,0.09451871458441019,449.972557769806,11.052898419956504,449.972557769806,11.052898419956504,abs(mean_region - mean_healthy) / abs(mean_healthy),17168,145124,1458904
BraTS-GLI-00336-000,processed_zscore,case_brain_mask,T2,1.4315840005874634,1.6159882545471191,-0.16074982285499573,1.592333823442459,1.7767380774021149,9.905664561004356,11.052815149941535,9.905664561004356,11.052815149941535,abs(mean_region - mean_healthy) / abs(mean_healthy),17168,145124,1458904
BraTS-GLI-00336-000,processed_zscore,case_brain_mask,FLAIR,3.0624725818634033,2.522613763809204,-0.25093626976013184,3.313408851623535,2.773550033569336,13.204184691160025,11.052806500314013,13.204184691160025,11.052806500314013,abs(mean_region - mean_healthy) / abs(mean_healthy),17168,145124,1458904
BraTS-GLI-00338-000,processed_zscore,case_brain_mask,T1,0.15382929146289825,0.0794079452753067,-0.006454851012676954,0.1602841424755752,0.08586279628798366,24.831578941293365,13.302057029566459,24.831578941293365,13.302057029566459,abs(mean_region - mean_healthy) / abs(mean_healthy),6630,113856,1400660
BraTS-GLI-00338-000,processed_zscore,case_brain_mask,T1ce,1.1170716285705566,0.05368086323142052,-0.00436362624168396,1.1214352548122406,0.05804448947310448,256.9961753597552,13.301893026178297,256.9961753597552,13.301893026178297,abs(mean_region - mean_healthy) / abs(mean_healthy),6630,113856,1400660
BraTS-GLI-00338-000,processed_zscore,case_brain_mask,T2,0.7715953588485718,0.657893717288971,-0.05347845330834389,0.8250738121569157,0.7113721705973148,15.42815397819639,13.302033372126791,15.42815397819639,13.302033372126791,abs(mean_region - mean_healthy) / abs(mean_healthy),6630,113856,1400660
BraTS-GLI-00338-000,processed_zscore,case_brain_mask,FLAIR,2.073620319366455,1.5782546997070312,-0.1282920390367508,2.201912358403206,1.706546738743782,17.16328133012557,13.302047044828099,17.16328133012557,13.302047044828099,abs(mean_region - mean_healthy) / abs(mean_healthy),6630,113856,1400660
BraTS-GLI-00339-000,processed_zscore,case_brain_mask,T1,-0.2989233732223511,-0.06346119195222855,0.0038709715008735657,0.30279434472322464,0.06733216345310211,78.22179642885327,17.394125334662682,78.22179642885327,17.394125334662682,abs(mean_region - mean_healthy) / abs(mean_healthy),6182,84444,1384325
BraTS-GLI-00339-000,processed_zscore,case_brain_mask,T1ce,2.9042558670043945,-0.06477311253547668,0.003951224032789469,2.900304642971605,0.06872433656826615,734.0268784820232,17.393176392417423,734.0268784820232,17.393176392417423,abs(mean_region - mean_healthy) / abs(mean_healthy),6182,84444,1384325
BraTS-GLI-00339-000,processed_zscore,case_brain_mask,T2,1.2587734460830688,1.2751410007476807,-0.07778382301330566,1.3365572690963745,1.3529248237609863,17.182972208343934,17.393395841826337,17.182972208343934,17.393395841826337,abs(mean_region - mean_healthy) / abs(mean_healthy),6182,84444,1384325
BraTS-GLI-00339-000,processed_zscore,case_brain_mask,FLAIR,3.8606150150299072,2.8794515132904053,-0.17564691603183746,4.036261931061745,3.0550984293222427,22.979406768121898,17.393407742886193,22.979406768121898,17.393407742886193,abs(mean_region - mean_healthy) / abs(mean_healthy),6182,84444,1384325
BraTS-GLI-00340-000,processed_zscore,case_brain_mask,T1,0.303143173456192,0.6710761189460754,-0.014266999438405037,0.31741017289459705,0.6853431183844805,22.24785767077044,48.03694857796235,22.24785767077044,48.03694857796235,abs(mean_region - mean_healthy) / abs(mean_healthy),10841,33006,1552511
BraTS-GLI-00340-000,processed_zscore,case_brain_mask,T1ce,2.592437744140625,1.1859607696533203,-0.025213181972503662,2.6176509261131287,1.211173951625824,103.82072873498548,48.03733035150719,103.82072873498548,48.03733035150719,abs(mean_region - mean_healthy) / abs(mean_healthy),10841,33006,1552511
BraTS-GLI-00340-000,processed_zscore,case_brain_mask,T2,0.15045683085918427,-0.08609823882579803,0.0018304850673303008,0.14862634579185396,0.08792872389312834,81.1950605030722,48.03575044803252,81.1950605030722,48.03575044803252,abs(mean_region - mean_healthy) / abs(mean_healthy),10841,33006,1552511
BraTS-GLI-00340-000,processed_zscore,case_brain_mask,FLAIR,2.6756887435913086,1.7483073472976685,-0.037168536335229874,2.7128572799265385,1.7854758836328983,72.98800403273293,48.03729335826847,72.98800403273293,48.03729335826847,abs(mean_region - mean_healthy) / abs(mean_healthy),10841,33006,1552511
BraTS-GLI-00341-000,processed_zscore,case_brain_mask,T1,0.004608281888067722,0.21059401333332062,-0.004092413000762463,0.008700694888830185,0.21468642633408308,2.1260549429417677,52.45961888354977,2.1260549429417677,52.45961888354977,abs(mean_region - mean_healthy) / abs(mean_healthy),6936,24867,1279655
BraTS-GLI-00341-000,processed_zscore,case_brain_mask,T1ce,2.3401541709899902,0.7802969813346863,-0.015163140371441841,2.355317311361432,0.7954601217061281,155.3317620007938,52.460117246180246,155.3317620007938,52.460117246180246,abs(mean_region - mean_healthy) / abs(mean_healthy),6936,24867,1279655
BraTS-GLI-00341-000,processed_zscore,case_brain_mask,T2,0.9048003554344177,0.824323832988739,-0.01601860672235489,0.9208189621567726,0.8403424397110939,57.48433544296438,52.46039523139972,57.48433544296438,52.46039523139972,abs(mean_region - mean_healthy) / abs(mean_healthy),6936,24867,1279655
BraTS-GLI-00341-000,processed_zscore,case_brain_mask,FLAIR,3.3423972129821777,2.7532706260681152,-0.053503189235925674,3.3959004022181034,2.806773815304041,63.47099024777135,52.459934732626785,63.47099024777135,52.459934732626785,abs(mean_region - mean_healthy) / abs(mean_healthy),6936,24867,1279655
BraTS-GLI-00343-000,processed_zscore,case_brain_mask,T1,0.27546364068984985,0.20136912167072296,-0.004227742552757263,0.2796913832426071,0.20559686422348022,66.15620032496942,48.63041248559314,66.15620032496942,48.63041248559314,abs(mean_region - mean_healthy) / abs(mean_healthy),5219,30642,1459540
BraTS-GLI-00343-000,processed_zscore,case_brain_mask,T1ce,2.1716580390930176,0.36267727613449097,-0.007614088244736195,2.1792721273377538,0.37029136437922716,286.2157696746341,48.63239727162588,286.2157696746341,48.63239727162588,abs(mean_region - mean_healthy) / abs(mean_healthy),5219,30642,1459540
BraTS-GLI-00343-000,processed_zscore,case_brain_mask,T2,0.7578461170196533,0.4227638840675354,-0.008875681087374687,0.766721798107028,0.4316395651549101,86.38455917458099,48.63171185464298,86.38455917458099,48.63171185464298,abs(mean_region - mean_healthy) / abs(mean_healthy),5219,30642,1459540
BraTS-GLI-00343-000,processed_zscore,case_brain_mask,FLAIR,3.844634771347046,2.6625266075134277,-0.05589776486158371,3.9005325362086296,2.7184243723750114,69.77975856221236,48.63207641855597,69.77975856221236,48.63207641855597,abs(mean_region - mean_healthy) / abs(mean_healthy),5219,30642,1459540
BraTS-GLI-00344-000,processed_zscore,case_brain_mask,T1,-0.41994938254356384,-0.3802869915962219,0.01040305383503437,0.4303524363785982,0.3906900454312563,41.3678947742537,37.555322852942396,41.3678947742537,37.555322852942396,abs(mean_region - mean_healthy) / abs(mean_healthy),9124,36937,1350240
BraTS-GLI-00344-000,processed_zscore,case_brain_mask,T1ce,1.9743247032165527,0.24818117916584015,-0.006789093371480703,1.9811137965880334,0.25497027253732085,291.80830019369023,37.55586476515225,291.80830019369023,37.55586476515225,abs(mean_region - mean_healthy) / abs(mean_healthy),9124,36937,1350240
BraTS-GLI-00344-000,processed_zscore,case_brain_mask,T2,0.8133032917976379,0.5935196876525879,-0.016236254945397377,0.8295395467430353,0.6097559425979853,51.09180346901313,37.555208676421884,51.09180346901313,37.555208676421884,abs(mean_region - mean_healthy) / abs(mean_healthy),9124,36937,1350240
BraTS-GLI-00344-000,processed_zscore,case_brain_mask,FLAIR,3.561600685119629,2.3399674892425537,-0.06401180475950241,3.6256124898791313,2.403979294002056,56.63974798868512,37.55524942678937,56.63974798868512,37.55524942678937,abs(mean_region - mean_healthy) / abs(mean_healthy),9124,36937,1350240
BraTS-GLI-00346-000,processed_zscore,case_brain_mask,T1,-0.08475251495838165,0.1046372652053833,-0.0030829908791929483,0.0816695240791887,0.10772025608457625,26.490355398186512,34.94017994395585,26.490355398186512,34.94017994395585,abs(mean_region - mean_healthy) / abs(mean_healthy),2246,39610,1344419
BraTS-GLI-00346-000,processed_zscore,case_brain_mask,T1ce,2.746760606765747,0.0031169841531664133,-9.190972923533991e-05,2.7468525164949824,0.0032088938824017532,29886.41724165584,34.913538632947166,29886.41724165584,34.913538632947166,abs(mean_region - mean_healthy) / abs(mean_healthy),2246,39610,1344419
BraTS-GLI-00346-000,processed_zscore,case_brain_mask,T2,0.7455073595046997,0.7533073425292969,-0.02219434641301632,0.767701705917716,0.7755016889423132,34.58996681548964,34.94140690205253,34.58996681548964,34.94140690205253,abs(mean_region - mean_healthy) / abs(mean_healthy),2246,39610,1344419
BraTS-GLI-00346-000,processed_zscore,case_brain_mask,FLAIR,3.572288990020752,3.230759382247925,-0.095186248421669,3.667475238442421,3.325945630669594,38.5294651197486,34.941450953459864,38.5294651197486,34.941450953459864,abs(mean_region - mean_healthy) / abs(mean_healthy),2246,39610,1344419
BraTS-GLI-00347-000,processed_zscore,case_brain_mask,T1,-0.6704695820808411,-0.5979171991348267,0.03605934605002403,0.7065289281308651,0.6339765451848507,19.59350364121188,17.581476500027325,19.59350364121188,17.581476500027325,abs(mean_region - mean_healthy) / abs(mean_healthy),20640,87535,1451456
BraTS-GLI-00347-000,processed_zscore,case_brain_mask,T1ce,1.5648847818374634,-0.1369323879480362,0.00825826358050108,1.5566265182569623,0.14519065152853727,188.49319873155613,17.58125665440769,188.49319873155613,17.58125665440769,abs(mean_region - mean_healthy) / abs(mean_healthy),20640,87535,1451456
BraTS-GLI-00347-000,processed_zscore,case_brain_mask,T2,0.650579571723938,0.9723378419876099,-0.05864016339182854,0.7092197351157665,1.0309780053794384,12.094436544741889,17.58143132191723,12.094436544741889,17.58143132191723,abs(mean_region - mean_healthy) / abs(mean_healthy),20640,87535,1451456
BraTS-GLI-00347-000,processed_zscore,case_brain_mask,FLAIR,2.585339069366455,2.726198196411133,-0.16441267728805542,2.7497517466545105,2.8906108736991882,16.724694178155566,17.58143545485097,16.724694178155566,17.58143545485097,abs(mean_region - mean_healthy) / abs(mean_healthy),20640,87535,1451456
BraTS-GLI-00348-000,processed_zscore,case_brain_mask,T1,0.16856731474399567,0.2572266161441803,-0.004027139395475388,0.17259445413947105,0.2612537555396557,42.85782963792764,64.87328346100513,42.85782963792764,64.87328346100513,abs(mean_region - mean_healthy) / abs(mean_healthy),1035,21929,1400622
BraTS-GLI-00348-000,processed_zscore,case_brain_mask,T1ce,1.8273130655288696,0.15580442547798157,-0.0024392360355705023,1.8297523015644401,0.15824366151355207,750.133351132002,64.8742717826162,750.133351132002,64.8742717826162,abs(mean_region - mean_healthy) / abs(mean_healthy),1035,21929,1400622
BraTS-GLI-00348-000,processed_zscore,case_brain_mask,T2,0.937160074710846,0.6190218329429626,-0.009691866114735603,0.9468519408255816,0.6287136990576982,97.69552422788621,64.87024187238782,97.69552422788621,64.87024187238782,abs(mean_region - mean_healthy) / abs(mean_healthy),1035,21929,1400622
BraTS-GLI-00348-000,processed_zscore,case_brain_mask,FLAIR,3.913034439086914,2.7510769367218018,-0.043072447180747986,3.956106886267662,2.7941493839025497,91.84773898883358,64.8709225221697,91.84773898883358,64.8709225221697,abs(mean_region - mean_healthy) / abs(mean_healthy),1035,21929,1400622
BraTS-GLI-00349-000,processed_zscore,case_brain_mask,T1,0.12633085250854492,0.2249154895544052,-0.016321200877428055,0.14265205338597298,0.24123669043183327,8.7402915053425,14.780572351478103,8.7402915053425,14.780572351478103,abs(mean_region - mean_healthy) / abs(mean_healthy),29128,90889,1252491
BraTS-GLI-00349-000,processed_zscore,case_brain_mask,T1ce,1.8656957149505615,0.6574856042861938,-0.04771164059638977,1.9134073555469513,0.7051972448825836,40.10357496890883,14.780402351872684,40.10357496890883,14.780402351872684,abs(mean_region - mean_healthy) / abs(mean_healthy),29128,90889,1252491
BraTS-GLI-00349-000,processed_zscore,case_brain_mask,T2,0.9795905947685242,1.0675235986709595,-0.0774664655327797,1.0570570603013039,1.1449900642037392,13.6453503207012,14.7804608914194,13.6453503207012,14.7804608914194,abs(mean_region - mean_healthy) / abs(mean_healthy),29128,90889,1252491
BraTS-GLI-00349-000,processed_zscore,case_brain_mask,FLAIR,2.541813373565674,1.9286766052246094,-0.13995757699012756,2.6817709505558014,2.068634182214737,19.161313079498157,14.780437234639006,19.161313079498157,14.780437234639006,abs(mean_region - mean_healthy) / abs(mean_healthy),29128,90889,1252491
BraTS-GLI-00350-000,processed_zscore,case_brain_mask,T1,-0.43484050035476685,-0.30338138341903687,0.013401377946138382,0.4482418783009052,0.31678276136517525,33.44744697914191,23.638073833777405,33.44744697914191,23.638073833777405,abs(mean_region - mean_healthy) / abs(mean_healthy),14501,60060,1359662
BraTS-GLI-00350-000,processed_zscore,case_brain_mask,T1ce,1.2982155084609985,-0.42707449197769165,0.01886521838605404,1.2793502900749445,0.4459397103637457,67.81529181876283,23.638194970136315,67.81529181876283,23.638194970136315,abs(mean_region - mean_healthy) / abs(mean_healthy),14501,60060,1359662
BraTS-GLI-00350-000,processed_zscore,case_brain_mask,T2,1.9673352241516113,1.73843252658844,-0.07679131627082825,2.0441265404224396,1.8152238428592682,26.61924081641207,23.63839990002674,26.61924081641207,23.63839990002674,abs(mean_region - mean_healthy) / abs(mean_healthy),14501,60060,1359662
BraTS-GLI-00350-000,processed_zscore,case_brain_mask,FLAIR,2.301229953765869,2.2471437454223633,-0.09926259517669678,2.400492548942566,2.34640634059906,24.1832539706368,23.63837391539316,24.1832539706368,23.63837391539316,abs(mean_region - mean_healthy) / abs(mean_healthy),14501,60060,1359662
BraTS-GLI-00351-000,processed_zscore,case_brain_mask,T1,-0.3952348232269287,-0.08905027061700821,0.005905387457460165,0.4011402106843889,0.09495565807446837,67.92783937955434,16.07949668984254,67.92783937955434,16.07949668984254,abs(mean_region - mean_healthy) / abs(mean_healthy),35561,103101,1554710
BraTS-GLI-00351-000,processed_zscore,case_brain_mask,T1ce,2.681485176086426,0.8379659056663513,-0.055570006370544434,2.73705518245697,0.8935359120368958,49.25418154905557,16.07946391221804,49.25418154905557,16.07946391221804,abs(mean_region - mean_healthy) / abs(mean_healthy),35561,103101,1554710
BraTS-GLI-00351-000,processed_zscore,case_brain_mask,T2,1.1545469760894775,0.6753358244895935,-0.04478508234024048,1.199332058429718,0.720120906829834,26.779722080628826,16.079481586277847,26.779722080628826,16.079481586277847,abs(mean_region - mean_healthy) / abs(mean_healthy),35561,103101,1554710
BraTS-GLI-00351-000,processed_zscore,case_brain_mask,FLAIR,1.6703367233276367,1.5588083267211914,-0.10337281227111816,1.7737095355987549,1.6621811389923096,17.158375559589185,16.079480692010875,17.158375559589185,16.079480692010875,abs(mean_region - mean_healthy) / abs(mean_healthy),35561,103101,1554710
BraTS-GLI-00352-000,processed_zscore,case_brain_mask,T1,-0.7299260497093201,-0.347998708486557,0.012543159537017345,0.7424692092463374,0.36054186802357435,59.193156800339175,28.744102868144502,59.193156800339175,28.744102868144502,abs(mean_region - mean_healthy) / abs(mean_healthy),12755,44170,1225455
BraTS-GLI-00352-000,processed_zscore,case_brain_mask,T1ce,2.297964334487915,0.9850728511810303,-0.03550577536225319,2.3334701098501682,1.0205786265432835,65.72086050910245,28.74401744872972,65.72086050910245,28.74401744872972,abs(mean_region - mean_healthy) / abs(mean_healthy),12755,44170,1225455
BraTS-GLI-00352-000,processed_zscore,case_brain_mask,T2,0.8647645115852356,0.5031257271766663,-0.018134519457817078,0.8828990310430527,0.5212602466344833,48.68610018019913,28.744089295941535,48.68610018019913,28.744089295941535,abs(mean_region - mean_healthy) / abs(mean_healthy),12755,44170,1225455
BraTS-GLI-00352-000,processed_zscore,case_brain_mask,FLAIR,2.643040657043457,2.139469623565674,-0.07711460441350937,2.7201552614569664,2.216584227979183,35.27419069506936,28.744026437498906,35.27419069506936,28.744026437498906,abs(mean_region - mean_healthy) / abs(mean_healthy),12755,44170,1225455
BraTS-GLI-00353-000,processed_zscore,case_brain_mask,T1,0.0950964018702507,0.10771673917770386,-0.005907858721911907,0.10100426059216261,0.11362459789961576,17.09659376544392,19.232788603794585,17.09659376544392,19.232788603794585,abs(mean_region - mean_healthy) / abs(mean_healthy),40254,79512,1449720
BraTS-GLI-00353-000,processed_zscore,case_brain_mask,T1ce,2.6975016593933105,1.2832894325256348,-0.07038387656211853,2.767885535955429,1.3536733090877533,39.325562488911544,19.232718844251853,39.325562488911544,19.232718844251853,abs(mean_region - mean_healthy) / abs(mean_healthy),40254,79512,1449720
BraTS-GLI-00353-000,processed_zscore,case_brain_mask,T2,1.0632952451705933,1.0850040912628174,-0.05950869992375374,1.122803945094347,1.1445127911865711,18.86789572840532,19.23269694436263,18.86789572840532,19.23269694436263,abs(mean_region - mean_healthy) / abs(mean_healthy),40254,79512,1449720
BraTS-GLI-00353-000,processed_zscore,case_brain_mask,FLAIR,3.2607924938201904,2.7566111087799072,-0.15119031071662903,3.4119828045368195,2.9078014194965363,22.56747002082551,19.232723351872277,22.56747002082551,19.232723351872277,abs(mean_region - mean_healthy) / abs(mean_healthy),40254,79512,1449720
BraTS-GLI-00356-000,processed_zscore,case_brain_mask,T1,-0.8662726283073425,-0.8325256705284119,0.022481240332126617,0.8887538686394691,0.8550069108605385,39.53313320392751,38.03201683844367,39.53313320392751,38.03201683844367,abs(mean_region - mean_healthy) / abs(mean_healthy),11493,34797,1288604
BraTS-GLI-00356-000,processed_zscore,case_brain_mask,T1ce,1.8155601024627686,0.15500588715076447,-0.00418576505035162,1.8197458675131202,0.15919165220111609,434.7462998096978,38.03167408733163,434.7462998096978,38.03167408733163,abs(mean_region - mean_healthy) / abs(mean_healthy),11493,34797,1288604
BraTS-GLI-00356-000,processed_zscore,case_brain_mask,T2,1.6843417882919312,1.7171534299850464,-0.0463695228099823,1.7307113111019135,1.7635229527950287,37.32432870172498,38.0319409371921,37.32432870172498,38.0319409371921,abs(mean_region - mean_healthy) / abs(mean_healthy),11493,34797,1288604
BraTS-GLI-00356-000,processed_zscore,case_brain_mask,FLAIR,4.176478862762451,3.351130723953247,-0.09049264341592789,4.266971506178379,3.441623367369175,47.152689380132934,38.03207904481884,47.152689380132934,38.03207904481884,abs(mean_region - mean_healthy) / abs(mean_healthy),11493,34797,1288604
BraTS-GLI-00359-000,processed_zscore,case_brain_mask,T1,-0.18931624293327332,-0.025117458775639534,0.001391111989505589,0.1907073549227789,0.026508570765145123,137.08986505864107,19.055669827535922,137.08986505864107,19.055669827535922,abs(mean_region - mean_healthy) / abs(mean_healthy),14842,77401,1397432
BraTS-GLI-00359-000,processed_zscore,case_brain_mask,T1ce,3.7581217288970947,0.5094102621078491,-0.028215108439326286,3.786336837336421,0.5376253705471754,134.19536719054446,19.054520797014973,134.19536719054446,19.054520797014973,abs(mean_region - mean_healthy) / abs(mean_healthy),14842,77401,1397432
BraTS-GLI-00359-000,processed_zscore,case_brain_mask,T2,1.0226019620895386,0.8367320895195007,-0.04634498059749603,1.0689469426870346,0.8830770701169968,23.064999249234525,19.054427442455513,23.064999249234525,19.054427442455513,abs(mean_region - mean_healthy) / abs(mean_healthy),14842,77401,1397432
BraTS-GLI-00359-000,processed_zscore,case_brain_mask,FLAIR,4.087673664093018,2.85697603225708,-0.1582423746585846,4.245916038751602,3.0152184069156647,26.83172600204191,19.05443098551283,26.83172600204191,19.05443098551283,abs(mean_region - mean_healthy) / abs(mean_healthy),14842,77401,1397432
BraTS-GLI-00360-000,processed_zscore,case_brain_mask,T1,-0.2876483201980591,-0.11192205548286438,0.00654819468036294,0.294196514878422,0.11847025016322732,44.92788153667354,18.092047647651945,44.92788153667354,18.092047647651945,abs(mean_region - mean_healthy) / abs(mean_healthy),46087,78394,1339891
BraTS-GLI-00360-000,processed_zscore,case_brain_mask,T1ce,2.9730167388916016,1.732478141784668,-0.10136347264051437,3.074380211532116,1.8338416144251823,30.33025735449502,18.09174021621085,30.33025735449502,18.09174021621085,abs(mean_region - mean_healthy) / abs(mean_healthy),46087,78394,1339891
BraTS-GLI-00360-000,processed_zscore,case_brain_mask,T2,0.4439927637577057,0.4196087419986725,-0.024550434201955795,0.4685431979596615,0.4441591762006283,19.084925101745664,18.091703492773444,19.084925101745664,18.091703492773444,abs(mean_region - mean_healthy) / abs(mean_healthy),46087,78394,1339891
BraTS-GLI-00360-000,processed_zscore,case_brain_mask,FLAIR,2.614166021347046,2.4286093711853027,-0.14209239184856415,2.75625841319561,2.570701763033867,19.39764949648472,18.09176219493587,19.39764949648472,18.09176219493587,abs(mean_region - mean_healthy) / abs(mean_healthy),46087,78394,1339891
BraTS-GLI-00364-000,processed_zscore,case_brain_mask,T1,-0.34311485290527344,-0.13067235052585602,0.007531412411481142,0.3506462653167546,0.13820376293733716,46.55783618783343,18.350311387364027,46.55783618783343,18.350311387364027,abs(mean_region - mean_healthy) / abs(mean_healthy),24927,74666,1295478
BraTS-GLI-00364-000,processed_zscore,case_brain_mask,T1ce,3.024941921234131,0.8058515191078186,-0.046446021646261215,3.071387942880392,0.8522975407540798,66.12811676902,18.350280832345252,66.12811676902,18.350280832345252,abs(mean_region - mean_healthy) / abs(mean_healthy),24927,74666,1295478
BraTS-GLI-00364-000,processed_zscore,case_brain_mask,T2,1.043786883354187,1.1161125898361206,-0.06432802230119705,1.108114905655384,1.1804406121373177,17.226006117007014,18.350332715192945,17.226006117007014,18.350332715192945,abs(mean_region - mean_healthy) / abs(mean_healthy),24927,74666,1295478
BraTS-GLI-00364-000,processed_zscore,case_brain_mask,FLAIR,3.220461845397949,2.7967100143432617,-0.16119080781936646,3.3816526532173157,2.957900822162628,20.979190432539188,18.35030708126551,20.979190432539188,18.35030708126551,abs(mean_region - mean_healthy) / abs(mean_healthy),24927,74666,1295478
BraTS-GLI-00366-000,processed_zscore,case_brain_mask,T1,0.18636929988861084,-0.4074832797050476,0.033634647727012634,0.1527346521615982,0.44111792743206024,4.540991581099096,13.114985803100591,4.540991581099096,13.114985803100591,abs(mean_region - mean_healthy) / abs(mean_healthy),1631,102847,1245996
BraTS-GLI-00366-000,processed_zscore,case_brain_mask,T1ce,1.1089253425598145,-1.213502287864685,0.1001650020480156,1.0087603405117989,1.3136672899127007,10.07098607184408,13.115032826365585,10.07098607184408,13.115032826365585,abs(mean_region - mean_healthy) / abs(mean_healthy),1631,102847,1245996
BraTS-GLI-00366-000,processed_zscore,case_brain_mask,T2,1.9019837379455566,2.42006778717041,-0.1997571736574173,2.101740911602974,2.6198249608278275,10.521479019359028,13.115048200075238,10.521479019359028,13.115048200075238,abs(mean_region - mean_healthy) / abs(mean_healthy),1631,102847,1245996
BraTS-GLI-00366-000,processed_zscore,case_brain_mask,FLAIR,5.540959358215332,1.3764808177947998,-0.11361748725175858,5.654576845467091,1.4900983050465584,49.768543401575435,13.115043652961042,49.768543401575435,13.115043652961042,abs(mean_region - mean_healthy) / abs(mean_healthy),1631,102847,1245996
BraTS-GLI-00367-000,processed_zscore,case_brain_mask,T1,0.05680176615715027,0.013457230292260647,-0.0007644859724678099,0.05756625212961808,0.014221716264728457,75.30059962224095,18.60297870321916,75.30059962224095,18.60297870321916,abs(mean_region - mean_healthy) / abs(mean_healthy),15058,87782,1545046
BraTS-GLI-00367-000,processed_zscore,case_brain_mask,T1ce,1.7905577421188354,0.0974292904138565,-0.005535487085580826,1.7960932292044163,0.10296477749943733,324.46886812959775,18.600852266035677,324.46886812959775,18.600852266035677,abs(mean_region - mean_healthy) / abs(mean_healthy),15058,87782,1545046
BraTS-GLI-00367-000,processed_zscore,case_brain_mask,T2,0.048724863678216934,0.3766578733921051,-0.021399909630417824,0.07012477330863476,0.3980577830225229,3.2768724036553607,18.600909531726423,3.2768724036553607,18.600909531726423,abs(mean_region - mean_healthy) / abs(mean_healthy),15058,87782,1545046
BraTS-GLI-00367-000,processed_zscore,case_brain_mask,FLAIR,1.518460988998413,2.1711056232452393,-0.1233515664935112,1.6418125554919243,2.2944571897387505,13.310025986401158,18.600957044671567,13.310025986401158,18.600957044671567,abs(mean_region - mean_healthy) / abs(mean_healthy),15058,87782,1545046
BraTS-GLI-00369-000,processed_zscore,case_brain_mask,T1,-0.10420092940330505,-0.2502104341983795,0.03990296274423599,0.14410389214754105,0.2901133969426155,3.611358210947806,7.270472591274506,3.611358210947806,7.270472591274506,abs(mean_region - mean_healthy) / abs(mean_healthy),13794,197633,1239252
BraTS-GLI-00369-000,processed_zscore,case_brain_mask,T1ce,1.6560478210449219,-0.5545326471328735,0.08843538910150528,1.5676124319434166,0.6429680362343788,17.72607604116635,7.270483488192564,17.72607604116635,7.270483488192564,abs(mean_region - mean_healthy) / abs(mean_healthy),13794,197633,1239252
BraTS-GLI-00369-000,processed_zscore,case_brain_mask,T2,1.022627830505371,1.3642494678497314,-0.2175673246383667,1.2401951551437378,1.5818167924880981,5.700282233120942,7.270470394014094,5.700282233120942,7.270470394014094,abs(mean_region - mean_healthy) / abs(mean_healthy),13794,197633,1239252
BraTS-GLI-00369-000,processed_zscore,case_brain_mask,FLAIR,1.563770055770874,1.8461271524429321,-0.29441604018211365,1.8581860959529877,2.1405431926250458,6.311429549842428,7.270470696165175,6.311429549842428,7.270470696165175,abs(mean_region - mean_healthy) / abs(mean_healthy),13794,197633,1239252
BraTS-GLI-00370-000,processed_zscore,case_brain_mask,T1,-0.42044591903686523,-0.3630583584308624,0.022415410727262497,0.44286132976412773,0.3854737691581249,19.75700267787208,17.19681936005289,19.75700267787208,17.19681936005289,abs(mean_region - mean_healthy) / abs(mean_healthy),31176,78083,1264693
BraTS-GLI-00370-000,processed_zscore,case_brain_mask,T1ce,2.4766743183135986,0.7360846996307373,-0.045446328818798065,2.5221206471323967,0.7815310284495354,55.49668615012895,17.196791220818458,55.49668615012895,17.196791220818458,abs(mean_region - mean_healthy) / abs(mean_healthy),31176,78083,1264693
BraTS-GLI-00370-000,processed_zscore,case_brain_mask,T2,0.7518782615661621,0.915713369846344,-0.05653676390647888,0.808415025472641,0.9722501337528229,14.298926390797545,17.19677722200522,14.298926390797545,17.19677722200522,abs(mean_region - mean_healthy) / abs(mean_healthy),31176,78083,1264693
BraTS-GLI-00370-000,processed_zscore,case_brain_mask,FLAIR,2.6327242851257324,2.5373308658599854,-0.15665653347969055,2.789380818605423,2.693987399339676,17.805710088478673,17.19677653718115,17.805710088478673,17.19677653718115,abs(mean_region - mean_healthy) / abs(mean_healthy),31176,78083,1264693
BraTS-GLI-00371-000,processed_zscore,case_brain_mask,T1,0.1947273313999176,-0.15953905880451202,0.01012667641043663,0.18460065498948097,0.16966573521494865,18.22914523063363,16.754335612036527,18.22914523063363,16.754335612036527,abs(mean_region - mean_healthy) / abs(mean_healthy),7013,83820,1320525
BraTS-GLI-00371-000,processed_zscore,case_brain_mask,T1ce,3.3899409770965576,-0.17723342776298523,0.011249885894358158,3.3786910912021995,0.1884833136573434,300.33114317156054,16.754242258747546,300.33114317156054,16.754242258747546,abs(mean_region - mean_healthy) / abs(mean_healthy),7013,83820,1320525
BraTS-GLI-00371-000,processed_zscore,case_brain_mask,T2,0.6888190507888794,1.1719814538955688,-0.074391208589077,0.7632102593779564,1.2463726624846458,10.259414705758928,16.754300489583027,10.259414705758928,16.754300489583027,abs(mean_region - mean_healthy) / abs(mean_healthy),7013,83820,1320525
BraTS-GLI-00371-000,processed_zscore,case_brain_mask,FLAIR,2.7160096168518066,3.034670352935791,-0.19262489676475525,2.908634513616562,3.2272952497005463,15.09999258906161,16.754299698039073,15.09999258906161,16.754299698039073,abs(mean_region - mean_healthy) / abs(mean_healthy),7013,83820,1320525
BraTS-GLI-00373-000,processed_zscore,case_brain_mask,T1,-0.6496132612228394,-0.22567163407802582,0.0027214589063078165,0.6523347201291472,0.22839309298433363,239.70037490449008,83.92303571255937,239.70037490449008,83.92303571255937,abs(mean_region - mean_healthy) / abs(mean_healthy),8198,17892,1483698
BraTS-GLI-00373-000,processed_zscore,case_brain_mask,T1ce,3.3033907413482666,1.416294813156128,-0.017079178243875504,3.320469919592142,1.4333739914000034,194.41625774839864,83.92523170217532,194.41625774839864,83.92523170217532,abs(mean_region - mean_healthy) / abs(mean_healthy),8198,17892,1483698
BraTS-GLI-00373-000,processed_zscore,case_brain_mask,T2,1.7857643365859985,1.2129613161087036,-0.01462722010910511,1.8003915566951036,1.2275885362178087,123.08501159248989,83.9249376888547,123.08501159248989,83.9249376888547,abs(mean_region - mean_healthy) / abs(mean_healthy),8198,17892,1483698
BraTS-GLI-00373-000,processed_zscore,case_brain_mask,FLAIR,7.582129955291748,5.098634243011475,-0.06148470565676689,7.643614660948515,5.1601189486682415,124.31733354337483,83.92524439287656,124.31733354337483,83.92524439287656,abs(mean_region - mean_healthy) / abs(mean_healthy),8198,17892,1483698
BraTS-GLI-00375-000,processed_zscore,case_brain_mask,T1,0.42200061678886414,-0.5550248622894287,0.05294901877641678,0.36905159801244736,0.6079738810658455,6.969942154562098,11.482250193022159,6.969942154562098,11.482250193022159,abs(mean_region - mean_healthy) / abs(mean_healthy),9075,149897,1571252
BraTS-GLI-00375-000,processed_zscore,case_brain_mask,T1ce,2.374028444290161,-0.46459731459617615,0.04432248696684837,2.3297059573233128,0.5089198015630245,52.56261813706097,11.482203197299787,52.56261813706097,11.482203197299787,abs(mean_region - mean_healthy) / abs(mean_healthy),9075,149897,1571252
BraTS-GLI-00375-000,processed_zscore,case_brain_mask,T2,1.1135081052780151,1.6240140199661255,-0.15493054687976837,1.2684386521577835,1.7789445668458939,8.187143708607296,11.482206722128325,8.187143708607296,11.482206722128325,abs(mean_region - mean_healthy) / abs(mean_healthy),9075,149897,1571252
BraTS-GLI-00375-000,processed_zscore,case_brain_mask,FLAIR,2.2103421688079834,2.4840879440307617,-0.23698119819164276,2.447323366999626,2.7210691422224045,10.32707820567485,11.482215310692796,10.32707820567485,11.482215310692796,abs(mean_region - mean_healthy) / abs(mean_healthy),9075,149897,1571252
BraTS-GLI-00376-000,processed_zscore,case_brain_mask,T1,0.9148401618003845,0.4074065387248993,-0.008500855416059494,0.923341017216444,0.4159073941409588,108.61742401501185,48.925357953417524,108.61742401501185,48.925357953417524,abs(mean_region - mean_healthy) / abs(mean_healthy),2477,34854,1670374
BraTS-GLI-00376-000,processed_zscore,case_brain_mask,T1ce,3.2648367881774902,0.2965037226676941,-0.006186828017234802,3.271023616194725,0.3026905506849289,528.707700793129,48.924998374242215,528.707700793129,48.924998374242215,abs(mean_region - mean_healthy) / abs(mean_healthy),2477,34854,1670374
BraTS-GLI-00376-000,processed_zscore,case_brain_mask,T2,0.4625435769557953,0.9234124422073364,-0.019267873838543892,0.4818114507943392,0.9426803160458803,25.005947974940163,48.92497864295339,25.005947974940163,48.92497864295339,abs(mean_region - mean_healthy) / abs(mean_healthy),2477,34854,1670374
BraTS-GLI-00376-000,processed_zscore,case_brain_mask,FLAIR,2.649599075317383,3.5295939445495605,-0.07364849746227264,2.7232475727796555,3.603242442011833,36.97628148048333,48.92486019633515,36.97628148048333,48.92486019633515,abs(mean_region - mean_healthy) / abs(mean_healthy),2477,34854,1670374
BraTS-GLI-00377-000,processed_zscore,case_brain_mask,T1,0.6679187417030334,0.7378023862838745,-0.017022445797920227,0.6849411875009537,0.7548248320817947,40.23753082442704,44.342912942276364,40.23753082442704,44.342912942276364,abs(mean_region - mean_healthy) / abs(mean_healthy),13986,30602,1326398
BraTS-GLI-00377-000,processed_zscore,case_brain_mask,T1ce,2.4367446899414062,1.33035147190094,-0.030693091452121735,2.467437781393528,1.3610445633530617,80.39065681091438,44.34367797314129,80.39065681091438,44.34367797314129,abs(mean_region - mean_healthy) / abs(mean_healthy),13986,30602,1326398
BraTS-GLI-00377-000,processed_zscore,case_brain_mask,T2,0.5002330541610718,0.456182599067688,-0.010524789802730083,0.5107578439638019,0.46670738887041807,48.52903036897835,44.34363038294183,48.52903036897835,44.34363038294183,abs(mean_region - mean_healthy) / abs(mean_healthy),13986,30602,1326398
BraTS-GLI-00377-000,processed_zscore,case_brain_mask,FLAIR,2.8241491317749023,2.579761505126953,-0.059518828988075256,2.8836679607629776,2.6392803341150284,48.44967567054667,44.34361997686169,48.44967567054667,44.34361997686169,abs(mean_region - mean_healthy) / abs(mean_healthy),13986,30602,1326398
BraTS-GLI-00378-000,processed_zscore,case_brain_mask,T1,-0.9178292751312256,-0.5480948090553284,0.013609782792627811,0.9314390579238534,0.5617045918479562,68.4389363236861,41.27212023929008,68.4389363236861,41.27212023929008,abs(mean_region - mean_healthy) / abs(mean_healthy),3603,38093,1534097
BraTS-GLI-00378-000,processed_zscore,case_brain_mask,T1ce,1.096709132194519,-0.31523293256759644,0.007827412337064743,1.0888817198574543,0.3230603449046612,139.11132734139082,41.27294321456532,139.11132734139082,41.27294321456532,abs(mean_region - mean_healthy) / abs(mean_healthy),3603,38093,1534097
BraTS-GLI-00378-000,processed_zscore,case_brain_mask,T2,1.6047924757003784,1.2783890962600708,-0.031743574887514114,1.6365360505878925,1.310132671147585,51.554875479119424,41.27237325317468,51.554875479119424,41.27237325317468,abs(mean_region - mean_healthy) / abs(mean_healthy),3603,38093,1534097
BraTS-GLI-00378-000,processed_zscore,case_brain_mask,FLAIR,4.199779987335205,2.74141526222229,-0.06807182729244232,4.267851814627647,2.8094870895147324,62.69630160349002,41.27239125585594,62.69630160349002,41.27239125585594,abs(mean_region - mean_healthy) / abs(mean_healthy),3603,38093,1534097
BraTS-GLI-00379-000,processed_zscore,case_brain_mask,T1,0.08885598182678223,0.29800572991371155,-0.004874419420957565,0.09373040124773979,0.3028801493346691,19.229039020472047,62.13666145191281,19.229039020472047,62.13666145191281,abs(mean_region - mean_healthy) / abs(mean_healthy),5997,22733,1389817
BraTS-GLI-00379-000,processed_zscore,case_brain_mask,T1ce,1.7240310907363892,0.5526664853096008,-0.009039758704602718,1.7330708494409919,0.5617062440142035,191.71649444122605,62.13730502875072,191.71649444122605,62.13730502875072,abs(mean_region - mean_healthy) / abs(mean_healthy),5997,22733,1389817
BraTS-GLI-00379-000,processed_zscore,case_brain_mask,T2,0.9238850474357605,0.7593921422958374,-0.012421147897839546,0.9363061953336,0.771813290193677,75.38000537747844,62.13703407620814,75.38000537747844,62.13703407620814,abs(mean_region - mean_healthy) / abs(mean_healthy),5997,22733,1389817
BraTS-GLI-00379-000,processed_zscore,case_brain_mask,FLAIR,3.9317073822021484,2.9138646125793457,-0.04766146093606949,3.979368843138218,2.961526073515415,83.49238074082388,62.13670364590474,83.49238074082388,62.13670364590474,abs(mean_region - mean_healthy) / abs(mean_healthy),5997,22733,1389817
BraTS-GLI-00382-000,processed_zscore,case_brain_mask,T1,-0.20766083896160126,-0.4275137186050415,0.014600145630538464,0.22226098459213972,0.44211386423557997,15.223203262250102,30.281469474580472,15.223203262250102,30.281469474580472,abs(mean_region - mean_healthy) / abs(mean_healthy),10532,53436,1564700
BraTS-GLI-00382-000,processed_zscore,case_brain_mask,T1ce,2.1657230854034424,-0.010731500573456287,0.0003664871910586953,2.1653565982123837,0.011097987764514983,5908.410037352677,30.282061788995968,5908.410037352677,30.282061788995968,abs(mean_region - mean_healthy) / abs(mean_healthy),10532,53436,1564700
BraTS-GLI-00382-000,processed_zscore,case_brain_mask,T2,1.1799347400665283,1.490622878074646,-0.05090624466538429,1.2308409847319126,1.5415291227400303,24.178585413684452,30.281729341317014,24.178585413684452,30.281729341317014,abs(mean_region - mean_healthy) / abs(mean_healthy),10532,53436,1564700
BraTS-GLI-00382-000,processed_zscore,case_brain_mask,FLAIR,3.165252208709717,2.99369215965271,-0.1022375077009201,3.267489716410637,3.09592966735363,31.959794305326465,30.28174040011118,31.959794305326465,30.28174040011118,abs(mean_region - mean_healthy) / abs(mean_healthy),10532,53436,1564700
BraTS-GLI-00383-000,processed_zscore,case_brain_mask,T1,0.08918722718954086,0.20975705981254578,-0.014204958453774452,0.10339218564331532,0.22396201826632023,7.2785982429848355,15.766467673603822,7.2785982429848355,15.766467673603822,abs(mean_region - mean_healthy) / abs(mean_healthy),15618,89335,1319158
BraTS-GLI-00383-000,processed_zscore,case_brain_mask,T1ce,1.5284085273742676,-0.0853109210729599,0.0057772803120315075,1.522631247062236,0.09108820138499141,263.5550232678293,15.766623128065149,263.5550232678293,15.766623128065149,abs(mean_region - mean_healthy) / abs(mean_healthy),15618,89335,1319158
BraTS-GLI-00383-000,processed_zscore,case_brain_mask,T2,0.799483060836792,0.6833586096763611,-0.04627792909741402,0.845760989934206,0.7296365387737751,18.275687923586595,15.766404266662546,18.275687923586595,15.766404266662546,abs(mean_region - mean_healthy) / abs(mean_healthy),15618,89335,1319158
BraTS-GLI-00383-000,processed_zscore,case_brain_mask,FLAIR,3.275547981262207,2.2050554752349854,-0.14932914078235626,3.4248771220445633,2.3543846160173416,22.935088919022455,15.766411054683575,22.935088919022455,15.766411054683575,abs(mean_region - mean_healthy) / abs(mean_healthy),15618,89335,1319158
BraTS-GLI-00386-000,processed_zscore,case_brain_mask,T1,-0.7614550590515137,-0.784399688243866,0.03885432332754135,0.800309382379055,0.8232540115714073,20.597691938486722,21.188221568842895,20.597691938486722,21.188221568842895,abs(mean_region - mean_healthy) / abs(mean_healthy),10918,72844,1470587
BraTS-GLI-00386-000,processed_zscore,case_brain_mask,T1ce,1.7976717948913574,-0.5100908279418945,0.025266870856285095,1.7724049240350723,0.5353576987981796,70.14738525068249,21.188128195344387,70.14738525068249,21.188128195344387,abs(mean_region - mean_healthy) / abs(mean_healthy),10918,72844,1470587
BraTS-GLI-00386-000,processed_zscore,case_brain_mask,T2,1.929280400276184,2.177947521209717,-0.10788238793611526,2.0371627882122993,2.285829909145832,18.88318220596532,21.18816567630513,18.88318220596532,21.18816567630513,abs(mean_region - mean_healthy) / abs(mean_healthy),10918,72844,1470587
BraTS-GLI-00386-000,processed_zscore,case_brain_mask,FLAIR,3.868623733520508,2.2177162170410156,-0.10985229909420013,3.978476032614708,2.3275685161352158,36.2165932385548,21.188163883027045,36.2165932385548,21.188163883027045,abs(mean_region - mean_healthy) / abs(mean_healthy),10918,72844,1470587
BraTS-GLI-00387-000,processed_zscore,case_brain_mask,T1,-0.7088415622711182,-0.46253702044487,0.007415135391056538,0.7162566976621747,0.46995215583592653,96.59387993455364,63.37742078219369,96.59387993455364,63.37742078219369,abs(mean_region - mean_healthy) / abs(mean_healthy),11118,19476,1214870
BraTS-GLI-00387-000,processed_zscore,case_brain_mask,T1ce,1.9483048915863037,1.0967869758605957,-0.017582913860678673,1.9658878054469824,1.1143698897212744,111.80671309795646,63.37799858153098,111.80671309795646,63.37799858153098,abs(mean_region - mean_healthy) / abs(mean_healthy),11118,19476,1214870
BraTS-GLI-00387-000,processed_zscore,case_brain_mask,T2,0.3985210657119751,0.49326378107070923,-0.007907620631158352,0.40642868634313345,0.5011714017018676,51.39708963043635,63.37828091134074,51.39708963043635,63.37828091134074,abs(mean_region - mean_healthy) / abs(mean_healthy),11118,19476,1214870
BraTS-GLI-00387-000,processed_zscore,case_brain_mask,FLAIR,2.9248464107513428,2.994732618331909,-0.04800960049033165,2.9728560112416744,3.042742218822241,61.922115178616394,63.37778668737307,61.922115178616394,63.37778668737307,abs(mean_region - mean_healthy) / abs(mean_healthy),11118,19476,1214870
BraTS-GLI-00388-000,processed_zscore,case_brain_mask,T1,-0.44874218106269836,-0.22339682281017303,0.03110916167497635,0.4798513427376747,0.2545059844851494,15.424759681764698,8.181062130319939,15.424759681764698,8.181062130319939,abs(mean_region - mean_healthy) / abs(mean_healthy),50097,183696,1319132
BraTS-GLI-00388-000,processed_zscore,case_brain_mask,T1ce,1.503100037574768,0.2701055705547333,-0.0376134067773819,1.54071344435215,0.3077189773321152,40.9618159150271,8.181098275765759,40.9618159150271,8.181098275765759,abs(mean_region - mean_healthy) / abs(mean_healthy),50097,183696,1319132
BraTS-GLI-00388-000,processed_zscore,case_brain_mask,T2,1.9238319396972656,1.627275824546814,-0.22660651803016663,2.1504384577274323,1.8538823425769806,9.48974670464315,8.181063628232378,9.48974670464315,8.181063628232378,abs(mean_region - mean_healthy) / abs(mean_healthy),50097,183696,1319132
BraTS-GLI-00388-000,processed_zscore,case_brain_mask,FLAIR,1.9701979160308838,2.136920690536499,-0.29757729172706604,2.26777520775795,2.434497982263565,7.620793893903448,8.18106102160663,7.620793893903448,8.18106102160663,abs(mean_region - mean_healthy) / abs(mean_healthy),50097,183696,1319132
BraTS-GLI-00389-000,processed_zscore,case_brain_mask,T1,-0.06253693252801895,-0.30337652564048767,0.003684402909129858,0.06622133543714881,0.30706092854961753,17.973423936088533,83.34075727405606,17.973423936088533,83.34075727405606,abs(mean_region - mean_healthy) / abs(mean_healthy),3611,16585,1365607
BraTS-GLI-00389-000,processed_zscore,case_brain_mask,T1ce,2.889366388320923,0.2569621205329895,-0.0031206875573843718,2.8924870758783072,0.2600828080903739,926.8749346707004,83.34150834002885,926.8749346707004,83.34150834002885,abs(mean_region - mean_healthy) / abs(mean_healthy),3611,16585,1365607
BraTS-GLI-00389-000,processed_zscore,case_brain_mask,T2,0.8577616810798645,1.2392452955245972,-0.015050375834107399,0.8728120569139719,1.2542956713587046,57.992708390443745,83.33982388108873,57.992708390443745,83.33982388108873,abs(mean_region - mean_healthy) / abs(mean_healthy),3611,16585,1365607
BraTS-GLI-00389-000,processed_zscore,case_brain_mask,FLAIR,4.58059024810791,3.7933714389801025,-0.04606957361102104,4.626659821718931,3.8394410125911236,100.42766752701426,83.34005964562758,100.42766752701426,83.34005964562758,abs(mean_region - mean_healthy) / abs(mean_healthy),3611,16585,1365607
BraTS-GLI-00390-000,processed_zscore,case_brain_mask,T1,0.421314001083374,0.09011459350585938,-0.0009911629604175687,0.4223051640437916,0.09110575646627694,426.07036472173854,91.91803982252813,426.07036472173854,91.91803982252813,abs(mean_region - mean_healthy) / abs(mean_healthy),442,17056,1550902
BraTS-GLI-00390-000,processed_zscore,case_brain_mask,T1ce,1.1947658061981201,0.004736249800771475,-5.211267853155732e-05,1.1948179188766517,0.004788362479303032,22927.58600295547,91.8847891574676,22927.58600295547,91.8847891574676,abs(mean_region - mean_healthy) / abs(mean_healthy),442,17056,1550902
BraTS-GLI-00390-000,processed_zscore,case_brain_mask,T2,0.5083029866218567,0.36979907751083374,-0.004066896624863148,0.5123698832467198,0.3738659741356969,125.98547012833434,91.9290576136239,125.98547012833434,91.9290576136239,abs(mean_region - mean_healthy) / abs(mean_healthy),442,17056,1550902
BraTS-GLI-00390-000,processed_zscore,case_brain_mask,FLAIR,3.0358126163482666,2.3595402240753174,-0.02594902738928795,3.0617616437375546,2.3854892514646053,117.99138356150814,91.92981361796096,117.99138356150814,91.92981361796096,abs(mean_region - mean_healthy) / abs(mean_healthy),442,17056,1550902
BraTS-GLI-00391-000,processed_zscore,case_brain_mask,T1,-0.19071686267852783,-0.0783904641866684,0.004313790239393711,0.19503065291792154,0.08270425442606211,45.210972739678795,19.17206211623445,45.210972739678795,19.17206211623445,abs(mean_region - mean_healthy) / abs(mean_healthy),32372,82780,1504333
BraTS-GLI-00391-000,processed_zscore,case_brain_mask,T1ce,2.038851261138916,0.7461057305335999,-0.04105643555521965,2.0799076966941357,0.7871621660888195,50.65972407411558,19.172686460569878,50.65972407411558,19.172686460569878,abs(mean_region - mean_healthy) / abs(mean_healthy),32372,82780,1504333
BraTS-GLI-00391-000,processed_zscore,case_brain_mask,T2,0.5005741715431213,0.7475080490112305,-0.04113367944955826,0.5417078509926796,0.7886417284607887,13.169447961905997,19.172652167620715,13.169447961905997,19.172652167620715,abs(mean_region - mean_healthy) / abs(mean_healthy),32372,82780,1504333
BraTS-GLI-00391-000,processed_zscore,case_brain_mask,FLAIR,2.187847375869751,2.549485683441162,-0.1402924358844757,2.3281398117542267,2.689778119325638,16.59490618347622,19.172652483848417,16.59490618347622,19.172652483848417,abs(mean_region - mean_healthy) / abs(mean_healthy),32372,82780,1504333
BraTS-GLI-00392-000,processed_zscore,case_brain_mask,T1,-0.016324345022439957,0.10091368854045868,-0.004130824003368616,0.01219352101907134,0.1050445125438273,2.9518374564318726,25.429433076346342,2.9518374564318726,25.429433076346342,abs(mean_region - mean_healthy) / abs(mean_healthy),31896,47590,1162614
BraTS-GLI-00392-000,processed_zscore,case_brain_mask,T1ce,2.904195547103882,1.9793983697891235,-0.08102389425039291,2.9852194413542747,2.0604222640395164,36.8436924560658,25.42981034300909,36.8436924560658,25.42981034300909,abs(mean_region - mean_healthy) / abs(mean_healthy),31896,47590,1162614
BraTS-GLI-00392-000,processed_zscore,case_brain_mask,T2,1.1664907932281494,1.1019929647445679,-0.045108646154403687,1.211599439382553,1.1471016108989716,26.859583309934294,25.429750362547445,26.859583309934294,25.429750362547445,abs(mean_region - mean_healthy) / abs(mean_healthy),31896,47590,1162614
BraTS-GLI-00392-000,processed_zscore,case_brain_mask,FLAIR,3.8154489994049072,3.3085286617279053,-0.1354299783706665,3.9508789777755737,3.4439586400985718,29.172853937568934,25.42981016117859,29.172853937568934,25.42981016117859,abs(mean_region - mean_healthy) / abs(mean_healthy),31896,47590,1162614
BraTS-GLI-00395-000,processed_zscore,case_brain_mask,T1,-0.34486284852027893,-0.03533899411559105,0.00250254780985415,0.3473653963301331,0.0378415419254452,138.8046993397412,15.121206386722589,138.8046993397412,15.121206386722589,abs(mean_region - mean_healthy) / abs(mean_healthy),27487,102344,1445186
BraTS-GLI-00395-000,processed_zscore,case_brain_mask,T1ce,2.8529512882232666,0.5678163766860962,-0.040211234241724014,2.8931625224649906,0.6080276109278202,71.9491101683963,15.120839297613951,71.9491101683963,15.120839297613951,abs(mean_region - mean_healthy) / abs(mean_healthy),27487,102344,1445186
BraTS-GLI-00395-000,processed_zscore,case_brain_mask,T2,0.7516099214553833,0.8594081997871399,-0.06086081266403198,0.8124707341194153,0.9202690124511719,13.349653061724164,15.120879465269446,13.349653061724164,15.120879465269446,abs(mean_region - mean_healthy) / abs(mean_healthy),27487,102344,1445186
BraTS-GLI-00395-000,processed_zscore,case_brain_mask,FLAIR,2.6674580574035645,2.550013542175293,-0.18058472871780396,2.8480427861213684,2.730598270893097,15.771227203668735,15.120870354215537,15.771227203668735,15.120870354215537,abs(mean_region - mean_healthy) / abs(mean_healthy),27487,102344,1445186
BraTS-GLI-00397-000,processed_zscore,case_brain_mask,T1,-0.2087503969669342,-0.24803628027439117,0.03152123838663101,0.24027163535356522,0.2795575186610222,7.6225315898588155,8.868862169437794,7.6225315898588155,8.868862169437794,abs(mean_region - mean_healthy) / abs(mean_healthy),60292,159590,1255787
BraTS-GLI-00397-000,processed_zscore,case_brain_mask,T1ce,1.7516839504241943,0.3762117922306061,-0.0478103905916214,1.7994943410158157,0.4240221828222275,37.63814348195621,8.868829088723986,37.63814348195621,8.868829088723986,abs(mean_region - mean_healthy) / abs(mean_healthy),60292,159590,1255787
BraTS-GLI-00397-000,processed_zscore,case_brain_mask,T2,0.6091014742851257,0.7837538719177246,-0.09960220754146576,0.7087036818265915,0.8833560794591904,7.115341108594892,8.86884037275416,7.115341108594892,8.86884037275416,abs(mean_region - mean_healthy) / abs(mean_healthy),60292,159590,1255787
BraTS-GLI-00397-000,processed_zscore,case_brain_mask,FLAIR,1.8834999799728394,1.8268128633499146,-0.23215802013874054,2.11565800011158,2.058970883488655,9.113008453669773,8.86883374633445,9.113008453669773,8.86883374633445,abs(mean_region - mean_healthy) / abs(mean_healthy),60292,159590,1255787
BraTS-GLI-00399-000,processed_zscore,case_brain_mask,T1,-0.39877644181251526,-0.3284853994846344,0.015288841910660267,0.4140652837231755,0.34377424139529467,27.082841600609736,22.485302902870316,27.082841600609736,22.485302902870316,abs(mean_region - mean_healthy) / abs(mean_healthy),22274,65222,1401324
BraTS-GLI-00399-000,processed_zscore,case_brain_mask,T1ce,2.7082035541534424,0.601009726524353,-0.02797294594347477,2.736176500096917,0.6289826724678278,97.8150998334583,22.485392626819493,97.8150998334583,22.485392626819493,abs(mean_region - mean_healthy) / abs(mean_healthy),22274,65222,1401324
BraTS-GLI-00399-000,processed_zscore,case_brain_mask,T2,0.744732677936554,0.8544773459434509,-0.03977006673812866,0.7845027446746826,0.8942474126815796,19.725959974881263,22.485439075822317,19.725959974881263,22.485439075822317,abs(mean_region - mean_healthy) / abs(mean_healthy),22274,65222,1401324
BraTS-GLI-00399-000,processed_zscore,case_brain_mask,FLAIR,3.4880170822143555,2.8159539699554443,-0.1310632824897766,3.619080364704132,2.947017252445221,27.613228479810378,22.485452801589176,27.613228479810378,22.485452801589176,abs(mean_region - mean_healthy) / abs(mean_healthy),22274,65222,1401324
BraTS-GLI-00400-000,processed_zscore,case_brain_mask,T1,-0.7671126127243042,-0.7159234881401062,0.09710457921028137,0.8642171919345856,0.8130280673503876,8.899860325465298,8.372705736047354,8.899860325465298,8.372705736047354,abs(mean_region - mean_healthy) / abs(mean_healthy),38535,209795,1546760
BraTS-GLI-00400-000,processed_zscore,case_brain_mask,T1ce,0.8959234356880188,-0.3094688653945923,0.041974931955337524,0.8539485037326813,0.3514437973499298,20.34424986421195,8.372706779462456,20.34424986421195,8.372706779462456,abs(mean_region - mean_healthy) / abs(mean_healthy),38535,209795,1546760
BraTS-GLI-00400-000,processed_zscore,case_brain_mask,T2,0.9638066291809082,0.9520041346549988,-0.1291252225637436,1.0929318517446518,1.0811293572187424,8.464123662633908,8.372720183967429,8.464123662633908,8.372720183967429,abs(mean_region - mean_healthy) / abs(mean_healthy),38535,209795,1546760
BraTS-GLI-00400-000,processed_zscore,case_brain_mask,FLAIR,2.5771145820617676,1.9340499639511108,-0.2623251676559448,2.8394397497177124,2.1963751316070557,10.824122500673697,8.372719824152494,10.824122500673697,8.372719824152494,abs(mean_region - mean_healthy) / abs(mean_healthy),38535,209795,1546760
BraTS-GLI-00401-000,processed_zscore,case_brain_mask,T1,-0.15721525251865387,-0.3003985583782196,0.028625911101698875,0.18584116362035275,0.3290244694799185,6.492061089693091,11.493938771450726,6.492061089693091,11.493938771450726,abs(mean_region - mean_healthy) / abs(mean_healthy),29114,137477,1442681
BraTS-GLI-00401-000,processed_zscore,case_brain_mask,T1ce,2.2195842266082764,0.07779772579669952,-0.007413527462631464,2.226997754070908,0.08521125325933099,300.39650696598693,11.494022742728855,300.39650696598693,11.494022742728855,abs(mean_region - mean_healthy) / abs(mean_healthy),29114,137477,1442681
BraTS-GLI-00401-000,processed_zscore,case_brain_mask,T2,0.8947690725326538,1.2651211023330688,-0.12055691331624985,1.0153259858489037,1.3856780156493187,8.421964016161054,11.493973904377853,8.421964016161054,11.493973904377853,abs(mean_region - mean_healthy) / abs(mean_healthy),29114,137477,1442681
BraTS-GLI-00401-000,processed_zscore,case_brain_mask,FLAIR,2.8290927410125732,2.222372055053711,-0.21177591383457184,3.040868654847145,2.4341479688882828,14.358897571432562,11.493979295443912,14.358897571432562,11.493979295443912,abs(mean_region - mean_healthy) / abs(mean_healthy),29114,137477,1442681
BraTS-GLI-00402-000,processed_zscore,case_brain_mask,T1,-0.07648895680904388,-0.15502730011940002,0.024923603981733322,0.1014125607907772,0.17995090410113335,4.068936453375811,7.220099638600444,4.068936453375811,7.220099638600444,abs(mean_region - mean_healthy) / abs(mean_healthy),70407,231389,1439265
BraTS-GLI-00402-000,processed_zscore,case_brain_mask,T1ce,2.906202793121338,0.587473452091217,-0.09444745630025864,3.0006502494215965,0.6819209083914757,31.770577704943225,7.220108779039805,31.770577704943225,7.220108779039805,abs(mean_region - mean_healthy) / abs(mean_healthy),70407,231389,1439265
BraTS-GLI-00402-000,processed_zscore,case_brain_mask,T2,0.7680392861366272,0.9074232578277588,-0.14588549733161926,0.9139247834682465,1.053308755159378,6.264671952899887,7.2201060038548714,6.264671952899887,7.2201060038548714,abs(mean_region - mean_healthy) / abs(mean_healthy),70407,231389,1439265
BraTS-GLI-00402-000,processed_zscore,case_brain_mask,FLAIR,2.1014833450317383,1.8577078580856323,-0.29866158962249756,2.400144934654236,2.15636944770813,8.036336167928297,7.220109724969116,8.036336167928297,7.220109724969116,abs(mean_region - mean_healthy) / abs(mean_healthy),70407,231389,1439265
BraTS-GLI-00403-000,processed_zscore,case_brain_mask,T1,-0.06333791464567184,0.09469886869192123,-0.002603898523375392,0.06073401612229645,0.09730276721529663,23.324263820990964,37.36811029377773,23.324263820990964,37.36811029377773,abs(mean_region - mean_healthy) / abs(mean_healthy),12510,35546,1292865
BraTS-GLI-00403-000,processed_zscore,case_brain_mask,T1ce,2.0789108276367188,0.7047681212425232,-0.01937684416770935,2.098287671804428,0.7241449654102325,108.2884113451834,37.37166687942859,108.2884113451834,37.37166687942859,abs(mean_region - mean_healthy) / abs(mean_healthy),12510,35546,1292865
BraTS-GLI-00403-000,processed_zscore,case_brain_mask,T2,1.1592580080032349,1.225022554397583,-0.03368077799677849,1.1929387860000134,1.2587033323943615,35.41897951745996,37.3715634631348,35.41897951745996,37.3715634631348,abs(mean_region - mean_healthy) / abs(mean_healthy),12510,35546,1292865
BraTS-GLI-00403-000,processed_zscore,case_brain_mask,FLAIR,2.1916418075561523,2.255669593811035,-0.062017325311899185,2.2536591328680515,2.3176869191229343,36.339186211818856,37.37160394239451,36.339186211818856,37.37160394239451,abs(mean_region - mean_healthy) / abs(mean_healthy),12510,35546,1292865
BraTS-GLI-00404-000,processed_zscore,case_brain_mask,T1,1.166638970375061,-0.09072121977806091,0.00972337368875742,1.1569155966863036,0.10044459346681833,118.98294087205338,10.330220423694778,118.98294087205338,10.330220423694778,abs(mean_region - mean_healthy) / abs(mean_healthy),31592,148743,1387807
BraTS-GLI-00404-000,processed_zscore,case_brain_mask,T1ce,1.2760810852050781,-0.037518009543418884,0.004021177999675274,1.2720599072054029,0.04153918754309416,316.3401140929665,10.330104150188978,316.3401140929665,10.330104150188978,abs(mean_region - mean_healthy) / abs(mean_healthy),31592,148743,1387807
BraTS-GLI-00404-000,processed_zscore,case_brain_mask,T2,1.1846309900283813,1.1906323432922363,-0.12761010229587555,1.312241092324257,1.3182424455881119,10.283206961794509,10.330235787537006,10.283206961794509,10.330235787537006,abs(mean_region - mean_healthy) / abs(mean_healthy),31592,148743,1387807
BraTS-GLI-00404-000,processed_zscore,case_brain_mask,FLAIR,2.8424012660980225,2.1566107273101807,-0.23114219307899475,3.073543459177017,2.3877529203891754,13.297197790827434,10.330233907459471,13.297197790827434,10.330233907459471,abs(mean_region - mean_healthy) / abs(mean_healthy),31592,148743,1387807
BraTS-GLI-00405-000,processed_zscore,case_brain_mask,T1,-0.052199315279722214,0.03275567293167114,-0.004021847620606422,0.04817746765911579,0.036777520552277565,11.978939085676124,9.144434106315588,11.978939085676124,9.144434106315588,abs(mean_region - mean_healthy) / abs(mean_healthy),27668,143322,1167259
BraTS-GLI-00405-000,processed_zscore,case_brain_mask,T1ce,2.312603712081909,0.2358117252588272,-0.02895403653383255,2.3415577486157417,0.26476576179265976,80.871547767775,9.144347161518677,80.871547767775,9.144347161518677,abs(mean_region - mean_healthy) / abs(mean_healthy),27668,143322,1167259
BraTS-GLI-00405-000,processed_zscore,case_brain_mask,T2,1.3185287714004517,1.1588460206985474,-0.14228905737400055,1.4608178287744522,1.301135078072548,10.266550750524383,9.144308790046809,10.266550750524383,9.144308790046809,abs(mean_region - mean_healthy) / abs(mean_healthy),27668,143322,1167259
BraTS-GLI-00405-000,processed_zscore,case_brain_mask,FLAIR,1.5346567630767822,1.6465216875076294,-0.20216834545135498,1.7368251085281372,1.8486900329589844,8.590984432555718,9.144310049289142,8.590984432555718,9.144310049289142,abs(mean_region - mean_healthy) / abs(mean_healthy),27668,143322,1167259
BraTS-GLI-00406-000,processed_zscore,case_brain_mask,T1,-0.5619137287139893,-0.28728798031806946,0.013629204593598843,0.5755429333075881,0.3009171849116683,42.22865166892427,22.078851545966117,42.22865166892427,22.078851545966117,abs(mean_region - mean_healthy) / abs(mean_healthy),14178,69772,1470721
BraTS-GLI-00406-000,processed_zscore,case_brain_mask,T1ce,3.3058242797851562,0.32589849829673767,-0.015460943803191185,3.3212852235883474,0.34135944209992886,214.81775406898666,22.078823029514616,214.81775406898666,22.078823029514616,abs(mean_region - mean_healthy) / abs(mean_healthy),14178,69772,1470721
BraTS-GLI-00406-000,processed_zscore,case_brain_mask,T2,1.2351728677749634,1.2990092039108276,-0.061625901609659195,1.2967987693846226,1.3606351055204868,21.043079865972516,22.078948461294754,21.043079865972516,22.078948461294754,abs(mean_region - mean_healthy) / abs(mean_healthy),14178,69772,1470721
BraTS-GLI-00406-000,processed_zscore,case_brain_mask,FLAIR,4.017559051513672,3.2009401321411133,-0.1518547087907791,4.169413760304451,3.3527948409318924,27.45659843876784,22.07896526640654,27.45659843876784,22.07896526640654,abs(mean_region - mean_healthy) / abs(mean_healthy),14178,69772,1470721
BraTS-GLI-00407-000,processed_zscore,case_brain_mask,T1,-0.16586844623088837,-0.32955923676490784,0.03259694203734398,0.19846538826823235,0.3621561788022518,6.088466459242244,11.11012739745205,6.088466459242244,11.11012739745205,abs(mean_region - mean_healthy) / abs(mean_healthy),13105,121570,1229082
BraTS-GLI-00407-000,processed_zscore,case_brain_mask,T1ce,2.744929075241089,-0.15239465236663818,0.01507363747805357,2.7298554377630353,0.16746828984469175,181.10130628639322,11.110011773104988,181.10130628639322,11.110011773104988,abs(mean_region - mean_healthy) / abs(mean_healthy),13105,121570,1229082
BraTS-GLI-00407-000,processed_zscore,case_brain_mask,T2,0.7648030519485474,0.9012114405632019,-0.0891398936510086,0.853942945599556,0.9903513342142105,9.579806645751969,11.110079826789256,9.579806645751969,11.110079826789256,abs(mean_region - mean_healthy) / abs(mean_healthy),13105,121570,1229082
BraTS-GLI-00407-000,processed_zscore,case_brain_mask,FLAIR,2.7101082801818848,2.4393410682678223,-0.2412780374288559,2.9513863176107407,2.680619105696678,12.232304063236576,11.110083347254907,12.232304063236576,11.110083347254907,abs(mean_region - mean_healthy) / abs(mean_healthy),13105,121570,1229082
BraTS-GLI-00409-000,processed_zscore,case_brain_mask,T1,-0.5712969899177551,-0.3216405212879181,0.023339523002505302,0.5946365129202604,0.3449800442904234,25.47766348337244,14.780938078871307,25.47766348337244,14.780938078871307,abs(mean_region - mean_healthy) / abs(mean_healthy),30682,120207,1656563
BraTS-GLI-00409-000,processed_zscore,case_brain_mask,T1ce,2.0895137786865234,0.20081758499145508,-0.014572224579751492,2.104086003266275,0.21538980957120657,144.390171298208,14.780846149632957,144.390171298208,14.780846149632957,abs(mean_region - mean_healthy) / abs(mean_healthy),30682,120207,1656563
BraTS-GLI-00409-000,processed_zscore,case_brain_mask,T2,1.108821153640747,1.0199038982391357,-0.07400836050510406,1.1828295141458511,1.0939122587442398,15.982376937863338,14.780928144851918,15.982376937863338,14.780928144851918,abs(mean_region - mean_healthy) / abs(mean_healthy),30682,120207,1656563
BraTS-GLI-00409-000,processed_zscore,case_brain_mask,FLAIR,3.3459596633911133,2.5311262607574463,-0.18366891145706177,3.529628574848175,2.714795172214508,19.217343571360654,14.780918287574076,19.217343571360654,14.780918287574076,abs(mean_region - mean_healthy) / abs(mean_healthy),30682,120207,1656563
BraTS-GLI-00410-000,processed_zscore,case_brain_mask,T1,-0.3216983675956726,-0.0783851221203804,0.003097793087363243,0.32479616068303585,0.08148291520774364,104.84759682884226,26.303537037426757,104.84759682884226,26.303537037426757,abs(mean_region - mean_healthy) / abs(mean_healthy),8105,51838,1311727
BraTS-GLI-00410-000,processed_zscore,case_brain_mask,T1ce,1.771211862564087,0.08255335688591003,-0.0032623461447656155,1.7744742087088525,0.08581570303067565,543.9257914295727,26.304904269084272,543.9257914295727,26.304904269084272,abs(mean_region - mean_healthy) / abs(mean_healthy),8105,51838,1311727
BraTS-GLI-00410-000,processed_zscore,case_brain_mask,T2,0.6792028546333313,0.5689067244529724,-0.022482698783278465,0.7016855534166098,0.5913894232362509,31.210023324178913,26.304200796218357,31.210023324178913,26.304200796218357,abs(mean_region - mean_healthy) / abs(mean_healthy),8105,51838,1311727
BraTS-GLI-00410-000,processed_zscore,case_brain_mask,FLAIR,2.7606353759765625,2.3262062072753906,-0.09192917495965958,2.852564550936222,2.41813538223505,31.030024496445076,26.304330298799897,31.030024496445076,26.304330298799897,abs(mean_region - mean_healthy) / abs(mean_healthy),8105,51838,1311727
BraTS-GLI-00413-000,processed_zscore,case_brain_mask,T1,-0.22801266610622406,-0.13539643585681915,0.010484976693987846,0.2384976428002119,0.145881412550807,22.74660686055392,13.913374994381853,22.74660686055392,13.913374994381853,abs(mean_region - mean_healthy) / abs(mean_healthy),29507,90459,1168118
BraTS-GLI-00413-000,processed_zscore,case_brain_mask,T1ce,2.8065855503082275,0.6059132218360901,-0.046921782195568085,2.8535073325037956,0.6528350040316582,60.81412936555762,13.91326103749999,60.81412936555762,13.91326103749999,abs(mean_region - mean_healthy) / abs(mean_healthy),29507,90459,1168118
BraTS-GLI-00413-000,processed_zscore,case_brain_mask,T2,1.1774777173995972,1.3089030981063843,-0.10136138647794724,1.2788391038775444,1.4102644845843315,12.616629944735177,13.91323198692785,12.616629944735177,13.91323198692785,abs(mean_region - mean_healthy) / abs(mean_healthy),29507,90459,1168118
BraTS-GLI-00413-000,processed_zscore,case_brain_mask,FLAIR,3.015056848526001,2.6821255683898926,-0.20770364999771118,3.222760498523712,2.8898292183876038,15.51614763900021,13.913232716032908,15.51614763900021,13.913232716032908,abs(mean_region - mean_healthy) / abs(mean_healthy),29507,90459,1168118
BraTS-GLI-00414-000,processed_zscore,case_brain_mask,T1,-0.0844678208231926,-0.11826517432928085,0.007996457628905773,0.09246427845209837,0.12626163195818663,11.56315492973494,15.789695614939953,11.56315492973494,15.789695614939953,abs(mean_region - mean_healthy) / abs(mean_healthy),31586,106502,1575105
BraTS-GLI-00414-000,processed_zscore,case_brain_mask,T1ce,1.1932722330093384,0.4274580776691437,-0.0289028100669384,1.2221750430762768,0.4563608877360821,42.28568226569461,15.789498899212854,42.28568226569461,15.789498899212854,abs(mean_region - mean_healthy) / abs(mean_healthy),31586,106502,1575105
BraTS-GLI-00414-000,processed_zscore,case_brain_mask,T2,0.7632108926773071,0.7529454231262207,-0.05091101676225662,0.8141219094395638,0.8038564398884773,15.99107543346337,15.78943990928942,15.99107543346337,15.78943990928942,abs(mean_region - mean_healthy) / abs(mean_healthy),31586,106502,1575105
BraTS-GLI-00414-000,processed_zscore,case_brain_mask,FLAIR,2.7700085639953613,2.5843732357025146,-0.1747446060180664,2.9447531700134277,2.759117841720581,16.851754323729896,15.78943067023953,16.851754323729896,15.78943067023953,abs(mean_region - mean_healthy) / abs(mean_healthy),31586,106502,1575105
BraTS-GLI-00416-000,processed_zscore,case_brain_mask,T1,-0.560547947883606,-0.3281542956829071,0.045966736972332,0.606514684855938,0.3741210326552391,13.194643013729848,8.138951278626273,13.194643013729848,8.138951278626273,abs(mean_region - mean_healthy) / abs(mean_healthy),68230,206933,1477287
BraTS-GLI-00416-000,processed_zscore,case_brain_mask,T1ce,1.9025239944458008,0.3125324547290802,-0.04377846047282219,1.946302454918623,0.3563109152019024,44.457992215758566,8.138954895937955,44.457992215758566,8.138954895937955,abs(mean_region - mean_healthy) / abs(mean_healthy),68230,206933,1477287
BraTS-GLI-00416-000,processed_zscore,case_brain_mask,T2,0.8920365571975708,1.050633430480957,-0.14716902375221252,1.0392055809497833,1.1978024542331696,7.061306479137122,8.138957667137218,7.061306479137122,8.138957667137218,abs(mean_region - mean_healthy) / abs(mean_healthy),68230,206933,1477287
BraTS-GLI-00416-000,processed_zscore,case_brain_mask,FLAIR,2.1312267780303955,2.0050413608551025,-0.28085896372795105,2.4120857417583466,2.2859003245830536,8.588245536983358,8.138961613478179,8.588245536983358,8.138961613478179,abs(mean_region - mean_healthy) / abs(mean_healthy),68230,206933,1477287
BraTS-GLI-00417-000,processed_zscore,case_brain_mask,T1,-0.6977465152740479,-0.46243715286254883,0.07250319421291351,0.7702497094869614,0.5349403470754623,10.6236658653278,7.37816247798065,10.6236658653278,7.37816247798065,abs(mean_region - mean_healthy) / abs(mean_healthy),15211,189011,1205546
BraTS-GLI-00417-000,processed_zscore,case_brain_mask,T1ce,1.2591363191604614,-0.3327150046825409,0.05216454342007637,1.206971775740385,0.38487954810261726,23.137780887311713,7.378183012227614,23.137780887311713,7.378183012227614,abs(mean_region - mean_healthy) / abs(mean_healthy),15211,189011,1205546
BraTS-GLI-00417-000,processed_zscore,case_brain_mask,T2,1.1159676313400269,0.7117897272109985,-0.1115976944565773,1.2275653257966042,0.8233874216675758,10.99991654643233,7.378175917316609,10.99991654643233,7.378175917316609,abs(mean_region - mean_healthy) / abs(mean_healthy),15211,189011,1205546
BraTS-GLI-00417-000,processed_zscore,case_brain_mask,FLAIR,2.6062333583831787,1.7047268152236938,-0.2672746181488037,2.8735079765319824,1.9720014333724976,10.75114425916857,7.37818445698647,10.75114425916857,7.37818445698647,abs(mean_region - mean_healthy) / abs(mean_healthy),15211,189011,1205546
BraTS-GLI-00418-000,processed_zscore,case_brain_mask,T1,0.2003481686115265,0.2596280574798584,-0.039024174213409424,0.2393723428249359,0.2986522316932678,6.133950241096535,7.653005802507037,6.133950241096535,7.653005802507037,abs(mean_region - mean_healthy) / abs(mean_healthy),25990,174308,1159670
BraTS-GLI-00418-000,processed_zscore,case_brain_mask,T1ce,2.0701847076416016,0.13071416318416595,-0.019647294655442238,2.089832002297044,0.1503614578396082,106.36741795482601,7.653036231019142,106.36741795482601,7.653036231019142,abs(mean_region - mean_healthy) / abs(mean_healthy),25990,174308,1159670
BraTS-GLI-00418-000,processed_zscore,case_brain_mask,T2,0.4775475263595581,0.6661239862442017,-0.10012411326169968,0.5776716396212578,0.7662480995059013,5.769555612556258,7.652982628701222,5.769555612556258,7.652982628701222,abs(mean_region - mean_healthy) / abs(mean_healthy),25990,174308,1159670
BraTS-GLI-00418-000,processed_zscore,case_brain_mask,FLAIR,1.1009341478347778,1.4189664125442505,-0.21328257024288177,1.3142167180776596,1.6322489827871323,6.1618570921245785,7.652988150547703,6.1618570921245785,7.652988150547703,abs(mean_region - mean_healthy) / abs(mean_healthy),25990,174308,1159670
BraTS-GLI-00419-000,processed_zscore,case_brain_mask,T1,-0.9311053156852722,-0.5770639181137085,0.012657125480473042,0.9437624411657453,0.5897210435941815,74.56372638651233,46.592020005172735,74.56372638651233,46.592020005172735,abs(mean_region - mean_healthy) / abs(mean_healthy),4466,32190,1467615
BraTS-GLI-00419-000,processed_zscore,case_brain_mask,T1ce,1.6771419048309326,-0.24695678055286407,0.005416663363575935,1.6717252414673567,0.25237344391644,308.62638662553485,46.59204882723778,308.62638662553485,46.59204882723778,abs(mean_region - mean_healthy) / abs(mean_healthy),4466,32190,1467615
BraTS-GLI-00419-000,processed_zscore,case_brain_mask,T2,1.7159624099731445,1.3340599536895752,-0.029260721057653427,1.745223131030798,1.3633206747472286,59.643886683179254,46.59217631927217,59.643886683179254,46.59217631927217,abs(mean_region - mean_healthy) / abs(mean_healthy),4466,32190,1467615
BraTS-GLI-00419-000,processed_zscore,case_brain_mask,FLAIR,4.107544422149658,2.7432544231414795,-0.06016915664076805,4.167713578790426,2.8034235797822475,69.26661119206317,46.592369517819826,69.26661119206317,46.592369517819826,abs(mean_region - mean_healthy) / abs(mean_healthy),4466,32190,1467615
BraTS-GLI-00421-000,processed_zscore,case_brain_mask,T1,-0.21323610842227936,-0.15693168342113495,0.013741975650191307,0.22697808407247066,0.17067365907132626,16.517136243747515,12.419877855696116,16.517136243747515,12.419877855696116,abs(mean_region - mean_healthy) / abs(mean_healthy),14981,126305,1442396
BraTS-GLI-00421-000,processed_zscore,case_brain_mask,T1ce,3.4500205516815186,-0.011138771660625935,0.0009755096980370581,3.4490450419834815,0.012114281358662993,3535.633780908304,12.418412018906233,3535.633780908304,12.418412018906233,abs(mean_region - mean_healthy) / abs(mean_healthy),14981,126305,1442396
BraTS-GLI-00421-000,processed_zscore,case_brain_mask,T2,1.5101882219314575,1.398834466934204,-0.1224905475974083,1.6326787695288658,1.5213250145316124,13.329018455326187,12.419938063562068,13.329018455326187,12.419938063562068,abs(mean_region - mean_healthy) / abs(mean_healthy),14981,126305,1442396
BraTS-GLI-00421-000,processed_zscore,case_brain_mask,FLAIR,3.530073881149292,2.7940847873687744,-0.24466723203659058,3.7747411131858826,3.038752019405365,15.428061542059547,12.419938682066393,15.428061542059547,12.419938682066393,abs(mean_region - mean_healthy) / abs(mean_healthy),14981,126305,1442396
BraTS-GLI-00423-000,processed_zscore,case_brain_mask,T1,-0.0011912437621504068,-0.0026688373181968927,0.00010397474397905171,0.0012952185061294585,0.0027728120621759444,12.457049246405573,26.66813070234245,12.457049246405573,26.66813070234245,abs(mean_region - mean_healthy) / abs(mean_healthy),32673,58458,1502008
BraTS-GLI-00423-000,processed_zscore,case_brain_mask,T1ce,2.6069540977478027,1.3847845792770386,-0.05389569699764252,2.6608497947454453,1.438680276274681,49.37035687397892,26.693787378565887,49.37035687397892,26.693787378565887,abs(mean_region - mean_healthy) / abs(mean_healthy),32673,58458,1502008
BraTS-GLI-00423-000,processed_zscore,case_brain_mask,T2,0.513489842414856,0.6032759547233582,-0.02347944676876068,0.5369692891836166,0.6267554014921188,22.869759005482717,26.6937891537553,22.869759005482717,26.6937891537553,abs(mean_region - mean_healthy) / abs(mean_healthy),32673,58458,1502008
BraTS-GLI-00423-000,processed_zscore,case_brain_mask,FLAIR,2.9983980655670166,2.8044686317443848,-0.10914961248636246,3.107547678053379,2.9136182442307472,28.47053330987911,26.69380291748434,28.47053330987911,26.69380291748434,abs(mean_region - mean_healthy) / abs(mean_healthy),32673,58458,1502008
BraTS-GLI-00425-000,processed_zscore,case_brain_mask,T1,-0.06754591315984726,0.026932746171951294,-0.0004060360079165548,0.0671398771519307,0.02733878217986785,165.3544903478825,67.33093037769767,165.3544903478825,67.33093037769767,abs(mean_region - mean_healthy) / abs(mean_healthy),1988,25776,1709279
BraTS-GLI-00425-000,processed_zscore,case_brain_mask,T1ce,1.9055498838424683,0.11894956231117249,-0.0017937226220965385,1.9073436064645648,0.12074328493326902,1063.3436758662406,67.31435699469625,1063.3436758662406,67.31435699469625,abs(mean_region - mean_healthy) / abs(mean_healthy),1988,25776,1709279
BraTS-GLI-00425-000,processed_zscore,case_brain_mask,T2,0.18452994525432587,0.24901707470417023,-0.0037551692221313715,0.18828511447645724,0.2527722439263016,50.14024757307468,67.31314328967372,50.14024757307468,67.31314328967372,abs(mean_region - mean_healthy) / abs(mean_healthy),1988,25776,1709279
BraTS-GLI-00425-000,processed_zscore,case_brain_mask,FLAIR,2.8111777305603027,2.2162251472473145,-0.03342071548104286,2.8445984460413456,2.2496458627283573,85.11482788735864,67.3129174629555,85.11482788735864,67.3129174629555,abs(mean_region - mean_healthy) / abs(mean_healthy),1988,25776,1709279
BraTS-GLI-00426-000,processed_zscore,case_brain_mask,T1,-0.5078038573265076,-0.39524030685424805,0.04665441811084747,0.554458275437355,0.4418947249650955,11.884368038199574,9.471658695114064,11.884368038199574,9.471658695114064,abs(mean_region - mean_healthy) / abs(mean_healthy),36031,147051,1245769
BraTS-GLI-00426-000,processed_zscore,case_brain_mask,T1ce,2.9206831455230713,0.23506860435009003,-0.02774757891893387,2.948430724442005,0.2628161832690239,106.25902652826083,9.471679818871994,106.25902652826083,9.471679818871994,abs(mean_region - mean_healthy) / abs(mean_healthy),36031,147051,1245769
BraTS-GLI-00426-000,processed_zscore,case_brain_mask,T2,1.5961248874664307,1.4294291734695435,-0.16873043775558472,1.7648553252220154,1.5981596112251282,10.459614451889854,9.471673472098436,10.459614451889854,9.471673472098436,abs(mean_region - mean_healthy) / abs(mean_healthy),36031,147051,1245769
BraTS-GLI-00426-000,processed_zscore,case_brain_mask,FLAIR,3.589824676513672,2.3091981410980225,-0.27257850766181946,3.8624031841754913,2.581776648759842,14.169874276982494,9.471680914633886,14.169874276982494,9.471680914633886,abs(mean_region - mean_healthy) / abs(mean_healthy),36031,147051,1245769
BraTS-GLI-00429-000,processed_zscore,case_brain_mask,T1,0.1327633559703827,0.23207151889801025,-0.020451201125979424,0.15321455709636211,0.2525227200239897,7.491714357145102,12.347574035796207,7.491714357145102,12.347574035796207,abs(mean_region - mean_healthy) / abs(mean_healthy),42422,139567,1583739
BraTS-GLI-00429-000,processed_zscore,case_brain_mask,T1ce,2.7703590393066406,0.9010130167007446,-0.07940177619457245,2.849760815501213,0.9804147928953171,35.89039127434545,12.347517144866261,35.89039127434545,12.347517144866261,abs(mean_region - mean_healthy) / abs(mean_healthy),42422,139567,1583739
BraTS-GLI-00429-000,processed_zscore,case_brain_mask,T2,0.6837872266769409,0.9860653877258301,-0.08689723163843155,0.7706844583153725,1.0729626193642616,8.868918419888145,12.347489087209638,8.868918419888145,12.347489087209638,abs(mean_region - mean_healthy) / abs(mean_healthy),42422,139567,1583739
BraTS-GLI-00429-000,processed_zscore,case_brain_mask,FLAIR,1.3724960088729858,1.620603084564209,-0.14281563460826874,1.5153116434812546,1.7634187191724777,10.610264398835792,12.347518701361983,10.610264398835792,12.347518701361983,abs(mean_region - mean_healthy) / abs(mean_healthy),42422,139567,1583739
BraTS-GLI-00430-000,processed_zscore,case_brain_mask,T1,-0.7002472281455994,-0.5822768211364746,0.028532547876238823,0.7287797760218382,0.6108093690127134,25.542050404434697,21.407459707493555,25.542050404434697,21.407459707493555,abs(mean_region - mean_healthy) / abs(mean_healthy),10911,66852,1364278
BraTS-GLI-00430-000,processed_zscore,case_brain_mask,T1ce,1.5005477666854858,-0.3473028242588043,0.017018403857946396,1.4835293628275394,0.3643212281167507,87.1720623867341,21.407485164752295,87.1720623867341,21.407485164752295,abs(mean_region - mean_healthy) / abs(mean_healthy),10911,66852,1364278
BraTS-GLI-00430-000,processed_zscore,case_brain_mask,T2,1.3365033864974976,1.2934727668762207,-0.06338242441415787,1.3998858109116554,1.3568551912903786,22.086340556562238,21.407435954552962,22.086340556562238,21.407435954552962,abs(mean_region - mean_healthy) / abs(mean_healthy),10911,66852,1364278
BraTS-GLI-00430-000,processed_zscore,case_brain_mask,FLAIR,3.449850559234619,2.809070587158203,-0.137649267911911,3.58749982714653,2.946719855070114,26.062614655112874,21.40745025215735,26.062614655112874,21.40745025215735,abs(mean_region - mean_healthy) / abs(mean_healthy),10911,66852,1364278
BraTS-GLI-00431-000,processed_zscore,case_brain_mask,T1,0.3800663650035858,0.5470513105392456,-0.006201182957738638,0.38626754796132445,0.5532524934969842,62.28933263116997,89.21725052581527,62.28933263116997,89.21725052581527,abs(mean_region - mean_healthy) / abs(mean_healthy),3865,17486,1542604
BraTS-GLI-00431-000,processed_zscore,case_brain_mask,T1ce,2.3969550132751465,0.9854725003242493,-0.011170784942805767,2.4081257982179523,0.996643285267055,215.5735528476751,89.2187335419894,215.5735528476751,89.2187335419894,abs(mean_region - mean_healthy) / abs(mean_healthy),3865,17486,1542604
BraTS-GLI-00431-000,processed_zscore,case_brain_mask,T2,0.4104050099849701,0.16302867233753204,-0.0018479604041203856,0.4122529703890905,0.16487663274165243,223.0853915862551,89.22086878811258,223.0853915862551,89.22086878811258,abs(mean_region - mean_healthy) / abs(mean_healthy),3865,17486,1542604
BraTS-GLI-00431-000,processed_zscore,case_brain_mask,FLAIR,3.044044017791748,2.0245630741119385,-0.022949136793613434,3.0669931545853615,2.047512210905552,133.64307259865572,89.21957410944357,133.64307259865572,89.21957410944357,abs(mean_region - mean_healthy) / abs(mean_healthy),3865,17486,1542604
BraTS-GLI-00432-000,processed_zscore,case_brain_mask,T1,0.6727661490440369,0.20390304923057556,-0.027084387838840485,0.6998505368828773,0.23098743706941605,25.839629126830538,8.528434847553301,25.839629126830538,8.528434847553301,abs(mean_region - mean_healthy) / abs(mean_healthy),2252,176116,1325880
BraTS-GLI-00432-000,processed_zscore,case_brain_mask,T1ce,1.3358004093170166,0.003541318466886878,-0.00047038242337293923,1.3362707917403895,0.004011700890259817,2840.817865086207,8.52859437538798,2840.817865086207,8.52859437538798,abs(mean_region - mean_healthy) / abs(mean_healthy),2252,176116,1325880
BraTS-GLI-00432-000,processed_zscore,case_brain_mask,T2,0.22176527976989746,0.4878489077091217,-0.0648006871342659,0.28656596690416336,0.5526495948433876,4.422267410689699,8.528452695236197,4.422267410689699,8.528452695236197,abs(mean_region - mean_healthy) / abs(mean_healthy),2252,176116,1325880
BraTS-GLI-00432-000,processed_zscore,case_brain_mask,FLAIR,1.4186551570892334,1.8445472717285156,-0.24501022696495056,1.663665384054184,2.089557498693466,6.790187514467207,8.528450116461398,6.790187514467207,8.528450116461398,abs(mean_region - mean_healthy) / abs(mean_healthy),2252,176116,1325880
BraTS-GLI-00433-000,processed_zscore,case_brain_mask,T1,-0.3033437132835388,-0.2821617126464844,0.006272065453231335,0.30961577873677015,0.2884337780997157,49.36424548587224,45.98704848513916,49.36424548587224,45.98704848513916,abs(mean_region - mean_healthy) / abs(mean_healthy),18772,33635,1513142
BraTS-GLI-00433-000,processed_zscore,case_brain_mask,T1ce,2.2967069149017334,1.2226731777191162,-0.027178259566426277,2.3238851744681597,1.2498514372855425,85.50529767325096,45.98717714910278,85.50529767325096,45.98717714910278,abs(mean_region - mean_healthy) / abs(mean_healthy),18772,33635,1513142
BraTS-GLI-00433-000,processed_zscore,case_brain_mask,T2,0.8657541275024414,0.8898510336875916,-0.019780157133936882,0.8855342846363783,0.9096311908215284,44.76881951140136,45.987055849059516,44.76881951140136,45.987055849059516,abs(mean_region - mean_healthy) / abs(mean_healthy),18772,33635,1513142
BraTS-GLI-00433-000,processed_zscore,case_brain_mask,FLAIR,3.614145278930664,3.132124900817871,-0.06962265819311142,3.6837679371237755,3.2017475590109825,52.910475306848504,45.98714904177228,52.910475306848504,45.98714904177228,abs(mean_region - mean_healthy) / abs(mean_healthy),18772,33635,1513142
BraTS-GLI-00436-000,processed_zscore,case_brain_mask,T1,0.549835741519928,0.5731441974639893,-0.05141180381178856,0.6012475453317165,0.6245560012757778,11.694737409580101,12.1481052009416,11.694737409580101,12.1481052009416,abs(mean_region - mean_healthy) / abs(mean_healthy),44471,113358,1263724
BraTS-GLI-00436-000,processed_zscore,case_brain_mask,T1ce,2.1512691974639893,1.1267331838607788,-0.10106972604990005,2.2523389235138893,1.2278029099106789,22.285000776611056,12.148077944769426,22.285000776611056,12.148077944769426,abs(mean_region - mean_healthy) / abs(mean_healthy),44471,113358,1263724
BraTS-GLI-00436-000,processed_zscore,case_brain_mask,T2,1.8791537284851074,1.7921538352966309,-0.16075898706912994,2.0399127155542374,1.9529128223657608,12.68926081673449,12.148078673361912,12.68926081673449,12.148078673361912,abs(mean_region - mean_healthy) / abs(mean_healthy),44471,113358,1263724
BraTS-GLI-00436-000,processed_zscore,case_brain_mask,FLAIR,1.9858474731445312,1.9884593486785889,-0.1783679574728012,2.1642154306173325,2.16682730615139,12.133431706461892,12.14807489445969,12.133431706461892,12.14807489445969,abs(mean_region - mean_healthy) / abs(mean_healthy),44471,113358,1263724
BraTS-GLI-00440-000,processed_zscore,case_brain_mask,T1,-0.3633248209953308,-0.24507997930049896,0.01605887897312641,0.3793836999684572,0.2611388582736254,23.624544440700593,16.261337962047406,23.624544440700593,16.261337962047406,abs(mean_region - mean_healthy) / abs(mean_healthy),7884,94051,1435355
BraTS-GLI-00440-000,processed_zscore,case_brain_mask,T1ce,2.586845636367798,-0.2091117799282074,0.01370198093354702,2.573143655434251,0.22281376086175442,187.79355101380537,16.26142686538353,187.79355101380537,16.26142686538353,abs(mean_region - mean_healthy) / abs(mean_healthy),7884,94051,1435355
BraTS-GLI-00440-000,processed_zscore,case_brain_mask,T2,0.51752769947052,0.6030791997909546,-0.03951648995280266,0.5570441894233227,0.6425956897437572,14.09649971666613,16.26145668583558,14.09649971666613,16.26145668583558,abs(mean_region - mean_healthy) / abs(mean_healthy),7884,94051,1435355
BraTS-GLI-00440-000,processed_zscore,case_brain_mask,FLAIR,2.8542141914367676,2.467869758605957,-0.16170614957809448,3.015920341014862,2.6295759081840515,18.65062243386329,16.261446550083875,18.65062243386329,16.261446550083875,abs(mean_region - mean_healthy) / abs(mean_healthy),7884,94051,1435355
BraTS-GLI-00441-000,processed_zscore,case_brain_mask,T1,-0.44962888956069946,-0.20243406295776367,0.006222708150744438,0.4558515977114439,0.2086567711085081,73.25614293141953,33.531505263274475,73.25614293141953,33.531505263274475,abs(mean_region - mean_healthy) / abs(mean_healthy),21325,44235,1439028
BraTS-GLI-00441-000,processed_zscore,case_brain_mask,T1ce,2.5807301998138428,1.2579045295715332,-0.038667209446430206,2.619397409260273,1.2965717390179634,67.74208552311494,33.53155703708699,67.74208552311494,33.53155703708699,abs(mean_region - mean_healthy) / abs(mean_healthy),21325,44235,1439028
BraTS-GLI-00441-000,processed_zscore,case_brain_mask,T2,2.4192276000976562,1.8264000415802002,-0.05614263191819191,2.475370232015848,1.882542673498392,44.09074080500586,33.531428954765325,44.09074080500586,33.531428954765325,abs(mean_region - mean_healthy) / abs(mean_healthy),21325,44235,1439028
BraTS-GLI-00441-000,processed_zscore,case_brain_mask,FLAIR,3.131784200668335,2.6702916622161865,-0.08208338171243668,3.2138675823807716,2.752375043928623,39.15369366286513,33.531452853283255,39.15369366286513,33.531452853283255,abs(mean_region - mean_healthy) / abs(mean_healthy),21325,44235,1439028
BraTS-GLI-00442-000,processed_zscore,case_brain_mask,T1,-0.5164820551872253,-0.6417279243469238,0.019274797290563583,0.5357568524777889,0.6610027216374874,27.79571916639979,34.29362766689621,27.79571916639979,34.29362766689621,abs(mean_region - mean_healthy) / abs(mean_healthy),12998,44986,1497733
BraTS-GLI-00442-000,processed_zscore,case_brain_mask,T1ce,1.612390160560608,0.016889767721295357,-0.0005073302309028804,1.6128974907915108,0.017397097952198237,3179.186637313305,34.291467159836195,3179.186637313305,34.291467159836195,abs(mean_region - mean_healthy) / abs(mean_healthy),12998,44986,1497733
BraTS-GLI-00442-000,processed_zscore,case_brain_mask,T2,1.4486268758773804,2.1082844734191895,-0.06332454830408096,1.5119514241814613,2.1716090217232704,23.87622911925332,34.29332036124955,23.87622911925332,34.29332036124955,abs(mean_region - mean_healthy) / abs(mean_healthy),12998,44986,1497733
BraTS-GLI-00442-000,processed_zscore,case_brain_mask,FLAIR,3.383981466293335,4.345442295074463,-0.1305200159549713,3.5145014822483063,4.475962311029434,26.926915818496298,34.293301899178566,26.926915818496298,34.293301899178566,abs(mean_region - mean_healthy) / abs(mean_healthy),12998,44986,1497733
BraTS-GLI-00443-000,processed_zscore,case_brain_mask,T1,-0.6489536762237549,-0.49564629793167114,0.03815997764468193,0.6871136538684368,0.5338062755763531,18.006133553492653,13.98864225096698,18.006133553492653,13.98864225096698,abs(mean_region - mean_healthy) / abs(mean_healthy),34918,104055,1351531
BraTS-GLI-00443-000,processed_zscore,case_brain_mask,T1ce,1.6170804500579834,0.16588939726352692,-0.01277175173163414,1.6298522017896175,0.17866114899516106,127.61383371966616,13.988774034233552,127.61383371966616,13.988774034233552,abs(mean_region - mean_healthy) / abs(mean_healthy),34918,104055,1351531
BraTS-GLI-00443-000,processed_zscore,case_brain_mask,T2,0.9305164217948914,1.2134439945220947,-0.0934237614274025,1.0239401832222939,1.3068677559494972,10.960168672056463,13.988601357750241,10.960168672056463,13.988601357750241,abs(mean_region - mean_healthy) / abs(mean_healthy),34918,104055,1351531
BraTS-GLI-00443-000,processed_zscore,case_brain_mask,FLAIR,0.7798380851745605,1.1967651844024658,-0.09213957190513611,0.8719776570796967,1.288904756307602,9.463660825095392,13.988612380732745,9.463660825095392,13.988612380732745,abs(mean_region - mean_healthy) / abs(mean_healthy),34918,104055,1351531
BraTS-GLI-00444-000,processed_zscore,case_brain_mask,T1,0.7046545147895813,0.7161235213279724,-0.009112056344747543,0.7137665711343288,0.72523557767272,78.33210684059969,79.59076966098515,78.33210684059969,79.59076966098515,abs(mean_region - mean_healthy) / abs(mean_healthy),16741,20466,1608434
BraTS-GLI-00444-000,processed_zscore,case_brain_mask,T1ce,2.5582501888275146,2.2209274768829346,-0.028259601444005966,2.5865097902715206,2.2491870783269405,91.52676110441519,79.59019106421286,91.52676110441519,79.59019106421286,abs(mean_region - mean_healthy) / abs(mean_healthy),16741,20466,1608434
BraTS-GLI-00444-000,processed_zscore,case_brain_mask,T2,0.8689784407615662,0.7397220134735107,-0.00941232219338417,0.8783907629549503,0.7491343356668949,93.32349072924454,79.5908087584862,93.32349072924454,79.5908087584862,abs(mean_region - mean_healthy) / abs(mean_healthy),16741,20466,1608434
BraTS-GLI-00444-000,processed_zscore,case_brain_mask,FLAIR,2.081925868988037,1.961683750152588,-0.02496066689491272,2.10688653588295,1.9866444170475006,84.40826299846813,79.59099912720691,84.40826299846813,79.59099912720691,abs(mean_region - mean_healthy) / abs(mean_healthy),16741,20466,1608434
BraTS-GLI-00445-000,processed_zscore,case_brain_mask,T1,-0.4621170461177826,-0.3567213714122772,0.03915000706911087,0.5012670531868935,0.3958713784813881,12.803753835906463,10.111655351238195,12.803753835906463,10.111655351238195,abs(mean_region - mean_healthy) / abs(mean_healthy),40256,153071,1394728
BraTS-GLI-00445-000,processed_zscore,case_brain_mask,T1ce,2.362344741821289,0.29365822672843933,-0.03222883120179176,2.394573573023081,0.3258870579302311,74.29911305284799,10.11166231532819,74.29911305284799,10.11166231532819,abs(mean_region - mean_healthy) / abs(mean_healthy),40256,153071,1394728
BraTS-GLI-00445-000,processed_zscore,case_brain_mask,T2,1.5901625156402588,1.416499137878418,-0.15546034276485443,1.7456228584051132,1.5719594806432724,11.22873414119188,10.111642961066801,11.22873414119188,10.111642961066801,abs(mean_region - mean_healthy) / abs(mean_healthy),40256,153071,1394728
BraTS-GLI-00445-000,processed_zscore,case_brain_mask,FLAIR,1.5847809314727783,2.0598130226135254,-0.2260638326406479,1.8108447641134262,2.2858768552541733,8.010324973088258,10.111643373258268,8.010324973088258,10.111643373258268,abs(mean_region - mean_healthy) / abs(mean_healthy),40256,153071,1394728
BraTS-GLI-00446-000,processed_zscore,case_brain_mask,T1,0.3830232322216034,0.35699623823165894,-0.05839226394891739,0.4414154961705208,0.4153885021805763,7.559485903075775,7.113759153848971,7.559485903075775,7.113759153848971,abs(mean_region - mean_healthy) / abs(mean_healthy),74521,216245,1322069
BraTS-GLI-00446-000,processed_zscore,case_brain_mask,T1ce,1.7499666213989258,0.3708188831806183,-0.06065328046679497,1.8106199018657207,0.43147216364741325,29.85196988408494,7.11374818190791,29.85196988408494,7.11374818190791,abs(mean_region - mean_healthy) / abs(mean_healthy),74521,216245,1322069
BraTS-GLI-00446-000,processed_zscore,case_brain_mask,T2,1.0321704149246216,0.9370173215866089,-0.15326380729675293,1.1854342222213745,1.0902811288833618,7.7345998584395685,7.113754695995084,7.7345998584395685,7.113754695995084,abs(mean_region - mean_healthy) / abs(mean_healthy),74521,216245,1322069
BraTS-GLI-00446-000,processed_zscore,case_brain_mask,FLAIR,1.919151782989502,1.8517268896102905,-0.30287879705429077,2.2220305800437927,2.1546056866645813,7.336368876443654,7.113755428308737,7.336368876443654,7.113755428308737,abs(mean_region - mean_healthy) / abs(mean_healthy),74521,216245,1322069
BraTS-GLI-00448-000,processed_zscore,case_brain_mask,T1,-0.4729934632778168,-0.2986988425254822,0.020303403958678246,0.493296867236495,0.3190022464841604,24.296264224484688,15.711761787993678,24.296264224484688,15.711761787993678,abs(mean_region - mean_healthy) / abs(mean_healthy),23747,89503,1316742
BraTS-GLI-00448-000,processed_zscore,case_brain_mask,T1ce,2.254359006881714,0.3017019033432007,-0.020507531240582466,2.2748665381222963,0.32220943458378315,110.92834683194584,15.711761245359517,110.92834683194584,15.711761245359517,abs(mean_region - mean_healthy) / abs(mean_healthy),23747,89503,1316742
BraTS-GLI-00448-000,processed_zscore,case_brain_mask,T2,1.4949954748153687,1.425783395767212,-0.09691481292247772,1.5919102877378464,1.5226982086896896,16.425871749979205,15.711717979662177,16.425871749979205,15.711717979662177,abs(mean_region - mean_healthy) / abs(mean_healthy),23747,89503,1316742
BraTS-GLI-00448-000,processed_zscore,case_brain_mask,FLAIR,1.4044020175933838,1.597762107849121,-0.10860496759414673,1.5130069851875305,1.7063670754432678,13.931287110563755,15.71168532382337,13.931287110563755,15.71168532382337,abs(mean_region - mean_healthy) / abs(mean_healthy),23747,89503,1316742
BraTS-GLI-00449-000,processed_zscore,case_brain_mask,T1,0.2220449596643448,-0.04007033631205559,0.0067582326009869576,0.21528672706335783,0.046828568913042545,31.855477574405743,6.929114707623973,31.855477574405743,6.929114707623973,abs(mean_region - mean_healthy) / abs(mean_healthy),64617,220576,1307821
BraTS-GLI-00449-000,processed_zscore,case_brain_mask,T1ce,1.643272876739502,0.058763131499290466,-0.009911011904478073,1.65318388864398,0.06867414340376854,166.80273463267915,6.929074857910284,166.80273463267915,6.929074857910284,abs(mean_region - mean_healthy) / abs(mean_healthy),64617,220576,1307821
BraTS-GLI-00449-000,processed_zscore,case_brain_mask,T2,1.4005194902420044,1.4062268733978271,-0.23717322945594788,1.6376927196979523,1.643400102853775,6.905048784193135,6.929112980514596,6.905048784193135,6.929112980514596,abs(mean_region - mean_healthy) / abs(mean_healthy),64617,220576,1307821
BraTS-GLI-00449-000,processed_zscore,case_brain_mask,FLAIR,1.7396141290664673,1.6645467281341553,-0.28074097633361816,2.0203551054000854,1.9452877044677734,7.196509507750657,6.929119253885095,7.196509507750657,6.929119253885095,abs(mean_region - mean_healthy) / abs(mean_healthy),64617,220576,1307821
BraTS-GLI-00451-000,processed_zscore,case_brain_mask,T1,0.5354226231575012,0.4985111355781555,-0.05947897210717201,0.5949015952646732,0.5579901076853275,10.001880903266981,9.381300448163675,10.001880903266981,9.381300448163675,abs(mean_region - mean_healthy) / abs(mean_healthy),68524,146440,1227360
BraTS-GLI-00451-000,processed_zscore,case_brain_mask,T1ce,1.6948621273040771,0.9244859218597412,-0.11030309647321701,1.8051652237772942,1.0347890183329582,16.36549907930836,9.381323384554468,16.36549907930836,9.381323384554468,abs(mean_region - mean_healthy) / abs(mean_healthy),68524,146440,1227360
BraTS-GLI-00451-000,processed_zscore,case_brain_mask,T2,1.5320942401885986,1.4658443927764893,-0.174894317984581,1.7069885581731796,1.6407387107610703,9.760114438501489,9.381315126004957,9.760114438501489,9.381315126004957,abs(mean_region - mean_healthy) / abs(mean_healthy),68524,146440,1227360
BraTS-GLI-00451-000,processed_zscore,case_brain_mask,FLAIR,2.3979575634002686,2.2699124813079834,-0.27083006501197815,2.6687876284122467,2.5407425463199615,9.854104005381428,9.38131645837618,9.854104005381428,9.38131645837618,abs(mean_region - mean_healthy) / abs(mean_healthy),68524,146440,1227360
BraTS-GLI-00452-000,processed_zscore,case_brain_mask,T1,-0.4805715084075928,-0.1686355173587799,0.016744403168559074,0.49731591157615185,0.18537992052733898,29.70042626003898,11.071157249451948,29.70042626003898,11.071157249451948,abs(mean_region - mean_healthy) / abs(mean_healthy),12306,157089,1582071
BraTS-GLI-00452-000,processed_zscore,case_brain_mask,T1ce,2.413088798522949,-0.22800928354263306,0.022639697417616844,2.3904491011053324,0.2506489809602499,105.58661880548055,11.071216029822466,105.58661880548055,11.071216029822466,abs(mean_region - mean_healthy) / abs(mean_healthy),12306,157089,1582071
BraTS-GLI-00452-000,processed_zscore,case_brain_mask,T2,0.2802358567714691,0.9912327527999878,-0.09842265397310257,0.3786585107445717,1.0896554067730904,3.8472698658182227,11.071184963889277,3.8472698658182227,11.071184963889277,abs(mean_region - mean_healthy) / abs(mean_healthy),12306,157089,1582071
BraTS-GLI-00452-000,processed_zscore,case_brain_mask,FLAIR,0.4550169110298157,1.304030418395996,-0.12948155403137207,0.5844984650611877,1.4335119724273682,4.5141446550724105,11.071167496800685,4.5141446550724105,11.071167496800685,abs(mean_region - mean_healthy) / abs(mean_healthy),12306,157089,1582071
BraTS-GLI-00453-000,processed_zscore,case_brain_mask,T1,-0.3120358884334564,-0.021951939910650253,0.0012418139958754182,0.31327770242933184,0.02319375390652567,252.27425642637115,18.67731720174019,252.27425642637115,18.67731720174019,abs(mean_region - mean_healthy) / abs(mean_healthy),40569,71632,1266301
BraTS-GLI-00453-000,processed_zscore,case_brain_mask,T1ce,1.9693048000335693,1.2461879253387451,-0.07049433141946793,2.0397991314530373,1.316682256758213,28.935647595768533,18.677845867115977,28.935647595768533,18.677845867115977,abs(mean_region - mean_healthy) / abs(mean_healthy),40569,71632,1266301
BraTS-GLI-00453-000,processed_zscore,case_brain_mask,T2,1.078339695930481,1.1456325054168701,-0.06480591744184494,1.143145613372326,1.210438422858715,17.639525193021974,18.677899652372478,17.639525193021974,18.677899652372478,abs(mean_region - mean_healthy) / abs(mean_healthy),40569,71632,1266301
BraTS-GLI-00453-000,processed_zscore,case_brain_mask,FLAIR,2.1465532779693604,2.424194812774658,-0.13713158667087555,2.283684864640236,2.5613263994455338,16.653237376456698,18.67787328672043,16.653237376456698,18.67787328672043,abs(mean_region - mean_healthy) / abs(mean_healthy),40569,71632,1266301
BraTS-GLI-00454-000,processed_zscore,case_brain_mask,T1,-0.4603135287761688,-0.18102625012397766,0.02458222769200802,0.48489575646817684,0.20560847781598568,19.725460301786335,8.364110868716406,19.725460301786335,8.364110868716406,abs(mean_region - mean_healthy) / abs(mean_healthy),38201,157414,1159209
BraTS-GLI-00454-000,processed_zscore,case_brain_mask,T1ce,2.1670522689819336,0.12477102875709534,-0.016943268477916718,2.1839955374598503,0.14171429723501205,128.9004857773691,8.364047197842474,128.9004857773691,8.364047197842474,abs(mean_region - mean_healthy) / abs(mean_healthy),38201,157414,1159209
BraTS-GLI-00454-000,processed_zscore,case_brain_mask,T2,0.39000052213668823,0.9193479418754578,-0.12484214454889297,0.5148426666855812,1.0441900864243507,4.123949236421112,8.364083220433672,4.123949236421112,8.364083220433672,abs(mean_region - mean_healthy) / abs(mean_healthy),38201,157414,1159209
BraTS-GLI-00454-000,processed_zscore,case_brain_mask,FLAIR,0.6219028830528259,1.201412320137024,-0.16314499080181122,0.7850478738546371,1.3645573109388351,4.811964314664828,8.364077280169155,4.811964314664828,8.364077280169155,abs(mean_region - mean_healthy) / abs(mean_healthy),38201,157414,1159209
BraTS-GLI-00455-000,processed_zscore,case_brain_mask,T1,0.411275714635849,0.36188560724258423,-0.03325672820210457,0.44453244283795357,0.3951423354446888,13.366692000983502,11.881575753434555,13.366692000983502,11.881575753434555,abs(mean_region - mean_healthy) / abs(mean_healthy),21135,113630,1236480
BraTS-GLI-00455-000,processed_zscore,case_brain_mask,T1ce,2.7312233448028564,0.5818122625350952,-0.05346725881099701,2.7846906036138535,0.6352795213460922,52.08216515190237,11.881654969291779,52.08216515190237,11.881654969291779,abs(mean_region - mean_healthy) / abs(mean_healthy),21135,113630,1236480
BraTS-GLI-00455-000,processed_zscore,case_brain_mask,T2,2.2750256061553955,2.2306015491485596,-0.20498767495155334,2.480013281106949,2.435589224100113,12.098353140953833,11.88163739442256,12.098353140953833,11.88163739442256,abs(mean_region - mean_healthy) / abs(mean_healthy),21135,113630,1236480
BraTS-GLI-00455-000,processed_zscore,case_brain_mask,FLAIR,1.9977575540542603,2.395313262939453,-0.22012443840503693,2.217881992459297,2.61543770134449,10.075582740969061,11.881632590616723,10.075582740969061,11.881632590616723,abs(mean_region - mean_healthy) / abs(mean_healthy),21135,113630,1236480
BraTS-GLI-00456-000,processed_zscore,case_brain_mask,T1,-0.7317564487457275,-0.3236299157142639,0.04923027753829956,0.7809867262840271,0.3728601932525635,15.863951318910294,7.573798318778324,15.863951318910294,7.573798318778324,abs(mean_region - mean_healthy) / abs(mean_healthy),29216,192199,1263479
BraTS-GLI-00456-000,processed_zscore,case_brain_mask,T1ce,1.3806426525115967,-0.40851011872291565,0.06214216351509094,1.3185004889965057,0.4706522822380066,21.217486074109953,7.573799424020871,21.217486074109953,7.573799424020871,abs(mean_region - mean_healthy) / abs(mean_healthy),29216,192199,1263479
BraTS-GLI-00456-000,processed_zscore,case_brain_mask,T2,1.2518445253372192,1.5939764976501465,-0.24247385561466217,1.4943183809518814,1.8364503532648087,6.16280207680057,7.5738076940686065,6.16280207680057,7.5738076940686065,abs(mean_region - mean_healthy) / abs(mean_healthy),29216,192199,1263479
BraTS-GLI-00456-000,processed_zscore,case_brain_mask,FLAIR,1.3053178787231445,1.7585492134094238,-0.26750868558883667,1.5728265643119812,2.0260578989982605,5.879534568568851,7.573802303048695,5.879534568568851,7.573802303048695,abs(mean_region - mean_healthy) / abs(mean_healthy),29216,192199,1263479
BraTS-GLI-00457-000,processed_zscore,case_brain_mask,T1,1.9151980876922607,1.6583399772644043,-0.09010088443756104,2.0052989721298218,1.7484408617019653,22.256151919568257,19.405368466872446,22.256151919568257,19.405368466872446,abs(mean_region - mean_healthy) / abs(mean_healthy),35658,83563,1538006
BraTS-GLI-00457-000,processed_zscore,case_brain_mask,T1ce,2.2888095378875732,1.2684499025344849,-0.06891745328903198,2.3577269911766052,1.3373673558235168,34.21088387129695,19.405350778339848,34.21088387129695,19.405350778339848,abs(mean_region - mean_healthy) / abs(mean_healthy),35658,83563,1538006
BraTS-GLI-00457-000,processed_zscore,case_brain_mask,T2,1.6138392686843872,1.384054183959961,-0.07519854605197906,1.6890378147363663,1.45925273001194,22.461043509655923,19.405331706855993,22.461043509655923,19.405331706855993,abs(mean_region - mean_healthy) / abs(mean_healthy),35658,83563,1538006
BraTS-GLI-00457-000,processed_zscore,case_brain_mask,FLAIR,3.349212884902954,3.01877498626709,-0.16401632130146027,3.5132292062044144,3.18279130756855,21.419997585161884,19.40533284927549,21.419997585161884,19.40533284927549,abs(mean_region - mean_healthy) / abs(mean_healthy),35658,83563,1538006
BraTS-GLI-00459-000,processed_zscore,case_brain_mask,T1,0.3973383903503418,0.22856992483139038,-0.014836031943559647,0.41217442229390144,0.24340595677495003,27.781985362523248,16.406405547044745,27.781985362523248,16.406405547044745,abs(mean_region - mean_healthy) / abs(mean_healthy),15769,79454,1224099
BraTS-GLI-00459-000,processed_zscore,case_brain_mask,T1ce,1.6801443099975586,0.5315905809402466,-0.03450441360473633,1.714648723602295,0.5660949945449829,49.69360567156341,16.406451679772253,49.69360567156341,16.406451679772253,abs(mean_region - mean_healthy) / abs(mean_healthy),15769,79454,1224099
BraTS-GLI-00459-000,processed_zscore,case_brain_mask,T2,1.0036081075668335,0.6666300296783447,-0.043269604444503784,1.0468777120113373,0.7098996341228485,24.194298178852762,16.406427635208527,24.194298178852762,16.406427635208527,abs(mean_region - mean_healthy) / abs(mean_healthy),15769,79454,1224099
BraTS-GLI-00459-000,processed_zscore,case_brain_mask,FLAIR,3.3193359375,2.6735854148864746,-0.17353740334510803,3.492873340845108,2.8471228182315826,20.12749570707214,16.406392877560837,20.12749570707214,16.406392877560837,abs(mean_region - mean_healthy) / abs(mean_healthy),15769,79454,1224099
BraTS-GLI-00464-000,processed_zscore,case_brain_mask,T1,-0.17997097969055176,-0.1692945510149002,0.0012713546166196465,0.1812423343071714,0.17056590563151985,142.55844273336524,134.16076317481793,142.55844273336524,134.16076317481793,abs(mean_region - mean_healthy) / abs(mean_healthy),9168,12993,1729956
BraTS-GLI-00464-000,processed_zscore,case_brain_mask,T1ce,0.7645320296287537,0.5532553195953369,-0.004155254457145929,0.7686872840858996,0.5574105740524828,184.99162735123537,134.14595418913163,184.99162735123537,134.14595418913163,abs(mean_region - mean_healthy) / abs(mean_healthy),9168,12993,1729956
BraTS-GLI-00464-000,processed_zscore,case_brain_mask,T2,-0.28588396310806274,-0.27641603350639343,0.0020760276820510626,0.2879599907901138,0.2784920611884445,138.70720187392524,134.14660295536206,138.70720187392524,134.14660295536206,abs(mean_region - mean_healthy) / abs(mean_healthy),9168,12993,1729956
BraTS-GLI-00464-000,processed_zscore,case_brain_mask,FLAIR,1.1656477451324463,1.1857209205627441,-0.00890548899769783,1.1745532341301441,1.194626409560442,131.89093091168598,134.14495373238532,131.89093091168598,134.14495373238532,abs(mean_region - mean_healthy) / abs(mean_healthy),9168,12993,1729956
BraTS-GLI-00464-001,processed_zscore,case_brain_mask,T1,0.6953939199447632,0.6535331606864929,-0.004010292701423168,0.6994042126461864,0.6575434533879161,174.402285498508,163.96395533786543,174.402285498508,163.96395533786543,abs(mean_region - mean_healthy) / abs(mean_healthy),5896,10719,1746731
BraTS-GLI-00464-001,processed_zscore,case_brain_mask,T1ce,1.3083401918411255,0.7877526879310608,-0.004834197461605072,1.3131743893027306,0.7925868853926659,271.6426872779674,163.95418095509643,271.6426872779674,163.95418095509643,abs(mean_region - mean_healthy) / abs(mean_healthy),5896,10719,1746731
BraTS-GLI-00464-001,processed_zscore,case_brain_mask,T2,0.6422068476676941,0.582164466381073,-0.0035726011265069246,0.645779448794201,0.5857370675075799,180.7588997279429,163.95255075124453,180.7588997279429,163.95255075124453,abs(mean_region - mean_healthy) / abs(mean_healthy),5896,10719,1746731
BraTS-GLI-00464-001,processed_zscore,case_brain_mask,FLAIR,1.7869417667388916,1.4345465898513794,-0.008803049102425575,1.7957448158413172,1.443349638953805,203.9912301916527,163.96019403732592,203.9912301916527,163.96019403732592,abs(mean_region - mean_healthy) / abs(mean_healthy),5896,10719,1746731
BraTS-GLI-00466-000,processed_zscore,case_brain_mask,T1,-0.6687142252922058,-0.47107669711112976,0.04598073288798332,0.7146949581801891,0.5170574299991131,15.54335725620782,11.245088921456528,15.54335725620782,11.245088921456528,abs(mean_region - mean_healthy) / abs(mean_healthy),29651,138631,1420290
BraTS-GLI-00466-000,processed_zscore,case_brain_mask,T1ce,0.94297194480896,-0.3121933043003082,0.03047243319451809,0.9124995116144419,0.3426657374948263,29.945082028388796,11.245105873477508,29.945082028388796,11.245105873477508,abs(mean_region - mean_healthy) / abs(mean_healthy),29651,138631,1420290
BraTS-GLI-00466-000,processed_zscore,case_brain_mask,T2,0.6989397406578064,0.5762286186218262,-0.05624435469508171,0.7551840953528881,0.6324729733169079,13.426842559524026,11.245092538544398,13.426842559524026,11.245092538544398,abs(mean_region - mean_healthy) / abs(mean_healthy),29651,138631,1420290
BraTS-GLI-00466-000,processed_zscore,case_brain_mask,FLAIR,1.904634952545166,1.7559826374053955,-0.1713971495628357,2.0760321021080017,1.9273797869682312,12.112407396523885,11.245109920930377,12.112407396523885,11.245109920930377,abs(mean_region - mean_healthy) / abs(mean_healthy),29651,138631,1420290
BraTS-GLI-00468-000,processed_zscore,case_brain_mask,T1,-0.10710880160331726,0.1328522264957428,-0.018662437796592712,0.08844636380672455,0.1515146642923355,4.73927172702339,8.118696278789379,4.73927172702339,8.118696278789379,abs(mean_region - mean_healthy) / abs(mean_healthy),52092,174309,1240855
BraTS-GLI-00468-000,processed_zscore,case_brain_mask,T1ce,1.3256852626800537,0.47795921564102173,-0.0671413391828537,1.3928266018629074,0.5451005548238754,20.744694979491893,8.118702448566607,20.744694979491893,8.118702448566607,abs(mean_region - mean_healthy) / abs(mean_healthy),52092,174309,1240855
BraTS-GLI-00468-000,processed_zscore,case_brain_mask,T2,-0.05463842675089836,0.0387287437915802,-0.005440368317067623,0.04919805843383074,0.04416911210864782,9.043148472041073,8.118772394523305,9.043148472041073,8.118772394523305,abs(mean_region - mean_healthy) / abs(mean_healthy),52092,174309,1240855
BraTS-GLI-00468-000,processed_zscore,case_brain_mask,FLAIR,1.3608283996582031,1.4369628429412842,-0.20185719430446625,1.5626855939626694,1.6388200372457504,7.741540247535749,8.118710075668035,7.741540247535749,8.118710075668035,abs(mean_region - mean_healthy) / abs(mean_healthy),52092,174309,1240855
BraTS-GLI-00469-000,processed_zscore,case_brain_mask,T1,0.4494408965110779,0.3575264811515808,-0.020859871059656143,0.470300767570734,0.37838635221123695,22.545717863055984,18.139438692075707,22.545717863055984,18.139438692075707,abs(mean_region - mean_healthy) / abs(mean_healthy),7981,81746,1401063
BraTS-GLI-00469-000,processed_zscore,case_brain_mask,T1ce,1.7452163696289062,-0.15517356991767883,0.009053654037415981,1.7361627155914903,0.16422722395509481,191.76375730908882,18.139330625667156,191.76375730908882,18.139330625667156,abs(mean_region - mean_healthy) / abs(mean_healthy),7981,81746,1401063
BraTS-GLI-00469-000,processed_zscore,case_brain_mask,T2,0.2223356068134308,0.23590566217899323,-0.013764125294983387,0.23609973210841417,0.2496697874739766,17.153268155330252,18.13916846317679,17.153268155330252,18.13916846317679,abs(mean_region - mean_healthy) / abs(mean_healthy),7981,81746,1401063
BraTS-GLI-00469-000,processed_zscore,case_brain_mask,FLAIR,1.16116201877594,1.358688473701477,-0.07927358895540237,1.2404356077313423,1.4379620626568794,15.647526800245979,18.139232518737685,15.647526800245979,18.139232518737685,abs(mean_region - mean_healthy) / abs(mean_healthy),7981,81746,1401063
BraTS-GLI-00469-001,processed_zscore,case_brain_mask,T1,-0.5532336831092834,-0.10391370952129364,0.0061919111758470535,0.5594255942851305,0.1101056206971407,90.34780674298047,17.782170572251182,90.34780674298047,17.782170572251182,abs(mean_region - mean_healthy) / abs(mean_healthy),9591,76718,1287547
BraTS-GLI-00469-001,processed_zscore,case_brain_mask,T1ce,2.4737792015075684,-0.010769708082079887,0.000641660881228745,2.4731375406263396,0.011411368963308632,3854.2750742267763,17.784111977430342,3854.2750742267763,17.784111977430342,abs(mean_region - mean_healthy) / abs(mean_healthy),9591,76718,1287547
BraTS-GLI-00469-001,processed_zscore,case_brain_mask,T2,1.3872050046920776,1.0843778848648071,-0.06461230665445328,1.451817311346531,1.1489901915192604,22.469671592299783,17.782838146671683,22.469671592299783,17.782838146671683,abs(mean_region - mean_healthy) / abs(mean_healthy),9591,76718,1287547
BraTS-GLI-00469-001,processed_zscore,case_brain_mask,FLAIR,6.340322494506836,2.760824203491211,-0.1645026057958603,6.504825100302696,2.9253268092870712,39.54238334908121,17.782860004766484,39.54238334908121,17.782860004766484,abs(mean_region - mean_healthy) / abs(mean_healthy),9591,76718,1287547
BraTS-GLI-00470-000,processed_zscore,case_brain_mask,T1,-0.43746891617774963,-0.25811174511909485,0.0181997362524271,0.45566865243017673,0.27631148137152195,25.037101972805193,15.18216954021371,25.037101972805193,15.18216954021371,abs(mean_region - mean_healthy) / abs(mean_healthy),26383,104795,1486222
BraTS-GLI-00470-000,processed_zscore,case_brain_mask,T1ce,1.5103727579116821,0.012821032665669918,-0.0009040530421771109,1.5112768109538592,0.013725085707847029,1671.6682987034167,15.18172614606188,1671.6682987034167,15.18172614606188,abs(mean_region - mean_healthy) / abs(mean_healthy),26383,104795,1486222
BraTS-GLI-00470-000,processed_zscore,case_brain_mask,T2,0.3019765615463257,0.3941691219806671,-0.02779318578541279,0.32976974733173847,0.4219623077660799,11.865129455753777,15.182221679227078,11.865129455753777,15.182221679227078,abs(mean_region - mean_healthy) / abs(mean_healthy),26383,104795,1486222
BraTS-GLI-00470-000,processed_zscore,case_brain_mask,FLAIR,1.0395710468292236,1.020330786705017,-0.07194468379020691,1.1115157306194305,1.092275470495224,15.449588101056186,15.182156803695678,15.449588101056186,15.182156803695678,abs(mean_region - mean_healthy) / abs(mean_healthy),26383,104795,1486222
BraTS-GLI-00472-000,processed_zscore,case_brain_mask,T1,-0.1881682127714157,-0.1869172900915146,0.009462324902415276,0.19763053767383099,0.19637961499392986,20.886044361400593,20.753844009710935,20.886044361400593,20.753844009710935,abs(mean_region - mean_healthy) / abs(mean_healthy),11140,80450,1589203
BraTS-GLI-00472-000,processed_zscore,case_brain_mask,T1ce,1.2040586471557617,-0.1995837539434433,0.010103471577167511,1.1939551755785942,0.2096872255206108,118.17276531729674,20.753977869792376,118.17276531729674,20.753977869792376,abs(mean_region - mean_healthy) / abs(mean_healthy),11140,80450,1589203
BraTS-GLI-00472-000,processed_zscore,case_brain_mask,T2,0.010197828523814678,0.271530419588089,-0.013745728880167007,0.023943557403981686,0.285276148468256,1.7418907074857697,20.75380294164437,1.7418907074857697,20.75380294164437,abs(mean_region - mean_healthy) / abs(mean_healthy),11140,80450,1589203
BraTS-GLI-00472-000,processed_zscore,case_brain_mask,FLAIR,0.5954405069351196,1.1463124752044678,-0.058029599487781525,0.6534701064229012,1.2043420746922493,11.260979089826273,20.753927053138298,11.260979089826273,20.753927053138298,abs(mean_region - mean_healthy) / abs(mean_healthy),11140,80450,1589203
BraTS-GLI-00477-000,processed_zscore,case_brain_mask,T1,0.5684347152709961,0.2499324232339859,-0.032686322927474976,0.6011210381984711,0.2826187461614609,18.390598402036524,8.64639154390479,18.390598402036524,8.64639154390479,abs(mean_region - mean_healthy) / abs(mean_healthy),46160,193116,1476634
BraTS-GLI-00477-000,processed_zscore,case_brain_mask,T1ce,2.164733648300171,0.2790386974811554,-0.03649308532476425,2.201226733624935,0.31553178280591965,60.319008766605435,8.646344369019394,60.319008766605435,8.646344369019394,abs(mean_region - mean_healthy) / abs(mean_healthy),46160,193116,1476634
BraTS-GLI-00477-000,processed_zscore,case_brain_mask,T2,0.4507521092891693,0.604075014591217,-0.07900165021419525,0.5297537595033646,0.6830766648054123,6.705603719252143,8.646359448864716,6.705603719252143,8.646359448864716,abs(mean_region - mean_healthy) / abs(mean_healthy),46160,193116,1476634
BraTS-GLI-00477-000,processed_zscore,case_brain_mask,FLAIR,0.5921437740325928,0.8439847826957703,-0.1103774681687355,0.7025212422013283,0.9543622508645058,6.364716040844266,8.64635026240645,6.364716040844266,8.64635026240645,abs(mean_region - mean_healthy) / abs(mean_healthy),46160,193116,1476634
BraTS-GLI-00477-001,processed_zscore,case_brain_mask,T1,0.15290571749210358,0.13369804620742798,-0.017302462831139565,0.17020818032324314,0.15100050903856754,9.837222711261447,8.727110730549244,9.837222711261447,8.727110730549244,abs(mean_region - mean_healthy) / abs(mean_healthy),58905,193014,1491435
BraTS-GLI-00477-001,processed_zscore,case_brain_mask,T1ce,2.653212308883667,0.6213385462760925,-0.08041038364171982,2.733622692525387,0.7017489299178123,33.99589168365918,8.72709341923497,33.99589168365918,8.72709341923497,abs(mean_region - mean_healthy) / abs(mean_healthy),58905,193014,1491435
BraTS-GLI-00477-001,processed_zscore,case_brain_mask,T2,0.7057309746742249,0.8085739612579346,-0.10464150458574295,0.8103724792599678,0.9132154658436775,7.744273961542199,8.727086536637012,7.744273961542199,8.727086536637012,abs(mean_region - mean_healthy) / abs(mean_healthy),58905,193014,1491435
BraTS-GLI-00477-001,processed_zscore,case_brain_mask,FLAIR,1.8360612392425537,1.1883355379104614,-0.15378838777542114,1.9898496270179749,1.3421239256858826,12.938880859611936,8.727082357126994,12.938880859611936,8.727082357126994,abs(mean_region - mean_healthy) / abs(mean_healthy),58905,193014,1491435
BraTS-GLI-00478-000,processed_zscore,case_brain_mask,T1,-0.4346170723438263,-0.34456667304039,0.019821714609861374,0.45443878695368767,0.3643883876502514,22.926310659704622,18.38329301083605,22.926310659704622,18.38329301083605,abs(mean_region - mean_healthy) / abs(mean_healthy),22742,81208,1411667
BraTS-GLI-00478-000,processed_zscore,case_brain_mask,T1ce,1.4961034059524536,-0.02060747891664505,0.001185599947348237,1.4949178060051054,0.021793078863993287,1260.8956413575268,18.381477590933272,1260.8956413575268,18.381477590933272,abs(mean_region - mean_healthy) / abs(mean_healthy),22742,81208,1411667
BraTS-GLI-00478-000,processed_zscore,case_brain_mask,T2,0.4771372079849243,0.88791823387146,-0.05107864737510681,0.5282158553600311,0.9389968812465668,10.34122637353661,18.383354483740444,10.34122637353661,18.383354483740444,abs(mean_region - mean_healthy) / abs(mean_healthy),22742,81208,1411667
BraTS-GLI-00478-000,processed_zscore,case_brain_mask,FLAIR,0.7858648896217346,1.0794126987457275,-0.062094688415527344,0.847959578037262,1.1415073871612549,13.655911635514736,18.383333845279598,13.655911635514736,18.383333845279598,abs(mean_region - mean_healthy) / abs(mean_healthy),22742,81208,1411667
BraTS-GLI-00478-001,processed_zscore,case_brain_mask,T1,-1.4689106941223145,-0.776147186756134,0.07722222805023193,1.5461329221725464,0.853369414806366,20.02186366815018,11.05082612031424,20.02186366815018,11.05082612031424,abs(mean_region - mean_healthy) / abs(mean_healthy),12272,126241,1268826
BraTS-GLI-00478-001,processed_zscore,case_brain_mask,T1ce,1.9545997381210327,-0.724122166633606,0.07204588502645493,1.8825538530945778,0.7961680516600609,26.129928897442408,11.050846989633225,26.129928897442408,11.050846989633225,abs(mean_region - mean_healthy) / abs(mean_healthy),12272,126241,1268826
BraTS-GLI-00478-001,processed_zscore,case_brain_mask,T2,1.7179402112960815,1.781541347503662,-0.17725321650505066,1.8951934278011322,1.9587945640087128,10.692011491634233,11.05082662323873,10.692011491634233,11.05082662323873,abs(mean_region - mean_healthy) / abs(mean_healthy),12272,126241,1268826
BraTS-GLI-00478-001,processed_zscore,case_brain_mask,FLAIR,1.225501298904419,2.1349434852600098,-0.2124149650335312,1.4379162639379501,2.347358450293541,6.769373634814125,11.05081485159482,6.769373634814125,11.05081485159482,abs(mean_region - mean_healthy) / abs(mean_healthy),12272,126241,1268826
BraTS-GLI-00479-000,processed_zscore,case_brain_mask,T1,0.05348779633641243,0.110460065305233,-0.003469127928838134,0.056956924265250564,0.11392919323407114,16.418225396584422,32.84087400957503,16.418225396584422,32.84087400957503,abs(mean_region - mean_healthy) / abs(mean_healthy),21451,45021,1433511
BraTS-GLI-00479-000,processed_zscore,case_brain_mask,T1ce,2.2127342224121094,0.9344754815101624,-0.029348241165280342,2.2420824635773897,0.9638237226754427,76.39580344698223,32.84093643797873,76.39580344698223,32.84093643797873,abs(mean_region - mean_healthy) / abs(mean_healthy),21451,45021,1433511
BraTS-GLI-00479-000,processed_zscore,case_brain_mask,T2,0.0893852710723877,0.336902916431427,-0.010580826550722122,0.09996609762310982,0.3474837429821491,9.447853354735063,32.84088831022695,9.447853354735063,32.84088831022695,abs(mean_region - mean_healthy) / abs(mean_healthy),21451,45021,1433511
BraTS-GLI-00479-000,processed_zscore,case_brain_mask,FLAIR,1.001358985900879,1.456413745880127,-0.04574016481637955,1.0470991507172585,1.5021539106965065,22.89233444874454,32.841025316082494,22.89233444874454,32.841025316082494,abs(mean_region - mean_healthy) / abs(mean_healthy),21451,45021,1433511
BraTS-GLI-00479-001,processed_zscore,case_brain_mask,T1,-0.8927621245384216,-0.5563795566558838,0.03468788415193558,0.9274500086903572,0.5910674408078194,26.737001444886506,17.039593369803097,26.737001444886506,17.039593369803097,abs(mean_region - mean_healthy) / abs(mean_healthy),9751,77802,1247908
BraTS-GLI-00479-001,processed_zscore,case_brain_mask,T1ce,2.7454261779785156,-0.1801052838563919,0.01122887060046196,2.7341973073780537,0.19133415445685387,243.49708930349306,17.039483423113122,243.49708930349306,17.039483423113122,abs(mean_region - mean_healthy) / abs(mean_healthy),9751,77802,1247908
BraTS-GLI-00479-001,processed_zscore,case_brain_mask,T2,1.4045566320419312,1.2044501304626465,-0.0750926062464714,1.4796492382884026,1.279542736709118,19.704326594176923,17.039530263596937,19.704326594176923,17.039530263596937,abs(mean_region - mean_healthy) / abs(mean_healthy),9751,77802,1247908
BraTS-GLI-00479-001,processed_zscore,case_brain_mask,FLAIR,3.2114899158477783,3.0152981281280518,-0.18799154460430145,3.3994814604520798,3.203289672732353,18.08316149328716,17.03954121699928,18.08316149328716,17.03954121699928,abs(mean_region - mean_healthy) / abs(mean_healthy),9751,77802,1247908
BraTS-GLI-00480-000,processed_zscore,case_brain_mask,T1,0.606390118598938,0.4387768507003784,-0.025206662714481354,0.6315967813134193,0.46398351341485977,25.056739500487854,18.407177446314577,25.056739500487854,18.407177446314577,abs(mean_region - mean_healthy) / abs(mean_healthy),45292,84681,1474059
BraTS-GLI-00480-000,processed_zscore,case_brain_mask,T1ce,2.2530441284179688,1.1901328563690186,-0.06837023049592972,2.3214143589138985,1.2585030868649483,33.95358392205653,18.407179231900802,33.95358392205653,18.407179231900802,abs(mean_region - mean_healthy) / abs(mean_healthy),45292,84681,1474059
BraTS-GLI-00480-000,processed_zscore,case_brain_mask,T2,0.31031450629234314,0.5678361654281616,-0.03262080252170563,0.34293530881404877,0.6004569679498672,10.512779646848427,18.407179515290217,10.512779646848427,18.407179515290217,abs(mean_region - mean_healthy) / abs(mean_healthy),45292,84681,1474059
BraTS-GLI-00480-000,processed_zscore,case_brain_mask,FLAIR,1.9134070873260498,2.3813087940216064,-0.13680022954940796,2.0502073168754578,2.5181090235710144,14.986870443334944,18.40719881732035,14.986870443334944,18.40719881732035,abs(mean_region - mean_healthy) / abs(mean_healthy),45292,84681,1474059
BraTS-GLI-00480-001,processed_zscore,case_brain_mask,T1,0.23581425845623016,0.3325933516025543,-0.02348458208143711,0.2592988405376673,0.35607793368399143,11.04123716736797,15.162200138338662,11.04123716736797,15.162200138338662,abs(mean_region - mean_healthy) / abs(mean_healthy),41764,107398,1521006
BraTS-GLI-00480-001,processed_zscore,case_brain_mask,T1ce,2.6360344886779785,0.6966680288314819,-0.04919157549738884,2.6852260641753674,0.7458596043288708,54.58711246843279,15.162344299553123,54.58711246843279,15.162344299553123,abs(mean_region - mean_healthy) / abs(mean_healthy),41764,107398,1521006
BraTS-GLI-00480-001,processed_zscore,case_brain_mask,T2,0.9329360127449036,1.0755634307861328,-0.0759454220533371,1.0088814347982407,1.15150885283947,13.28429558386936,15.162320804942736,13.28429558386936,15.162320804942736,abs(mean_region - mean_healthy) / abs(mean_healthy),41764,107398,1521006
BraTS-GLI-00480-001,processed_zscore,case_brain_mask,FLAIR,2.4470252990722656,1.7055315971374512,-0.12042735517024994,2.5674526542425156,1.825958952307701,21.31951374845748,15.162327111861885,21.31951374845748,15.162327111861885,abs(mean_region - mean_healthy) / abs(mean_healthy),41764,107398,1521006
BraTS-GLI-00481-000,processed_zscore,case_brain_mask,T1,1.0895419120788574,0.5384534001350403,-0.06046324595808983,1.1500051580369473,0.5989166460931301,19.019904403314282,9.905466314333669,19.019904403314282,9.905466314333669,abs(mean_region - mean_healthy) / abs(mean_healthy),31479,148597,1323326
BraTS-GLI-00481-000,processed_zscore,case_brain_mask,T1ce,1.9866766929626465,0.02831978350877762,-0.0031801084987819195,1.9898568014614284,0.03149989200755954,625.7197835305323,9.905288457807329,625.7197835305323,9.905288457807329,abs(mean_region - mean_healthy) / abs(mean_healthy),31479,148597,1323326
BraTS-GLI-00481-000,processed_zscore,case_brain_mask,T2,0.6614804267883301,0.8226675987243652,-0.09237774461507797,0.753858171403408,0.9150453433394432,8.16060377469275,9.905473955358818,8.16060377469275,9.905473955358818,abs(mean_region - mean_healthy) / abs(mean_healthy),31479,148597,1323326
BraTS-GLI-00481-000,processed_zscore,case_brain_mask,FLAIR,1.8911285400390625,2.110795259475708,-0.2370222806930542,2.1281508207321167,2.347817540168762,8.978695228606332,9.90547189615986,8.978695228606332,9.90547189615986,abs(mean_region - mean_healthy) / abs(mean_healthy),31479,148597,1323326
BraTS-GLI-00481-001,processed_zscore,case_brain_mask,T1,-1.0221279859542847,-0.70650315284729,0.09702502936124802,1.1191530153155327,0.803528182208538,11.53468360363645,8.281658737940756,11.53468360363645,8.281658737940756,abs(mean_region - mean_healthy) / abs(mean_healthy),53644,165600,1205847
BraTS-GLI-00481-001,processed_zscore,case_brain_mask,T1ce,3.0181288719177246,0.8800322413444519,-0.12085556983947754,3.138984441757202,1.0008878111839294,25.973022558467562,8.281685424290547,25.973022558467562,8.281685424290547,abs(mean_region - mean_healthy) / abs(mean_healthy),53644,165600,1205847
BraTS-GLI-00481-001,processed_zscore,case_brain_mask,T2,0.8928842544555664,1.0753114223480225,-0.14767353236675262,1.040557786822319,1.222984954714775,7.046339111317901,8.281680102819287,7.046339111317901,8.281680102819287,abs(mean_region - mean_healthy) / abs(mean_healthy),53644,165600,1205847
BraTS-GLI-00481-001,processed_zscore,case_brain_mask,FLAIR,3.6708719730377197,2.062450647354126,-0.283238023519516,3.9541099965572357,2.345688670873642,13.960378438683692,8.281687047968038,13.960378438683692,8.281687047968038,abs(mean_region - mean_healthy) / abs(mean_healthy),53644,165600,1205847
BraTS-GLI-00483-000,processed_zscore,case_brain_mask,T1,0.6130499839782715,0.24516667425632477,-0.028866903856396675,0.6419168878346682,0.27403357811272144,22.237122866657018,9.49300207171327,22.237122866657018,9.49300207171327,abs(mean_region - mean_healthy) / abs(mean_healthy),30438,174946,1485823
BraTS-GLI-00483-000,processed_zscore,case_brain_mask,T1ce,2.845064163208008,0.22965729236602783,-0.027040662243962288,2.87210482545197,0.2566979546099901,106.21429310938053,9.493035055652394,106.21429310938053,9.493035055652394,abs(mean_region - mean_healthy) / abs(mean_healthy),30438,174946,1485823
BraTS-GLI-00483-000,processed_zscore,case_brain_mask,T2,0.7134712338447571,0.770173192024231,-0.09068288654088974,0.8041541203856468,0.8608560785651207,8.867760512045969,9.49303789725477,8.867760512045969,9.49303789725477,abs(mean_region - mean_healthy) / abs(mean_healthy),30438,174946,1485823
BraTS-GLI-00483-000,processed_zscore,case_brain_mask,FLAIR,1.6977835893630981,1.7049752473831177,-0.20074987411499023,1.8985334634780884,1.905725121498108,9.457208737229902,9.493032709980689,9.457208737229902,9.493032709980689,abs(mean_region - mean_healthy) / abs(mean_healthy),30438,174946,1485823
BraTS-GLI-00483-001,processed_zscore,case_brain_mask,T1,-0.06607227772474289,0.13416986167430878,-0.017136184498667717,0.04893609322607517,0.1513060461729765,2.8557169905517648,8.829622847766377,2.8557169905517648,8.829622847766377,abs(mean_region - mean_healthy) / abs(mean_healthy),25746,182662,1430161
BraTS-GLI-00483-001,processed_zscore,case_brain_mask,T1ce,1.836220622062683,-0.32438182830810547,0.04143046587705612,1.794790156185627,0.3658122941851616,43.320540046825016,8.829548170438162,43.320540046825016,8.829548170438162,abs(mean_region - mean_healthy) / abs(mean_healthy),25746,182662,1430161
BraTS-GLI-00483-001,processed_zscore,case_brain_mask,T2,1.2620528936386108,1.2736009359359741,-0.16266590356826782,1.4247187972068787,1.436266839504242,8.758558283905828,8.829550680247307,8.758558283905828,8.829550680247307,abs(mean_region - mean_healthy) / abs(mean_healthy),25746,182662,1430161
BraTS-GLI-00483-001,processed_zscore,case_brain_mask,FLAIR,1.6041285991668701,1.911173701286316,-0.24409760534763336,1.8482262045145035,2.1552713066339493,7.571668726050544,8.82954711319066,7.571668726050544,8.82954711319066,abs(mean_region - mean_healthy) / abs(mean_healthy),25746,182662,1430161
BraTS-GLI-00488-000,processed_zscore,case_brain_mask,T1,0.8280543684959412,0.4511375427246094,-0.01723945327103138,0.8452938217669725,0.46837699599564075,49.03251909893088,27.168900813269197,49.03251909893088,27.168900813269197,abs(mean_region - mean_healthy) / abs(mean_healthy),22898,55818,1460708
BraTS-GLI-00488-000,processed_zscore,case_brain_mask,T1ce,1.554703712463379,0.5663114786148071,-0.0216404777020216,1.5763441901654005,0.5879519563168287,72.84239340142396,27.16908399216639,72.84239340142396,27.16908399216639,abs(mean_region - mean_healthy) / abs(mean_healthy),22898,55818,1460708
BraTS-GLI-00488-000,processed_zscore,case_brain_mask,T2,0.49580296874046326,0.5209125280380249,-0.019905561581254005,0.5157085303217173,0.5408180896192789,25.907760914787957,27.16919527297298,25.907760914787957,27.16919527297298,abs(mean_region - mean_healthy) / abs(mean_healthy),22898,55818,1460708
BraTS-GLI-00488-000,processed_zscore,case_brain_mask,FLAIR,0.9434452056884766,1.024181842803955,-0.03913702815771103,0.9825822338461876,1.063318870961666,25.106204535680693,27.169126553932383,25.106204535680693,27.169126553932383,abs(mean_region - mean_healthy) / abs(mean_healthy),22898,55818,1460708
BraTS-GLI-00491-000,processed_zscore,case_brain_mask,T1,0.5676177144050598,0.5525668263435364,-0.03574524074792862,0.6033629551529884,0.588312067091465,16.87953256233006,16.45847264647551,16.87953256233006,16.45847264647551,abs(mean_region - mean_healthy) / abs(mean_healthy),20614,99834,1543291
BraTS-GLI-00491-000,processed_zscore,case_brain_mask,T1ce,1.2702531814575195,0.062059562653303146,-0.0040145572274923325,1.2742677386850119,0.06607411988079548,317.4117758139358,16.458631957793326,317.4117758139358,16.458631957793326,abs(mean_region - mean_healthy) / abs(mean_healthy),20614,99834,1543291
BraTS-GLI-00491-000,processed_zscore,case_brain_mask,T2,0.5425639152526855,0.8327611088752747,-0.05387053266167641,0.596434447914362,0.8866316415369511,11.07162707412148,16.458564594214646,11.07162707412148,16.458564594214646,abs(mean_region - mean_healthy) / abs(mean_healthy),20614,99834,1543291
BraTS-GLI-00491-000,processed_zscore,case_brain_mask,FLAIR,1.8410351276397705,2.240225076675415,-0.14491808414459229,1.9859532117843628,2.3851431608200073,13.703970926105221,16.458561227184223,13.703970926105221,16.458561227184223,abs(mean_region - mean_healthy) / abs(mean_healthy),20614,99834,1543291
BraTS-GLI-00491-001,processed_zscore,case_brain_mask,T1,-0.4724258780479431,-0.03807489573955536,0.002459194278344512,0.4748850723262876,0.04053409001789987,193.10596015454794,16.482670919837506,193.10596015454794,16.482670919837506,abs(mean_region - mean_healthy) / abs(mean_healthy),22332,97063,1502778
BraTS-GLI-00491-001,processed_zscore,case_brain_mask,T1ce,1.88411283493042,0.16052836179733276,-0.010368484072387218,1.8944813190028071,0.17089684586971998,182.71536183848576,16.482336730867257,182.71536183848576,16.482336730867257,abs(mean_region - mean_healthy) / abs(mean_healthy),22332,97063,1502778
BraTS-GLI-00491-001,processed_zscore,case_brain_mask,T2,0.8256675601005554,0.8547934889793396,-0.05521040037274361,0.880877960473299,0.9100038893520832,15.9549279578884,16.482472201040874,15.9549279578884,16.482472201040874,abs(mean_region - mean_healthy) / abs(mean_healthy),22332,97063,1502778
BraTS-GLI-00491-001,processed_zscore,case_brain_mask,FLAIR,3.119699001312256,2.8788328170776367,-0.18594111502170563,3.3056401163339615,3.0647739320993423,17.777886918383174,16.482497331166265,17.777886918383174,16.482497331166265,abs(mean_region - mean_healthy) / abs(mean_healthy),22332,97063,1502778
BraTS-GLI-00493-000,processed_zscore,case_brain_mask,T1,0.551237165927887,0.42305657267570496,-0.011073131114244461,0.5623102970421314,0.4341297037899494,50.78150807035746,39.205686206630894,50.78150807035746,39.205686206630894,abs(mean_region - mean_healthy) / abs(mean_healthy),5322,34451,1316228
BraTS-GLI-00493-000,processed_zscore,case_brain_mask,T1ce,1.6474173069000244,0.5609063506126404,-0.014681204222142696,1.662098511122167,0.5755875548347831,113.21268241847172,39.20574539564419,113.21268241847172,39.20574539564419,abs(mean_region - mean_healthy) / abs(mean_healthy),5322,34451,1316228
BraTS-GLI-00493-000,processed_zscore,case_brain_mask,T2,-0.24325111508369446,-0.17175109684467316,0.004495464265346527,0.24774657934904099,0.17624656111001968,55.110343387401784,39.205419219684075,55.110343387401784,39.205419219684075,abs(mean_region - mean_healthy) / abs(mean_healthy),5322,34451,1316228
BraTS-GLI-00493-000,processed_zscore,case_brain_mask,FLAIR,0.9064946174621582,0.5584101676940918,-0.014615791849792004,0.9211104093119502,0.5730259595438838,63.02158779888881,39.20594692596409,63.02158779888881,39.20594692596409,abs(mean_region - mean_healthy) / abs(mean_healthy),5322,34451,1316228
BraTS-GLI-00494-000,processed_zscore,case_brain_mask,T1,0.08658671379089355,-0.003529156092554331,0.00044674554374068975,0.08613996824715286,0.003975901636295021,192.81662560276638,8.89970071778221,192.81662560276638,8.89970071778221,abs(mean_region - mean_healthy) / abs(mean_healthy),21589,174350,1377615
BraTS-GLI-00494-000,processed_zscore,case_brain_mask,T1ce,1.9453121423721313,-0.0188723374158144,0.0023883862886577845,1.9429237560834736,0.021260723704472184,813.4880715528433,8.901710667758103,813.4880715528433,8.901710667758103,abs(mean_region - mean_healthy) / abs(mean_healthy),21589,174350,1377615
BraTS-GLI-00494-000,processed_zscore,case_brain_mask,T2,0.08662646263837814,0.02848694659769535,-0.003605313366279006,0.09023177600465715,0.03209225996397436,25.02744334198725,8.901378799451305,25.02744334198725,8.901378799451305,abs(mean_region - mean_healthy) / abs(mean_healthy),21589,174350,1377615
BraTS-GLI-00494-000,processed_zscore,case_brain_mask,FLAIR,0.641114354133606,0.9109247922897339,-0.11528606712818146,0.7564004212617874,1.0262108594179153,6.561074031788936,8.901430025164421,6.561074031788936,8.901430025164421,abs(mean_region - mean_healthy) / abs(mean_healthy),21589,174350,1377615
BraTS-GLI-00494-001,processed_zscore,case_brain_mask,T1,-0.4413776397705078,-0.20067714154720306,0.019660262390971184,0.461037902161479,0.22033740393817425,23.45024155797671,11.207246350860629,23.45024155797671,11.207246350860629,abs(mean_region - mean_healthy) / abs(mean_healthy),32375,118353,1208061
BraTS-GLI-00494-001,processed_zscore,case_brain_mask,T1ce,1.2940243482589722,0.2870870530605316,-0.028125781565904617,1.3221501298248768,0.31521283462643623,47.0084760747644,11.20725601483558,47.0084760747644,11.20725601483558,abs(mean_region - mean_healthy) / abs(mean_healthy),32375,118353,1208061
BraTS-GLI-00494-001,processed_zscore,case_brain_mask,T2,1.2716022729873657,0.8611385226249695,-0.08436518162488937,1.355967454612255,0.9455037042498589,16.072595690497728,11.20727397297414,16.072595690497728,11.20727397297414,abs(mean_region - mean_healthy) / abs(mean_healthy),32375,118353,1208061
BraTS-GLI-00494-001,processed_zscore,case_brain_mask,FLAIR,1.9157577753067017,2.1942625045776367,-0.21497046947479248,2.130728244781494,2.409232974052429,9.911725317375948,11.20727409647741,9.911725317375948,11.20727409647741,abs(mean_region - mean_healthy) / abs(mean_healthy),32375,118353,1208061
BraTS-GLI-00495-000,processed_zscore,case_brain_mask,T1,-0.30334824323654175,-0.27361851930618286,0.019779985770583153,0.3231282290071249,0.293398505076766,16.336120397400997,14.833099906123747,16.336120397400997,14.833099906123747,abs(mean_region - mean_healthy) / abs(mean_healthy),32047,99302,1373658
BraTS-GLI-00495-000,processed_zscore,case_brain_mask,T1ce,1.6181387901306152,0.07500626146793365,-0.005422255024313927,1.6235610451549292,0.08042851649224758,299.4254305403787,14.833038308157432,299.4254305403787,14.833038308157432,abs(mean_region - mean_healthy) / abs(mean_healthy),32047,99302,1373658
BraTS-GLI-00495-000,processed_zscore,case_brain_mask,T2,0.8199106454849243,1.0628156661987305,-0.07683108001947403,0.8967417255043983,1.1396467462182045,11.671601196769657,14.833147548223236,11.671601196769657,14.833147548223236,abs(mean_region - mean_healthy) / abs(mean_healthy),32047,99302,1373658
BraTS-GLI-00495-000,processed_zscore,case_brain_mask,FLAIR,1.5918205976486206,1.6075098514556885,-0.11620724946260452,1.7080278471112251,1.723717100918293,14.698117845572693,14.83312881846485,14.698117845572693,14.83312881846485,abs(mean_region - mean_healthy) / abs(mean_healthy),32047,99302,1373658
BraTS-GLI-00495-001,processed_zscore,case_brain_mask,T1,-0.8619498014450073,-0.5547032356262207,0.04589708149433136,0.9078468829393387,0.6006003171205521,19.780056887744916,13.085806277131821,19.780056887744916,13.085806277131821,abs(mean_region - mean_healthy) / abs(mean_healthy),33222,97215,1174919
BraTS-GLI-00495-001,processed_zscore,case_brain_mask,T1ce,3.0383050441741943,0.39910075068473816,-0.03302241116762161,3.071327455341816,0.43212316185235977,93.00736520273372,13.085754388403213,93.00736520273372,13.085754388403213,abs(mean_region - mean_healthy) / abs(mean_healthy),33222,97215,1174919
BraTS-GLI-00495-001,processed_zscore,case_brain_mask,T2,1.48075532913208,1.521763563156128,-0.1259135603904724,1.6066688895225525,1.6476771235466003,12.76009418318478,13.085779787633392,12.76009418318478,13.085779787633392,abs(mean_region - mean_healthy) / abs(mean_healthy),33222,97215,1174919
BraTS-GLI-00495-001,processed_zscore,case_brain_mask,FLAIR,2.413290500640869,2.5626511573791504,-0.21203850209712982,2.625329002737999,2.77468965947628,12.381378743825486,13.085782214237963,12.381378743825486,13.085782214237963,abs(mean_region - mean_healthy) / abs(mean_healthy),33222,97215,1174919
BraTS-GLI-00496-000,processed_zscore,case_brain_mask,T1,-0.5129977464675903,-0.0434444360435009,0.0013000898761674762,0.5142978363437578,0.044744525919668376,395.5863711975452,34.41648669057433,395.5863711975452,34.41648669057433,abs(mean_region - mean_healthy) / abs(mean_healthy),666,45528,1521232
BraTS-GLI-00496-000,processed_zscore,case_brain_mask,T1ce,2.4038033485412598,-0.1806466430425644,0.005406533367931843,2.398396815173328,0.18605317641049623,443.61084117211044,34.41265664132339,443.61084117211044,34.41265664132339,abs(mean_region - mean_healthy) / abs(mean_healthy),666,45528,1521232
BraTS-GLI-00496-000,processed_zscore,case_brain_mask,T2,0.1591389924287796,0.06948328018188477,-0.002079626079648733,0.16121861850842834,0.0715629062615335,77.5228874489108,34.41142951699331,77.5228874489108,34.41142951699331,abs(mean_region - mean_healthy) / abs(mean_healthy),666,45528,1521232
BraTS-GLI-00496-000,processed_zscore,case_brain_mask,FLAIR,1.6502991914749146,1.320998191833496,-0.03953526169061661,1.6898344531655312,1.3605334535241127,42.742462826965436,34.41316423224852,42.742462826965436,34.41316423224852,abs(mean_region - mean_healthy) / abs(mean_healthy),666,45528,1521232
BraTS-GLI-00498-000,processed_zscore,case_brain_mask,T1,0.10288983583450317,0.010191512294113636,-0.0008147651678882539,0.10370460100239143,0.01100627746200189,127.28158381043437,13.508527236784643,127.28158381043437,13.508527236784643,abs(mean_region - mean_healthy) / abs(mean_healthy),11657,120263,1504272
BraTS-GLI-00498-000,processed_zscore,case_brain_mask,T1ce,0.5138503909111023,-0.02665037289261818,0.0021307168062776327,0.5117196741048247,0.028781089698895812,240.16315664154362,13.507702954282529,240.16315664154362,13.507702954282529,abs(mean_region - mean_healthy) / abs(mean_healthy),11657,120263,1504272
BraTS-GLI-00498-000,processed_zscore,case_brain_mask,T2,0.3815675377845764,0.22527946531772614,-0.01801050268113613,0.39957804046571255,0.24328996799886227,22.185834984174164,13.508227521804802,22.185834984174164,13.508227521804802,abs(mean_region - mean_healthy) / abs(mean_healthy),11657,120263,1504272
BraTS-GLI-00498-000,processed_zscore,case_brain_mask,FLAIR,2.0353031158447266,1.8196046352386475,-0.14547306299209595,2.1807761788368225,1.9650776982307434,14.990927763412197,13.508189473796348,14.990927763412197,13.508189473796348,abs(mean_region - mean_healthy) / abs(mean_healthy),11657,120263,1504272
BraTS-GLI-00498-001,processed_zscore,case_brain_mask,T1,-0.8480168581008911,-0.4606188237667084,0.03918309509754181,0.8871999531984329,0.4998019188642502,22.64241635301782,12.755549749708408,22.64241635301782,12.755549749708408,abs(mean_region - mean_healthy) / abs(mean_healthy),17581,102466,1204547
BraTS-GLI-00498-001,processed_zscore,case_brain_mask,T1ce,1.2858623266220093,0.013250734657049179,-0.0011270452523604035,1.2869893718743697,0.014377779909409583,1141.914549729916,12.757056452966534,1141.914549729916,12.757056452966534,abs(mean_region - mean_healthy) / abs(mean_healthy),17581,102466,1204547
BraTS-GLI-00498-001,processed_zscore,case_brain_mask,T2,1.2647981643676758,0.9603356719017029,-0.08169195801019669,1.3464901223778725,1.0420276299118996,16.482529678255542,12.755571726923659,16.482529678255542,12.755571726923659,abs(mean_region - mean_healthy) / abs(mean_healthy),17581,102466,1204547
BraTS-GLI-00498-001,processed_zscore,case_brain_mask,FLAIR,2.993966817855835,2.4271929264068604,-0.20647160708904266,3.2004384249448776,2.633664533495903,15.500622434563901,12.755577246803297,15.500622434563901,12.755577246803297,abs(mean_region - mean_healthy) / abs(mean_healthy),17581,102466,1204547
BraTS-GLI-00499-000,processed_zscore,case_brain_mask,T1,0.05321826785802841,0.1412617266178131,-0.009102745912969112,0.062321013770997524,0.15036447253078222,6.846397160466253,16.51858394910824,6.846397160466253,16.51858394910824,abs(mean_region - mean_healthy) / abs(mean_healthy),39560,105926,1643830
BraTS-GLI-00499-000,processed_zscore,case_brain_mask,T1ce,2.364746570587158,0.720981776714325,-0.046459175646305084,2.4112057462334633,0.76744095236063,51.89945178085026,16.518608900923642,51.89945178085026,16.518608900923642,abs(mean_region - mean_healthy) / abs(mean_healthy),39560,105926,1643830
BraTS-GLI-00499-000,processed_zscore,case_brain_mask,T2,0.43994465470314026,0.5756869912147522,-0.037096451967954636,0.4770411066710949,0.6127834431827068,12.859480660931714,16.51865368990148,12.859480660931714,16.51865368990148,abs(mean_region - mean_healthy) / abs(mean_healthy),39560,105926,1643830
BraTS-GLI-00499-000,processed_zscore,case_brain_mask,FLAIR,1.2056529521942139,1.4663465023040771,-0.0944892019033432,1.300142154097557,1.5608357042074203,13.75969029167507,16.518667453706104,13.75969029167507,16.518667453706104,abs(mean_region - mean_healthy) / abs(mean_healthy),39560,105926,1643830
BraTS-GLI-00499-001,processed_zscore,case_brain_mask,T1,-0.19181333482265472,0.11035729199647903,-0.009647122584283352,0.18216621223837137,0.12000441458076239,18.882958171916275,12.439399782922637,18.882958171916275,12.439399782922637,abs(mean_region - mean_healthy) / abs(mean_healthy),52657,144798,1656365
BraTS-GLI-00499-001,processed_zscore,case_brain_mask,T1ce,1.8470637798309326,0.4551198184490204,-0.039786092936992645,1.8868498727679253,0.49490591138601303,47.42485963012353,12.439168434301205,47.42485963012353,12.439168434301205,abs(mean_region - mean_healthy) / abs(mean_healthy),52657,144798,1656365
BraTS-GLI-00499-001,processed_zscore,case_brain_mask,T2,1.8185956478118896,1.5350124835968018,-0.13418962061405182,1.9527852684259415,1.6692021042108536,14.552431547909551,12.439129767060845,14.552431547909551,12.439129767060845,abs(mean_region - mean_healthy) / abs(mean_healthy),52657,144798,1656365
BraTS-GLI-00499-001,processed_zscore,case_brain_mask,FLAIR,2.6825242042541504,2.54719614982605,-0.22267372906208038,2.9051979333162308,2.76986987888813,13.046882295244965,12.439140847710435,13.046882295244965,12.439140847710435,abs(mean_region - mean_healthy) / abs(mean_healthy),52657,144798,1656365
BraTS-GLI-00500-000,processed_zscore,case_brain_mask,T1,-0.334252268075943,-0.03165482357144356,0.0011636937269940972,0.3354159618029371,0.032818517298437655,288.2338832137045,28.202023038493294,288.2338832137045,28.202023038493294,abs(mean_region - mean_healthy) / abs(mean_healthy),16854,55083,1498364
BraTS-GLI-00500-000,processed_zscore,case_brain_mask,T1ce,1.775862216949463,0.4768331050872803,-0.017529379576444626,1.7933915965259075,0.4943624846637249,102.30776216037931,28.201938494619178,102.30776216037931,28.201938494619178,abs(mean_region - mean_healthy) / abs(mean_healthy),16854,55083,1498364
BraTS-GLI-00500-000,processed_zscore,case_brain_mask,T2,0.8883023262023926,0.7173060178756714,-0.02636965923011303,0.9146719854325056,0.7436756771057844,34.68653035864753,28.20194491768549,34.68653035864753,28.20194491768549,abs(mean_region - mean_healthy) / abs(mean_healthy),16854,55083,1498364
BraTS-GLI-00500-000,processed_zscore,case_brain_mask,FLAIR,2.0883255004882812,1.9975448846817017,-0.07343389093875885,2.16175939142704,2.0709787756204605,29.43817035692508,28.201948026253714,29.43817035692508,28.201948026253714,abs(mean_region - mean_healthy) / abs(mean_healthy),16854,55083,1498364
BraTS-GLI-00500-001,processed_zscore,case_brain_mask,T1,-0.15748760104179382,0.14884132146835327,-0.0062294225208461285,0.1512581785209477,0.1550707439891994,24.281252076701747,24.8932775823555,24.281252076701747,24.8932775823555,abs(mean_region - mean_healthy) / abs(mean_healthy),6612,61602,1471918
BraTS-GLI-00500-001,processed_zscore,case_brain_mask,T1ce,1.9717730283737183,-0.20078794658184052,0.008403118699789047,1.9633699096739292,0.20919106528162956,233.64776576620508,24.89445558907565,233.64776576620508,24.89445558907565,abs(mean_region - mean_healthy) / abs(mean_healthy),6612,61602,1471918
BraTS-GLI-00500-001,processed_zscore,case_brain_mask,T2,1.128710389137268,1.1773998737335205,-0.04927607625722885,1.177986465394497,1.2266759499907494,23.90584954948975,24.893945361787907,23.90584954948975,24.893945361787907,abs(mean_region - mean_healthy) / abs(mean_healthy),6612,61602,1471918
BraTS-GLI-00500-001,processed_zscore,case_brain_mask,FLAIR,2.4231889247894287,3.0654118061065674,-0.12829209864139557,2.5514810234308243,3.193703904747963,19.888060531013455,24.894003126997422,19.888060531013455,24.894003126997422,abs(mean_region - mean_healthy) / abs(mean_healthy),6612,61602,1471918
BraTS-GLI-00501-000,processed_zscore,case_brain_mask,T1,-0.0779438242316246,-0.19988958537578583,0.031451717019081116,0.10939554125070572,0.23134130239486694,3.478205694917631,7.355442701411719,3.478205694917631,7.355442701411719,abs(mean_region - mean_healthy) / abs(mean_healthy),8537,194150,1233906
BraTS-GLI-00501-000,processed_zscore,case_brain_mask,T1ce,1.0960710048675537,-0.1595267653465271,0.025100817903876305,1.0709701869636774,0.1846275832504034,42.666744608281796,7.355440924572083,42.666744608281796,7.355440924572083,abs(mean_region - mean_healthy) / abs(mean_healthy),8537,194150,1233906
BraTS-GLI-00501-000,processed_zscore,case_brain_mask,T2,0.42765480279922485,0.2319641262292862,-0.03649858012795448,0.46415338292717934,0.2684627063572407,12.717025739082969,7.355428770546158,12.717025739082969,7.355428770546158,abs(mean_region - mean_healthy) / abs(mean_healthy),8537,194150,1233906
BraTS-GLI-00501-000,processed_zscore,case_brain_mask,FLAIR,0.9174090027809143,0.6988405585289001,-0.10995978116989136,1.0273687839508057,0.8088003396987915,9.343132307288682,7.355419691579499,9.343132307288682,7.355419691579499,abs(mean_region - mean_healthy) / abs(mean_healthy),8537,194150,1233906
BraTS-GLI-00502-000,processed_zscore,case_brain_mask,T1,-0.032406117767095566,-0.027749711647629738,0.0017483605770394206,0.034154478344134986,0.02949807222466916,19.535145548734768,16.871847038909788,19.535145548734768,16.871847038909788,abs(mean_region - mean_healthy) / abs(mean_healthy),30331,95547,1516430
BraTS-GLI-00502-000,processed_zscore,case_brain_mask,T1ce,1.598934292793274,0.4921879768371582,-0.031011583283543587,1.6299458760768175,0.5231995601207018,52.55926023428009,16.871101205540178,52.55926023428009,16.871101205540178,abs(mean_region - mean_healthy) / abs(mean_healthy),30331,95547,1516430
BraTS-GLI-00502-000,processed_zscore,case_brain_mask,T2,-0.15686871111392975,-0.0728728175163269,0.004591525997966528,0.16146023711189628,0.07746434351429343,35.164831296480294,16.871154284784723,35.164831296480294,16.871154284784723,abs(mean_region - mean_healthy) / abs(mean_healthy),30331,95547,1516430
BraTS-GLI-00502-000,processed_zscore,case_brain_mask,FLAIR,1.2974162101745605,1.319454312324524,-0.08313599228858948,1.38055220246315,1.4025903046131134,16.605950857852847,16.87103582939517,16.605950857852847,16.87103582939517,abs(mean_region - mean_healthy) / abs(mean_healthy),30331,95547,1516430
BraTS-GLI-00502-001,processed_zscore,case_brain_mask,T1,0.20153671503067017,0.40825313329696655,-0.022992901504039764,0.22452961653470993,0.4312460348010063,9.765171067916807,18.75561615071669,9.765171067916807,18.75561615071669,abs(mean_region - mean_healthy) / abs(mean_healthy),33106,76681,1361515
BraTS-GLI-00502-001,processed_zscore,case_brain_mask,T1ce,1.9406216144561768,1.2557127475738525,-0.07072252780199051,2.0113441422581673,1.326435275375843,28.43993568625749,18.75548451958062,28.43993568625749,18.75548451958062,abs(mean_region - mean_healthy) / abs(mean_healthy),33106,76681,1361515
BraTS-GLI-00502-001,processed_zscore,case_brain_mask,T2,0.626237690448761,0.407573401927948,-0.022954706102609634,0.6491923965513706,0.43052810803055763,28.281451030103426,18.75554869254512,28.281451030103426,18.75554869254512,abs(mean_region - mean_healthy) / abs(mean_healthy),33106,76681,1361515
BraTS-GLI-00502-001,processed_zscore,case_brain_mask,FLAIR,2.220376491546631,1.9664664268493652,-0.11075201630592346,2.3311285078525543,2.0772184431552887,21.048181203432197,18.75558127463356,21.048181203432197,18.75558127463356,abs(mean_region - mean_healthy) / abs(mean_healthy),33106,76681,1361515
BraTS-GLI-00504-000,processed_zscore,case_brain_mask,T1,-0.5254029035568237,-0.4590218961238861,0.03358691185712814,0.5589898154139519,0.49260880798101425,16.643084597708185,14.666689515144215,16.643084597708185,14.666689515144215,abs(mean_region - mean_healthy) / abs(mean_healthy),13597,107860,1474087
BraTS-GLI-00504-000,processed_zscore,case_brain_mask,T1ce,1.0823719501495361,-0.22664187848567963,0.016583476215600967,1.0657884739339352,0.2432253547012806,64.26809795953943,14.666729191100803,64.26809795953943,14.666729191100803,abs(mean_region - mean_healthy) / abs(mean_healthy),13597,107860,1474087
BraTS-GLI-00504-000,processed_zscore,case_brain_mask,T2,1.232889175415039,1.3353241682052612,-0.09770654886960983,1.330595724284649,1.433030717074871,13.61828597651463,14.666680316252517,13.61828597651463,14.666680316252517,abs(mean_region - mean_healthy) / abs(mean_healthy),13597,107860,1474087
BraTS-GLI-00504-000,processed_zscore,case_brain_mask,FLAIR,2.3320674896240234,2.31371808052063,-0.16929644346237183,2.5013639330863953,2.4830145239830017,14.775053048544127,14.666666784024212,14.775053048544127,14.666666784024212,abs(mean_region - mean_healthy) / abs(mean_healthy),13597,107860,1474087
BraTS-GLI-00505-000,processed_zscore,case_brain_mask,T1,0.4005333483219147,0.4105479419231415,-0.0260375514626503,0.42657089978456497,0.4365854933857918,16.38291144220922,16.767532615808907,16.38291144220922,16.767532615808907,abs(mean_region - mean_healthy) / abs(mean_healthy),35305,86824,1369005
BraTS-GLI-00505-000,processed_zscore,case_brain_mask,T1ce,1.3422248363494873,0.22631531953811646,-0.014353213831782341,1.3565780501812696,0.2406685333698988,94.51388839323198,16.767571095261335,94.51388839323198,16.767571095261335,abs(mean_region - mean_healthy) / abs(mean_healthy),35305,86824,1369005
BraTS-GLI-00505-000,processed_zscore,case_brain_mask,T2,0.25878143310546875,0.48813295364379883,-0.030957963317632675,0.2897393964231014,0.5190909169614315,9.359123319914106,16.767605531264834,9.359123319914106,16.767605531264834,abs(mean_region - mean_healthy) / abs(mean_healthy),35305,86824,1369005
BraTS-GLI-00505-000,processed_zscore,case_brain_mask,FLAIR,0.9270636439323425,1.2388168573379517,-0.07856738567352295,1.0056310296058655,1.3173842430114746,12.79959898098991,16.76757132387861,12.79959898098991,16.76757132387861,abs(mean_region - mean_healthy) / abs(mean_healthy),35305,86824,1369005
BraTS-GLI-00506-000,processed_zscore,case_brain_mask,T1,0.061289552599191666,-0.1254715621471405,0.007245509885251522,0.054044042713940144,0.13271707203239202,7.458970254660559,18.317147327690776,7.458970254660559,18.317147327690776,abs(mean_region - mean_healthy) / abs(mean_healthy),23737,88284,1528835
BraTS-GLI-00506-000,processed_zscore,case_brain_mask,T1ce,1.5788112878799438,-0.09791014343500137,0.0056539420038461685,1.5731573458760977,0.10356408543884754,278.24079992436015,18.317146756793175,278.24079992436015,18.317146756793175,abs(mean_region - mean_healthy) / abs(mean_healthy),23737,88284,1528835
BraTS-GLI-00506-000,processed_zscore,case_brain_mask,T2,0.7441612482070923,1.257097601890564,-0.07259231060743332,0.8167535588145256,1.3296899124979973,11.251240688995118,18.31722811095972,11.251240688995118,18.31722811095972,abs(mean_region - mean_healthy) / abs(mean_healthy),23737,88284,1528835
BraTS-GLI-00506-000,processed_zscore,case_brain_mask,FLAIR,2.315423011779785,2.0195653438568115,-0.11662161350250244,2.4320446252822876,2.136186957359314,20.854150034805524,18.317247491293507,20.854150034805524,18.317247491293507,abs(mean_region - mean_healthy) / abs(mean_healthy),23737,88284,1528835
BraTS-GLI-00507-000,processed_zscore,case_brain_mask,T1,-0.047128934413194656,-0.043516140431165695,0.00584395369514823,0.052972888108342886,0.049360094126313925,9.064563285695105,8.446352709347044,9.064563285695105,8.446352709347044,abs(mean_region - mean_healthy) / abs(mean_healthy),30446,161571,1203129
BraTS-GLI-00507-000,processed_zscore,case_brain_mask,T1ce,2.0935933589935303,-0.08229054510593414,0.011050930246710777,2.0825424287468195,0.09334147535264492,188.44951350287204,8.446481270699113,188.44951350287204,8.446481270699113,abs(mean_region - mean_healthy) / abs(mean_healthy),30446,161571,1203129
BraTS-GLI-00507-000,processed_zscore,case_brain_mask,T2,0.7989035844802856,0.832159698009491,-0.11175259202718735,0.910656176507473,0.9439122900366783,8.148859547579237,8.446446502171886,8.148859547579237,8.446446502171886,abs(mean_region - mean_healthy) / abs(mean_healthy),30446,161571,1203129
BraTS-GLI-00507-000,processed_zscore,case_brain_mask,FLAIR,1.5011804103851318,1.8669371604919434,-0.250715434551239,1.7518958449363708,2.1176525950431824,6.987586735823134,8.446438883324493,6.987586735823134,8.446438883324493,abs(mean_region - mean_healthy) / abs(mean_healthy),30446,161571,1203129
BraTS-GLI-00510-000,processed_zscore,case_brain_mask,T1,-0.1306176483631134,-0.049403734505176544,0.003470550524070859,0.13408819888718426,0.0528742850292474,38.63600254691078,15.235129027087996,38.63600254691078,15.235129027087996,abs(mean_region - mean_healthy) / abs(mean_healthy),36255,100941,1436961
BraTS-GLI-00510-000,processed_zscore,case_brain_mask,T1ce,1.6645581722259521,0.3696615695953369,-0.025967253372073174,1.6905254255980253,0.3956288229674101,65.10220397110321,15.235682314899517,65.10220397110321,15.235682314899517,abs(mean_region - mean_healthy) / abs(mean_healthy),36255,100941,1436961
BraTS-GLI-00510-000,processed_zscore,case_brain_mask,T2,-0.1593782901763916,0.0574861504137516,-0.00403819652274251,0.1553400936536491,0.06152434693649411,38.46769041050808,15.235599998662355,38.46769041050808,15.235599998662355,abs(mean_region - mean_healthy) / abs(mean_healthy),36255,100941,1436961
BraTS-GLI-00510-000,processed_zscore,case_brain_mask,FLAIR,0.9390919208526611,1.3106545209884644,-0.09206840395927429,1.0311603248119354,1.4027229249477386,11.199937008444946,15.23566027676793,11.199937008444946,15.23566027676793,abs(mean_region - mean_healthy) / abs(mean_healthy),36255,100941,1436961
BraTS-GLI-00510-001,processed_zscore,case_brain_mask,T1,0.19891716539859772,0.3827515244483948,-0.011915536597371101,0.21083270199596882,0.3946670610457659,17.693932646095384,33.12205521091181,17.693932646095384,33.12205521091181,abs(mean_region - mean_healthy) / abs(mean_healthy),12096,45293,1454897
BraTS-GLI-00510-001,processed_zscore,case_brain_mask,T1ce,1.085923194885254,0.021306868642568588,-0.0006634236196987331,1.0865866185049526,0.02197029226226732,1637.8473515886906,33.11653611646241,1637.8473515886906,33.11653611646241,abs(mean_region - mean_healthy) / abs(mean_healthy),12096,45293,1454897
BraTS-GLI-00510-001,processed_zscore,case_brain_mask,T2,1.5485666990280151,1.189846158027649,-0.037041597068309784,1.585608296096325,1.2268877550959587,42.80615366481758,33.12189139235572,42.80615366481758,33.12189139235572,abs(mean_region - mean_healthy) / abs(mean_healthy),12096,45293,1454897
BraTS-GLI-00510-001,processed_zscore,case_brain_mask,FLAIR,1.679458737373352,1.6470704078674316,-0.051275696605443954,1.730734433978796,1.6983461044728756,33.75350406833953,33.12185337122386,33.75350406833953,33.12185337122386,abs(mean_region - mean_healthy) / abs(mean_healthy),12096,45293,1454897
BraTS-GLI-00511-000,processed_zscore,case_brain_mask,T1,-0.4704197943210602,-0.3167110085487366,0.017849713563919067,0.48826950788497925,0.33456072211265564,27.35447300801253,18.74319836643921,27.35447300801253,18.74319836643921,abs(mean_region - mean_healthy) / abs(mean_healthy),19033,90377,1603569
BraTS-GLI-00511-000,processed_zscore,case_brain_mask,T1ce,2.3828318119049072,0.1263597160577774,-0.007121627684682608,2.38995343958959,0.13348134374246,335.5908993571747,18.743094928924094,335.5908993571747,18.743094928924094,abs(mean_region - mean_healthy) / abs(mean_healthy),19033,90377,1603569
BraTS-GLI-00511-000,processed_zscore,case_brain_mask,T2,0.6092677116394043,0.6405792832374573,-0.03610299155116081,0.6453707031905651,0.6766822747886181,17.875823455682987,18.743108139105466,17.875823455682987,18.743108139105466,abs(mean_region - mean_healthy) / abs(mean_healthy),19033,90377,1603569
BraTS-GLI-00511-000,processed_zscore,case_brain_mask,FLAIR,2.429460048675537,2.5636253356933594,-0.14448575675487518,2.5739458054304123,2.7081110924482346,17.814529703417033,18.743100726825507,17.814529703417033,18.743100726825507,abs(mean_region - mean_healthy) / abs(mean_healthy),19033,90377,1603569
BraTS-GLI-00511-001,processed_zscore,case_brain_mask,T1,-0.7413251399993896,-0.42999032139778137,0.04147714003920555,0.7828022800385952,0.4714674614369869,18.87310164824925,11.36692310490406,18.87310164824925,11.36692310490406,abs(mean_region - mean_healthy) / abs(mean_healthy),38039,144999,1503198
BraTS-GLI-00511-001,processed_zscore,case_brain_mask,T1ce,2.915611743927002,0.3389398455619812,-0.032694414258003235,2.948306158185005,0.37163425981998444,90.17767178573301,11.36690374347393,90.17767178573301,11.36690374347393,abs(mean_region - mean_healthy) / abs(mean_healthy),38039,144999,1503198
BraTS-GLI-00511-001,processed_zscore,case_brain_mask,T2,1.9361387491226196,1.677134394645691,-0.16177691519260406,2.0979156643152237,1.838911309838295,12.967954431678605,11.36695744042945,12.967954431678605,11.36695744042945,abs(mean_region - mean_healthy) / abs(mean_healthy),38039,144999,1503198
BraTS-GLI-00511-001,processed_zscore,case_brain_mask,FLAIR,1.779066562652588,1.9641077518463135,-0.18945838510990143,1.9685249477624893,2.153566136956215,10.390276189784808,11.366961328773966,10.390276189784808,11.366961328773966,abs(mean_region - mean_healthy) / abs(mean_healthy),38039,144999,1503198
BraTS-GLI-00512-000,processed_zscore,case_brain_mask,T1,-0.10406628996133804,-0.03318881615996361,0.0044058095663785934,0.10847209952771664,0.0375946257263422,24.620242407997797,8.532966566061443,24.620242407997797,8.532966566061443,abs(mean_region - mean_healthy) / abs(mean_healthy),41068,163802,1233892
BraTS-GLI-00512-000,processed_zscore,case_brain_mask,T1ce,1.775938630104065,0.25955823063850403,-0.034456923604011536,1.8103955537080765,0.29401515424251556,52.54083546498931,8.532832403188943,52.54083546498931,8.532832403188943,abs(mean_region - mean_healthy) / abs(mean_healthy),41068,163802,1233892
BraTS-GLI-00512-000,processed_zscore,case_brain_mask,T2,0.1967083215713501,0.44886618852615356,-0.059588056057691574,0.25629637762904167,0.5084542445838451,4.301136747621072,8.5328214783777,4.301136747621072,8.5328214783777,abs(mean_region - mean_healthy) / abs(mean_healthy),41068,163802,1233892
BraTS-GLI-00512-000,processed_zscore,case_brain_mask,FLAIR,1.130445957183838,1.5672495365142822,-0.20805592834949493,1.3385018855333328,1.7753054648637772,6.433375372437841,8.532828066699436,6.433375372437841,8.532828066699436,abs(mean_region - mean_healthy) / abs(mean_healthy),41068,163802,1233892
BraTS-GLI-00513-000,processed_zscore,case_brain_mask,T1,-0.32353466749191284,-0.4957277178764343,0.05960756540298462,0.38314223289489746,0.555335283279419,6.427745040493016,9.316523490348972,6.427745040493016,9.316523490348972,abs(mean_region - mean_healthy) / abs(mean_healthy),52904,182435,1517228
BraTS-GLI-00513-000,processed_zscore,case_brain_mask,T1ce,1.7766648530960083,0.16157011687755585,-0.019427472725510597,1.796092325821519,0.18099758960306644,92.45115673038802,9.316579266915914,92.45115673038802,9.316579266915914,abs(mean_region - mean_healthy) / abs(mean_healthy),52904,182435,1517228
BraTS-GLI-00513-000,processed_zscore,case_brain_mask,T2,0.9039512276649475,0.7576482892036438,-0.09110137075185776,0.9950525984168053,0.8487496599555016,10.922476689479604,9.316541045988528,10.922476689479604,9.316541045988528,abs(mean_region - mean_healthy) / abs(mean_healthy),52904,182435,1517228
BraTS-GLI-00513-000,processed_zscore,case_brain_mask,FLAIR,1.6424784660339355,1.385185956954956,-0.1665581315755844,1.80903659760952,1.5517440885305405,10.861292573929815,9.31653155478846,10.861292573929815,9.31653155478846,abs(mean_region - mean_healthy) / abs(mean_healthy),52904,182435,1517228
BraTS-GLI-00514-000,processed_zscore,case_brain_mask,T1,-0.36534205079078674,0.24112920463085175,-0.006773544941097498,0.35856850584968925,0.24790274957194924,52.936609850202224,36.59867199933013,52.936609850202224,36.59867199933013,abs(mean_region - mean_healthy) / abs(mean_healthy),9032,40350,1436418
BraTS-GLI-00514-000,processed_zscore,case_brain_mask,T1ce,2.110452651977539,0.4547363817691803,-0.0127737857401371,2.123226437717676,0.4675101675093174,166.2174770198461,36.5991865700653,166.2174770198461,36.5991865700653,abs(mean_region - mean_healthy) / abs(mean_healthy),9032,40350,1436418
BraTS-GLI-00514-000,processed_zscore,case_brain_mask,T2,0.0942385345697403,-0.0352286696434021,0.0009896273259073496,0.09324890724383295,0.03621829696930945,94.22628579737,36.597915216318775,94.22628579737,36.597915216318775,abs(mean_region - mean_healthy) / abs(mean_healthy),9032,40350,1436418
BraTS-GLI-00514-000,processed_zscore,case_brain_mask,FLAIR,1.212728500366211,1.0735899209976196,-0.030157843604683876,1.2428863439708948,1.1037477646023035,41.212706062904964,36.5990280694631,41.212706062904964,36.5990280694631,abs(mean_region - mean_healthy) / abs(mean_healthy),9032,40350,1436418
BraTS-GLI-00514-001,processed_zscore,case_brain_mask,T1,-0.34308356046676636,-0.022025547921657562,0.001951277139596641,0.345034837606363,0.023976825061254203,176.82513191216242,12.287759936659013,176.82513191216242,12.287759936659013,abs(mean_region - mean_healthy) / abs(mean_healthy),7397,120053,1354994
BraTS-GLI-00514-001,processed_zscore,case_brain_mask,T1ce,1.3861998319625854,-0.24899765849113464,0.022061429917812347,1.364138402044773,0.271059088408947,61.83363486078348,12.286560273688085,61.83363486078348,12.286560273688085,abs(mean_region - mean_healthy) / abs(mean_healthy),7397,120053,1354994
BraTS-GLI-00514-001,processed_zscore,case_brain_mask,T2,0.750726044178009,0.6207260489463806,-0.05499647185206413,0.8057225160300732,0.6757225207984447,14.650440090000659,12.286652180454071,14.650440090000659,12.286652180454071,abs(mean_region - mean_healthy) / abs(mean_healthy),7397,120053,1354994
BraTS-GLI-00514-001,processed_zscore,case_brain_mask,FLAIR,1.5174635648727417,1.9834400415420532,-0.17573332786560059,1.6931968927383423,2.159173369407654,9.635035728870312,12.286647021554,9.635035728870312,12.286647021554,abs(mean_region - mean_healthy) / abs(mean_healthy),7397,120053,1354994
BraTS-GLI-00516-000,processed_zscore,case_brain_mask,T1,0.15302768349647522,0.1746576577425003,-0.02560286596417427,0.1786305494606495,0.20026052370667458,6.976974753943746,7.821801043168226,6.976974753943746,7.821801043168226,abs(mean_region - mean_healthy) / abs(mean_healthy),64203,172508,1176816
BraTS-GLI-00516-000,processed_zscore,case_brain_mask,T1ce,1.963809609413147,0.45542874932289124,-0.06676071882247925,2.030570328235626,0.5221894681453705,30.415645068697273,7.821807154801666,30.415645068697273,7.821807154801666,abs(mean_region - mean_healthy) / abs(mean_healthy),64203,172508,1176816
BraTS-GLI-00516-000,processed_zscore,case_brain_mask,T2,0.3080134391784668,0.46677595376968384,-0.06842416524887085,0.37643760442733765,0.5352001190185547,5.501530096248412,7.821799755567887,5.501530096248412,7.821799755567887,abs(mean_region - mean_healthy) / abs(mean_healthy),64203,172508,1176816
BraTS-GLI-00516-000,processed_zscore,case_brain_mask,FLAIR,0.7976210117340088,1.0756713151931763,-0.1576814204454422,0.955302432179451,1.2333527356386185,6.058433704369031,7.82180127598076,6.058433704369031,7.82180127598076,abs(mean_region - mean_healthy) / abs(mean_healthy),64203,172508,1176816
BraTS-GLI-00517-000,processed_zscore,case_brain_mask,T1,-0.06063384935259819,0.2355821281671524,-0.02124437689781189,0.0393894724547863,0.2568265050649643,1.8541128621589886,12.089152169552062,1.8541128621589886,12.089152169552062,abs(mean_region - mean_healthy) / abs(mean_healthy),13165,142604,1581378
BraTS-GLI-00517-000,processed_zscore,case_brain_mask,T1ce,2.513056755065918,-0.0909838154911995,0.008204738609492779,2.504852016456425,0.09918855410069227,305.2933354340311,12.08917904903544,305.2933354340311,12.08917904903544,abs(mean_region - mean_healthy) / abs(mean_healthy),13165,142604,1581378
BraTS-GLI-00517-000,processed_zscore,case_brain_mask,T2,0.6848039627075195,1.5553016662597656,-0.14025242626667023,0.8250563889741898,1.6955540925264359,5.882653234144137,12.089303106261982,5.882653234144137,12.089303106261982,abs(mean_region - mean_healthy) / abs(mean_healthy),13165,142604,1581378
BraTS-GLI-00517-000,processed_zscore,case_brain_mask,FLAIR,1.1001662015914917,2.3698878288269043,-0.21370947360992432,1.313875675201416,2.5835973024368286,6.147952418803777,12.089297019899874,6.147952418803777,12.089297019899874,abs(mean_region - mean_healthy) / abs(mean_healthy),13165,142604,1581378
BraTS-GLI-00517-001,processed_zscore,case_brain_mask,T1,-0.20526081323623657,-0.7431569695472717,0.08339526504278183,0.2886560782790184,0.8265522345900536,3.4613005682149653,9.911260959072816,3.4613005682149653,9.911260959072816,abs(mean_region - mean_healthy) / abs(mean_healthy),16834,161682,1440789
BraTS-GLI-00517-001,processed_zscore,case_brain_mask,T1ce,3.030038833618164,-0.5526621341705322,0.062018562108278275,2.968020271509886,0.6146806962788105,47.85696685982523,9.911237464771254,47.85696685982523,9.911237464771254,abs(mean_region - mean_healthy) / abs(mean_healthy),16834,161682,1440789
BraTS-GLI-00517-001,processed_zscore,case_brain_mask,T2,1.5417543649673462,1.8773995637893677,-0.21067751944065094,1.7524318844079971,2.0880770832300186,8.3180772635861,9.91124771534175,8.3180772635861,9.91124771534175,abs(mean_region - mean_healthy) / abs(mean_healthy),16834,161682,1440789
BraTS-GLI-00517-001,processed_zscore,case_brain_mask,FLAIR,2.2070345878601074,2.449589967727661,-0.2748871445655823,2.4819217324256897,2.7244771122932434,9.028875236592068,9.911256914538034,9.028875236592068,9.911256914538034,abs(mean_region - mean_healthy) / abs(mean_healthy),16834,161682,1440789
BraTS-GLI-00518-000,processed_zscore,case_brain_mask,T1,-0.11025018990039825,-0.20099131762981415,0.007380260620266199,0.11763045052066445,0.20837157825008035,15.938522577055231,28.23363414537041,15.938522577055231,28.23363414537041,abs(mean_region - mean_healthy) / abs(mean_healthy),10279,56315,1533637
BraTS-GLI-00518-000,processed_zscore,case_brain_mask,T1ce,2.376006603240967,0.060748688876628876,-0.0022307452745735645,2.3782373485155404,0.06297943415120244,1066.1178466331935,28.232463324725305,1066.1178466331935,28.232463324725305,abs(mean_region - mean_healthy) / abs(mean_healthy),10279,56315,1533637
BraTS-GLI-00518-000,processed_zscore,case_brain_mask,T2,0.5807665586471558,0.6255860328674316,-0.022971438243985176,0.6037379968911409,0.6485574711114168,26.28211566375141,28.233211356769733,26.28211566375141,28.233211356769733,abs(mean_region - mean_healthy) / abs(mean_healthy),10279,56315,1533637
BraTS-GLI-00518-000,processed_zscore,case_brain_mask,FLAIR,1.688508152961731,1.699222207069397,-0.06239532306790352,1.7509034760296345,1.7616175301373005,28.06145380678874,28.233166261839354,28.06145380678874,28.233166261839354,abs(mean_region - mean_healthy) / abs(mean_healthy),10279,56315,1533637
BraTS-GLI-00518-001,processed_zscore,case_brain_mask,T1,-1.340939998626709,-0.775836169719696,0.039814356714487076,1.380754355341196,0.8156505264341831,34.67981073366902,20.486341956578592,34.67981073366902,20.486341956578592,abs(mean_region - mean_healthy) / abs(mean_healthy),12500,71796,1399036
BraTS-GLI-00518-001,processed_zscore,case_brain_mask,T1ce,2.169213056564331,-0.2571853995323181,0.01319819688796997,2.156014859676361,0.2703835964202881,163.356773503019,20.486404219862802,163.356773503019,20.486404219862802,abs(mean_region - mean_healthy) / abs(mean_healthy),12500,71796,1399036
BraTS-GLI-00518-001,processed_zscore,case_brain_mask,T2,2.3567097187042236,1.7644504308700562,-0.09054838120937347,2.447258099913597,1.8549988120794296,27.027077317427068,20.486272502101915,27.027077317427068,20.486272502101915,abs(mean_region - mean_healthy) / abs(mean_healthy),12500,71796,1399036
BraTS-GLI-00518-001,processed_zscore,case_brain_mask,FLAIR,2.0681371688842773,2.143292188644409,-0.10998989641666412,2.1781270653009415,2.2532820850610733,19.80297405726934,20.486264270357907,19.80297405726934,20.486264270357907,abs(mean_region - mean_healthy) / abs(mean_healthy),12500,71796,1399036
BraTS-GLI-00519-000,processed_zscore,case_brain_mask,T1,-0.12563925981521606,-0.017885636538267136,0.0007387840887531638,0.12637804390396923,0.0186244206270203,171.06221672593924,25.209558395406823,171.06221672593924,25.209558395406823,abs(mean_region - mean_healthy) / abs(mean_healthy),13436,63558,1538821
BraTS-GLI-00519-000,processed_zscore,case_brain_mask,T1ce,1.978719711303711,0.3036639988422394,-0.012542319484055042,1.991262030787766,0.3162063183262944,158.76345944777142,25.211151631744446,158.76345944777142,25.211151631744446,abs(mean_region - mean_healthy) / abs(mean_healthy),13436,63558,1538821
BraTS-GLI-00519-000,processed_zscore,case_brain_mask,T2,0.26361793279647827,0.551015317440033,-0.02275862731039524,0.2863765601068735,0.5737739447504282,12.583208828946727,25.211272056305038,12.583208828946727,25.211272056305038,abs(mean_region - mean_healthy) / abs(mean_healthy),13436,63558,1538821
BraTS-GLI-00519-000,processed_zscore,case_brain_mask,FLAIR,1.0049396753311157,1.3433566093444824,-0.05548481270670891,1.0604244880378246,1.3988414220511913,19.111977427826915,25.211248877155377,19.111977427826915,25.211248877155377,abs(mean_region - mean_healthy) / abs(mean_healthy),13436,63558,1538821
BraTS-GLI-00520-000,processed_zscore,case_brain_mask,T1,-0.47486981749534607,-0.22130301594734192,0.006509036757051945,0.481378854252398,0.22781205270439386,73.95546717889835,34.99934955161843,73.95546717889835,34.99934955161843,abs(mean_region - mean_healthy) / abs(mean_healthy),6279,41030,1394978
BraTS-GLI-00520-000,processed_zscore,case_brain_mask,T1ce,1.7093714475631714,-0.09084247797727585,0.0026719849556684494,1.706699462607503,0.0935144629329443,638.7384251497549,34.99812479653345,638.7384251497549,34.99812479653345,abs(mean_region - mean_healthy) / abs(mean_healthy),6279,41030,1394978
BraTS-GLI-00520-000,processed_zscore,case_brain_mask,T2,0.6132707595825195,0.6642245054244995,-0.019536610692739487,0.632807370275259,0.683761116117239,32.39084712428821,34.99896306841746,32.39084712428821,34.99896306841746,abs(mean_region - mean_healthy) / abs(mean_healthy),6279,41030,1394978
BraTS-GLI-00520-000,processed_zscore,case_brain_mask,FLAIR,2.5638813972473145,2.4921140670776367,-0.07329957187175751,2.637180969119072,2.5654136389493942,35.97812240613077,34.999026234938405,35.97812240613077,34.999026234938405,abs(mean_region - mean_healthy) / abs(mean_healthy),6279,41030,1394978
BraTS-GLI-00520-001,processed_zscore,case_brain_mask,T1,-1.0479861497879028,-0.7116743326187134,0.02686096914112568,1.0748471189290285,0.7385353017598391,40.01520247768634,27.49473773189737,40.01520247768634,27.49473773189737,abs(mean_region - mean_healthy) / abs(mean_healthy),8034,51036,1352182
BraTS-GLI-00520-001,processed_zscore,case_brain_mask,T1ce,4.166471004486084,-0.08886414766311646,0.003354007378220558,4.163116997107863,0.09221815504133701,1241.2366842545744,27.494917166897416,1241.2366842545744,27.494917166897416,abs(mean_region - mean_healthy) / abs(mean_healthy),8034,51036,1352182
BraTS-GLI-00520-001,processed_zscore,case_brain_mask,T2,1.660880208015442,1.2179148197174072,-0.04596837982535362,1.7068485878407955,1.2638831995427608,37.13092770129332,27.494621397242994,37.13092770129332,27.494621397242994,abs(mean_region - mean_healthy) / abs(mean_healthy),8034,51036,1352182
BraTS-GLI-00520-001,processed_zscore,case_brain_mask,FLAIR,1.0167222023010254,1.3469611406326294,-0.050838883966207504,1.067561086267233,1.397800024598837,20.99890876788008,27.494703178927995,20.99890876788008,27.494703178927995,abs(mean_region - mean_healthy) / abs(mean_healthy),8034,51036,1352182
BraTS-GLI-00523-000,processed_zscore,case_brain_mask,T1,-0.3100230097770691,-0.4368157684803009,0.018529456108808517,0.3285524658858776,0.4553452245891094,17.73136048659791,24.57412791369779,17.73136048659791,24.57412791369779,abs(mean_region - mean_healthy) / abs(mean_healthy),1317,55808,1315621
BraTS-GLI-00523-000,processed_zscore,case_brain_mask,T1ce,0.5383045673370361,-0.4664129912853241,0.019784977659583092,0.518519589677453,0.4861979689449072,26.2077419848034,24.574097444553413,26.2077419848034,24.574097444553413,abs(mean_region - mean_healthy) / abs(mean_healthy),1317,55808,1315621
BraTS-GLI-00523-000,processed_zscore,case_brain_mask,T2,0.9614228010177612,0.8683530688285828,-0.03683509677648544,0.9982578977942467,0.9051881656050682,27.1007268923889,24.574067800004165,27.1007268923889,24.574067800004165,abs(mean_region - mean_healthy) / abs(mean_healthy),1317,55808,1315621
BraTS-GLI-00523-000,processed_zscore,case_brain_mask,FLAIR,2.219776153564453,1.5872514247894287,-0.06733044981956482,2.287106603384018,1.6545818746089935,33.968384431013156,24.57405050824726,33.968384431013156,24.57405050824726,abs(mean_region - mean_healthy) / abs(mean_healthy),1317,55808,1315621
BraTS-GLI-00524-000,processed_zscore,case_brain_mask,T1,-0.15173758566379547,-0.3342789113521576,0.020610058680176735,0.1723476443439722,0.3548889700323343,8.36230730918493,17.219212013873367,8.36230730918493,17.219212013873367,abs(mean_region - mean_healthy) / abs(mean_healthy),19821,79757,1293599
BraTS-GLI-00524-000,processed_zscore,case_brain_mask,T1ce,1.4983352422714233,-0.07979661971330643,0.004919878672808409,1.493415363598615,0.08471649838611484,303.54719352177244,17.219225111044498,303.54719352177244,17.219225111044498,abs(mean_region - mean_healthy) / abs(mean_healthy),19821,79757,1293599
BraTS-GLI-00524-000,processed_zscore,case_brain_mask,T2,0.18036924302577972,0.6292018890380859,-0.038793500512838364,0.2191627435386181,0.6679953895509243,5.649470675276858,17.21926046168113,5.649470675276858,17.21926046168113,abs(mean_region - mean_healthy) / abs(mean_healthy),19821,79757,1293599
BraTS-GLI-00524-000,processed_zscore,case_brain_mask,FLAIR,0.5528548955917358,0.9259939789772034,-0.05709240585565567,0.6099473014473915,0.983086384832859,10.683510220071923,17.219214536489407,10.683510220071923,17.219214536489407,abs(mean_region - mean_healthy) / abs(mean_healthy),19821,79757,1293599
BraTS-GLI-00525-000,processed_zscore,case_brain_mask,T1,-0.5280727744102478,-0.7826799750328064,0.04855502024292946,0.5766277946531773,0.8312349952757359,11.875760565399936,17.119444933127788,11.875760565399936,17.119444933127788,abs(mean_region - mean_healthy) / abs(mean_healthy),1231,95198,1534541
BraTS-GLI-00525-000,processed_zscore,case_brain_mask,T1ce,-0.2616618871688843,-0.9669063091278076,0.05998379737138748,0.32164568454027176,1.026890106499195,5.362209440472971,17.119458112017195,5.362209440472971,17.119458112017195,abs(mean_region - mean_healthy) / abs(mean_healthy),1231,95198,1534541
BraTS-GLI-00525-000,processed_zscore,case_brain_mask,T2,1.086059331893921,1.467211127281189,-0.0910210907459259,1.1770804226398468,1.5582322180271149,12.93195250676045,17.119463250300164,12.93195250676045,17.119463250300164,abs(mean_region - mean_healthy) / abs(mean_healthy),1231,95198,1534541
BraTS-GLI-00525-000,processed_zscore,case_brain_mask,FLAIR,2.1872730255126953,1.9436413049697876,-0.12057725340127945,2.3078502789139748,2.064218558371067,19.14001367433276,17.119469055256847,19.14001367433276,17.119469055256847,abs(mean_region - mean_healthy) / abs(mean_healthy),1231,95198,1534541
BraTS-GLI-00525-001,processed_zscore,case_brain_mask,T1,-1.1639673709869385,-1.0486969947814941,0.07740513235330582,1.2413725033402443,1.1261021271348,16.037341008270076,14.548158408861715,16.037341008270076,14.548158408861715,abs(mean_region - mean_healthy) / abs(mean_healthy),12841,103083,1396587
BraTS-GLI-00525-001,processed_zscore,case_brain_mask,T1ce,-0.990216076374054,-1.0053924322128296,0.07420892268419266,1.0644249990582466,1.0796013548970222,14.343625544707997,14.54813404974803,14.343625544707997,14.54813404974803,abs(mean_region - mean_healthy) / abs(mean_healthy),12841,103083,1396587
BraTS-GLI-00525-001,processed_zscore,case_brain_mask,T2,2.283205509185791,2.121593952178955,-0.15659616887569427,2.4398016780614853,2.2781901210546494,15.580213076593177,14.548185548926629,15.580213076593177,14.548185548926629,abs(mean_region - mean_healthy) / abs(mean_healthy),12841,103083,1396587
BraTS-GLI-00525-001,processed_zscore,case_brain_mask,FLAIR,2.6019604206085205,1.9130600690841675,-0.14120443165302277,2.7431648522615433,2.0542645007371902,19.42690339211333,14.54815884097087,19.42690339211333,14.54815884097087,abs(mean_region - mean_healthy) / abs(mean_healthy),12841,103083,1396587
BraTS-GLI-00526-000,processed_zscore,case_brain_mask,T1,-0.09683623909950256,-0.19929595291614532,0.019475333392620087,0.11631157249212265,0.2187712863087654,5.972250648925853,11.233249870406112,5.972250648925853,11.233249870406112,abs(mean_region - mean_healthy) / abs(mean_healthy),33037,162816,1666129
BraTS-GLI-00526-000,processed_zscore,case_brain_mask,T1ce,2.427652359008789,0.05934258922934532,-0.0057989442721009254,2.43345130328089,0.06514153350144625,419.63695271023255,11.233343595806936,419.63695271023255,11.233343595806936,abs(mean_region - mean_healthy) / abs(mean_healthy),33037,162816,1666129
BraTS-GLI-00526-000,processed_zscore,case_brain_mask,T2,0.39571693539619446,0.675865888595581,-0.06604628264904022,0.4617632180452347,0.7419121712446213,6.991509582741747,11.233216185489626,6.991509582741747,11.233216185489626,abs(mean_region - mean_healthy) / abs(mean_healthy),33037,162816,1666129
BraTS-GLI-00526-000,processed_zscore,case_brain_mask,FLAIR,0.6562469005584717,1.1130787134170532,-0.1087711974978447,0.7650180980563164,1.221849910914898,7.0332782543051,11.233211907399557,7.0332782543051,11.233211907399557,abs(mean_region - mean_healthy) / abs(mean_healthy),33037,162816,1666129
BraTS-GLI-00528-000,processed_zscore,case_brain_mask,T1,0.10124676674604416,-0.138310045003891,0.018469659611582756,0.0827771071344614,0.15677970461547375,4.48178845064096,8.488499945995406,4.48178845064096,8.488499945995406,abs(mean_region - mean_healthy) / abs(mean_healthy),53410,226720,1697788
BraTS-GLI-00528-000,processed_zscore,case_brain_mask,T1ce,1.4196430444717407,-0.1220148354768753,0.016293616965413094,1.4033494275063276,0.1383084524422884,86.12878469435337,8.488505206417921,86.12878469435337,8.488505206417921,abs(mean_region - mean_healthy) / abs(mean_healthy),53410,226720,1697788
BraTS-GLI-00528-000,processed_zscore,case_brain_mask,T2,0.4820043444633484,0.898237943649292,-0.1199493482708931,0.6019536927342415,1.018187291920185,5.0183990276861845,8.48847706634233,5.0183990276861845,8.48847706634233,abs(mean_region - mean_healthy) / abs(mean_healthy),53410,226720,1697788
BraTS-GLI-00528-000,processed_zscore,case_brain_mask,FLAIR,0.6209166049957275,0.9300589561462402,-0.12419850379228592,0.7451151087880135,1.0542574599385262,5.99938876908027,8.488487604502101,5.99938876908027,8.488487604502101,abs(mean_region - mean_healthy) / abs(mean_healthy),53410,226720,1697788
BraTS-GLI-00529-000,processed_zscore,case_brain_mask,T1,-0.03350655734539032,-0.11615793406963348,0.004120467230677605,0.037627024576067924,0.12027840130031109,9.131737366075404,29.1904763626846,9.131737366075404,29.1904763626846,abs(mean_region - mean_healthy) / abs(mean_healthy),13106,55142,1554464
BraTS-GLI-00529-000,processed_zscore,case_brain_mask,T1ce,1.0992759466171265,0.16794651746749878,-0.005957521498203278,1.1052334681153297,0.17390403896570206,185.51900625934056,29.190669142889302,185.51900625934056,29.190669142889302,abs(mean_region - mean_healthy) / abs(mean_healthy),13106,55142,1554464
BraTS-GLI-00529-000,processed_zscore,case_brain_mask,T2,0.2403452843427658,0.2728894352912903,-0.009680268354713917,0.2500255526974797,0.2825697036460042,25.82836999304125,29.190275857218737,25.82836999304125,29.190275857218737,abs(mean_region - mean_healthy) / abs(mean_healthy),13106,55142,1554464
BraTS-GLI-00529-000,processed_zscore,case_brain_mask,FLAIR,1.8568624258041382,1.8536202907562256,-0.0657539889216423,1.9226164147257805,1.919374279677868,29.23954038768543,29.19023334029434,29.23954038768543,29.19023334029434,abs(mean_region - mean_healthy) / abs(mean_healthy),13106,55142,1554464
BraTS-GLI-00530-000,processed_zscore,case_brain_mask,T1,0.9308893084526062,0.8390066623687744,-0.004036917816847563,0.9349262262694538,0.843043580185622,231.5940697052732,208.83347604137168,231.5940697052732,208.83347604137168,abs(mean_region - mean_healthy) / abs(mean_healthy),2769,8224,1709233
BraTS-GLI-00530-000,processed_zscore,case_brain_mask,T1ce,0.3681940734386444,-0.11145299673080444,0.0005362022784538567,0.36765787116019055,0.1119891990092583,685.6701023731842,208.85625352465863,685.6701023731842,208.85625352465863,abs(mean_region - mean_healthy) / abs(mean_healthy),2769,8224,1709233
BraTS-GLI-00530-000,processed_zscore,case_brain_mask,T2,0.43591704964637756,0.6140450239181519,-0.0029545703437179327,0.4388716199900955,0.6169995942618698,148.53991238463257,208.82887272382828,148.53991238463257,208.82887272382828,abs(mean_region - mean_healthy) / abs(mean_healthy),2769,8224,1709233
BraTS-GLI-00530-000,processed_zscore,case_brain_mask,FLAIR,1.3519201278686523,1.6989452838897705,-0.008174572139978409,1.3600947000086308,1.707119856029749,166.3811483609004,208.8329305555872,166.3811483609004,208.8329305555872,abs(mean_region - mean_healthy) / abs(mean_healthy),2769,8224,1709233
BraTS-GLI-00532-000,processed_zscore,case_brain_mask,T1,0.5283252000808716,0.2009703814983368,-0.02502516657114029,0.5533503666520119,0.22599554806947708,22.11175558328354,9.030731021391137,22.11175558328354,9.030731021391137,abs(mean_region - mean_healthy) / abs(mean_healthy),27841,169057,1357653
BraTS-GLI-00532-000,processed_zscore,case_brain_mask,T1ce,1.0247069597244263,-0.4162602126598358,0.051833417266607285,0.972873542457819,0.4680936299264431,18.769234091856312,9.030730648507786,18.769234091856312,9.030730648507786,abs(mean_region - mean_healthy) / abs(mean_healthy),27841,169057,1357653
BraTS-GLI-00532-000,processed_zscore,case_brain_mask,T2,1.5335807800292969,1.6302165985107422,-0.20299705862998962,1.7365778386592865,1.8332136571407318,8.554694587100458,9.030739999450924,8.554694587100458,9.030739999450924,abs(mean_region - mean_healthy) / abs(mean_healthy),27841,169057,1357653
BraTS-GLI-00532-000,processed_zscore,case_brain_mask,FLAIR,2.493736982345581,2.224407196044922,-0.27698665857315063,2.7707236409187317,2.5013938546180725,10.003094211077315,9.030737680665109,10.003094211077315,9.030737680665109,abs(mean_region - mean_healthy) / abs(mean_healthy),27841,169057,1357653
BraTS-GLI-00533-000,processed_zscore,case_brain_mask,T1,0.3251945376396179,0.3377252221107483,-0.01735740900039673,0.34255194664001465,0.355082631111145,19.735200491743043,20.457121860931498,19.735200491743043,20.457121860931498,abs(mean_region - mean_healthy) / abs(mean_healthy),26030,76259,1483790
BraTS-GLI-00533-000,processed_zscore,case_brain_mask,T1ce,2.337127447128296,0.8943927884101868,-0.045967161655426025,2.383094608783722,0.9403599500656128,51.84341436279258,20.45721154407217,51.84341436279258,20.45721154407217,abs(mean_region - mean_healthy) / abs(mean_healthy),26030,76259,1483790
BraTS-GLI-00533-000,processed_zscore,case_brain_mask,T2,0.31203195452690125,0.7132435441017151,-0.03665689751505852,0.34868885204195976,0.7499004416167736,9.512230321693746,20.45728068799923,9.512230321693746,20.45728068799923,abs(mean_region - mean_healthy) / abs(mean_healthy),26030,76259,1483790
BraTS-GLI-00533-000,processed_zscore,case_brain_mask,FLAIR,1.636005163192749,2.0336055755615234,-0.1045166626572609,1.74052182585001,2.1381222382187843,16.653055901312726,20.45723795477741,16.653055901312726,20.45723795477741,abs(mean_region - mean_healthy) / abs(mean_healthy),26030,76259,1483790
BraTS-GLI-00537-000,processed_zscore,case_brain_mask,T1,-0.35696524381637573,0.0010927559342235327,-6.468360516009852e-05,0.35690056021121563,0.0011574395393836312,5517.6355635690115,17.893862540884204,5517.6355635690115,17.893862540884204,abs(mean_region - mean_healthy) / abs(mean_healthy),21698,93399,1580062
BraTS-GLI-00537-000,processed_zscore,case_brain_mask,T1ce,2.1246776580810547,0.5153812170028687,-0.030464662238955498,2.15514232032001,0.5458458792418242,70.74236712082126,17.917345512002594,70.74236712082126,17.917345512002594,abs(mean_region - mean_healthy) / abs(mean_healthy),21698,93399,1580062
BraTS-GLI-00537-000,processed_zscore,case_brain_mask,T2,0.6247328519821167,0.5496140718460083,-0.032488200813531876,0.6572210527956486,0.5821022726595402,20.22953060921444,17.917344084412484,20.22953060921444,17.917344084412484,abs(mean_region - mean_healthy) / abs(mean_healthy),21698,93399,1580062
BraTS-GLI-00537-000,processed_zscore,case_brain_mask,FLAIR,0.9290099740028381,0.8929926156997681,-0.05278567597270012,0.9817956499755383,0.9457782916724682,18.59966045491786,17.917328408593445,18.59966045491786,17.917328408593445,abs(mean_region - mean_healthy) / abs(mean_healthy),21698,93399,1580062
BraTS-GLI-00538-000,processed_zscore,case_brain_mask,T1,0.27434879541397095,-0.25830063223838806,0.04517257213592529,0.22917622327804565,0.30347320437431335,5.073348991251798,6.718085555570217,5.073348991251798,6.718085555570217,abs(mean_region - mean_healthy) / abs(mean_healthy),10542,211565,1209748
BraTS-GLI-00538-000,processed_zscore,case_brain_mask,T1ce,1.2255442142486572,-0.30421125888824463,0.053201545029878616,1.1723426692187786,0.35741280391812325,22.035876374649966,6.718090681716029,22.035876374649966,6.718090681716029,abs(mean_region - mean_healthy) / abs(mean_healthy),10542,211565,1209748
BraTS-GLI-00538-000,processed_zscore,case_brain_mask,T2,0.6992479562759399,0.863368809223175,-0.15098899602890015,0.8502369523048401,1.0143578052520752,5.631118655442281,6.718090933314911,5.631118655442281,6.718090933314911,abs(mean_region - mean_healthy) / abs(mean_healthy),10542,211565,1209748
BraTS-GLI-00538-000,processed_zscore,case_brain_mask,FLAIR,1.3263410329818726,1.1771702766418457,-0.2058677077293396,1.5322087407112122,1.3830379843711853,7.442686167787191,6.718090950862028,7.442686167787191,6.718090950862028,abs(mean_region - mean_healthy) / abs(mean_healthy),10542,211565,1209748
BraTS-GLI-00539-000,processed_zscore,case_brain_mask,T1,-0.17516903579235077,-0.009067699313163757,0.000877407263033092,0.17604644305538386,0.00994510657619685,200.6439318120212,11.334652669522937,200.6439318120212,11.334652669522937,abs(mean_region - mean_healthy) / abs(mean_healthy),31773,131085,1354942
BraTS-GLI-00539-000,processed_zscore,case_brain_mask,T1ce,1.426389455795288,0.06568538397550583,-0.006354892626404762,1.4327443484216928,0.07204027660191059,225.45531964908403,11.33619100070726,225.45531964908403,11.33619100070726,abs(mean_region - mean_healthy) / abs(mean_healthy),31773,131085,1354942
BraTS-GLI-00539-000,processed_zscore,case_brain_mask,T2,0.18306903541088104,0.5895243883132935,-0.057034071534872055,0.2401031069457531,0.6465584598481655,4.209818806271757,11.336354611345667,4.209818806271757,11.336354611345667,abs(mean_region - mean_healthy) / abs(mean_healthy),31773,131085,1354942
BraTS-GLI-00539-000,processed_zscore,case_brain_mask,FLAIR,0.1701592057943344,0.7911447286605835,-0.07653993368148804,0.24669913947582245,0.8676846623420715,3.223142843348049,11.336365484099314,3.223142843348049,11.336365484099314,abs(mean_region - mean_healthy) / abs(mean_healthy),31773,131085,1354942
BraTS-GLI-00542-000,processed_zscore,case_brain_mask,T1,0.10273030400276184,0.03237327188253403,-0.0020819860510528088,0.10481229005381465,0.034455257933586836,50.34245546496994,16.549226118092225,50.34245546496994,16.549226118092225,abs(mean_region - mean_healthy) / abs(mean_healthy),43011,86504,1345169
BraTS-GLI-00542-000,processed_zscore,case_brain_mask,T1ce,1.6936982870101929,0.6274571418762207,-0.0403500534594059,1.7340483404695988,0.6678071953356266,42.975118786747956,16.550342269248116,42.975118786747956,16.550342269248116,abs(mean_region - mean_healthy) / abs(mean_healthy),43011,86504,1345169
BraTS-GLI-00542-000,processed_zscore,case_brain_mask,T2,-0.1473173201084137,-0.010314680635929108,0.0006633018492721021,0.1479806219576858,0.01097798248520121,223.09695370226632,16.55050788302232,223.09695370226632,16.55050788302232,abs(mean_region - mean_healthy) / abs(mean_healthy),43011,86504,1345169
BraTS-GLI-00542-000,processed_zscore,case_brain_mask,FLAIR,0.4227322041988373,0.7975103855133057,-0.05128564313054085,0.47401784732937813,0.8487960286438465,9.242700654505358,16.550363353801533,9.242700654505358,16.550363353801533,abs(mean_region - mean_healthy) / abs(mean_healthy),43011,86504,1345169
BraTS-GLI-00543-000,processed_zscore,case_brain_mask,T1,-0.6451732516288757,-0.6597169637680054,0.055003006011247635,0.7001762576401234,0.714719969779253,12.729781668604502,12.994198346779429,12.729781668604502,12.994198346779429,abs(mean_region - mean_healthy) / abs(mean_healthy),9759,120390,1443982
BraTS-GLI-00543-000,processed_zscore,case_brain_mask,T1ce,0.13730962574481964,-0.6530450582504272,0.05444660410284996,0.08286302164196968,0.7074916623532772,1.5219134968535584,12.994229374100563,1.5219134968535584,12.994229374100563,abs(mean_region - mean_healthy) / abs(mean_healthy),9759,120390,1443982
BraTS-GLI-00543-000,processed_zscore,case_brain_mask,T2,1.143505573272705,1.3032571077346802,-0.10865731537342072,1.2521628886461258,1.411914423108101,11.523963060773582,12.994195726774576,11.523963060773582,12.994195726774576,abs(mean_region - mean_healthy) / abs(mean_healthy),9759,120390,1443982
BraTS-GLI-00543-000,processed_zscore,case_brain_mask,FLAIR,1.9613385200500488,1.999385952949524,-0.1666959524154663,2.128034472465515,2.1660819053649902,12.765963669961748,12.994208161493535,12.765963669961748,12.994208161493535,abs(mean_region - mean_healthy) / abs(mean_healthy),9759,120390,1443982
BraTS-GLI-00544-000,processed_zscore,case_brain_mask,T1,0.02574833109974861,0.11744005978107452,-0.0021225190721452236,0.027870850171893835,0.11956257885321975,13.131024610169863,56.33050860286415,13.131024610169863,56.33050860286415,abs(mean_region - mean_healthy) / abs(mean_healthy),10473,28250,1563021
BraTS-GLI-00544-000,processed_zscore,case_brain_mask,T1ce,1.5608030557632446,0.433241605758667,-0.007830286398530006,1.5686333421617746,0.441071892157197,200.32898700311358,56.328960360887976,200.32898700311358,56.328960360887976,abs(mean_region - mean_healthy) / abs(mean_healthy),10473,28250,1563021
BraTS-GLI-00544-000,processed_zscore,case_brain_mask,T2,1.035185694694519,1.2490066289901733,-0.022574493661522865,1.057760188356042,1.2715811226516962,46.85643027993771,56.32822342407816,46.85643027993771,56.32822342407816,abs(mean_region - mean_healthy) / abs(mean_healthy),10473,28250,1563021
BraTS-GLI-00544-000,processed_zscore,case_brain_mask,FLAIR,2.1425108909606934,1.6113334894180298,-0.029123246669769287,2.1716341376304626,1.640456736087799,74.56703444690723,56.32808576217696,74.56703444690723,56.32808576217696,abs(mean_region - mean_healthy) / abs(mean_healthy),10473,28250,1563021
BraTS-GLI-00544-001,processed_zscore,case_brain_mask,T1,-0.6753762364387512,-0.5088032484054565,0.018868740648031235,0.6942449770867825,0.5276719890534878,36.79339231149059,27.96540579450622,36.79339231149059,27.96540579450622,abs(mean_region - mean_healthy) / abs(mean_healthy),14539,52300,1410290
BraTS-GLI-00544-001,processed_zscore,case_brain_mask,T1ce,1.374563455581665,-0.43807002902030945,0.01624562405049801,1.358317831531167,0.45431565307080746,83.6113052542003,27.965417127628314,83.6113052542003,27.965417127628314,abs(mean_region - mean_healthy) / abs(mean_healthy),14539,52300,1410290
BraTS-GLI-00544-001,processed_zscore,case_brain_mask,T2,0.6599387526512146,0.5999771356582642,-0.02224987931549549,0.6821886319667101,0.6222270149737597,30.660329536781497,27.965410784966455,30.660329536781497,27.965410784966455,abs(mean_region - mean_healthy) / abs(mean_healthy),14539,52300,1410290
BraTS-GLI-00544-001,processed_zscore,case_brain_mask,FLAIR,2.4526970386505127,1.2771960496902466,-0.04736417159438133,2.500061210244894,1.324560221284628,52.78380527067993,27.965446807091553,52.78380527067993,27.965446807091553,abs(mean_region - mean_healthy) / abs(mean_healthy),14539,52300,1410290
BraTS-GLI-00545-000,processed_zscore,case_brain_mask,T1,-0.08194588869810104,-0.12010980397462845,0.006356279831379652,0.0883021685294807,0.1264660838060081,13.892114707340443,19.896242324271334,13.892114707340443,19.896242324271334,abs(mean_region - mean_healthy) / abs(mean_healthy),14413,73286,1384824
BraTS-GLI-00545-000,processed_zscore,case_brain_mask,T1ce,2.2750136852264404,0.15489497780799866,-0.00819702073931694,2.2832107059657574,0.1630919985473156,278.5415309509169,19.89649699982412,278.5415309509169,19.89649699982412,abs(mean_region - mean_healthy) / abs(mean_healthy),14413,73286,1384824
BraTS-GLI-00545-000,processed_zscore,case_brain_mask,T2,-0.09434513002634048,0.4840630888938904,-0.025617094710469246,0.06872803531587124,0.5096801836043596,2.68289734228852,19.896096312438683,2.68289734228852,19.896096312438683,abs(mean_region - mean_healthy) / abs(mean_healthy),14413,73286,1384824
BraTS-GLI-00545-000,processed_zscore,case_brain_mask,FLAIR,1.1238359212875366,1.9785568714141846,-0.10470680892467499,1.2285427302122116,2.0832636803388596,11.733169435962973,19.896162453365744,11.733169435962973,19.896162453365744,abs(mean_region - mean_healthy) / abs(mean_healthy),14413,73286,1384824
BraTS-GLI-00545-001,processed_zscore,case_brain_mask,T1,0.11156222224235535,0.10512475669384003,-0.006288181059062481,0.11785040330141783,0.11141293775290251,18.74157283234914,17.717832343955013,18.74157283234914,17.717832343955013,abs(mean_region - mean_healthy) / abs(mean_healthy),17718,79736,1333018
BraTS-GLI-00545-001,processed_zscore,case_brain_mask,T1ce,2.865074872970581,0.7788365483283997,-0.04658712074160576,2.911661993712187,0.8254236690700054,62.49929051983366,17.717851112718385,62.49929051983366,17.717851112718385,abs(mean_region - mean_healthy) / abs(mean_healthy),17718,79736,1333018
BraTS-GLI-00545-001,processed_zscore,case_brain_mask,T2,0.4063739478588104,0.9247386455535889,-0.05531417205929756,0.461688119918108,0.9800528176128864,8.346651549320342,17.71793341789978,8.346651549320342,17.71793341789978,abs(mean_region - mean_healthy) / abs(mean_healthy),17718,79736,1333018
BraTS-GLI-00545-001,processed_zscore,case_brain_mask,FLAIR,1.369543433189392,2.066211700439453,-0.12359271198511124,1.4931361451745033,2.1898044124245644,12.081101880460201,17.7179089062174,12.081101880460201,17.7179089062174,abs(mean_region - mean_healthy) / abs(mean_healthy),17718,79736,1333018
BraTS-GLI-00547-000,processed_zscore,case_brain_mask,T1,-0.2032276690006256,0.02434040792286396,-0.0005196128622628748,0.20270805613836274,0.024860020785126835,390.11362277597294,47.843351446042576,390.11362277597294,47.843351446042576,abs(mean_region - mean_healthy) / abs(mean_healthy),5908,33760,1581642
BraTS-GLI-00547-000,processed_zscore,case_brain_mask,T1ce,1.7458953857421875,0.18379291892051697,-0.0039231558330357075,1.7498185415752232,0.18771607475355268,446.0232058182678,47.84823309154646,446.0232058182678,47.84823309154646,abs(mean_region - mean_healthy) / abs(mean_healthy),5908,33760,1581642
BraTS-GLI-00547-000,processed_zscore,case_brain_mask,T2,-0.12035499513149261,-0.10188256204128265,0.0021747290156781673,0.12252972414717078,0.10405729105696082,56.342525097988414,47.84839412487059,56.342525097988414,47.84839412487059,abs(mean_region - mean_healthy) / abs(mean_healthy),5908,33760,1581642
BraTS-GLI-00547-000,processed_zscore,case_brain_mask,FLAIR,1.8931857347488403,2.0532705783843994,-0.04382683336734772,1.937012568116188,2.097097411751747,44.19695468026489,47.849622038039975,44.19695468026489,47.849622038039975,abs(mean_region - mean_healthy) / abs(mean_healthy),5908,33760,1581642
BraTS-GLI-00547-001,processed_zscore,case_brain_mask,T1,0.05731625482439995,0.43726813793182373,-0.01889103464782238,0.07620728947222233,0.4561591725796461,4.03404529677293,24.14686019498825,4.03404529677293,24.14686019498825,abs(mean_region - mean_healthy) / abs(mean_healthy),10268,63086,1460221
BraTS-GLI-00547-001,processed_zscore,case_brain_mask,T1ce,3.3784701824188232,0.5685275197029114,-0.024562064558267593,3.403032246977091,0.593089584261179,138.548298287557,24.146568903205043,138.548298287557,24.146568903205043,abs(mean_region - mean_healthy) / abs(mean_healthy),10268,63086,1460221
BraTS-GLI-00547-001,processed_zscore,case_brain_mask,T2,1.2807027101516724,1.0566684007644653,-0.04565127193927765,1.32635398209095,1.102319672703743,29.05404221497223,24.146527049015784,29.05404221497223,24.146527049015784,abs(mean_region - mean_healthy) / abs(mean_healthy),10268,63086,1460221
BraTS-GLI-00547-001,processed_zscore,case_brain_mask,FLAIR,1.5990512371063232,1.9249145984649658,-0.08316217362880707,1.6822134107351303,2.008076772093773,20.228107772214575,24.14651619204651,20.228107772214575,24.14651619204651,abs(mean_region - mean_healthy) / abs(mean_healthy),10268,63086,1460221
BraTS-GLI-00548-000,processed_zscore,case_brain_mask,T1,-0.3276958167552948,-0.12163618952035904,0.020007982850074768,0.34770379960536957,0.1416441723704338,17.378253580623706,7.0793829358917355,17.378253580623706,7.0793829358917355,abs(mean_region - mean_healthy) / abs(mean_healthy),33064,224828,1366813
BraTS-GLI-00548-000,processed_zscore,case_brain_mask,T1ce,2.1025350093841553,-0.14501234889030457,0.023853091523051262,2.078681917861104,0.16886544041335583,87.14517847098762,7.079394310383912,87.14517847098762,7.079394310383912,abs(mean_region - mean_healthy) / abs(mean_healthy),33064,224828,1366813
BraTS-GLI-00548-000,processed_zscore,case_brain_mask,T2,0.3416575789451599,0.6175854206085205,-0.10158715397119522,0.44324473291635513,0.7191725745797157,4.363196679789219,7.079365318016836,4.363196679789219,7.079365318016836,abs(mean_region - mean_healthy) / abs(mean_healthy),33064,224828,1366813
BraTS-GLI-00548-000,processed_zscore,case_brain_mask,FLAIR,1.068312406539917,1.678030252456665,-0.27602046728134155,1.3443328738212585,1.9540507197380066,4.870410107852654,7.07936892863197,4.870410107852654,7.07936892863197,abs(mean_region - mean_healthy) / abs(mean_healthy),33064,224828,1366813
BraTS-GLI-00548-001,processed_zscore,case_brain_mask,T1,-1.236092209815979,-0.6985951662063599,0.12103311717510223,1.3571253269910812,0.8196282833814621,11.212842886857878,6.771934016998681,11.212842886857878,6.771934016998681,abs(mean_region - mean_healthy) / abs(mean_healthy),43527,206475,1191758
BraTS-GLI-00548-001,processed_zscore,case_brain_mask,T1ce,2.7687714099884033,0.06893106549978256,-0.01194256916642189,2.780713979154825,0.08087363466620445,232.84051701146262,6.771879110701854,232.84051701146262,6.771879110701854,abs(mean_region - mean_healthy) / abs(mean_healthy),43527,206475,1191758
BraTS-GLI-00548-001,processed_zscore,case_brain_mask,T2,1.592560887336731,1.3973031044006348,-0.24208614230155945,1.8346470296382904,1.6393892467021942,7.57848843471976,6.771925196197543,7.57848843471976,6.771925196197543,abs(mean_region - mean_healthy) / abs(mean_healthy),43527,206475,1191758
BraTS-GLI-00548-001,processed_zscore,case_brain_mask,FLAIR,1.918733835220337,2.0419745445251465,-0.3537770211696625,2.2725108563899994,2.395751565694809,6.4235682941661745,6.771925315482453,6.4235682941661745,6.771925315482453,abs(mean_region - mean_healthy) / abs(mean_healthy),43527,206475,1191758
BraTS-GLI-00549-000,processed_zscore,case_brain_mask,T1,0.6985114216804504,0.2189345359802246,-0.016940733417868614,0.715452155098319,0.23587526939809322,42.23265530780858,13.92355711998269,42.23265530780858,13.92355711998269,abs(mean_region - mean_healthy) / abs(mean_healthy),7359,107095,1384058
BraTS-GLI-00549-000,processed_zscore,case_brain_mask,T1ce,2.6930973529815674,-0.3009093403816223,0.023283453658223152,2.6698138993233442,0.32419279403984547,114.66571662921795,13.923741675039194,114.66571662921795,13.923741675039194,abs(mean_region - mean_healthy) / abs(mean_healthy),7359,107095,1384058
BraTS-GLI-00549-000,processed_zscore,case_brain_mask,T2,0.8163798451423645,0.9354585409164429,-0.07238344103097916,0.8887632861733437,1.007841981947422,12.278544284637762,13.923653913000337,12.278544284637762,13.923653913000337,abs(mean_region - mean_healthy) / abs(mean_healthy),7359,107095,1384058
BraTS-GLI-00549-000,processed_zscore,case_brain_mask,FLAIR,1.668959379196167,2.0914628505706787,-0.16183234751224518,1.8307917267084122,2.253295198082924,11.312891117580087,13.923639079093421,11.312891117580087,13.923639079093421,abs(mean_region - mean_healthy) / abs(mean_healthy),7359,107095,1384058
BraTS-GLI-00549-001,processed_zscore,case_brain_mask,T1,-0.17368610203266144,-0.3754139542579651,0.04719318076968193,0.22087928280234337,0.422607135027647,4.680322012629453,8.954834748056234,4.680322012629453,8.954834748056234,abs(mean_region - mean_healthy) / abs(mean_healthy),12243,163568,1301152
BraTS-GLI-00549-001,processed_zscore,case_brain_mask,T1ce,2.620234489440918,0.14784826338291168,-0.018586309626698494,2.6388207990676165,0.16643457300961018,141.9765866418719,8.95468634454112,141.9765866418719,8.95468634454112,abs(mean_region - mean_healthy) / abs(mean_healthy),12243,163568,1301152
BraTS-GLI-00549-001,processed_zscore,case_brain_mask,T2,1.8807165622711182,1.8003506660461426,-0.2263225018978119,2.10703906416893,2.0266731679439545,9.309896481792565,8.954801890883253,9.309896481792565,8.954801890883253,abs(mean_region - mean_healthy) / abs(mean_healthy),12243,163568,1301152
BraTS-GLI-00549-001,processed_zscore,case_brain_mask,FLAIR,2.202232837677002,2.225698709487915,-0.2797929644584656,2.4820258021354675,2.5054916739463806,8.870937147899289,8.95480584651482,8.870937147899289,8.95480584651482,abs(mean_region - mean_healthy) / abs(mean_healthy),12243,163568,1301152
BraTS-GLI-00550-000,processed_zscore,case_brain_mask,T1,-0.38852137327194214,-0.275835245847702,0.006159462500363588,0.3946808357723057,0.2819947083480656,64.07715539286228,45.782356550010604,64.07715539286228,45.782356550010604,abs(mean_region - mean_healthy) / abs(mean_healthy),9895,30840,1381102
BraTS-GLI-00550-000,processed_zscore,case_brain_mask,T1ce,1.0290104150772095,0.3114731013774872,-0.00695505877956748,1.035965473856777,0.31842816015705466,148.95136140333258,45.783676349728424,148.95136140333258,45.783676349728424,abs(mean_region - mean_healthy) / abs(mean_healthy),9895,30840,1381102
BraTS-GLI-00550-000,processed_zscore,case_brain_mask,T2,-0.025774769484996796,-0.09226222336292267,0.002060145838186145,0.02783491532318294,0.09432236920110881,13.511138292855126,45.78431655312079,13.511138292855126,45.78431655312079,abs(mean_region - mean_healthy) / abs(mean_healthy),9895,30840,1381102
BraTS-GLI-00550-000,processed_zscore,case_brain_mask,FLAIR,1.1699280738830566,0.868568480014801,-0.019395165145397186,1.1893232390284538,0.8879636451601982,61.32060387795673,45.78273185629087,61.32060387795673,45.78273185629087,abs(mean_region - mean_healthy) / abs(mean_healthy),9895,30840,1381102
BraTS-GLI-00550-001,processed_zscore,case_brain_mask,T1,0.05330808833241463,-0.3210807740688324,0.010299284011125565,0.04300880432128906,0.33138005807995796,4.175902351545,32.17505777314154,4.175902351545,32.17505777314154,abs(mean_region - mean_healthy) / abs(mean_healthy),6004,40469,1261630
BraTS-GLI-00550-001,processed_zscore,case_brain_mask,T1ce,1.4296728372573853,-0.3982047438621521,0.012773084454238415,1.4168997528031468,0.4109778283163905,110.92855119524287,32.175300319103286,110.92855119524287,32.175300319103286,abs(mean_region - mean_healthy) / abs(mean_healthy),6004,40469,1261630
BraTS-GLI-00550-001,processed_zscore,case_brain_mask,T2,0.9338544607162476,0.6200248003005981,-0.019888296723365784,0.9537427574396133,0.6399130970239639,47.95497425976694,32.17535950537994,47.95497425976694,32.17535950537994,abs(mean_region - mean_healthy) / abs(mean_healthy),6004,40469,1261630
BraTS-GLI-00550-001,processed_zscore,case_brain_mask,FLAIR,3.2212092876434326,1.7701975107192993,-0.05678214132785797,3.2779914289712906,1.8269796520471573,57.729267553407155,32.175251044131016,57.729267553407155,32.175251044131016,abs(mean_region - mean_healthy) / abs(mean_healthy),6004,40469,1261630
BraTS-GLI-00551-000,processed_zscore,case_brain_mask,T1,-0.4851023852825165,-0.5025508999824524,0.03738802298903465,0.5224904082715511,0.539938922971487,13.974807077250107,14.441494355821998,13.974807077250107,14.441494355821998,abs(mean_region - mean_healthy) / abs(mean_healthy),19960,110130,1480314
BraTS-GLI-00551-000,processed_zscore,case_brain_mask,T1ce,1.3241885900497437,-0.3255261182785034,0.02421805076301098,1.2999705392867327,0.3497441690415144,53.67775268157503,14.441466510413386,53.67775268157503,14.441466510413386,abs(mean_region - mean_healthy) / abs(mean_healthy),19960,110130,1480314
BraTS-GLI-00551-000,processed_zscore,case_brain_mask,T2,0.1467440277338028,0.33563232421875,-0.02496974729001522,0.17171377502381802,0.3606020715087652,6.876872762444099,14.441558711848117,6.876872762444099,14.441558711848117,abs(mean_region - mean_healthy) / abs(mean_healthy),19960,110130,1480314
BraTS-GLI-00551-000,processed_zscore,case_brain_mask,FLAIR,1.1429582834243774,1.3864227533340454,-0.10314490646123886,1.2461031898856163,1.4895676597952843,12.081092829861582,14.441504780995205,12.081092829861582,14.441504780995205,abs(mean_region - mean_healthy) / abs(mean_healthy),19960,110130,1480314
BraTS-GLI-00552-000,processed_zscore,case_brain_mask,T1,-0.07758285850286484,-0.07604570686817169,0.0074879322201013565,0.0850707907229662,0.08353363908827305,11.361052453786057,11.155768593100639,11.361052453786057,11.155768593100639,abs(mean_region - mean_healthy) / abs(mean_healthy),24519,146010,1482810
BraTS-GLI-00552-000,processed_zscore,case_brain_mask,T1ce,2.1281025409698486,0.08553428947925568,-0.008422436192631721,2.1365249771624804,0.0939567256718874,253.67066348707948,11.155528343935028,253.67066348707948,11.155528343935028,abs(mean_region - mean_healthy) / abs(mean_healthy),24519,146010,1482810
BraTS-GLI-00552-000,processed_zscore,case_brain_mask,T2,0.24037784337997437,0.1525823026895523,-0.015024596825242043,0.2554024402052164,0.16760689951479435,16.998954659211094,11.155500641002675,16.998954659211094,11.155500641002675,abs(mean_region - mean_healthy) / abs(mean_healthy),24519,146010,1482810
BraTS-GLI-00552-000,processed_zscore,case_brain_mask,FLAIR,1.974901795387268,1.8362675905227661,-0.18081440031528473,2.155716195702553,2.017081990838051,11.92225946574856,11.155538426811582,11.92225946574856,11.155538426811582,abs(mean_region - mean_healthy) / abs(mean_healthy),24519,146010,1482810
BraTS-GLI-00552-001,processed_zscore,case_brain_mask,T1,0.0920054167509079,0.19745871424674988,-0.013678633607923985,0.10568405035883188,0.21113734785467386,7.726213990965404,15.435558397613834,7.726213990965404,15.435558397613834,abs(mean_region - mean_healthy) / abs(mean_healthy),16757,96851,1398098
BraTS-GLI-00552-001,processed_zscore,case_brain_mask,T1ce,1.698278784751892,-0.16408757865428925,0.011366830207407475,1.6869119545444846,0.17545440886169672,148.40654111690407,15.435649663118706,148.40654111690407,15.435649663118706,abs(mean_region - mean_healthy) / abs(mean_healthy),16757,96851,1398098
BraTS-GLI-00552-001,processed_zscore,case_brain_mask,T2,0.5306701064109802,0.3601667284965515,-0.024949975311756134,0.5556200817227364,0.38511670380830765,22.269363988546104,15.43555450441048,22.269363988546104,15.43555450441048,abs(mean_region - mean_healthy) / abs(mean_healthy),16757,96851,1398098
BraTS-GLI-00552-001,processed_zscore,case_brain_mask,FLAIR,1.5676571130752563,1.7883412837982178,-0.12388436496257782,1.6915414780378342,1.9122256487607956,13.654196625609728,15.435568881823208,13.654196625609728,15.435568881823208,abs(mean_region - mean_healthy) / abs(mean_healthy),16757,96851,1398098
BraTS-GLI-00554-000,processed_zscore,case_brain_mask,T1,-0.012446935288608074,0.1599692851305008,-0.0158322025090456,0.0033852672204375267,0.1758014876395464,0.21382162200763802,11.104044907150703,0.21382162200763802,11.104044907150703,abs(mean_region - mean_healthy) / abs(mean_healthy),20141,142355,1438345
BraTS-GLI-00554-000,processed_zscore,case_brain_mask,T1ce,1.5470961332321167,-0.1566346436738968,0.015502296388149261,1.5315938368439674,0.17213694006204605,98.79786829613161,11.103963938764338,98.79786829613161,11.103963938764338,abs(mean_region - mean_healthy) / abs(mean_healthy),20141,142355,1438345
BraTS-GLI-00554-000,processed_zscore,case_brain_mask,T2,0.2797452509403229,0.6180170774459839,-0.06116602197289467,0.34091127291321754,0.6791830994188786,5.573540045881849,11.103927924556778,5.573540045881849,11.103927924556778,abs(mean_region - mean_healthy) / abs(mean_healthy),20141,142355,1438345
BraTS-GLI-00554-000,processed_zscore,case_brain_mask,FLAIR,1.7088932991027832,2.014794111251831,-0.1994069367647171,1.9083002358675003,2.214201048016548,9.56987889603424,11.103931908994287,9.56987889603424,11.103931908994287,abs(mean_region - mean_healthy) / abs(mean_healthy),20141,142355,1438345
BraTS-GLI-00555-000,processed_zscore,case_brain_mask,T1,0.19309154152870178,0.149557963013649,-0.0051657892763614655,0.19825733080506325,0.15472375229001045,38.378904016136374,29.95161900970735,38.378904016136374,29.95161900970735,abs(mean_region - mean_healthy) / abs(mean_healthy),17130,44554,1289908
BraTS-GLI-00555-000,processed_zscore,case_brain_mask,T1ce,1.043026328086853,0.3954261839389801,-0.01365826278924942,1.0566845908761024,0.4090844467282295,77.36595840781679,29.951425963939187,77.36595840781679,29.951425963939187,abs(mean_region - mean_healthy) / abs(mean_healthy),17130,44554,1289908
BraTS-GLI-00555-000,processed_zscore,case_brain_mask,T2,-0.029364587739109993,0.03340863063931465,-0.0011538926046341658,0.028210695134475827,0.03456252324394882,24.448284893393392,29.952980983794973,24.448284893393392,29.952980983794973,abs(mean_region - mean_healthy) / abs(mean_healthy),17130,44554,1289908
BraTS-GLI-00555-000,processed_zscore,case_brain_mask,FLAIR,0.9724224209785461,0.8082628846168518,-0.027917765080928802,1.000340186059475,0.8361806496977806,35.831671452197575,29.95156121107247,35.831671452197575,29.95156121107247,abs(mean_region - mean_healthy) / abs(mean_healthy),17130,44554,1289908
BraTS-GLI-00555-001,processed_zscore,case_brain_mask,T1,0.36779752373695374,0.4175278842449188,-0.010864721611142159,0.3786622453480959,0.428392605856061,34.852457237354734,39.429690072935614,34.852457237354734,39.429690072935614,abs(mean_region - mean_healthy) / abs(mean_healthy),13745,31609,1214705
BraTS-GLI-00555-001,processed_zscore,case_brain_mask,T1ce,1.6664117574691772,0.9245758652687073,-0.024059193208813667,1.690470950677991,0.9486350584775209,70.26299410816138,39.429213201131155,70.26299410816138,39.429213201131155,abs(mean_region - mean_healthy) / abs(mean_healthy),13745,31609,1214705
BraTS-GLI-00555-001,processed_zscore,case_brain_mask,T2,0.45810240507125854,0.3663044273853302,-0.009532056748867035,0.4676344618201256,0.37583648413419724,49.059135309460665,39.42868722208023,49.059135309460665,39.42868722208023,abs(mean_region - mean_healthy) / abs(mean_healthy),13745,31609,1214705
BraTS-GLI-00555-001,processed_zscore,case_brain_mask,FLAIR,3.6045453548431396,2.7055132389068604,-0.07040277123451233,3.674948126077652,2.7759160101413727,52.19891293534971,39.429073053030386,52.19891293534971,39.429073053030386,abs(mean_region - mean_healthy) / abs(mean_healthy),13745,31609,1214705
BraTS-GLI-00556-000,processed_zscore,case_brain_mask,T1,0.12131671607494354,-0.18103021383285522,0.01394045539200306,0.10737626068294048,0.19497066922485828,7.70249304370192,13.985961271875178,7.70249304370192,13.985961271875178,abs(mean_region - mean_healthy) / abs(mean_healthy),26497,118042,1532887
BraTS-GLI-00556-000,processed_zscore,case_brain_mask,T1ce,0.9482071995735168,-0.1543000042438507,0.011882025748491287,0.9363251738250256,0.166182029992342,78.80181322986233,13.986001504284138,78.80181322986233,13.986001504284138,abs(mean_region - mean_healthy) / abs(mean_healthy),26497,118042,1532887
BraTS-GLI-00556-000,processed_zscore,case_brain_mask,T2,0.15026412904262543,0.5528497099876404,-0.042572811245918274,0.1928369402885437,0.5954225212335587,4.529579669395974,13.985980812827943,4.529579669395974,13.985980812827943,abs(mean_region - mean_healthy) / abs(mean_healthy),26497,118042,1532887
BraTS-GLI-00556-000,processed_zscore,case_brain_mask,FLAIR,0.9454231858253479,1.399074912071228,-0.10773756355047226,1.0531607493758202,1.5068124756217003,9.775241936694082,13.985952772319727,9.775241936694082,13.985952772319727,abs(mean_region - mean_healthy) / abs(mean_healthy),26497,118042,1532887
BraTS-GLI-00556-001,processed_zscore,case_brain_mask,T1,-0.2710097134113312,-0.2666497528553009,0.01890784129500389,0.28991755470633507,0.2855575941503048,15.333191673390095,15.102601597664089,15.333191673390095,15.102601597664089,abs(mean_region - mean_healthy) / abs(mean_healthy),26482,91019,1283602
BraTS-GLI-00556-001,processed_zscore,case_brain_mask,T1ce,1.8871088027954102,0.2597896456718445,-0.01842144876718521,1.9055302515625954,0.2782110944390297,103.44084635498294,15.10256321069693,103.44084635498294,15.10256321069693,abs(mean_region - mean_healthy) / abs(mean_healthy),26482,91019,1283602
BraTS-GLI-00556-001,processed_zscore,case_brain_mask,T2,0.7857416272163391,1.0359504222869873,-0.07345819473266602,0.8591998219490051,1.1094086170196533,11.696446190596742,15.102584824703186,11.696446190596742,15.102584824703186,abs(mean_region - mean_healthy) / abs(mean_healthy),26482,91019,1283602
BraTS-GLI-00556-001,processed_zscore,case_brain_mask,FLAIR,0.8023675084114075,1.3155475854873657,-0.09328421950340271,0.8956517279148102,1.4088318049907684,9.60132091668666,15.102573752459588,9.60132091668666,15.102573752459588,abs(mean_region - mean_healthy) / abs(mean_healthy),26482,91019,1283602
BraTS-GLI-00557-000,processed_zscore,case_brain_mask,T1,-0.025650883093476295,-0.08484920859336853,0.0027023032307624817,0.028353186324238777,0.08755151182413101,10.492229739975793,32.398848074287905,10.492229739975793,32.398848074287905,abs(mean_region - mean_healthy) / abs(mean_healthy),5273,45507,1428830
BraTS-GLI-00557-000,processed_zscore,case_brain_mask,T1ce,1.0618526935577393,-0.42977195978164673,0.013687784783542156,1.048164908774197,0.4434597445651889,76.57666491326513,32.39821136714493,76.57666491326513,32.39821136714493,abs(mean_region - mean_healthy) / abs(mean_healthy),5273,45507,1428830
BraTS-GLI-00557-000,processed_zscore,case_brain_mask,T2,0.6385982632637024,0.6659006476402283,-0.02120840549468994,0.6598066687583923,0.6871090531349182,31.110621160256088,32.39795906896222,31.110621160256088,32.39795906896222,abs(mean_region - mean_healthy) / abs(mean_healthy),5273,45507,1428830
BraTS-GLI-00557-000,processed_zscore,case_brain_mask,FLAIR,2.8561224937438965,2.703294038772583,-0.08609753102064133,2.942220024764538,2.7893915697932243,34.17310566152192,32.39804366892339,34.17310566152192,32.39804366892339,abs(mean_region - mean_healthy) / abs(mean_healthy),5273,45507,1428830
BraTS-GLI-00558-000,processed_zscore,case_brain_mask,T1,-0.261698842048645,-0.33883920311927795,0.041576553136110306,0.3032753951847553,0.38041575625538826,7.294385231789521,9.149766576608954,7.294385231789521,9.149766576608954,abs(mean_region - mean_healthy) / abs(mean_healthy),40110,189258,1542413
BraTS-GLI-00558-000,processed_zscore,case_brain_mask,T1ce,2.1881794929504395,0.07011739164590836,-0.008603660389780998,2.1967831533402205,0.07872105203568935,255.3312257593815,9.14971633808214,255.3312257593815,9.14971633808214,abs(mean_region - mean_healthy) / abs(mean_healthy),40110,189258,1542413
BraTS-GLI-00558-000,processed_zscore,case_brain_mask,T2,0.33305951952934265,0.5518441796302795,-0.06771273165941238,0.40077225118875504,0.6195569112896919,5.918713384723504,9.14978462848014,5.918713384723504,9.14978462848014,abs(mean_region - mean_healthy) / abs(mean_healthy),40110,189258,1542413
BraTS-GLI-00558-000,processed_zscore,case_brain_mask,FLAIR,1.6118823289871216,1.9263845682144165,-0.23637241125106812,1.8482547402381897,2.1627569794654846,7.819248999727915,9.149786000906278,7.819248999727915,9.149786000906278,abs(mean_region - mean_healthy) / abs(mean_healthy),40110,189258,1542413
BraTS-GLI-00558-001,processed_zscore,case_brain_mask,T1,-0.5716133713722229,-0.5748263597488403,0.10054254531860352,0.6721559166908264,0.6753689050674438,6.685288447401744,6.717244952644734,6.685288447401744,6.717244952644734,abs(mean_region - mean_healthy) / abs(mean_healthy),79831,246036,1406648
BraTS-GLI-00558-001,processed_zscore,case_brain_mask,T1ce,2.8921380043029785,0.7381039261817932,-0.1291012018918991,3.0212392061948776,0.8672051280736923,23.40209976298025,6.717250617076618,23.40209976298025,6.717250617076618,abs(mean_region - mean_healthy) / abs(mean_healthy),79831,246036,1406648
BraTS-GLI-00558-001,processed_zscore,case_brain_mask,T2,1.672896146774292,1.5065730810165405,-0.26351383328437805,1.93640998005867,1.7700869143009186,7.348418699404449,6.717244754246664,7.348418699404449,6.717244754246664,abs(mean_region - mean_healthy) / abs(mean_healthy),79831,246036,1406648
BraTS-GLI-00558-001,processed_zscore,case_brain_mask,FLAIR,1.3168057203292847,1.4177393913269043,-0.24797579646110535,1.56478151679039,1.6657151877880096,6.3102187355443125,6.717249068496387,6.3102187355443125,6.717249068496387,abs(mean_region - mean_healthy) / abs(mean_healthy),79831,246036,1406648
BraTS-GLI-00559-000,processed_zscore,case_brain_mask,T1,0.125794917345047,0.13916730880737305,-0.016197670251131058,0.14199258759617805,0.1553649790585041,8.766235229801826,9.591810220217022,8.766235229801826,9.591810220217022,abs(mean_region - mean_healthy) / abs(mean_healthy),45584,158833,1364668
BraTS-GLI-00559-000,processed_zscore,case_brain_mask,T1ce,0.9859776496887207,0.021197021007537842,-0.0024672052823007107,0.9884448549710214,0.023664226289838552,400.6334057656037,9.59151087248454,400.6334057656037,9.59151087248454,abs(mean_region - mean_healthy) / abs(mean_healthy),45584,158833,1364668
BraTS-GLI-00559-000,processed_zscore,case_brain_mask,T2,0.4277708828449249,0.5622027516365051,-0.06543438136577606,0.493205264210701,0.6276371330022812,7.537402416226717,9.591855533772224,7.537402416226717,9.591855533772224,abs(mean_region - mean_healthy) / abs(mean_healthy),45584,158833,1364668
BraTS-GLI-00559-000,processed_zscore,case_brain_mask,FLAIR,1.4048274755477905,1.6162643432617188,-0.18811623752117157,1.592943713068962,1.8043805807828903,8.46786930282764,9.591838559814997,8.46786930282764,9.591838559814997,abs(mean_region - mean_healthy) / abs(mean_healthy),45584,158833,1364668
BraTS-GLI-00559-001,processed_zscore,case_brain_mask,T1,0.49770912528038025,0.5709836483001709,-0.10087430477142334,0.5985834300518036,0.6718579530715942,5.9339534622634265,6.660347792175562,5.9339534622634265,6.660347792175562,abs(mean_region - mean_healthy) / abs(mean_healthy),67825,205436,1162837
BraTS-GLI-00559-001,processed_zscore,case_brain_mask,T1ce,2.479578733444214,1.0076602697372437,-0.17802101373672485,2.6575997471809387,1.1856812834739685,14.928573270070583,6.66034452105453,14.928573270070583,6.66034452105453,abs(mean_region - mean_healthy) / abs(mean_healthy),67825,205436,1162837
BraTS-GLI-00559-001,processed_zscore,case_brain_mask,T2,1.5265624523162842,0.7116020917892456,-0.12571731209754944,1.6522797644138336,0.837319403886795,13.142818095981555,6.6603349205961635,13.142818095981555,6.6603349205961635,abs(mean_region - mean_healthy) / abs(mean_healthy),67825,205436,1162837
BraTS-GLI-00559-001,processed_zscore,case_brain_mask,FLAIR,1.6328063011169434,1.284430742263794,-0.22691752016544342,1.8597238212823868,1.5113482624292374,8.19559379957299,6.660341878085604,8.19559379957299,6.660341878085604,abs(mean_region - mean_healthy) / abs(mean_healthy),67825,205436,1162837
BraTS-GLI-00561-000,processed_zscore,case_brain_mask,T1,-0.18268200755119324,0.02812017686665058,-0.0038597711827605963,0.17882223636843264,0.03197994804941118,46.32975062540751,8.28545178850172,46.32975062540751,8.28545178850172,abs(mean_region - mean_healthy) / abs(mean_healthy),27934,142810,1040377
BraTS-GLI-00561-000,processed_zscore,case_brain_mask,T1ce,2.2587993144989014,0.14771956205368042,-0.02027701586484909,2.2790763303637505,0.1679965779185295,112.3970285151578,8.285074048285251,112.3970285151578,8.285074048285251,abs(mean_region - mean_healthy) / abs(mean_healthy),27934,142810,1040377
BraTS-GLI-00561-000,processed_zscore,case_brain_mask,T2,0.6473743319511414,0.41519513726234436,-0.0569927841424942,0.7043671160936356,0.47218792140483856,12.358882386453809,8.28504745836363,12.358882386453809,8.28504745836363,abs(mean_region - mean_healthy) / abs(mean_healthy),27934,142810,1040377
BraTS-GLI-00561-000,processed_zscore,case_brain_mask,FLAIR,1.1573880910873413,1.8759671449661255,-0.25750938057899475,1.414897471666336,2.1334765255451202,5.494547299539232,8.285043910820349,5.494547299539232,8.285043910820349,abs(mean_region - mean_healthy) / abs(mean_healthy),27934,142810,1040377
BraTS-GLI-00563-000,processed_zscore,case_brain_mask,T1,-0.45825520157814026,-0.3169977366924286,0.032037485390901566,0.4902926869690418,0.34903522208333015,15.303719408274212,10.894588567879733,15.303719408274212,10.894588567879733,abs(mean_region - mean_healthy) / abs(mean_healthy),27543,116530,1153016
BraTS-GLI-00563-000,processed_zscore,case_brain_mask,T1ce,2.117262125015259,0.022306326776742935,-0.0022545966785401106,2.119516721693799,0.024560923455283046,940.0868642573455,10.89371047560784,940.0868642573455,10.89371047560784,abs(mean_region - mean_healthy) / abs(mean_healthy),27543,116530,1153016
BraTS-GLI-00563-000,processed_zscore,case_brain_mask,T2,0.6645788550376892,1.0844427347183228,-0.10959964990615845,0.7741785049438477,1.1940423846244812,7.063695053831976,10.894582105388528,7.063695053831976,10.894582105388528,abs(mean_region - mean_healthy) / abs(mean_healthy),27543,116530,1153016
BraTS-GLI-00563-000,processed_zscore,case_brain_mask,FLAIR,0.8063044548034668,1.5292924642562866,-0.15455858409404755,0.9608630388975143,1.6838510483503342,6.216820919586308,10.894581224461305,6.216820919586308,10.894581224461305,abs(mean_region - mean_healthy) / abs(mean_healthy),27543,116530,1153016
BraTS-GLI-00565-000,processed_zscore,case_brain_mask,T1,-0.3432605564594269,0.05099095404148102,-0.0030600784812122583,0.3402004779782146,0.054051032522693276,111.1737754658643,17.663283100268988,111.1737754658643,17.663283100268988,abs(mean_region - mean_healthy) / abs(mean_healthy),22483,83290,1387812
BraTS-GLI-00565-000,processed_zscore,case_brain_mask,T1ce,1.5836199522018433,0.31773075461387634,-0.01906871609389782,1.602688668295741,0.33679947070777416,84.04806387613152,17.66240941704268,84.04806387613152,17.66240941704268,abs(mean_region - mean_healthy) / abs(mean_healthy),22483,83290,1387812
BraTS-GLI-00565-000,processed_zscore,case_brain_mask,T2,0.6985581517219543,0.6291237473487854,-0.037757083773612976,0.7363152354955673,0.6668808311223984,19.501379924107134,17.662403037293274,19.501379924107134,17.662403037293274,abs(mean_region - mean_healthy) / abs(mean_healthy),22483,83290,1387812
BraTS-GLI-00565-000,processed_zscore,case_brain_mask,FLAIR,1.5302664041519165,1.83711838722229,-0.11025521904230118,1.6405216231942177,1.9473736062645912,14.879310362304077,17.662416556602643,14.879310362304077,17.662416556602643,abs(mean_region - mean_healthy) / abs(mean_healthy),22483,83290,1387812
BraTS-GLI-00567-000,processed_zscore,case_brain_mask,T1,-9.839037375058979e-05,0.182944193482399,-0.005442592315375805,0.005344201941625215,0.1883867857977748,0.9819221488494319,34.61342957207459,0.9819221488494319,34.61342957207459,abs(mean_region - mean_healthy) / abs(mean_healthy),20120,42636,1433135
BraTS-GLI-00567-000,processed_zscore,case_brain_mask,T1ce,1.384254813194275,0.7277117967605591,-0.021649355068802834,1.4059041682630777,0.7493611518293619,64.93977136016466,34.61355543607887,64.93977136016466,34.61355543607887,abs(mean_region - mean_healthy) / abs(mean_healthy),20120,42636,1433135
BraTS-GLI-00567-000,processed_zscore,case_brain_mask,T2,0.7716183066368103,0.9647902250289917,-0.02870265021920204,0.8003209568560123,0.9934928752481937,27.88317283400536,34.61328022537612,27.88317283400536,34.61328022537612,abs(mean_region - mean_healthy) / abs(mean_healthy),20120,42636,1433135
BraTS-GLI-00567-000,processed_zscore,case_brain_mask,FLAIR,1.3768720626831055,1.6782550811767578,-0.04992828145623207,1.4268003441393375,1.7281833626329899,28.57699689483792,34.61331558443371,28.57699689483792,34.61331558443371,abs(mean_region - mean_healthy) / abs(mean_healthy),20120,42636,1433135
BraTS-GLI-00568-000,processed_zscore,case_brain_mask,T1,-0.37782639265060425,-0.0074579776264727116,0.0010373987024649978,0.37886379135306925,0.00849537632893771,365.2055766532562,8.189114087719178,365.2055766532562,8.189114087719178,abs(mean_region - mean_healthy) / abs(mean_healthy),42721,224832,1616039
BraTS-GLI-00568-000,processed_zscore,case_brain_mask,T1ce,2.2257959842681885,0.15863150358200073,-0.022069456055760384,2.247865440323949,0.18070095963776112,101.85413879909514,8.187830238371284,101.85413879909514,8.187830238371284,abs(mean_region - mean_healthy) / abs(mean_healthy),42721,224832,1616039
BraTS-GLI-00568-000,processed_zscore,case_brain_mask,T2,0.8211494088172913,1.0923209190368652,-0.15196958184242249,0.9731189906597137,1.2442905008792877,6.40338006370737,8.187760246451784,6.40338006370737,8.187760246451784,abs(mean_region - mean_healthy) / abs(mean_healthy),42721,224832,1616039
BraTS-GLI-00568-000,processed_zscore,case_brain_mask,FLAIR,1.200456142425537,1.5573276281356812,-0.21666356921195984,1.417119711637497,1.773991197347641,6.5406460199644485,8.187768731955869,6.5406460199644485,8.187768731955869,abs(mean_region - mean_healthy) / abs(mean_healthy),42721,224832,1616039
BraTS-GLI-00569-000,processed_zscore,case_brain_mask,T1,0.029989808797836304,-0.10782445967197418,0.013809270225465298,0.016180538572371006,0.12163372989743948,1.1717156886779518,8.808121494583983,1.1717156886779518,8.808121494583983,abs(mean_region - mean_healthy) / abs(mean_healthy),31532,147861,1154515
BraTS-GLI-00569-000,processed_zscore,case_brain_mask,T1ce,1.8635374307632446,0.014265169389545918,-0.0018269639695063233,1.865364394732751,0.01609213335905224,1021.0187096556721,8.808128473053909,1021.0187096556721,8.808128473053909,abs(mean_region - mean_healthy) / abs(mean_healthy),31532,147861,1154515
BraTS-GLI-00569-000,processed_zscore,case_brain_mask,T2,0.7480382323265076,0.6915181875228882,-0.08856420964002609,0.8366024419665337,0.7800823971629143,9.446281351879596,8.808099799383976,9.446281351879596,8.808099799383976,abs(mean_region - mean_healthy) / abs(mean_healthy),31532,147861,1154515
BraTS-GLI-00569-000,processed_zscore,case_brain_mask,FLAIR,1.2859045267105103,1.4602605104446411,-0.1870182901620865,1.4729228168725967,1.6472788006067276,7.875822282387634,8.808116036025412,7.875822282387634,8.808116036025412,abs(mean_region - mean_healthy) / abs(mean_healthy),31532,147861,1154515
BraTS-GLI-00570-000,processed_zscore,case_brain_mask,T1,0.27622079849243164,0.33558258414268494,-0.021105652675032616,0.29732645116746426,0.35668823681771755,14.087526964716565,16.900128240983967,14.087526964716565,16.900128240983967,abs(mean_region - mean_healthy) / abs(mean_healthy),14685,59342,943555
BraTS-GLI-00570-000,processed_zscore,case_brain_mask,T1ce,2.0057969093322754,0.5802732706069946,-0.036494407802820206,2.0422913171350956,0.6167676784098148,55.96176072152271,16.900333929028776,55.96176072152271,16.900333929028776,abs(mean_region - mean_healthy) / abs(mean_healthy),14685,59342,943555
BraTS-GLI-00570-000,processed_zscore,case_brain_mask,T2,1.030147910118103,1.2474473714828491,-0.0784543827176094,1.1086022928357124,1.3259017542004585,14.13053362265359,16.900289165143793,14.13053362265359,16.900289165143793,abs(mean_region - mean_healthy) / abs(mean_healthy),14685,59342,943555
BraTS-GLI-00570-000,processed_zscore,case_brain_mask,FLAIR,1.4326893091201782,1.122838020324707,-0.07061763852834702,1.5033069476485252,1.193455658853054,21.287981005553938,16.90024877246472,21.287981005553938,16.90024877246472,abs(mean_region - mean_healthy) / abs(mean_healthy),14685,59342,943555
BraTS-GLI-00571-000,processed_zscore,case_brain_mask,T1,0.1294756382703781,0.22840267419815063,-0.010469939559698105,0.13994557783007622,0.23887261375784874,13.366416972335557,22.815090039042833,13.366416972335557,22.815090039042833,abs(mean_region - mean_healthy) / abs(mean_healthy),19747,46230,1008533
BraTS-GLI-00571-000,processed_zscore,case_brain_mask,T1ce,2.6906185150146484,1.2990182638168335,-0.05954553931951523,2.7501640543341637,1.3585638031363487,46.185895463589084,22.815542837666403,46.185895463589084,22.815542837666403,abs(mean_region - mean_healthy) / abs(mean_healthy),19747,46230,1008533
BraTS-GLI-00571-000,processed_zscore,case_brain_mask,T2,1.036489725112915,0.956800639629364,-0.04385864734649658,1.0803483724594116,1.0006592869758606,24.632505510813697,22.815552861681972,24.632505510813697,22.815552861681972,abs(mean_region - mean_healthy) / abs(mean_healthy),19747,46230,1008533
BraTS-GLI-00571-000,processed_zscore,case_brain_mask,FLAIR,2.156954288482666,2.1496288776397705,-0.09853657335042953,2.2554908618330956,2.2481654509902,22.889885299865295,22.81554325006777,22.889885299865295,22.81554325006777,abs(mean_region - mean_healthy) / abs(mean_healthy),19747,46230,1008533
BraTS-GLI-00572-000,processed_zscore,case_brain_mask,T1,-0.127298966050148,0.15757745504379272,-0.010268470272421837,0.11703049577772617,0.16784592531621456,11.397072073338565,16.345757533816943,11.397072073338565,16.345757533816943,abs(mean_region - mean_healthy) / abs(mean_healthy),16658,83463,1280802
BraTS-GLI-00572-000,processed_zscore,case_brain_mask,T1ce,1.644965648651123,0.31963855028152466,-0.020829323679208755,1.6657949723303318,0.3404678739607334,79.97355065316314,16.34560388058009,79.97355065316314,16.34560388058009,abs(mean_region - mean_healthy) / abs(mean_healthy),16658,83463,1280802
BraTS-GLI-00572-000,processed_zscore,case_brain_mask,T2,1.0081409215927124,0.9786471724510193,-0.06377321481704712,1.0719141364097595,1.0424203872680664,16.808218614740866,16.345739982821417,16.808218614740866,16.345739982821417,abs(mean_region - mean_healthy) / abs(mean_healthy),16658,83463,1280802
BraTS-GLI-00572-000,processed_zscore,case_brain_mask,FLAIR,1.1692179441452026,1.4101874828338623,-0.09189427644014359,1.2611122205853462,1.502081759274006,13.7235121646209,16.345759686702625,13.7235121646209,16.345759686702625,abs(mean_region - mean_healthy) / abs(mean_healthy),16658,83463,1280802
BraTS-GLI-00574-000,processed_zscore,case_brain_mask,T1,-0.04993399605154991,-0.08432727307081223,0.005854565184563398,0.05578856123611331,0.09018183825537562,9.529069961200495,15.403678225866555,9.529069961200495,15.403678225866555,abs(mean_region - mean_healthy) / abs(mean_healthy),16124,98996,1425907
BraTS-GLI-00574-000,processed_zscore,case_brain_mask,T1ce,2.2534067630767822,-0.04806160926818848,0.003336796537041664,2.2500699665397406,0.05139840580523014,674.320397291771,15.403518085282755,674.320397291771,15.403518085282755,abs(mean_region - mean_healthy) / abs(mean_healthy),16124,98996,1425907
BraTS-GLI-00574-000,processed_zscore,case_brain_mask,T2,0.17964555323123932,0.5438429713249207,-0.03775712475180626,0.21740267798304558,0.5816000960767269,5.7579246145496095,15.40371783868166,5.7579246145496095,15.40371783868166,abs(mean_region - mean_healthy) / abs(mean_healthy),16124,98996,1425907
BraTS-GLI-00574-000,processed_zscore,case_brain_mask,FLAIR,1.0727561712265015,1.7947276830673218,-0.12460190802812576,1.1973580792546272,1.9193295910954475,9.609468251355779,15.40369342227253,9.609468251355779,15.40369342227253,abs(mean_region - mean_healthy) / abs(mean_healthy),16124,98996,1425907
BraTS-GLI-00575-000,processed_zscore,case_brain_mask,T1,0.05927077308297157,0.21036134660243988,-0.020629094913601875,0.07989986799657345,0.23099044151604176,3.873164010888871,11.197313429574523,3.873164010888871,11.197313429574523,abs(mean_region - mean_healthy) / abs(mean_healthy),46521,120374,1227482
BraTS-GLI-00575-000,processed_zscore,case_brain_mask,T1ce,2.196901798248291,0.8811325430870056,-0.08640912920236588,2.283310927450657,0.9675416722893715,26.42441774992613,11.197215863886756,26.42441774992613,11.197215863886756,abs(mean_region - mean_healthy) / abs(mean_healthy),46521,120374,1227482
BraTS-GLI-00575-000,processed_zscore,case_brain_mask,T2,1.2174540758132935,1.338394284248352,-0.13125064969062805,1.3487047255039215,1.46964493393898,10.275794662220447,11.197239308171746,10.275794662220447,11.197239308171746,abs(mean_region - mean_healthy) / abs(mean_healthy),46521,120374,1227482
BraTS-GLI-00575-000,processed_zscore,case_brain_mask,FLAIR,2.601825714111328,2.4689395427703857,-0.2421184480190277,2.843944162130356,2.7110579907894135,11.746086204496299,11.197238430077643,11.746086204496299,11.197238430077643,abs(mean_region - mean_healthy) / abs(mean_healthy),46521,120374,1227482
BraTS-GLI-00576-000,processed_zscore,case_brain_mask,T1,-0.07163947820663452,-0.2598196864128113,0.016929669305682182,0.0885691475123167,0.27674935571849346,5.231593477291954,16.347003046634043,5.231593477291954,16.347003046634043,abs(mean_region - mean_healthy) / abs(mean_healthy),8988,79080,1213635
BraTS-GLI-00576-000,processed_zscore,case_brain_mask,T1ce,0.7417353987693787,-0.4978920817375183,0.03244232386350632,0.7092930749058723,0.5303344056010246,21.86320184367992,16.34699190576747,21.86320184367992,16.34699190576747,abs(mean_region - mean_healthy) / abs(mean_healthy),8988,79080,1213635
BraTS-GLI-00576-000,processed_zscore,case_brain_mask,T2,0.8979966640472412,1.2631494998931885,-0.0823063924908638,0.980303056538105,1.3454558923840523,11.91041214261603,16.346918528028073,11.91041214261603,16.346918528028073,abs(mean_region - mean_healthy) / abs(mean_healthy),8988,79080,1213635
BraTS-GLI-00576-000,processed_zscore,case_brain_mask,FLAIR,1.2300612926483154,1.714551568031311,-0.11171941459178925,1.3417807072401047,1.8262709826231003,12.01027334544159,16.346943718744843,12.01027334544159,16.346943718744843,abs(mean_region - mean_healthy) / abs(mean_healthy),8988,79080,1213635
BraTS-GLI-00577-000,processed_zscore,case_brain_mask,T1,-0.6985211372375488,-0.5470399260520935,0.04241098836064339,0.7409321255981922,0.5894509144127369,17.47028669310059,13.898542269289258,17.47028669310059,13.898542269289258,abs(mean_region - mean_healthy) / abs(mean_healthy),28232,111967,1444218
BraTS-GLI-00577-000,processed_zscore,case_brain_mask,T1ce,1.4953744411468506,-0.25173842906951904,0.019516825675964355,1.4758576154708862,0.2712552547454834,75.61975702270354,13.898533462823496,75.61975702270354,13.898533462823496,abs(mean_region - mean_healthy) / abs(mean_healthy),28232,111967,1444218
BraTS-GLI-00577-000,processed_zscore,case_brain_mask,T2,0.9162114858627319,1.1585077047348022,-0.08981643617153168,1.0060279220342636,1.248324140906334,11.200933425068756,13.89861582263497,11.200933425068756,13.89861582263497,abs(mean_region - mean_healthy) / abs(mean_healthy),28232,111967,1444218
BraTS-GLI-00577-000,processed_zscore,case_brain_mask,FLAIR,1.1252684593200684,1.6626594066619873,-0.1289021074771881,1.2541705667972565,1.7915615141391754,9.729635855792411,13.898620815460516,9.729635855792411,13.898620815460516,abs(mean_region - mean_healthy) / abs(mean_healthy),28232,111967,1444218
BraTS-GLI-00578-000,processed_zscore,case_brain_mask,T1,0.34228944778442383,0.1381203532218933,-0.024304218590259552,0.3665936663746834,0.16242457181215286,15.083540538991194,6.682978562299801,15.083540538991194,6.682978562299801,abs(mean_region - mean_healthy) / abs(mean_healthy),58784,173764,987489
BraTS-GLI-00578-000,processed_zscore,case_brain_mask,T1ce,2.1084837913513184,0.6426841616630554,-0.11309026926755905,2.2215740606188774,0.7557744309306145,19.64425476221017,6.682930687365647,19.64425476221017,6.682930687365647,abs(mean_region - mean_healthy) / abs(mean_healthy),58784,173764,987489
BraTS-GLI-00578-000,processed_zscore,case_brain_mask,T2,1.5064573287963867,1.625577449798584,-0.28604552149772644,1.7925028502941132,1.9116229712963104,6.266495070115476,6.682932706959037,6.266495070115476,6.682932706959037,abs(mean_region - mean_healthy) / abs(mean_healthy),58784,173764,987489
BraTS-GLI-00578-000,processed_zscore,case_brain_mask,FLAIR,1.7272188663482666,1.451573133468628,-0.2554267346858978,1.9826456010341644,1.7069998681545258,7.762091166659802,6.682933445685118,7.762091166659802,6.682933445685118,abs(mean_region - mean_healthy) / abs(mean_healthy),58784,173764,987489
BraTS-GLI-00579-000,processed_zscore,case_brain_mask,T1,-0.018588891252875328,-0.149605855345726,0.01122637651860714,0.029815267771482468,0.16083223186433315,2.6558228937061927,14.32628164553024,2.6558228937061927,14.32628164553024,abs(mean_region - mean_healthy) / abs(mean_healthy),38973,107675,1434919
BraTS-GLI-00579-000,processed_zscore,case_brain_mask,T1ce,2.3814518451690674,0.49745944142341614,-0.03732876107096672,2.418780606240034,0.5347882024943829,64.79670197576675,14.326438573133528,64.79670197576675,14.326438573133528,abs(mean_region - mean_healthy) / abs(mean_healthy),38973,107675,1434919
BraTS-GLI-00579-000,processed_zscore,case_brain_mask,T2,0.7088741660118103,1.0044279098510742,-0.07537131756544113,0.7842454835772514,1.0797992274165154,10.40509186928211,14.326394473321763,10.40509186928211,14.326394473321763,abs(mean_region - mean_healthy) / abs(mean_healthy),38973,107675,1434919
BraTS-GLI-00579-000,processed_zscore,case_brain_mask,FLAIR,1.4478670358657837,2.116361379623413,-0.15880973637104034,1.606676772236824,2.2751711159944534,10.116991621237958,14.326395647926665,10.116991621237958,14.326395647926665,abs(mean_region - mean_healthy) / abs(mean_healthy),38973,107675,1434919
BraTS-GLI-00580-000,processed_zscore,case_brain_mask,T1,-0.15324899554252625,0.030012397095561028,-0.00326626212336123,0.14998273341916502,0.03327865921892226,45.918768229422284,10.18860641370571,45.918768229422284,10.18860641370571,abs(mean_region - mean_healthy) / abs(mean_healthy),33164,157326,1445555
BraTS-GLI-00580-000,processed_zscore,case_brain_mask,T1ce,1.9961975812911987,-0.0022403751499950886,0.00024396363005507737,1.9959536176611437,0.002484338780050166,8181.357267107954,10.183234195561445,8181.357267107954,10.183234195561445,abs(mean_region - mean_healthy) / abs(mean_healthy),33164,157326,1445555
BraTS-GLI-00580-000,processed_zscore,case_brain_mask,T2,1.6116150617599487,1.1584464311599731,-0.1260785609483719,1.7376936227083206,1.284524992108345,13.782625766325898,10.188290399621131,13.782625766325898,10.188290399621131,abs(mean_region - mean_healthy) / abs(mean_healthy),33164,157326,1445555
BraTS-GLI-00580-000,processed_zscore,case_brain_mask,FLAIR,2.3319649696350098,2.399411201477051,-0.26113811135292053,2.5931030809879303,2.6605493128299713,9.930006262025183,10.188284272433588,9.930006262025183,10.188284272433588,abs(mean_region - mean_healthy) / abs(mean_healthy),33164,157326,1445555
BraTS-GLI-00581-000,processed_zscore,case_brain_mask,T1,-0.1049027070403099,0.10614081472158432,-0.012958977371454239,0.09194372966885567,0.11909979209303856,7.094983426036947,9.190523964907065,7.094983426036947,9.190523964907065,abs(mean_region - mean_healthy) / abs(mean_healthy),47126,138460,1134056
BraTS-GLI-00581-000,processed_zscore,case_brain_mask,T1ce,2.118154764175415,0.4744589626789093,-0.057928089052438736,2.1760828532278538,0.532387051731348,37.56524492389141,9.190481861906592,37.56524492389141,9.190481861906592,abs(mean_region - mean_healthy) / abs(mean_healthy),47126,138460,1134056
BraTS-GLI-00581-000,processed_zscore,case_brain_mask,T2,0.8219265937805176,0.7220697999000549,-0.08815942704677582,0.9100860208272934,0.8102292269468307,10.323184386672771,9.190500143755898,10.323184386672771,9.190500143755898,abs(mean_region - mean_healthy) / abs(mean_healthy),47126,138460,1134056
BraTS-GLI-00581-000,processed_zscore,case_brain_mask,FLAIR,1.2177683115005493,1.43076753616333,-0.17468641698360443,1.3924547284841537,1.6054539531469345,7.971167721728734,9.190491057456503,7.971167721728734,9.190491057456503,abs(mean_region - mean_healthy) / abs(mean_healthy),47126,138460,1134056
BraTS-GLI-00582-000,processed_zscore,case_brain_mask,T1,0.5897012948989868,0.3909635543823242,-0.01361921802163124,0.6033205129206181,0.40458277240395546,44.29920366664013,29.70675495181599,44.29920366664013,29.70675495181599,abs(mean_region - mean_healthy) / abs(mean_healthy),9109,51782,1486466
BraTS-GLI-00582-000,processed_zscore,case_brain_mask,T1ce,2.0225415229797363,0.26240235567092896,-0.009141049347817898,2.0316825723275542,0.27154340501874685,222.259228128174,29.705933606360876,222.259228128174,29.705933606360876,abs(mean_region - mean_healthy) / abs(mean_healthy),9109,51782,1486466
BraTS-GLI-00582-000,processed_zscore,case_brain_mask,T2,1.2753123044967651,1.209859848022461,-0.04214630648493767,1.3174586109817028,1.2520061545073986,31.259171226606508,29.706189199635872,31.259171226606508,29.706189199635872,abs(mean_region - mean_healthy) / abs(mean_healthy),9109,51782,1486466
BraTS-GLI-00582-000,processed_zscore,case_brain_mask,FLAIR,2.1216728687286377,1.7110590934753418,-0.05960572883486748,2.181278597563505,1.7706648223102093,36.595116613816586,29.706285904425112,36.595116613816586,29.706285904425112,abs(mean_region - mean_healthy) / abs(mean_healthy),9109,51782,1486466
BraTS-GLI-00583-000,processed_zscore,case_brain_mask,T1,0.046357180923223495,0.22911588847637177,-0.024933330714702606,0.0712905116379261,0.25404921919107437,2.8592454194612573,10.189140877246194,2.8592454194612573,10.189140877246194,abs(mean_region - mean_healthy) / abs(mean_healthy),39127,158379,1455378
BraTS-GLI-00583-000,processed_zscore,case_brain_mask,T1ce,1.4499952793121338,-0.007484464440494776,0.0008143815211951733,1.4491808977909386,0.008298845961689949,1779.4864692707467,10.190366241992692,1779.4864692707467,10.190366241992692,abs(mean_region - mean_healthy) / abs(mean_healthy),39127,158379,1455378
BraTS-GLI-00583-000,processed_zscore,case_brain_mask,T2,1.2191771268844604,1.2533299922943115,-0.13639141619205475,1.3555685430765152,1.3897214084863663,9.938811260436795,10.189214594923476,9.938811260436795,10.189214594923476,abs(mean_region - mean_healthy) / abs(mean_healthy),39127,158379,1455378
BraTS-GLI-00583-000,processed_zscore,case_brain_mask,FLAIR,1.8456287384033203,2.0697834491729736,-0.2252405434846878,2.070869281888008,2.2950239926576614,9.194034297066011,10.189213527686594,9.194034297066011,10.189213527686594,abs(mean_region - mean_healthy) / abs(mean_healthy),39127,158379,1455378
BraTS-GLI-00584-000,processed_zscore,case_brain_mask,T1,-0.27573075890541077,-0.021617066115140915,0.0002061867417069152,0.2759369456471177,0.02182325285684783,1338.2865617972136,105.8421733433693,1338.2865617972136,105.8421733433693,abs(mean_region - mean_healthy) / abs(mean_healthy),7220,12470,1306485
BraTS-GLI-00584-000,processed_zscore,case_brain_mask,T1ce,2.0260167121887207,1.2941830158233643,-0.012352431192994118,2.038369143381715,1.3065354470163584,165.01764806735446,105.77152194601021,165.01764806735446,105.77152194601021,abs(mean_region - mean_healthy) / abs(mean_healthy),7220,12470,1306485
BraTS-GLI-00584-000,processed_zscore,case_brain_mask,T2,0.8121051788330078,0.6125339269638062,-0.005846511572599411,0.8179516904056072,0.6183804385364056,139.90422840161054,105.7691293102954,139.90422840161054,105.7691293102954,abs(mean_region - mean_healthy) / abs(mean_healthy),7220,12470,1306485
BraTS-GLI-00584-000,processed_zscore,case_brain_mask,FLAIR,1.170823097229004,1.226125955581665,-0.011703062802553177,1.182526160031557,1.2378290183842182,101.04416083057963,105.76966382801685,101.04416083057963,105.76966382801685,abs(mean_region - mean_healthy) / abs(mean_healthy),7220,12470,1306485
BraTS-GLI-00586-000,processed_zscore,case_brain_mask,T1,-0.30558881163597107,-0.5230700373649597,0.04207422584295273,0.3476630374789238,0.5651442632079124,8.26308816177912,13.432077522171973,8.26308816177912,13.432077522171973,abs(mean_region - mean_healthy) / abs(mean_healthy),32177,105016,1305564
BraTS-GLI-00586-000,processed_zscore,case_brain_mask,T1ce,1.7235015630722046,-0.1489696353673935,0.011982778087258339,1.7115187849849463,0.16095241345465183,142.83155145840993,13.431978150859486,142.83155145840993,13.431978150859486,abs(mean_region - mean_healthy) / abs(mean_healthy),32177,105016,1305564
BraTS-GLI-00586-000,processed_zscore,case_brain_mask,T2,0.9292241334915161,1.2371087074279785,-0.09950973093509674,1.0287338644266129,1.3366184383630753,10.33802277183911,13.43203750832025,10.33802277183911,13.43203750832025,abs(mean_region - mean_healthy) / abs(mean_healthy),32177,105016,1305564
BraTS-GLI-00586-000,processed_zscore,case_brain_mask,FLAIR,1.5421860218048096,1.6476315259933472,-0.1325310468673706,1.6747170686721802,1.7801625728607178,12.636413189644085,13.432041887077233,12.636413189644085,13.432041887077233,abs(mean_region - mean_healthy) / abs(mean_healthy),32177,105016,1305564
BraTS-GLI-00587-000,processed_zscore,case_brain_mask,T1,0.41664257645606995,0.37768545746803284,-0.04222479462623596,0.4588673710823059,0.4199102520942688,10.867249329312147,9.944636932191536,10.867249329312147,9.944636932191536,abs(mean_region - mean_healthy) / abs(mean_healthy),57055,150203,1343521
BraTS-GLI-00587-000,processed_zscore,case_brain_mask,T1ce,1.75603449344635,0.5869907736778259,-0.06562452763319016,1.8216590210795403,0.6526153013110161,27.758813461664005,9.94468569676912,27.758813461664005,9.94468569676912,abs(mean_region - mean_healthy) / abs(mean_healthy),57055,150203,1343521
BraTS-GLI-00587-000,processed_zscore,case_brain_mask,T2,0.22620141506195068,0.6973327398300171,-0.07796035706996918,0.30416177213191986,0.7752930968999863,3.901492804335614,9.94470941435226,3.901492804335614,9.94470941435226,abs(mean_region - mean_healthy) / abs(mean_healthy),57055,150203,1343521
BraTS-GLI-00587-000,processed_zscore,case_brain_mask,FLAIR,0.7556049823760986,1.4013416767120361,-0.15666721761226654,0.9122721999883652,1.5580088943243027,5.822993564908612,9.944702651068948,5.822993564908612,9.944702651068948,abs(mean_region - mean_healthy) / abs(mean_healthy),57055,150203,1343521
BraTS-GLI-00588-000,processed_zscore,case_brain_mask,T1,0.21882499754428864,0.5351710915565491,-0.037650469690561295,0.25647546723484993,0.5728215612471104,6.812012422228733,15.214194297042532,6.812012422228733,15.214194297042532,abs(mean_region - mean_healthy) / abs(mean_healthy),5942,95788,1361553
BraTS-GLI-00588-000,processed_zscore,case_brain_mask,T1ce,1.712805151939392,0.1673695594072342,-0.011774980463087559,1.7245801324024796,0.17914453987032175,146.4614007478592,15.213998904873566,146.4614007478592,15.213998904873566,abs(mean_region - mean_healthy) / abs(mean_healthy),5942,95788,1361553
BraTS-GLI-00588-000,processed_zscore,case_brain_mask,T2,1.0144262313842773,0.7504699230194092,-0.05279716104269028,1.0672233924269676,0.8032670840620995,20.213651100748415,15.214209783223016,20.213651100748415,15.214209783223016,abs(mean_region - mean_healthy) / abs(mean_healthy),5942,95788,1361553
BraTS-GLI-00588-000,processed_zscore,case_brain_mask,FLAIR,1.662145972251892,1.948386311531067,-0.13707295060157776,1.7992189228534698,2.0854592621326447,13.125995427669448,15.214229014405124,13.125995427669448,15.214229014405124,abs(mean_region - mean_healthy) / abs(mean_healthy),5942,95788,1361553
BraTS-GLI-00589-000,processed_zscore,case_brain_mask,T1,0.2900276780128479,0.5650387406349182,-0.06378909200429916,0.35381677001714706,0.6288278326392174,5.546665721363475,9.857921047015948,5.546665721363475,9.857921047015948,abs(mean_region - mean_healthy) / abs(mean_healthy),43764,98512,872614
BraTS-GLI-00589-000,processed_zscore,case_brain_mask,T1ce,2.381890296936035,1.3609365224838257,-0.15364018082618713,2.5355304777622223,1.5145767033100128,16.503042785602183,9.857946633266794,16.503042785602183,9.857946633266794,abs(mean_region - mean_healthy) / abs(mean_healthy),43764,98512,872614
BraTS-GLI-00589-000,processed_zscore,case_brain_mask,T2,1.6467958688735962,1.4202730655670166,-0.16033869981765747,1.8071345686912537,1.580611765384674,11.27073233565189,9.857955485370647,11.27073233565189,9.857955485370647,abs(mean_region - mean_healthy) / abs(mean_healthy),43764,98512,872614
BraTS-GLI-00589-000,processed_zscore,case_brain_mask,FLAIR,1.8567358255386353,1.7654368877410889,-0.1993054449558258,2.056041270494461,1.9647423326969147,10.316031611430201,9.857946094409922,10.316031611430201,9.857946094409922,abs(mean_region - mean_healthy) / abs(mean_healthy),43764,98512,872614
BraTS-GLI-00590-000,processed_zscore,case_brain_mask,T1,-0.18332155048847198,-0.3025684356689453,0.02806798554956913,0.21138953603804111,0.33063642121851444,7.531339777296064,11.77984150784879,7.531339777296064,11.77984150784879,abs(mean_region - mean_healthy) / abs(mean_healthy),12469,107935,1163532
BraTS-GLI-00590-000,processed_zscore,case_brain_mask,T1ce,1.9498183727264404,-0.34789660573005676,0.032272499054670334,1.91754587367177,0.3801691047847271,59.4173345678438,11.779971056493398,59.4173345678438,11.779971056493398,abs(mean_region - mean_healthy) / abs(mean_healthy),12469,107935,1163532
BraTS-GLI-00590-000,processed_zscore,case_brain_mask,T2,0.23231428861618042,0.7495335936546326,-0.06953033804893494,0.30184462666511536,0.8190639317035675,4.3411931415129805,11.779950373995254,4.3411931415129805,11.779950373995254,abs(mean_region - mean_healthy) / abs(mean_healthy),12469,107935,1163532
BraTS-GLI-00590-000,processed_zscore,case_brain_mask,FLAIR,0.9923021793365479,1.8911644220352173,-0.17543375492095947,1.1677359342575073,2.0665981769561768,6.656278518256781,11.779934698925352,6.656278518256781,11.779934698925352,abs(mean_region - mean_healthy) / abs(mean_healthy),12469,107935,1163532
BraTS-GLI-00591-000,processed_zscore,case_brain_mask,T1,-0.013658144511282444,0.0005871249013580382,-6.769875471945852e-05,0.013590445756562985,0.0006548236560774967,200.74882932309995,9.67261006189944,200.74882932309995,9.67261006189944,abs(mean_region - mean_healthy) / abs(mean_healthy),38523,147383,1278536
BraTS-GLI-00591-000,processed_zscore,case_brain_mask,T1ce,2.047062873840332,0.17447318136692047,-0.02011248841881752,2.0671753622591496,0.194585669785738,102.7806862687897,9.674867959336199,102.7806862687897,9.674867959336199,abs(mean_region - mean_healthy) / abs(mean_healthy),38523,147383,1278536
BraTS-GLI-00591-000,processed_zscore,case_brain_mask,T2,0.36469143629074097,0.7222721576690674,-0.08325967192649841,0.4479511082172394,0.8055318295955658,5.38016902844261,9.674933986128227,5.38016902844261,9.674933986128227,abs(mean_region - mean_healthy) / abs(mean_healthy),38523,147383,1278536
BraTS-GLI-00591-000,processed_zscore,case_brain_mask,FLAIR,0.9022156000137329,1.4513022899627686,-0.16729873418807983,1.0695143342018127,1.6186010241508484,6.3928417593372115,9.674914947839307,6.3928417593372115,9.674914947839307,abs(mean_region - mean_healthy) / abs(mean_healthy),38523,147383,1278536
BraTS-GLI-00593-000,processed_zscore,case_brain_mask,T1,0.1966530680656433,0.2952467203140259,-0.01724955067038536,0.21390261873602867,0.31249627098441124,12.400474819513082,18.11619774658339,12.400474819513082,18.11619774658339,abs(mean_region - mean_healthy) / abs(mean_healthy),43762,85112,1456812
BraTS-GLI-00593-000,processed_zscore,case_brain_mask,T1ce,1.562859058380127,0.7107672095298767,-0.041525572538375854,1.6043846309185028,0.7522927820682526,38.636062860682074,18.116373503893804,38.636062860682074,18.116373503893804,abs(mean_region - mean_healthy) / abs(mean_healthy),43762,85112,1456812
BraTS-GLI-00593-000,processed_zscore,case_brain_mask,T2,0.8135939836502075,0.9372756481170654,-0.05475898087024689,0.8683529645204544,0.9920346289873123,15.857726910185633,18.11638224856612,15.857726910185633,18.11638224856612,abs(mean_region - mean_healthy) / abs(mean_healthy),43762,85112,1456812
BraTS-GLI-00593-000,processed_zscore,case_brain_mask,FLAIR,1.8043652772903442,2.0005342960357666,-0.11687812209129333,1.9212433993816376,2.11741241812706,16.438007088109757,18.116413749984382,16.438007088109757,18.116413749984382,abs(mean_region - mean_healthy) / abs(mean_healthy),43762,85112,1456812
BraTS-GLI-00594-000,processed_zscore,case_brain_mask,T1,0.029094908386468887,-0.017577800899744034,0.0009307391592301428,0.028164169227238744,0.018508540058974177,30.260002437777114,19.88585080516376,30.260002437777114,19.88585080516376,abs(mean_region - mean_healthy) / abs(mean_healthy),30930,77740,1467905
BraTS-GLI-00594-000,processed_zscore,case_brain_mask,T1ce,2.4100310802459717,0.7216331362724304,-0.03821764513850212,2.448248725384474,0.7598507814109325,64.06069019982608,19.882197834461177,64.06069019982608,19.882197834461177,abs(mean_region - mean_healthy) / abs(mean_healthy),30930,77740,1467905
BraTS-GLI-00594-000,processed_zscore,case_brain_mask,T2,0.9001696109771729,0.8493474721908569,-0.0449812076985836,0.9451508186757565,0.8943286798894405,21.012126330825883,19.882273634854,21.012126330825883,19.882273634854,abs(mean_region - mean_healthy) / abs(mean_healthy),30930,77740,1467905
BraTS-GLI-00594-000,processed_zscore,case_brain_mask,FLAIR,1.6625462770462036,1.6636945009231567,-0.0881088376045227,1.7506551146507263,1.7518033385276794,19.86923403198845,19.88226591287771,19.86923403198845,19.88226591287771,abs(mean_region - mean_healthy) / abs(mean_healthy),30930,77740,1467905
BraTS-GLI-00596-000,processed_zscore,case_brain_mask,T1,0.007087451405823231,-0.4749377369880676,0.025214219465851784,0.018126768060028553,0.5001519564539194,0.7189105371505973,19.836107047901564,0.7189105371505973,19.836107047901564,abs(mean_region - mean_healthy) / abs(mean_healthy),28376,78584,1480221
BraTS-GLI-00596-000,processed_zscore,case_brain_mask,T1ce,2.134458303451538,0.2735690772533417,-0.014523751102387905,2.148982054553926,0.2880928283557296,147.96329401435443,19.83597944668462,147.96329401435443,19.83597944668462,abs(mean_region - mean_healthy) / abs(mean_healthy),28376,78584,1480221
BraTS-GLI-00596-000,processed_zscore,case_brain_mask,T2,0.1900796890258789,0.8471540212631226,-0.04497479274868965,0.23505448177456856,0.8921288140118122,5.226360532398827,19.836196222111653,5.226360532398827,19.836196222111653,abs(mean_region - mean_healthy) / abs(mean_healthy),28376,78584,1480221
BraTS-GLI-00596-000,processed_zscore,case_brain_mask,FLAIR,1.2678358554840088,2.0039496421813965,-0.10638841986656189,1.3742242753505707,2.1103380620479584,12.917047523350728,19.836163228054883,12.917047523350728,19.836163228054883,abs(mean_region - mean_healthy) / abs(mean_healthy),28376,78584,1480221
BraTS-GLI-00597-000,processed_zscore,case_brain_mask,T1,-0.13296888768672943,-0.3108810782432556,0.015314164571464062,0.1482830522581935,0.3261952428147197,9.682738589246947,21.30023099154503,9.682738589246947,21.30023099154503,abs(mean_region - mean_healthy) / abs(mean_healthy),282,78549,1594567
BraTS-GLI-00597-000,processed_zscore,case_brain_mask,T1ce,0.5056238770484924,-0.8191573619842529,0.040352072566747665,0.46527180448174477,0.8595094345510006,11.530307488224395,21.300254977715415,11.530307488224395,21.300254977715415,abs(mean_region - mean_healthy) / abs(mean_healthy),282,78549,1594567
BraTS-GLI-00597-000,processed_zscore,case_brain_mask,T2,-0.04929959774017334,1.2738211154937744,-0.06274893879890442,0.013449341058731079,1.3365700542926788,0.21433575318035342,21.300281405173582,0.21433575318035342,21.300281405173582,abs(mean_region - mean_healthy) / abs(mean_healthy),282,78549,1594567
BraTS-GLI-00597-000,processed_zscore,case_brain_mask,FLAIR,-0.159050852060318,1.8253874778747559,-0.08991920202970505,0.06913165003061295,1.915306679904461,0.7688196566488115,21.300307794899407,0.7688196566488115,21.300307794899407,abs(mean_region - mean_healthy) / abs(mean_healthy),282,78549,1594567
BraTS-GLI-00598-000,processed_zscore,case_brain_mask,T1,-0.7369036674499512,-0.478989839553833,0.027756595984101295,0.7646602634340525,0.5067464355379343,27.548776653738173,18.256793298003604,27.548776653738173,18.256793298003604,abs(mean_region - mean_healthy) / abs(mean_healthy),30508,98011,1691362
BraTS-GLI-00598-000,processed_zscore,case_brain_mask,T1ce,1.545947551727295,0.06626734882593155,-0.003840031800791621,1.5497875835280865,0.07010738062672317,403.5871742542857,18.25697917716998,403.5871742542857,18.25697917716998,abs(mean_region - mean_healthy) / abs(mean_healthy),30508,98011,1691362
BraTS-GLI-00598-000,processed_zscore,case_brain_mask,T2,0.3964144289493561,0.5351124405860901,-0.031008662655949593,0.42742309160530567,0.5661211032420397,13.783989859469045,18.25686936335575,13.783989859469045,18.25686936335575,abs(mean_region - mean_healthy) / abs(mean_healthy),30508,98011,1691362
BraTS-GLI-00598-000,processed_zscore,case_brain_mask,FLAIR,1.2624672651290894,1.6474051475524902,-0.09546376019716263,1.357931025326252,1.7428689077496529,14.224570900221176,18.256864218946347,14.224570900221176,18.256864218946347,abs(mean_region - mean_healthy) / abs(mean_healthy),30508,98011,1691362
BraTS-GLI-00599-000,processed_zscore,case_brain_mask,T1,-0.3102794885635376,-0.32963067293167114,0.03295104205608368,0.3432305306196213,0.3625817149877548,10.416378639420035,11.0036494254303,10.416378639420035,11.0036494254303,abs(mean_region - mean_healthy) / abs(mean_healthy),24882,111614,1116546
BraTS-GLI-00599-000,processed_zscore,case_brain_mask,T1ce,2.139873743057251,-0.07180032879114151,0.007177462801337242,2.1326962802559137,0.07897779159247875,297.1379078214893,11.003580760845503,297.1379078214893,11.003580760845503,abs(mean_region - mean_healthy) / abs(mean_healthy),24882,111614,1116546
BraTS-GLI-00599-000,processed_zscore,case_brain_mask,T2,0.6566529273986816,1.241748332977295,-0.12412980943918228,0.7807827368378639,1.3658781424164772,6.2900502334244734,11.003627159241654,6.2900502334244734,11.003627159241654,abs(mean_region - mean_healthy) / abs(mean_healthy),24882,111614,1116546
BraTS-GLI-00599-000,processed_zscore,case_brain_mask,FLAIR,1.040492057800293,1.8053172826766968,-0.18046621978282928,1.2209582775831223,1.985783502459526,6.765577951665456,11.003629958278022,6.765577951665456,11.003629958278022,abs(mean_region - mean_healthy) / abs(mean_healthy),24882,111614,1116546
BraTS-GLI-00601-000,processed_zscore,case_brain_mask,T1,-0.32351362705230713,-0.27077823877334595,0.015685930848121643,0.33919955790042877,0.2864641696214676,21.62444557385303,18.26249091591342,21.62444557385303,18.26249091591342,abs(mean_region - mean_healthy) / abs(mean_healthy),29782,85980,1484242
BraTS-GLI-00601-000,processed_zscore,case_brain_mask,T1ce,1.3541741371154785,0.09217771887779236,-0.005339700262993574,1.359513837378472,0.09751741914078593,254.60489735734595,18.26271407341414,254.60489735734595,18.26271407341414,abs(mean_region - mean_healthy) / abs(mean_healthy),29782,85980,1484242
BraTS-GLI-00601-000,processed_zscore,case_brain_mask,T2,0.6565712690353394,0.5584056377410889,-0.032347600907087326,0.6889188699424267,0.5907532386481762,21.297371385322283,18.26266004533099,21.297371385322283,18.26266004533099,abs(mean_region - mean_healthy) / abs(mean_healthy),29782,85980,1484242
BraTS-GLI-00601-000,processed_zscore,case_brain_mask,FLAIR,0.6978192329406738,0.8636837601661682,-0.05003196746110916,0.747851200401783,0.9137157276272774,14.947467356407731,18.26263834892215,14.947467356407731,18.26263834892215,abs(mean_region - mean_healthy) / abs(mean_healthy),29782,85980,1484242
BraTS-GLI-00602-000,processed_zscore,case_brain_mask,T1,0.005881441757082939,0.11296723783016205,-0.0033866511657834053,0.009268092922866344,0.11635388899594545,2.736654136837396,34.35662053757175,2.736654136837396,34.35662053757175,abs(mean_region - mean_healthy) / abs(mean_healthy),21449,36091,1203833
BraTS-GLI-00602-000,processed_zscore,case_brain_mask,T1ce,2.2041714191436768,1.3112460374832153,-0.03931131958961487,2.2434827387332916,1.3505573570728302,57.06963699397075,34.35543174769477,57.06963699397075,34.35543174769477,abs(mean_region - mean_healthy) / abs(mean_healthy),21449,36091,1203833
BraTS-GLI-00602-000,processed_zscore,case_brain_mask,T2,0.0879458412528038,0.143204465508461,-0.0042932420037686825,0.09223908325657248,0.14749770751222968,21.48471555426026,34.35578692809621,21.48471555426026,34.35578692809621,abs(mean_region - mean_healthy) / abs(mean_healthy),21449,36091,1203833
BraTS-GLI-00602-000,processed_zscore,case_brain_mask,FLAIR,0.7396630048751831,0.9633162617683411,-0.028880348429083824,0.7685433533042669,0.9921966101974249,26.611290898772843,34.35542381470155,26.611290898772843,34.35542381470155,abs(mean_region - mean_healthy) / abs(mean_healthy),21449,36091,1203833
BraTS-GLI-00604-000,processed_zscore,case_brain_mask,T1,-0.40377259254455566,-0.49551922082901,0.049900587648153305,0.45367318019270897,0.5454198084771633,9.091539830984301,10.930127964081159,9.091539830984301,10.930127964081159,abs(mean_region - mean_healthy) / abs(mean_healthy),63077,149786,1487395
BraTS-GLI-00604-000,processed_zscore,case_brain_mask,T1ce,0.30132490396499634,-0.25061309337615967,0.025237711146473885,0.27608719281852245,0.27585080452263355,10.939470351181045,10.930103879930266,10.939470351181045,10.930103879930266,abs(mean_region - mean_healthy) / abs(mean_healthy),63077,149786,1487395
BraTS-GLI-00604-000,processed_zscore,case_brain_mask,T2,1.2854000329971313,1.576900839805603,-0.15879961848258972,1.444199651479721,1.7357004582881927,9.094478093082184,10.930129901278631,9.094478093082184,10.930129901278631,abs(mean_region - mean_healthy) / abs(mean_healthy),63077,149786,1487395
BraTS-GLI-00604-000,processed_zscore,case_brain_mask,FLAIR,0.7618125677108765,0.745425820350647,-0.07506691664457321,0.8368794843554497,0.8204927369952202,11.148446236547933,10.930151039506374,11.148446236547933,10.930151039506374,abs(mean_region - mean_healthy) / abs(mean_healthy),63077,149786,1487395
BraTS-GLI-00605-000,processed_zscore,case_brain_mask,T1,-0.690129816532135,-0.4807557463645935,0.09394365549087524,0.7840734720230103,0.5746994018554688,8.346209948144582,6.1174903068498265,8.346209948144582,6.1174903068498265,abs(mean_region - mean_healthy) / abs(mean_healthy),57240,252294,1291110
BraTS-GLI-00605-000,processed_zscore,case_brain_mask,T1ce,2.178123712539673,-0.06927142292261124,0.013536132872104645,2.164587579667568,0.08280755579471588,159.9118152961076,6.1175194257561,159.9118152961076,6.1175194257561,abs(mean_region - mean_healthy) / abs(mean_healthy),57240,252294,1291110
BraTS-GLI-00605-000,processed_zscore,case_brain_mask,T2,0.2916460931301117,0.7550053596496582,-0.1475345641374588,0.4391806572675705,0.902539923787117,2.97679841896834,6.11748120898785,2.97679841896834,6.11748120898785,abs(mean_region - mean_healthy) / abs(mean_healthy),57240,252294,1291110
BraTS-GLI-00605-000,processed_zscore,case_brain_mask,FLAIR,0.2225894033908844,0.7544572353363037,-0.147427499294281,0.3700169026851654,0.9018847346305847,2.5098228244825087,6.117479703229088,2.5098228244825087,6.117479703229088,abs(mean_region - mean_healthy) / abs(mean_healthy),57240,252294,1291110
BraTS-GLI-00606-000,processed_zscore,case_brain_mask,T1,-0.10598711669445038,-0.16586701571941376,0.01906515099108219,0.12505226768553257,0.18493216671049595,6.5592067822608024,9.700010600335595,6.5592067822608024,9.700010600335595,abs(mean_region - mean_healthy) / abs(mean_healthy),84287,177191,1541579
BraTS-GLI-00606-000,processed_zscore,case_brain_mask,T1ce,1.5582900047302246,0.45844584703445435,-0.05269442871212959,1.6109844334423542,0.5111402757465839,30.572196583498133,9.700081929703622,30.572196583498133,9.700081929703622,abs(mean_region - mean_healthy) / abs(mean_healthy),84287,177191,1541579
BraTS-GLI-00606-000,processed_zscore,case_brain_mask,T2,0.38353219628334045,0.6915462017059326,-0.07948721945285797,0.4630194157361984,0.7710334211587906,5.825080043349668,9.70009300194571,5.825080043349668,9.70009300194571,abs(mean_region - mean_healthy) / abs(mean_healthy),84287,177191,1541579
BraTS-GLI-00606-000,processed_zscore,case_brain_mask,FLAIR,0.5224878787994385,0.8684920072555542,-0.0998254343867302,0.6223133131861687,0.9683174416422844,6.234015579389182,9.700107468513083,6.234015579389182,9.700107468513083,abs(mean_region - mean_healthy) / abs(mean_healthy),84287,177191,1541579
BraTS-GLI-00607-000,processed_zscore,case_brain_mask,T1,0.5911793112754822,0.3890964984893799,-0.024161292240023613,0.6153406035155058,0.4132577907294035,25.46803363837399,17.104126162790024,25.46803363837399,17.104126162790024,abs(mean_region - mean_healthy) / abs(mean_healthy),5145,91128,1467546
BraTS-GLI-00607-000,processed_zscore,case_brain_mask,T1ce,2.2144618034362793,-0.08570707589387894,0.005322101525962353,2.209139701910317,0.09102917741984129,415.08785413687804,17.10399115382926,415.08785413687804,17.10399115382926,abs(mean_region - mean_healthy) / abs(mean_healthy),5145,91128,1467546
BraTS-GLI-00607-000,processed_zscore,case_brain_mask,T2,0.36482760310173035,0.5198557376861572,-0.032280657440423965,0.3971082605421543,0.5521363951265812,12.301740175987531,17.104248764003167,12.301740175987531,17.104248764003167,abs(mean_region - mean_healthy) / abs(mean_healthy),5145,91128,1467546
BraTS-GLI-00607-000,processed_zscore,case_brain_mask,FLAIR,2.269522190093994,2.1665000915527344,-0.13452990353107452,2.4040520936250687,2.301029995083809,17.870020200153984,17.104226901882104,17.870020200153984,17.104226901882104,abs(mean_region - mean_healthy) / abs(mean_healthy),5145,91128,1467546
BraTS-GLI-00607-001,processed_zscore,case_brain_mask,T1,-0.8719791173934937,-0.33686646819114685,0.02420845627784729,0.8961875736713409,0.36107492446899414,37.01960849488059,14.915239547901578,37.01960849488059,14.915239547901578,abs(mean_region - mean_healthy) / abs(mean_healthy),5789,97705,1359585
BraTS-GLI-00607-001,processed_zscore,case_brain_mask,T1ce,1.9409406185150146,-0.3334132730960846,0.02396043762564659,1.916980180889368,0.3573737107217312,80.00605877237757,14.915157907600495,80.00605877237757,14.915157907600495,abs(mean_region - mean_healthy) / abs(mean_healthy),5789,97705,1359585
BraTS-GLI-00607-001,processed_zscore,case_brain_mask,T2,0.726493775844574,0.8521762490272522,-0.06124059110879898,0.787734366953373,0.9134168401360512,12.86294519192177,14.91521919690962,12.86294519192177,14.91521919690962,abs(mean_region - mean_healthy) / abs(mean_healthy),5789,97705,1359585
BraTS-GLI-00607-001,processed_zscore,case_brain_mask,FLAIR,1.0959590673446655,1.6836857795715332,-0.12099620699882507,1.2169552743434906,1.8046819865703583,10.057796889081885,14.915194710094363,10.057796889081885,14.915194710094363,abs(mean_region - mean_healthy) / abs(mean_healthy),5789,97705,1359585
BraTS-GLI-00608-000,processed_zscore,case_brain_mask,T1,0.3020740747451782,0.21637961268424988,-0.016254287213087082,0.3183283619582653,0.23263389989733696,19.584270770234966,14.312156346667273,19.584270770234966,14.312156346667273,abs(mean_region - mean_healthy) / abs(mean_healthy),44157,107636,1432886
BraTS-GLI-00608-000,processed_zscore,case_brain_mask,T1ce,0.8506726622581482,-0.01594754308462143,0.0011980117997154593,0.8494746504584327,0.01714555488433689,709.0703536143735,14.311674466319232,709.0703536143735,14.311674466319232,abs(mean_region - mean_healthy) / abs(mean_healthy),44157,107636,1432886
BraTS-GLI-00608-000,processed_zscore,case_brain_mask,T2,0.15613281726837158,0.4097377061843872,-0.030778726562857628,0.1869115438312292,0.44051643274724483,6.072751042818828,14.312367077552848,6.072751042818828,14.312367077552848,abs(mean_region - mean_healthy) / abs(mean_healthy),44157,107636,1432886
BraTS-GLI-00608-000,processed_zscore,case_brain_mask,FLAIR,1.4713242053985596,1.917410135269165,-0.1440325826406479,1.6153567880392075,2.061442717909813,11.215217823799074,14.312336001451706,11.215217823799074,14.312336001451706,abs(mean_region - mean_healthy) / abs(mean_healthy),44157,107636,1432886
BraTS-GLI-00608-001,processed_zscore,case_brain_mask,T1,-0.07922199368476868,0.048648715019226074,-0.004371970426291227,0.07485002325847745,0.0530206854455173,17.120432198799946,12.127411733316576,17.120432198799946,12.127411733316576,abs(mean_region - mean_healthy) / abs(mean_healthy),61122,115676,1287213
BraTS-GLI-00608-001,processed_zscore,case_brain_mask,T1ce,1.682665228843689,0.6661742329597473,-0.059866201132535934,1.742531429976225,0.7260404340922832,29.107098780470274,12.127718484841301,29.107098780470274,12.127718484841301,abs(mean_region - mean_healthy) / abs(mean_healthy),61122,115676,1287213
BraTS-GLI-00608-001,processed_zscore,case_brain_mask,T2,0.7135708332061768,0.7633501887321472,-0.06859880685806274,0.7821696400642395,0.83194899559021,11.40208811040432,12.127747313617117,11.40208811040432,12.127747313617117,abs(mean_region - mean_healthy) / abs(mean_healthy),61122,115676,1287213
BraTS-GLI-00608-001,processed_zscore,case_brain_mask,FLAIR,1.556640386581421,1.6213970184326172,-0.1457076370716095,1.7023480236530304,1.7671046555042267,11.683313640014587,12.127742176175468,11.683313640014587,12.127742176175468,abs(mean_region - mean_healthy) / abs(mean_healthy),61122,115676,1287213
BraTS-GLI-00610-000,processed_zscore,case_brain_mask,T1,0.11057727783918381,-0.4483151137828827,0.02128893882036209,0.08928833901882172,0.4696040526032448,4.1941188225606005,22.058593740430393,4.1941188225606005,22.058593740430393,abs(mean_region - mean_healthy) / abs(mean_healthy),7356,70246,1479291
BraTS-GLI-00610-000,processed_zscore,case_brain_mask,T1ce,1.489017128944397,-0.3869752585887909,0.01837601512670517,1.4706411138176918,0.40535127371549606,80.0304692653667,22.058714629942504,80.0304692653667,22.058714629942504,abs(mean_region - mean_healthy) / abs(mean_healthy),7356,70246,1479291
BraTS-GLI-00610-000,processed_zscore,case_brain_mask,T2,0.6393842697143555,0.8880618810653687,-0.042170897126197815,0.6815551668405533,0.9302327781915665,16.161742179706938,22.05864332000844,16.161742179706938,22.05864332000844,abs(mean_region - mean_healthy) / abs(mean_healthy),7356,70246,1479291
BraTS-GLI-00610-000,processed_zscore,case_brain_mask,FLAIR,0.9739636182785034,1.0628941059112549,-0.05047275871038437,1.0244363769888878,1.1133668646216393,20.296817593568907,22.05876780007614,20.296817593568907,22.05876780007614,abs(mean_region - mean_healthy) / abs(mean_healthy),7356,70246,1479291
BraTS-GLI-00610-001,processed_zscore,case_brain_mask,T1,0.10203088074922562,0.08642081916332245,-0.004407152533531189,0.1064380332827568,0.09082797169685364,24.151202499332225,20.609218992490508,24.151202499332225,20.609218992490508,abs(mean_region - mean_healthy) / abs(mean_healthy),7178,73176,1434885
BraTS-GLI-00610-001,processed_zscore,case_brain_mask,T1ce,0.8135024309158325,0.0290928166359663,-0.0014835771871730685,0.8149860081030056,0.03057639382313937,549.3384605461262,20.609911022831362,549.3384605461262,20.609911022831362,abs(mean_region - mean_healthy) / abs(mean_healthy),7178,73176,1434885
BraTS-GLI-00610-001,processed_zscore,case_brain_mask,T2,1.4181700944900513,1.0626317262649536,-0.05419190973043442,1.4723620042204857,1.116823635995388,27.169406126198957,20.608678335027836,27.169406126198957,20.608678335027836,abs(mean_region - mean_healthy) / abs(mean_healthy),7178,73176,1434885
BraTS-GLI-00610-001,processed_zscore,case_brain_mask,FLAIR,1.232155442237854,1.4692028760910034,-0.07492631673812866,1.3070817589759827,1.544129192829132,17.444895410304245,20.608636058088152,17.444895410304245,20.608636058088152,abs(mean_region - mean_healthy) / abs(mean_healthy),7178,73176,1434885
BraTS-GLI-00611-000,processed_zscore,case_brain_mask,T1,0.18872365355491638,-0.050188034772872925,0.003532133065164089,0.1851915204897523,0.053720167838037014,52.43050504416628,15.208987557081569,52.43050504416628,15.208987557081569,abs(mean_region - mean_healthy) / abs(mean_healthy),13721,89468,1271206
BraTS-GLI-00611-000,processed_zscore,case_brain_mask,T1ce,0.9748163223266602,-0.020363133400678635,0.0014331627171486616,0.9733831596095115,0.021796296117827296,679.1853764840456,15.208528562054669,679.1853764840456,15.208528562054669,abs(mean_region - mean_healthy) / abs(mean_healthy),13721,89468,1271206
BraTS-GLI-00611-000,processed_zscore,case_brain_mask,T2,0.263457328081131,0.2006179690361023,-0.014119557105004787,0.27757688518613577,0.21473752614110708,19.659036265928375,15.208517132948291,19.659036265928375,15.208517132948291,abs(mean_region - mean_healthy) / abs(mean_healthy),13721,89468,1271206
BraTS-GLI-00611-000,processed_zscore,case_brain_mask,FLAIR,1.6508967876434326,1.2459510564804077,-0.08769062161445618,1.7385874092578888,1.333641678094864,19.82637797804452,15.208486991441367,19.82637797804452,15.208486991441367,abs(mean_region - mean_healthy) / abs(mean_healthy),13721,89468,1271206
BraTS-GLI-00611-001,processed_zscore,case_brain_mask,T1,-0.09170285612344742,0.02008885331451893,-0.0015716049820184708,0.09013125114142895,0.0216604582965374,57.349812562740816,13.782380779117961,57.349812562740816,13.782380779117961,abs(mean_region - mean_healthy) / abs(mean_healthy),13021,88316,1128957
BraTS-GLI-00611-001,processed_zscore,case_brain_mask,T1ce,1.194901704788208,0.09110127389431,-0.0071265920996665955,1.2020282968878746,0.09822786599397659,168.66803657025764,13.783287245887415,168.66803657025764,13.783287245887415,abs(mean_region - mean_healthy) / abs(mean_healthy),13021,88316,1128957
BraTS-GLI-00611-001,processed_zscore,case_brain_mask,T2,0.42166829109191895,0.31116169691085815,-0.0243415217846632,0.44600981287658215,0.33550321869552135,18.32300448682705,13.78316531166556,18.32300448682705,13.78316531166556,abs(mean_region - mean_healthy) / abs(mean_healthy),13021,88316,1128957
BraTS-GLI-00611-001,processed_zscore,case_brain_mask,FLAIR,1.7974587678909302,1.617605209350586,-0.1265418827533722,1.9240006506443024,1.7441470921039581,15.204457281500579,13.783160595952795,15.204457281500579,13.783160595952795,abs(mean_region - mean_healthy) / abs(mean_healthy),13021,88316,1128957
BraTS-GLI-00612-000,processed_zscore,case_brain_mask,T1,-0.9609286189079285,-0.7047590613365173,0.0811227485537529,1.0420513674616814,0.7858818098902702,12.84536564698872,9.687563894232893,12.84536564698872,9.687563894232893,abs(mean_region - mean_healthy) / abs(mean_healthy),22243,149953,1302724
BraTS-GLI-00612-000,processed_zscore,case_brain_mask,T1ce,0.33982494473457336,-0.5212587714195251,0.06000075489282608,0.2798241898417473,0.5812595263123512,4.663677821080284,9.687536887670872,4.663677821080284,9.687536887670872,abs(mean_region - mean_healthy) / abs(mean_healthy),22243,149953,1302724
BraTS-GLI-00612-000,processed_zscore,case_brain_mask,T2,0.7911245226860046,0.759091317653656,-0.08737684786319733,0.878501370549202,0.8464681655168533,10.05416643004379,9.687556672244998,10.05416643004379,9.687556672244998,abs(mean_region - mean_healthy) / abs(mean_healthy),22243,149953,1302724
BraTS-GLI-00612-000,processed_zscore,case_brain_mask,FLAIR,1.708030343055725,1.4984283447265625,-0.17247986793518066,1.8805102109909058,1.6709082126617432,10.902780907146896,9.687555032739729,10.902780907146896,9.687555032739729,abs(mean_region - mean_healthy) / abs(mean_healthy),22243,149953,1302724
BraTS-GLI-00613-000,processed_zscore,case_brain_mask,T1,-0.22505171597003937,-0.007624674588441849,0.00046622162335552275,0.2255179375933949,0.008090896211797372,483.714024180778,17.354184804996837,483.714024180778,17.354184804996837,abs(mean_region - mean_healthy) / abs(mean_healthy),20788,77497,1267273
BraTS-GLI-00613-000,processed_zscore,case_brain_mask,T1ce,0.9079105257987976,0.11436466872692108,-0.006993646267801523,0.9149041720665991,0.1213583149947226,130.81933758628637,17.352652729013705,130.81933758628637,17.352652729013705,abs(mean_region - mean_healthy) / abs(mean_healthy),20788,77497,1267273
BraTS-GLI-00613-000,processed_zscore,case_brain_mask,T2,-0.20485995709896088,-0.22700047492980957,0.013881612569093704,0.21874156966805458,0.24088208749890327,15.757648369690502,17.3526012413866,15.757648369690502,17.3526012413866,abs(mean_region - mean_healthy) / abs(mean_healthy),20788,77497,1267273
BraTS-GLI-00613-000,processed_zscore,case_brain_mask,FLAIR,0.8594586253166199,1.0172371864318848,-0.062206629663705826,0.9216652549803257,1.0794438160955906,14.816190170773181,17.35255264480897,14.816190170773181,17.35255264480897,abs(mean_region - mean_healthy) / abs(mean_healthy),20788,77497,1267273
BraTS-GLI-00615-000,processed_zscore,case_brain_mask,T1,0.03752359002828598,0.42981287837028503,-0.007886260747909546,0.045409850776195526,0.4376991391181946,5.7580965463553255,55.50147948560005,5.7580965463553255,55.50147948560005,abs(mean_region - mean_healthy) / abs(mean_healthy),4845,26577,1448471
BraTS-GLI-00615-000,processed_zscore,case_brain_mask,T1ce,0.973777711391449,0.37421321868896484,-0.006866162177175283,0.9806438735686243,0.3810793808661401,142.82270768792966,55.50107484104242,142.82270768792966,55.50107484104242,abs(mean_region - mean_healthy) / abs(mean_healthy),4845,26577,1448471
BraTS-GLI-00615-000,processed_zscore,case_brain_mask,T2,0.03485899791121483,-0.00976515095680952,0.00017922725237440318,0.034679770658840425,0.009944378209183924,193.49607941539426,55.484743962989846,193.49607941539426,55.484743962989846,abs(mean_region - mean_healthy) / abs(mean_healthy),4845,26577,1448471
BraTS-GLI-00615-000,processed_zscore,case_brain_mask,FLAIR,1.4044111967086792,1.0766329765319824,-0.01975431852042675,1.424165515229106,1.0963872950524092,72.0938823455976,55.50114492275201,72.0938823455976,55.50114492275201,abs(mean_region - mean_healthy) / abs(mean_healthy),4845,26577,1448471
BraTS-GLI-00616-000,processed_zscore,case_brain_mask,T1,-0.639639139175415,-0.5543823838233948,0.05243808403611183,0.6920772232115269,0.6068204678595066,13.19798836919601,11.572132716397794,13.19798836919601,11.572132716397794,abs(mean_region - mean_healthy) / abs(mean_healthy),18926,132715,1403083
BraTS-GLI-00616-000,processed_zscore,case_brain_mask,T1ce,2.2325117588043213,-0.33300983905792236,0.03149862959980965,2.2010131292045116,0.364508468657732,69.87647263288599,11.572200863618994,69.87647263288599,11.572200863618994,abs(mean_region - mean_healthy) / abs(mean_healthy),18926,132715,1403083
BraTS-GLI-00616-000,processed_zscore,case_brain_mask,T2,1.1410808563232422,1.3931052684783936,-0.13177122175693512,1.2728520780801773,1.5248764902353287,9.659560419255103,11.572151110870871,9.659560419255103,11.572151110870871,abs(mean_region - mean_healthy) / abs(mean_healthy),18926,132715,1403083
BraTS-GLI-00616-000,processed_zscore,case_brain_mask,FLAIR,1.4085341691970825,1.4161995649337769,-0.1339556872844696,1.5424898564815521,1.5501552522182465,11.514926224863492,11.572149593964768,11.514926224863492,11.572149593964768,abs(mean_region - mean_healthy) / abs(mean_healthy),18926,132715,1403083
BraTS-GLI-00618-000,processed_zscore,case_brain_mask,T1,-0.1365671306848526,-0.041241101920604706,0.0026904987171292305,0.13925762940198183,0.043931600637733936,51.759039510180514,16.328422815458197,51.759039510180514,16.328422815458197,abs(mean_region - mean_healthy) / abs(mean_healthy),32576,101365,1553721
BraTS-GLI-00618-000,processed_zscore,case_brain_mask,T1ce,1.7430161237716675,0.4052239954471588,-0.026436887681484222,1.7694530114531517,0.43166088312864304,66.9312149286179,16.32797658821875,66.9312149286179,16.32797658821875,abs(mean_region - mean_healthy) / abs(mean_healthy),32576,101365,1553721
BraTS-GLI-00618-000,processed_zscore,case_brain_mask,T2,0.18062667548656464,0.39406922459602356,-0.025709042325615883,0.20633571781218052,0.41977826692163944,8.025803341830143,16.328039823692006,8.025803341830143,16.328039823692006,abs(mean_region - mean_healthy) / abs(mean_healthy),32576,101365,1553721
BraTS-GLI-00618-000,processed_zscore,case_brain_mask,FLAIR,2.2683346271514893,2.471555709838867,-0.16124460101127625,2.4295792281627655,2.6328003108501434,15.06766250110203,16.327990483638114,15.06766250110203,16.327990483638114,abs(mean_region - mean_healthy) / abs(mean_healthy),32576,101365,1553721
BraTS-GLI-00619-000,processed_zscore,case_brain_mask,T1,-0.4349941313266754,-0.08481454849243164,0.0081833740696311,0.4431775053963065,0.09299792256206274,54.15584105350382,11.364251685277662,54.15584105350382,11.364251685277662,abs(mean_region - mean_healthy) / abs(mean_healthy),39664,128899,1335921
BraTS-GLI-00619-000,processed_zscore,case_brain_mask,T1ce,1.7297340631484985,0.3344138264656067,-0.03226660564541817,1.7620006687939167,0.36668043211102486,54.60756201494406,11.364084469885762,54.60756201494406,11.364084469885762,abs(mean_region - mean_healthy) / abs(mean_healthy),39664,128899,1335921
BraTS-GLI-00619-000,processed_zscore,case_brain_mask,T2,0.33939582109451294,0.47325924038887024,-0.04566333442926407,0.385059155523777,0.5189225748181343,8.432567624255793,11.364097285142073,8.432567624255793,11.364097285142073,abs(mean_region - mean_healthy) / abs(mean_healthy),39664,128899,1335921
BraTS-GLI-00619-000,processed_zscore,case_brain_mask,FLAIR,0.5865409970283508,1.0489438772201538,-0.101209357380867,0.6877503544092178,1.1501532346010208,6.795323794232812,11.364099766712382,6.795323794232812,11.364099766712382,abs(mean_region - mean_healthy) / abs(mean_healthy),39664,128899,1335921
BraTS-GLI-00619-001,processed_zscore,case_brain_mask,T1,0.08325698971748352,0.39142173528671265,-0.007791944779455662,0.09104893449693918,0.3992136800661683,11.685007668047126,51.23415159701081,11.685007668047126,51.23415159701081,abs(mean_region - mean_healthy) / abs(mean_healthy),11239,24056,1208433
BraTS-GLI-00619-001,processed_zscore,case_brain_mask,T1ce,5.439414024353027,2.7578697204589844,-0.05490026995539665,5.494314294308424,2.812769990414381,100.0780924897499,51.23417412518366,100.0780924897499,51.23417412518366,abs(mean_region - mean_healthy) / abs(mean_healthy),11239,24056,1208433
BraTS-GLI-00619-001,processed_zscore,case_brain_mask,T2,0.8583411574363708,0.639611005783081,-0.012732526287436485,0.8710736837238073,0.6523435320705175,68.41326411266226,51.234414706388776,68.41326411266226,51.234414706388776,abs(mean_region - mean_healthy) / abs(mean_healthy),11239,24056,1208433
BraTS-GLI-00619-001,processed_zscore,case_brain_mask,FLAIR,1.0536600351333618,1.377869963645935,-0.027428923174738884,1.0810889583081007,1.405298886820674,39.414196154216775,51.234198217263845,39.414196154216775,51.234198217263845,abs(mean_region - mean_healthy) / abs(mean_healthy),11239,24056,1208433
BraTS-GLI-00620-000,processed_zscore,case_brain_mask,T1,-0.40382513403892517,-0.1298626810312271,0.009860840626060963,0.41368597466498613,0.13972352165728807,41.95240450105908,14.169534521024136,41.95240450105908,14.169534521024136,abs(mean_region - mean_healthy) / abs(mean_healthy),16884,104718,1379082
BraTS-GLI-00620-000,processed_zscore,case_brain_mask,T1ce,2.145956516265869,0.038061365485191345,-0.0028899929020553827,2.1488465091679245,0.04095135838724673,743.5473310815574,14.170055005367605,743.5473310815574,14.170055005367605,abs(mean_region - mean_healthy) / abs(mean_healthy),16884,104718,1379082
BraTS-GLI-00620-000,processed_zscore,case_brain_mask,T2,0.22539778053760529,0.45625045895576477,-0.03464445844292641,0.2600422389805317,0.4908949173986912,7.506026956920906,14.169507605592852,7.506026956920906,14.169507605592852,abs(mean_region - mean_healthy) / abs(mean_healthy),16884,104718,1379082
BraTS-GLI-00620-000,processed_zscore,case_brain_mask,FLAIR,1.5419189929962158,1.9149709939956665,-0.14540982246398926,1.687328815460205,2.0603808164596558,11.603953480364588,14.169474809515767,11.603953480364588,14.169474809515767,abs(mean_region - mean_healthy) / abs(mean_healthy),16884,104718,1379082
BraTS-GLI-00620-001,processed_zscore,case_brain_mask,T1,-0.5713586807250977,-0.32593539357185364,0.038404278457164764,0.6097629591822624,0.3643396720290184,15.87747468976348,9.486955273366075,15.87747468976348,9.486955273366075,abs(mean_region - mean_healthy) / abs(mean_healthy),29264,144593,1227157
BraTS-GLI-00620-001,processed_zscore,case_brain_mask,T1ce,3.7378931045532227,0.6265140771865845,-0.0738205537199974,3.81171365827322,0.7003346309065819,51.6348559607276,9.486986965215173,51.6348559607276,9.486986965215173,abs(mean_region - mean_healthy) / abs(mean_healthy),29264,144593,1227157
BraTS-GLI-00620-001,processed_zscore,case_brain_mask,T2,1.5766061544418335,1.3469401597976685,-0.1587066501379013,1.7353128045797348,1.5056468099355698,10.934090052760293,9.486979963519506,10.934090052760293,9.486979963519506,abs(mean_region - mean_healthy) / abs(mean_healthy),29264,144593,1227157
BraTS-GLI-00620-001,processed_zscore,case_brain_mask,FLAIR,0.7069893479347229,1.0898420810699463,-0.12841340899467468,0.8354027569293976,1.218255490064621,6.505572614804127,9.48698036756537,6.505572614804127,9.48698036756537,abs(mean_region - mean_healthy) / abs(mean_healthy),29264,144593,1227157
BraTS-GLI-00622-000,processed_zscore,case_brain_mask,T1,0.09413780272006989,0.37252277135849,-0.009622466750442982,0.10376026947051287,0.38214523810893297,10.783125799394021,39.71385384016427,10.783125799394021,39.71385384016427,abs(mean_region - mean_healthy) / abs(mean_healthy),6645,35134,1360161
BraTS-GLI-00622-000,processed_zscore,case_brain_mask,T1ce,2.047468900680542,0.5999805331230164,-0.015497865155339241,2.0629667658358812,0.6154783982783556,133.11296395717827,39.71375361117491,133.11296395717827,39.71375361117491,abs(mean_region - mean_healthy) / abs(mean_healthy),6645,35134,1360161
BraTS-GLI-00622-000,processed_zscore,case_brain_mask,T2,0.8914704918861389,0.6897239685058594,-0.017816120758652687,0.9092866126447916,0.7075400892645121,51.03729509709244,39.713476286406724,51.03729509709244,39.713476286406724,abs(mean_region - mean_healthy) / abs(mean_healthy),6645,35134,1360161
BraTS-GLI-00622-000,processed_zscore,case_brain_mask,FLAIR,1.941438913345337,1.8609472513198853,-0.04806974157691002,1.989508654922247,1.9090169928967953,41.38796235754873,39.7134856621276,41.38796235754873,39.7134856621276,abs(mean_region - mean_healthy) / abs(mean_healthy),6645,35134,1360161
BraTS-GLI-00623-000,processed_zscore,case_brain_mask,T1,-0.1960429847240448,-0.1865868866443634,0.02135649137198925,0.21739947609603405,0.20794337801635265,10.17955020369923,9.73677625197775,10.17955020369923,9.73677625197775,abs(mean_region - mean_healthy) / abs(mean_healthy),19086,165827,1448806
BraTS-GLI-00623-000,processed_zscore,case_brain_mask,T1ce,2.537200927734375,-0.14409682154655457,0.016493096947669983,2.520707830786705,0.16058991849422455,152.8341122825214,9.736795885196774,152.8341122825214,9.736795885196774,abs(mean_region - mean_healthy) / abs(mean_healthy),19086,165827,1448806
BraTS-GLI-00623-000,processed_zscore,case_brain_mask,T2,0.6090312600135803,1.0019283294677734,-0.11467842012643814,0.7237096801400185,1.1166067495942116,6.3107747677557455,9.73685152239717,6.3107747677557455,9.73685152239717,abs(mean_region - mean_healthy) / abs(mean_healthy),19086,165827,1448806
BraTS-GLI-00623-000,processed_zscore,case_brain_mask,FLAIR,-0.02949145808815956,0.9011660814285278,-0.10314536839723587,0.07365391030907631,1.0043114498257637,0.7140786974110038,9.736854552285235,0.7140786974110038,9.736854552285235,abs(mean_region - mean_healthy) / abs(mean_healthy),19086,165827,1448806
BraTS-GLI-00624-000,processed_zscore,case_brain_mask,T1,-0.00032710121013224125,-0.02936428040266037,0.0014299140311777592,0.0017570152413100004,0.03079419443383813,1.2287558573453692,21.535696386218593,1.2287558573453692,21.535696386218593,abs(mean_region - mean_healthy) / abs(mean_healthy),14367,75870,1558107
BraTS-GLI-00624-000,processed_zscore,case_brain_mask,T1ce,1.208358883857727,0.010113035328686237,-0.0004924944951198995,1.208851378352847,0.010605529823806137,2454.5480007010997,21.534311406311623,2454.5480007010997,21.534311406311623,abs(mean_region - mean_healthy) / abs(mean_healthy),14367,75870,1558107
BraTS-GLI-00624-000,processed_zscore,case_brain_mask,T2,0.17040491104125977,0.222462460398674,-0.01083251740783453,0.1812374284490943,0.23329497780650854,16.730868885381692,21.536543078876555,16.730868885381692,21.536543078876555,abs(mean_region - mean_healthy) / abs(mean_healthy),14367,75870,1558107
BraTS-GLI-00624-000,processed_zscore,case_brain_mask,FLAIR,0.8978433609008789,1.2095565795898438,-0.0588977187871933,0.9567410796880722,1.268454298377037,16.24411096709752,21.536560744570796,16.24411096709752,21.536560744570796,abs(mean_region - mean_healthy) / abs(mean_healthy),14367,75870,1558107
BraTS-GLI-00625-000,processed_zscore,case_brain_mask,T1,0.05180300027132034,-0.34559887647628784,0.029195358976721764,0.02260764129459858,0.3747942354530096,0.7743573666151614,12.837459397291296,0.7743573666151614,12.837459397291296,abs(mean_region - mean_healthy) / abs(mean_healthy),28868,153686,1819247
BraTS-GLI-00625-000,processed_zscore,case_brain_mask,T1ce,1.8457175493240356,-0.24556168913841248,0.020744457840919495,1.8249730914831161,0.26630614697933197,87.97400758689697,12.837459962632987,87.97400758689697,12.837459962632987,abs(mean_region - mean_healthy) / abs(mean_healthy),28868,153686,1819247
BraTS-GLI-00625-000,processed_zscore,case_brain_mask,T2,-0.023172840476036072,0.37981122732162476,-0.03208569064736366,0.008912850171327591,0.4118969179689884,0.27778271221535694,12.837402270561133,0.27778271221535694,12.837402270561133,abs(mean_region - mean_healthy) / abs(mean_healthy),28868,153686,1819247
BraTS-GLI-00625-000,processed_zscore,case_brain_mask,FLAIR,0.9946935176849365,1.3595198392868042,-0.11484920978546143,1.109542727470398,1.4743690490722656,9.660865142590238,12.837433116225965,9.660865142590238,12.837433116225965,abs(mean_region - mean_healthy) / abs(mean_healthy),28868,153686,1819247
BraTS-GLI-00626-000,processed_zscore,case_brain_mask,T1,-0.3254687190055847,-0.31684404611587524,0.0037318591494113207,0.32920057815499604,0.32057590526528656,88.21355924082117,85.90246641968135,88.21355924082117,85.90246641968135,abs(mean_region - mean_healthy) / abs(mean_healthy),8147,20190,1714165
BraTS-GLI-00626-000,processed_zscore,case_brain_mask,T1ce,2.3075616359710693,0.7411492466926575,-0.008729413151741028,2.3162910491228104,0.7498786598443985,265.34327209164576,85.90252824668286,265.34327209164576,85.90252824668286,abs(mean_region - mean_healthy) / abs(mean_healthy),8147,20190,1714165
BraTS-GLI-00626-000,processed_zscore,case_brain_mask,T2,0.4694063663482666,0.39070838689804077,-0.004601889755576849,0.47400825610384345,0.3953102766536176,103.00295775869283,85.90172682310711,103.00295775869283,85.90172682310711,abs(mean_region - mean_healthy) / abs(mean_healthy),8147,20190,1714165
BraTS-GLI-00626-000,processed_zscore,case_brain_mask,FLAIR,1.7673767805099487,1.678882122039795,-0.019774431362748146,1.7871512118726969,1.698656553402543,90.37686996347226,85.90166373140515,90.37686996347226,85.90166373140515,abs(mean_region - mean_healthy) / abs(mean_healthy),8147,20190,1714165
BraTS-GLI-00628-000,processed_zscore,case_brain_mask,T1,-1.2496811151504517,-0.5096562504768372,0.019998053088784218,1.2696791682392359,0.5296543035656214,63.49013889513712,26.485293404020148,63.49013889513712,26.485293404020148,abs(mean_region - mean_healthy) / abs(mean_healthy),7801,55153,1405596
BraTS-GLI-00628-000,processed_zscore,case_brain_mask,T1ce,2.5341663360595703,-0.1817336082458496,0.0071310019120574,2.527035334147513,0.188864610157907,354.373111283941,26.485003438095667,354.373111283941,26.485003438095667,abs(mean_region - mean_healthy) / abs(mean_healthy),7801,55153,1405596
BraTS-GLI-00628-000,processed_zscore,case_brain_mask,T2,0.3729119598865509,0.6630716919898987,-0.026017671450972557,0.39892963133752346,0.6890893634408712,15.333025943127252,26.485435667806954,15.333025943127252,26.485435667806954,abs(mean_region - mean_healthy) / abs(mean_healthy),7801,55153,1405596
BraTS-GLI-00628-000,processed_zscore,case_brain_mask,FLAIR,0.9915645718574524,1.2332473993301392,-0.04839031398296356,1.039954885840416,1.2816377133131027,21.490972061196906,26.485418419982146,21.490972061196906,26.485418419982146,abs(mean_region - mean_healthy) / abs(mean_healthy),7801,55153,1405596
BraTS-GLI-00630-000,processed_zscore,case_brain_mask,T1,0.6404481530189514,0.3761753439903259,-0.015637725591659546,0.656085878610611,0.3918130695819855,41.955326224712465,25.055630199251024,41.955326224712465,25.055630199251024,abs(mean_region - mean_healthy) / abs(mean_healthy),19303,61558,1480823
BraTS-GLI-00630-000,processed_zscore,case_brain_mask,T1ce,2.180635929107666,0.5719486474990845,-0.023775869980454445,2.2044117990881205,0.5957245174795389,92.71634648491572,25.055845189651077,92.71634648491572,25.055845189651077,abs(mean_region - mean_healthy) / abs(mean_healthy),19303,61558,1480823
BraTS-GLI-00630-000,processed_zscore,case_brain_mask,T2,0.4136430323123932,0.5183103084564209,-0.021546252071857452,0.43518928438425064,0.5398565605282784,20.197911123144767,25.05570614916409,20.197911123144767,25.05570614916409,abs(mean_region - mean_healthy) / abs(mean_healthy),19303,61558,1480823
BraTS-GLI-00630-000,processed_zscore,case_brain_mask,FLAIR,0.753209114074707,1.0329722166061401,-0.04294086620211601,0.796149980276823,1.0759130828082561,18.540612956652254,25.055691185736677,18.540612956652254,25.055691185736677,abs(mean_region - mean_healthy) / abs(mean_healthy),19303,61558,1480823
BraTS-GLI-00630-001,processed_zscore,case_brain_mask,T1,-0.12165563553571701,0.1306174099445343,-0.011223233304917812,0.1104324022307992,0.14184064324945211,9.839624574355927,12.638126589358183,9.839624574355927,12.638126589358183,abs(mean_region - mean_healthy) / abs(mean_healthy),36472,115439,1343472
BraTS-GLI-00630-001,processed_zscore,case_brain_mask,T1ce,3.0779945850372314,0.603901207447052,-0.0518907867372036,3.129885371774435,0.6557919941842556,60.31678393363872,12.637927374380686,60.31678393363872,12.637927374380686,abs(mean_region - mean_healthy) / abs(mean_healthy),36472,115439,1343472
BraTS-GLI-00630-001,processed_zscore,case_brain_mask,T2,1.0238969326019287,0.9389362335205078,-0.08067891746759415,1.1045758500695229,1.019615150988102,13.691009804552618,12.637937927187052,13.691009804552618,12.637937927187052,abs(mean_region - mean_healthy) / abs(mean_healthy),36472,115439,1343472
BraTS-GLI-00630-001,processed_zscore,case_brain_mask,FLAIR,2.114197015762329,1.936035394668579,-0.1663556545972824,2.2805526703596115,2.1023910492658615,13.708897818234227,12.637929587397423,13.708897818234227,12.637929587397423,abs(mean_region - mean_healthy) / abs(mean_healthy),36472,115439,1343472
BraTS-GLI-00631-000,processed_zscore,case_brain_mask,T1,-0.010539764538407326,-0.38890764117240906,0.03309262543916702,0.04363238997757435,0.4220002666115761,1.3184928484378549,12.752093888329409,1.3184928484378549,12.752093888329409,abs(mean_region - mean_healthy) / abs(mean_healthy),25556,127510,1498514
BraTS-GLI-00631-000,processed_zscore,case_brain_mask,T1ce,1.6872225999832153,-0.2698516547679901,0.02296183817088604,1.6642607618123293,0.29281349293887615,72.47942213626835,12.752179976172057,72.47942213626835,12.752179976172057,abs(mean_region - mean_healthy) / abs(mean_healthy),25556,127510,1498514
BraTS-GLI-00631-000,processed_zscore,case_brain_mask,T2,0.6493227481842041,1.233544111251831,-0.10496341437101364,0.7542861625552177,1.3385075256228447,7.186181652676106,12.7521340044411,7.186181652676106,12.7521340044411,abs(mean_region - mean_healthy) / abs(mean_healthy),25556,127510,1498514
BraTS-GLI-00631-000,processed_zscore,case_brain_mask,FLAIR,0.8083903193473816,0.8934763669967651,-0.0760268121957779,0.8844171315431595,0.969503179192543,11.632963503266222,12.752121931614855,11.632963503266222,12.752121931614855,abs(mean_region - mean_healthy) / abs(mean_healthy),25556,127510,1498514
BraTS-GLI-00636-000,processed_zscore,case_brain_mask,T1,-0.3475049138069153,-0.3410342037677765,0.007341951131820679,0.35484686493873596,0.34837615489959717,48.331411986767066,47.450078139270566,48.331411986767066,47.450078139270566,abs(mean_region - mean_healthy) / abs(mean_healthy),9735,31924,1482884
BraTS-GLI-00636-000,processed_zscore,case_brain_mask,T1ce,1.415233850479126,0.02565022185444832,-0.0005521273706108332,1.4157859778497368,0.02620234922505915,2564.237987845839,47.457073530100125,2564.237987845839,47.457073530100125,abs(mean_region - mean_healthy) / abs(mean_healthy),9735,31924,1482884
BraTS-GLI-00636-000,processed_zscore,case_brain_mask,T2,0.4128129184246063,0.6018792986869812,-0.01295748632401228,0.4257704047486186,0.6148367850109935,32.85902790880037,47.45031325031023,32.85902790880037,47.45031325031023,abs(mean_region - mean_healthy) / abs(mean_healthy),9735,31924,1482884
BraTS-GLI-00636-000,processed_zscore,case_brain_mask,FLAIR,0.767528772354126,1.1077889204025269,-0.023848876357078552,0.7913776487112045,1.1316377967596054,33.18301612462831,47.45036117492913,33.18301612462831,47.45036117492913,abs(mean_region - mean_healthy) / abs(mean_healthy),9735,31924,1482884
BraTS-GLI-00636-001,processed_zscore,case_brain_mask,T1,0.18322601914405823,0.4409729838371277,-0.005573543719947338,0.18879956286400557,0.446546527557075,33.87424094087656,80.11896021536802,33.87424094087656,80.11896021536802,abs(mean_region - mean_healthy) / abs(mean_healthy),5395,18151,1436051
BraTS-GLI-00636-001,processed_zscore,case_brain_mask,T1ce,2.107508659362793,0.5879424214363098,-0.007431329227983952,2.114939988590777,0.5953737506642938,284.59780527911556,80.11672372451368,284.59780527911556,80.11672372451368,abs(mean_region - mean_healthy) / abs(mean_healthy),5395,18151,1436051
BraTS-GLI-00636-001,processed_zscore,case_brain_mask,T2,0.719770610332489,0.42673811316490173,-0.00539380544796586,0.7251644157804549,0.4321319186128676,134.44393254004603,80.11633396525924,134.44393254004603,80.11633396525924,abs(mean_region - mean_healthy) / abs(mean_healthy),5395,18151,1436051
BraTS-GLI-00636-001,processed_zscore,case_brain_mask,FLAIR,2.500859498977661,1.869229793548584,-0.023626310750842094,2.5244858097285032,1.892856104299426,106.85061397656106,80.11644832157981,106.85061397656106,80.11644832157981,abs(mean_region - mean_healthy) / abs(mean_healthy),5395,18151,1436051
BraTS-GLI-00638-000,processed_zscore,case_brain_mask,T1,0.9970938563346863,-0.15483525395393372,0.014717553742229939,0.9823763025924563,0.16955280769616365,66.74861324091289,11.520447668531752,66.74861324091289,11.520447668531752,abs(mean_region - mean_healthy) / abs(mean_healthy),8510,142363,1497706
BraTS-GLI-00638-000,processed_zscore,case_brain_mask,T1ce,2.3772566318511963,-0.22000113129615784,0.020911945030093193,2.356344686821103,0.24091307632625103,112.6793649959495,11.520357192005177,112.6793649959495,11.520357192005177,abs(mean_region - mean_healthy) / abs(mean_healthy),8510,142363,1497706
BraTS-GLI-00638-000,processed_zscore,case_brain_mask,T2,0.06724809110164642,0.34856387972831726,-0.03313233330845833,0.10038042441010475,0.3816962130367756,3.0296817153073463,11.520354135135198,3.0296817153073463,11.520354135135198,abs(mean_region - mean_healthy) / abs(mean_healthy),8510,142363,1497706
BraTS-GLI-00638-000,processed_zscore,case_brain_mask,FLAIR,0.6401099562644958,1.0318783521652222,-0.0980842337012291,0.738194189965725,1.1299625858664513,7.526124863393561,11.520328428199686,7.526124863393561,11.520328428199686,abs(mean_region - mean_healthy) / abs(mean_healthy),8510,142363,1497706
BraTS-GLI-00639-000,processed_zscore,case_brain_mask,T1,-0.6810024380683899,-0.38432401418685913,0.012421214953064919,0.6934236530214548,0.39674522913992405,55.82575099470068,31.9409357811675,55.82575099470068,31.9409357811675,abs(mean_region - mean_healthy) / abs(mean_healthy),6651,44969,1391384
BraTS-GLI-00639-000,processed_zscore,case_brain_mask,T1ce,2.0464558601379395,-0.2791024148464203,0.009020425379276276,2.037435434758663,0.28812284022569656,225.86910806218876,31.941158882333458,225.86910806218876,31.941158882333458,abs(mean_region - mean_healthy) / abs(mean_healthy),6651,44969,1391384
BraTS-GLI-00639-000,processed_zscore,case_brain_mask,T2,0.772533118724823,0.6286319494247437,-0.02031712234020233,0.7928502410650253,0.648949071764946,39.02374695535399,31.940993458549176,39.02374695535399,31.940993458549176,abs(mean_region - mean_healthy) / abs(mean_healthy),6651,44969,1391384
BraTS-GLI-00639-000,processed_zscore,case_brain_mask,FLAIR,2.609267234802246,2.285435914993286,-0.07386445999145508,2.683131694793701,2.359300374984741,36.32507020431878,31.940941222039314,36.32507020431878,31.940941222039314,abs(mean_region - mean_healthy) / abs(mean_healthy),6651,44969,1391384
BraTS-GLI-00640-000,processed_zscore,case_brain_mask,T1,-0.025338826701045036,-0.2594345211982727,0.018867982551455498,0.044206809252500534,0.2783025037497282,2.3429536852677644,14.749987339174194,2.3429536852677644,14.749987339174194,abs(mean_region - mean_healthy) / abs(mean_healthy),37353,106459,1463807
BraTS-GLI-00640-000,processed_zscore,case_brain_mask,T1ce,1.1187043190002441,-0.013838427141308784,0.0010063359513878822,1.1176979830488563,0.014844763092696667,1110.6608896436521,14.75129957567709,1110.6608896436521,14.75129957567709,abs(mean_region - mean_healthy) / abs(mean_healthy),37353,106459,1463807
BraTS-GLI-00640-000,processed_zscore,case_brain_mask,T2,0.2679247558116913,0.5942537784576416,-0.04321858286857605,0.31114333868026733,0.6374723613262177,7.199295257468926,14.749959832434017,7.199295257468926,14.749959832434017,abs(mean_region - mean_healthy) / abs(mean_healthy),37353,106459,1463807
BraTS-GLI-00640-000,processed_zscore,case_brain_mask,FLAIR,0.2836245894432068,0.5915906429290771,-0.04302478954195976,0.32664937898516655,0.6346154324710369,7.592120320928077,14.749995043023524,7.592120320928077,14.749995043023524,abs(mean_region - mean_healthy) / abs(mean_healthy),37353,106459,1463807
BraTS-GLI-00641-000,processed_zscore,case_brain_mask,T1,-0.01201670616865158,-0.12034297734498978,0.002487769816070795,0.014504475984722376,0.12283074716106057,5.830312712625025,49.373839318888635,5.830312712625025,49.373839318888635,abs(mean_region - mean_healthy) / abs(mean_healthy),23527,33041,1598336
BraTS-GLI-00641-000,processed_zscore,case_brain_mask,T1ce,1.7271653413772583,1.0987015962600708,-0.022712532430887222,1.7498778738081455,1.121414128690958,77.0445954951484,49.374244466280864,77.0445954951484,49.374244466280864,abs(mean_region - mean_healthy) / abs(mean_healthy),23527,33041,1598336
BraTS-GLI-00641-000,processed_zscore,case_brain_mask,T2,0.042222343385219574,0.29247406125068665,-0.0060461219400167465,0.04826846532523632,0.2985201831907034,7.983376088690435,49.37382774484309,7.983376088690435,49.37382774484309,abs(mean_region - mean_healthy) / abs(mean_healthy),23527,33041,1598336
BraTS-GLI-00641-000,processed_zscore,case_brain_mask,FLAIR,1.0909723043441772,1.5744127035140991,-0.03254643455147743,1.1235187388956547,1.6069591380655766,34.520486018787366,49.374352681363966,34.520486018787366,49.374352681363966,abs(mean_region - mean_healthy) / abs(mean_healthy),23527,33041,1598336
BraTS-GLI-00641-001,processed_zscore,case_brain_mask,T1,0.6011238694190979,0.5879184603691101,-0.013697439804673195,0.6148213092237711,0.6016159001737833,44.88585589651657,43.92177726296912,44.88585589651657,43.92177726296912,abs(mean_region - mean_healthy) / abs(mean_healthy),24639,35530,1525003
BraTS-GLI-00641-001,processed_zscore,case_brain_mask,T1ce,1.9427258968353271,1.5563416481018066,-0.03626040369272232,1.9789863005280495,1.592602051794529,54.57706200124969,43.92124437693929,54.57706200124969,43.92124437693929,abs(mean_region - mean_healthy) / abs(mean_healthy),24639,35530,1525003
BraTS-GLI-00641-001,processed_zscore,case_brain_mask,T2,0.36519041657447815,0.6245068907737732,-0.014550026506185532,0.3797404430806637,0.6390569172799587,26.098951979175283,43.92135760084573,26.098951979175283,43.92135760084573,abs(mean_region - mean_healthy) / abs(mean_healthy),24639,35530,1525003
BraTS-GLI-00641-001,processed_zscore,case_brain_mask,FLAIR,1.9037163257598877,2.235240936279297,-0.05207734555006027,1.955793671309948,2.287318281829357,37.55555608013674,43.921560472598046,37.55555608013674,43.921560472598046,abs(mean_region - mean_healthy) / abs(mean_healthy),24639,35530,1525003
BraTS-GLI-00642-000,processed_zscore,case_brain_mask,T1,0.24758583307266235,0.355906218290329,-0.005188961047679186,0.25277479412034154,0.36109517933800817,48.71395098126581,69.58910965414002,48.71395098126581,69.58910965414002,abs(mean_region - mean_healthy) / abs(mean_healthy),5530,19538,1340054
BraTS-GLI-00642-000,processed_zscore,case_brain_mask,T1ce,1.4647846221923828,0.4091658294200897,-0.005965671967715025,1.4707502941600978,0.41513150138780475,246.5355624847448,69.58671271809949,246.5355624847448,69.58671271809949,abs(mean_region - mean_healthy) / abs(mean_healthy),5530,19538,1340054
BraTS-GLI-00642-000,processed_zscore,case_brain_mask,T2,0.020203374326229095,-0.027976928278803825,0.0004079904465470463,0.01979538387968205,0.02838491872535087,48.51923383798988,69.57250829175419,48.51923383798988,69.57250829175419,abs(mean_region - mean_healthy) / abs(mean_healthy),5530,19538,1340054
BraTS-GLI-00642-000,processed_zscore,case_brain_mask,FLAIR,1.1900625228881836,1.127494215965271,-0.0164388045668602,1.2065013274550438,1.1439330205321312,73.39349540582103,69.5873605577283,73.39349540582103,69.5873605577283,abs(mean_region - mean_healthy) / abs(mean_healthy),5530,19538,1340054
BraTS-GLI-00645-000,processed_zscore,case_brain_mask,T1,-0.47158536314964294,-0.3446950614452362,0.004072634968906641,0.4756579981185496,0.34876769641414285,116.79367332207703,85.63686632287958,116.79367332207703,85.63686632287958,abs(mean_region - mean_healthy) / abs(mean_healthy),9477,17702,1498277
BraTS-GLI-00645-000,processed_zscore,case_brain_mask,T1ce,1.649877667427063,0.7358044981956482,-0.008693389594554901,1.658571057021618,0.7444978877902031,190.7853132523202,85.63954021530553,190.7853132523202,85.63954021530553,abs(mean_region - mean_healthy) / abs(mean_healthy),9477,17702,1498277
BraTS-GLI-00645-000,processed_zscore,case_brain_mask,T2,-0.07510869204998016,-0.053961336612701416,0.000637520628515631,0.0757462126784958,0.05459885724121705,118.81374388599666,85.64249500183566,118.81374388599666,85.64249500183566,abs(mean_region - mean_healthy) / abs(mean_healthy),9477,17702,1498277
BraTS-GLI-00645-000,processed_zscore,case_brain_mask,FLAIR,1.0359424352645874,1.061013102531433,-0.01253582164645195,1.0484782569110394,1.073548924177885,83.63857483628072,85.63849697731897,83.63857483628072,85.63849697731897,abs(mean_region - mean_healthy) / abs(mean_healthy),9477,17702,1498277
BraTS-GLI-00645-001,processed_zscore,case_brain_mask,T1,-0.3147023618221283,-0.0075763617642223835,0.00010099818609887734,0.3148033600082272,0.007677359950321261,3116.920928659395,76.01483003670103,3116.920928659395,76.01483003670103,abs(mean_region - mean_healthy) / abs(mean_healthy),10280,20044,1500989
BraTS-GLI-00645-001,processed_zscore,case_brain_mask,T1ce,1.934680461883545,1.1428298950195312,-0.015261221677064896,1.9499416835606098,1.1580911166965961,127.77100843054073,75.88456161651963,127.77100843054073,75.88456161651963,abs(mean_region - mean_healthy) / abs(mean_healthy),10280,20044,1500989
BraTS-GLI-00645-001,processed_zscore,case_brain_mask,T2,0.44984811544418335,0.30628836154937744,-0.004090116359293461,0.4539382318034768,0.3103784779086709,110.98418527190543,75.88499950702787,110.98418527190543,75.88499950702787,abs(mean_region - mean_healthy) / abs(mean_healthy),10280,20044,1500989
BraTS-GLI-00645-001,processed_zscore,case_brain_mask,FLAIR,1.83022141456604,1.657177448272705,-0.022129809483885765,1.8523512240499258,1.6793072577565908,83.7038938540682,75.8843974223732,83.7038938540682,75.8843974223732,abs(mean_region - mean_healthy) / abs(mean_healthy),10280,20044,1500989
BraTS-GLI-00646-000,processed_zscore,case_brain_mask,T1,-0.373984694480896,-0.2611970007419586,0.022702181711792946,0.39668687619268894,0.28389918245375156,17.473513393059697,12.505370015000647,17.473513393059697,12.505370015000647,abs(mean_region - mean_healthy) / abs(mean_healthy),55416,125195,1440422
BraTS-GLI-00646-000,processed_zscore,case_brain_mask,T1ce,1.949263572692871,0.5202895402908325,-0.045221298933029175,1.9944848716259003,0.5655108392238617,44.1049885493039,12.505409012274487,44.1049885493039,12.505409012274487,abs(mean_region - mean_healthy) / abs(mean_healthy),55416,125195,1440422
BraTS-GLI-00646-000,processed_zscore,case_brain_mask,T2,0.4641555845737457,0.4950101375579834,-0.04302414506673813,0.5071797296404839,0.5380342826247215,11.788258171167785,12.505403228585584,11.788258171167785,12.505403228585584,abs(mean_region - mean_healthy) / abs(mean_healthy),55416,125195,1440422
BraTS-GLI-00646-000,processed_zscore,case_brain_mask,FLAIR,0.5905478596687317,0.8203343152999878,-0.07129974663257599,0.6618476063013077,0.8916340619325638,9.282608109562588,12.505431001422199,9.282608109562588,12.505431001422199,abs(mean_region - mean_healthy) / abs(mean_healthy),55416,125195,1440422
BraTS-GLI-00646-001,processed_zscore,case_brain_mask,T1,0.1069062203168869,0.19451113045215607,-0.02338320016860962,0.13028942048549652,0.21789433062076569,5.571924268107722,9.318413606760046,5.571924268107722,9.318413606760046,abs(mean_region - mean_healthy) / abs(mean_healthy),47434,164161,1365576
BraTS-GLI-00646-001,processed_zscore,case_brain_mask,T1ce,2.3441805839538574,0.4506025016307831,-0.054168589413166046,2.3983491733670235,0.5047710910439491,44.275643862051325,9.31852013339046,44.275643862051325,9.31852013339046,abs(mean_region - mean_healthy) / abs(mean_healthy),47434,164161,1365576
BraTS-GLI-00646-001,processed_zscore,case_brain_mask,T2,0.8884207010269165,0.8078725934028625,-0.09711738675832748,0.985538087785244,0.90498998016119,10.147905752836142,9.318516594904056,10.147905752836142,9.318516594904056,abs(mean_region - mean_healthy) / abs(mean_healthy),47434,164161,1365576
BraTS-GLI-00646-001,processed_zscore,case_brain_mask,FLAIR,1.647641658782959,1.6917229890823364,-0.20336851477622986,1.8510101735591888,1.8950915038585663,9.101753905199581,9.318509829035092,9.101753905199581,9.318509829035092,abs(mean_region - mean_healthy) / abs(mean_healthy),47434,164161,1365576
BraTS-GLI-00649-000,processed_zscore,case_brain_mask,T1,-0.23953363299369812,-0.3560664653778076,0.04026879742741585,0.27980243042111397,0.39633526280522346,6.948368173284921,9.84224233464171,6.948368173284921,9.84224233464171,abs(mean_region - mean_healthy) / abs(mean_healthy),28232,156968,1387951
BraTS-GLI-00649-000,processed_zscore,case_brain_mask,T1ce,1.6819959878921509,-0.24544033408164978,0.027757717296481133,1.6542382705956697,0.2731980513781309,59.595616344337465,9.842237690516592,59.595616344337465,9.842237690516592,abs(mean_region - mean_healthy) / abs(mean_healthy),28232,156968,1387951
BraTS-GLI-00649-000,processed_zscore,case_brain_mask,T2,0.3175608813762665,0.6418386697769165,-0.07258772104978561,0.3901486024260521,0.7144263908267021,5.37485674964863,9.842248530391245,5.37485674964863,9.842248530391245,abs(mean_region - mean_healthy) / abs(mean_healthy),28232,156968,1387951
BraTS-GLI-00649-000,processed_zscore,case_brain_mask,FLAIR,1.210219144821167,1.1243770122528076,-0.12715961039066315,1.3373787552118301,1.2515366226434708,10.517323473256166,9.842249585371224,10.517323473256166,9.842249585371224,abs(mean_region - mean_healthy) / abs(mean_healthy),28232,156968,1387951
BraTS-GLI-00649-001,processed_zscore,case_brain_mask,T1,-0.3244107961654663,-0.20327182114124298,0.017430156469345093,0.3418409526348114,0.22070197761058807,19.612041534797275,12.662076671471244,19.612041534797275,12.662076671471244,abs(mean_region - mean_healthy) / abs(mean_healthy),22917,114495,1335250
BraTS-GLI-00649-001,processed_zscore,case_brain_mask,T1ce,2.1175262928009033,-0.07845796644687653,0.0067275529727339745,2.1107987398281693,0.0851855194196105,313.7543098334569,12.662184863479776,313.7543098334569,12.662184863479776,abs(mean_region - mean_healthy) / abs(mean_healthy),22917,114495,1335250
BraTS-GLI-00649-001,processed_zscore,case_brain_mask,T2,0.674693763256073,0.6752204895019531,-0.057898808270692825,0.7325925715267658,0.733119297772646,12.652981873162128,12.66207923218578,12.652981873162128,12.66207923218578,abs(mean_region - mean_healthy) / abs(mean_healthy),22917,114495,1335250
BraTS-GLI-00649-001,processed_zscore,case_brain_mask,FLAIR,2.0521934032440186,1.964519739151001,-0.1684536635875702,2.2206470668315887,2.132973402738571,13.182539456479029,12.662077851632777,13.182539456479029,12.662077851632777,abs(mean_region - mean_healthy) / abs(mean_healthy),22917,114495,1335250
BraTS-GLI-00650-000,processed_zscore,case_brain_mask,T1,-0.15201546251773834,-0.1353118121623993,0.008253696374595165,0.1602691588923335,0.14356550853699446,19.41786462919101,17.394086482135247,19.41786462919101,17.394086482135247,abs(mean_region - mean_healthy) / abs(mean_healthy),18012,85611,1403484
BraTS-GLI-00650-000,processed_zscore,case_brain_mask,T1ce,2.8581604957580566,0.16631869971752167,-0.010145183652639389,2.868305679410696,0.17646388337016106,282.72585077003237,17.393857953892425,282.72585077003237,17.393857953892425,abs(mean_region - mean_healthy) / abs(mean_healthy),18012,85611,1403484
BraTS-GLI-00650-000,processed_zscore,case_brain_mask,T2,0.5605403184890747,0.6978468298912048,-0.0425679087638855,0.6031082272529602,0.7404147386550903,14.16814320379853,17.393730633139683,14.16814320379853,17.393730633139683,abs(mean_region - mean_healthy) / abs(mean_healthy),18012,85611,1403484
BraTS-GLI-00650-000,processed_zscore,case_brain_mask,FLAIR,1.347025752067566,1.4453967809677124,-0.0881676897406578,1.4351934418082237,1.5335644707083702,16.27799759787055,17.393724109356803,16.27799759787055,17.393724109356803,abs(mean_region - mean_healthy) / abs(mean_healthy),18012,85611,1403484
BraTS-GLI-00651-000,processed_zscore,case_brain_mask,T1,-0.5253133773803711,-0.5724453926086426,0.007305867969989777,0.5326192453503609,0.5797512605786324,72.90293877992244,79.35419350035744,72.90293877992244,79.35419350035744,abs(mean_region - mean_healthy) / abs(mean_healthy),10544,20108,1575568
BraTS-GLI-00651-000,processed_zscore,case_brain_mask,T1ce,2.9695658683776855,1.2899349927902222,-0.016462698578834534,2.98602856695652,1.3063976913690567,181.38147598690432,79.35501492134726,181.38147598690432,79.35501492134726,abs(mean_region - mean_healthy) / abs(mean_healthy),10544,20108,1575568
BraTS-GLI-00651-000,processed_zscore,case_brain_mask,T2,0.5675434470176697,1.0609996318817139,-0.013540931046009064,0.5810843780636787,1.074540562927723,42.91317754217074,79.35499850613475,42.91317754217074,79.35499850613475,abs(mean_region - mean_healthy) / abs(mean_healthy),10544,20108,1575568
BraTS-GLI-00651-000,processed_zscore,case_brain_mask,FLAIR,1.5138157606124878,1.845175862312317,-0.023548876866698265,1.537364637479186,1.8687247391790152,65.28398981325756,79.35515352843343,65.28398981325756,79.35515352843343,abs(mean_region - mean_healthy) / abs(mean_healthy),10544,20108,1575568
BraTS-GLI-00652-000,processed_zscore,case_brain_mask,T1,-0.204959899187088,-0.2512299716472626,0.031592659652233124,0.23655255883932114,0.2828226312994957,7.487579755653793,8.952162762260645,7.487579755653793,8.952162762260645,abs(mean_region - mean_healthy) / abs(mean_healthy),25787,181575,1443910
BraTS-GLI-00652-000,processed_zscore,case_brain_mask,T1ce,1.5548851490020752,-0.1493033915758133,0.018775444477796555,1.5361097045242786,0.16807883605360985,81.81482501470735,8.952056301643156,81.81482501470735,8.952056301643156,abs(mean_region - mean_healthy) / abs(mean_healthy),25787,181575,1443910
BraTS-GLI-00652-000,processed_zscore,case_brain_mask,T2,1.1084648370742798,1.5572545528411865,-0.1958284229040146,1.3042932599782944,1.753082975745201,6.660387908131162,8.952137538300432,6.660387908131162,8.952137538300432,abs(mean_region - mean_healthy) / abs(mean_healthy),25787,181575,1443910
BraTS-GLI-00652-000,processed_zscore,case_brain_mask,FLAIR,1.2385034561157227,2.0128748416900635,-0.2531236708164215,1.4916271269321442,2.265998512506485,5.892878852938057,8.952139897457103,5.892878852938057,8.952139897457103,abs(mean_region - mean_healthy) / abs(mean_healthy),25787,181575,1443910
BraTS-GLI-00654-000,processed_zscore,case_brain_mask,T1,-0.39676275849342346,-0.04834009334445,0.0036286055110394955,0.40039136400446296,0.05196869885548949,110.34304026335502,14.32194783846919,110.34304026335502,14.32194783846919,abs(mean_region - mean_healthy) / abs(mean_healthy),25474,97433,1297985
BraTS-GLI-00654-000,processed_zscore,case_brain_mask,T1ce,1.4093652963638306,0.2606486976146698,-0.01956542208790779,1.4289307184517384,0.2802141197025776,73.03347262489545,14.321905167369788,73.03347262489545,14.321905167369788,abs(mean_region - mean_healthy) / abs(mean_healthy),25474,97433,1297985
BraTS-GLI-00654-000,processed_zscore,case_brain_mask,T2,0.12149501591920853,0.21890826523303986,-0.01643223501741886,0.1379272509366274,0.23534050025045872,8.39369999214463,14.321880133833766,8.39369999214463,14.321880133833766,abs(mean_region - mean_healthy) / abs(mean_healthy),25474,97433,1297985
BraTS-GLI-00654-000,processed_zscore,case_brain_mask,FLAIR,1.6560086011886597,1.7908756732940674,-0.13443170487880707,1.7904403060674667,1.9253073781728745,13.318586621225888,14.321825196731519,13.318586621225888,14.321825196731519,abs(mean_region - mean_healthy) / abs(mean_healthy),25474,97433,1297985
BraTS-GLI-00654-001,processed_zscore,case_brain_mask,T1,-0.6646931171417236,-0.028579430654644966,0.002550730714574456,0.6672438478562981,0.031130161369219422,261.58929441033365,12.204409188060032,261.58929441033365,12.204409188060032,abs(mean_region - mean_healthy) / abs(mean_healthy),20044,102252,1145651
BraTS-GLI-00654-001,processed_zscore,case_brain_mask,T1ce,0.7677767276763916,-0.2472688853740692,0.022069375962018967,0.7457073517143726,0.2693382613360882,33.789235952920585,12.204162990363429,33.789235952920585,12.204162990363429,abs(mean_region - mean_healthy) / abs(mean_healthy),20044,102252,1145651
BraTS-GLI-00654-001,processed_zscore,case_brain_mask,T2,1.0455987453460693,0.6888771057128906,-0.06148388981819153,1.1070826351642609,0.7503609955310822,18.006060423924303,12.204188735454231,18.006060423924303,12.204188735454231,abs(mean_region - mean_healthy) / abs(mean_healthy),20044,102252,1145651
BraTS-GLI-00654-001,processed_zscore,case_brain_mask,FLAIR,1.6772397756576538,1.711322546005249,-0.1527395248413086,1.8299793004989624,1.8640620708465576,11.98104617910951,12.204189274408556,11.98104617910951,12.204189274408556,abs(mean_region - mean_healthy) / abs(mean_healthy),20044,102252,1145651
BraTS-GLI-00655-000,processed_zscore,case_brain_mask,T1,0.1802283227443695,-0.03283237665891647,0.0029181702993810177,0.1773101524449885,0.03575054695829749,60.76072821473041,12.251014605241048,60.76072821473041,12.251014605241048,abs(mean_region - mean_healthy) / abs(mean_healthy),29598,145081,1632225
BraTS-GLI-00655-000,processed_zscore,case_brain_mask,T1ce,1.5181666612625122,-0.013336274772882462,0.001185452681966126,1.516981208580546,0.014521727454848588,1279.6640740350474,12.249942722946695,1279.6640740350474,12.249942722946695,abs(mean_region - mean_healthy) / abs(mean_healthy),29598,145081,1632225
BraTS-GLI-00655-000,processed_zscore,case_brain_mask,T2,0.3797493278980255,0.6692959666252136,-0.05949070304632187,0.4392400309443474,0.7287866696715355,7.383339050512435,12.250429602488857,7.383339050512435,12.250429602488857,abs(mean_region - mean_healthy) / abs(mean_healthy),29598,145081,1632225
BraTS-GLI-00655-000,processed_zscore,case_brain_mask,FLAIR,0.5335575938224792,1.0105488300323486,-0.08982303738594055,0.6233806312084198,1.1003718674182892,6.940097433244823,12.250441528606375,6.940097433244823,12.250441528606375,abs(mean_region - mean_healthy) / abs(mean_healthy),29598,145081,1632225
BraTS-GLI-00655-001,processed_zscore,case_brain_mask,T1,-0.4901959002017975,-0.2824234962463379,0.02645290456712246,0.51664880476892,0.30887640081346035,19.53089134155225,11.676464489171968,19.53089134155225,11.676464489171968,abs(mean_region - mean_healthy) / abs(mean_healthy),34159,148517,1585631
BraTS-GLI-00655-001,processed_zscore,case_brain_mask,T1ce,2.0172667503356934,0.059563007205724716,-0.005578898824751377,2.0228456491604447,0.0651419060304761,362.588695852643,11.676480982495526,362.588695852643,11.676480982495526,abs(mean_region - mean_healthy) / abs(mean_healthy),34159,148517,1585631
BraTS-GLI-00655-001,processed_zscore,case_brain_mask,T2,0.4042699933052063,0.5908661484718323,-0.055342964828014374,0.4596129581332207,0.6462091132998466,8.304812717597063,11.676445512234977,8.304812717597063,11.676445512234977,abs(mean_region - mean_healthy) / abs(mean_healthy),34159,148517,1585631
BraTS-GLI-00655-001,processed_zscore,case_brain_mask,FLAIR,2.799311637878418,1.7693181037902832,-0.1657218039035797,2.9650334417819977,1.935039907693863,17.891631468766256,11.676435219228654,17.891631468766256,11.676435219228654,abs(mean_region - mean_healthy) / abs(mean_healthy),34159,148517,1585631
BraTS-GLI-00656-000,processed_zscore,case_brain_mask,T1,-0.6604194045066833,-0.6313318014144897,0.05667419359087944,0.7170935980975628,0.6880059950053692,12.65291224563563,12.139669775841147,12.65291224563563,12.139669775841147,abs(mean_region - mean_healthy) / abs(mean_healthy),4795,125543,1398512
BraTS-GLI-00656-000,processed_zscore,case_brain_mask,T1ce,0.051525261253118515,-0.6985353231430054,0.06270677596330643,0.011181514710187912,0.7612420991063118,0.17831429759251058,12.139710380769076,0.17831429759251058,12.139710380769076,abs(mean_region - mean_healthy) / abs(mean_healthy),4795,125543,1398512
BraTS-GLI-00656-000,processed_zscore,case_brain_mask,T2,1.2316677570343018,1.235916256904602,-0.11094693094491959,1.3426146879792213,1.3468631878495216,12.101413500530017,12.1397065820431,12.101413500530017,12.1397065820431,abs(mean_region - mean_healthy) / abs(mean_healthy),4795,125543,1398512
BraTS-GLI-00656-000,processed_zscore,case_brain_mask,FLAIR,2.8107032775878906,1.8686386346817017,-0.1677459180355072,2.978449195623398,2.036384552717209,17.755717876800684,12.139696611193616,17.755717876800684,12.139696611193616,abs(mean_region - mean_healthy) / abs(mean_healthy),4795,125543,1398512
BraTS-GLI-00657-000,processed_zscore,case_brain_mask,T1,-0.5421913862228394,-0.4176921546459198,0.07455408573150635,0.6167454719543457,0.49224624037742615,8.272457047833004,6.602538754886833,8.272457047833004,6.602538754886833,abs(mean_region - mean_healthy) / abs(mean_healthy),62014,245490,1375369
BraTS-GLI-00657-000,processed_zscore,case_brain_mask,T1ce,1.600541591644287,-0.11221632361412048,0.020029651001095772,1.5805119406431913,0.13224597461521626,78.90861106649963,6.602510178933293,78.90861106649963,6.602510178933293,abs(mean_region - mean_healthy) / abs(mean_healthy),62014,245490,1375369
BraTS-GLI-00657-000,processed_zscore,case_brain_mask,T2,0.7789332270622253,1.096254587173462,-0.19567091763019562,0.974604144692421,1.2919255048036575,4.98083290299867,6.602542270718567,4.98083290299867,6.602542270718567,abs(mean_region - mean_healthy) / abs(mean_healthy),62014,245490,1375369
BraTS-GLI-00657-000,processed_zscore,case_brain_mask,FLAIR,0.4127691388130188,0.8548807501792908,-0.15258793532848358,0.5653570741415024,1.0074686855077744,3.705123035608486,6.6025448430044404,3.705123035608486,6.6025448430044404,abs(mean_region - mean_healthy) / abs(mean_healthy),62014,245490,1375369
BraTS-GLI-00658-000,processed_zscore,case_brain_mask,T1,-0.3300141990184784,-0.2981169819831848,0.013014365918934345,0.34302856493741274,0.31113134790211916,26.357685581772927,23.906761946001556,26.357685581772927,23.906761946001556,abs(mean_region - mean_healthy) / abs(mean_healthy),24605,71561,1639226
BraTS-GLI-00658-000,processed_zscore,case_brain_mask,T1ce,1.737919807434082,0.20666107535362244,-0.009021877311170101,1.7469416847452521,0.21568295266479254,193.63394385582492,23.906659914090465,193.63394385582492,23.906659914090465,abs(mean_region - mean_healthy) / abs(mean_healthy),24605,71561,1639226
BraTS-GLI-00658-000,processed_zscore,case_brain_mask,T2,0.6164754033088684,0.8243342638015747,-0.035986579954624176,0.6524619832634926,0.8603208437561989,18.130702725465664,23.90671313698011,18.130702725465664,23.90671313698011,abs(mean_region - mean_healthy) / abs(mean_healthy),24605,71561,1639226
BraTS-GLI-00658-000,processed_zscore,case_brain_mask,FLAIR,0.576533854007721,0.9023469686508179,-0.039392340928316116,0.6159261949360371,0.941739309579134,15.635684004077433,23.90666021328502,15.635684004077433,23.90666021328502,abs(mean_region - mean_healthy) / abs(mean_healthy),24605,71561,1639226
BraTS-GLI-00659-000,processed_zscore,case_brain_mask,T1,-0.5144655704498291,-0.10010452568531036,0.002179540926590562,0.5166451113764197,0.10228406661190093,237.04308786924383,46.929179151456935,237.04308786924383,46.929179151456935,abs(mean_region - mean_healthy) / abs(mean_healthy),6152,30093,1382107
BraTS-GLI-00659-000,processed_zscore,case_brain_mask,T1ce,0.7334781289100647,0.049725744873285294,-0.0010825933422893286,0.734560722252354,0.05080833821557462,678.5195267310622,46.932062327421775,678.5195267310622,46.932062327421775,abs(mean_region - mean_healthy) / abs(mean_healthy),6152,30093,1382107
BraTS-GLI-00659-000,processed_zscore,case_brain_mask,T2,0.21066725254058838,0.33838316798210144,-0.0073676276952028275,0.2180348802357912,0.34575079567730427,29.593634376742052,46.928375045664666,29.593634376742052,46.928375045664666,abs(mean_region - mean_healthy) / abs(mean_healthy),6152,30093,1382107
BraTS-GLI-00659-000,processed_zscore,case_brain_mask,FLAIR,2.3588192462921143,2.4037628173828125,-0.05233783647418022,2.4111570827662945,2.4561006538569927,46.069101155065674,46.927821616559534,46.069101155065674,46.927821616559534,abs(mean_region - mean_healthy) / abs(mean_healthy),6152,30093,1382107
BraTS-GLI-00661-000,processed_zscore,case_brain_mask,T1,-0.31526413559913635,-0.2260732352733612,0.019185807555913925,0.3344499431550503,0.24525904282927513,17.432153542682535,12.783357808343872,17.432153542682535,12.783357808343872,abs(mean_region - mean_healthy) / abs(mean_healthy),27642,117203,1381051
BraTS-GLI-00661-000,processed_zscore,case_brain_mask,T1ce,1.675416350364685,-0.1027890294790268,0.00872316025197506,1.66669319011271,0.11151218973100185,191.06529537106059,12.783462244173922,191.06529537106059,12.783462244173922,abs(mean_region - mean_healthy) / abs(mean_healthy),27642,117203,1381051
BraTS-GLI-00661-000,processed_zscore,case_brain_mask,T2,1.0668504238128662,1.2181358337402344,-0.1033770963549614,1.1702275201678276,1.3215129300951958,11.319988289762644,12.783420861015237,11.319988289762644,12.783420861015237,abs(mean_region - mean_healthy) / abs(mean_healthy),27642,117203,1381051
BraTS-GLI-00661-000,processed_zscore,case_brain_mask,FLAIR,1.3280706405639648,1.4560482501983643,-0.1235676184296608,1.4516382589936256,1.579615868628025,11.747723857119988,12.783412747630157,11.747723857119988,12.783412747630157,abs(mean_region - mean_healthy) / abs(mean_healthy),27642,117203,1381051
BraTS-GLI-00663-000,processed_zscore,case_brain_mask,T1,-0.6835671663284302,-0.3537648618221283,0.04496411234140396,0.7285312786698341,0.39872897416353226,16.20250552570091,8.867715904987936,16.20250552570091,8.867715904987936,abs(mean_region - mean_healthy) / abs(mean_healthy),25344,183583,1444379
BraTS-GLI-00663-000,processed_zscore,case_brain_mask,T1ce,2.6105105876922607,-0.2299642711877823,0.029228881001472473,2.5812817066907883,0.25919315218925476,88.3127105194602,8.867706983931315,88.3127105194602,8.867706983931315,abs(mean_region - mean_healthy) / abs(mean_healthy),25344,183583,1444379
BraTS-GLI-00663-000,processed_zscore,case_brain_mask,T2,0.6991122961044312,0.8305034637451172,-0.10555844008922577,0.8046707361936569,0.936061903834343,7.622988133525751,8.867712549021324,7.622988133525751,8.867712549021324,abs(mean_region - mean_healthy) / abs(mean_healthy),25344,183583,1444379
BraTS-GLI-00663-000,processed_zscore,case_brain_mask,FLAIR,1.4414805173873901,1.4141916036605835,-0.17974595725536346,1.6212264746427536,1.593937560915947,9.01954346789281,8.867724121613785,9.01954346789281,8.867724121613785,abs(mean_region - mean_healthy) / abs(mean_healthy),25344,183583,1444379
BraTS-GLI-00667-000,processed_zscore,case_brain_mask,T1,-0.2233787328004837,-0.348692387342453,0.01993713155388832,0.24331586435437202,0.3686295188963413,12.204156034016757,18.489596555049456,12.204156034016757,18.489596555049456,abs(mean_region - mean_healthy) / abs(mean_healthy),8378,86605,1514693
BraTS-GLI-00667-000,processed_zscore,case_brain_mask,T1ce,2.930440664291382,-0.2925724983215332,0.01672832854092121,2.9137123357504606,0.3093008268624544,174.1783304065838,18.489643248327877,174.1783304065838,18.489643248327877,abs(mean_region - mean_healthy) / abs(mean_healthy),8378,86605,1514693
BraTS-GLI-00667-000,processed_zscore,case_brain_mask,T2,1.384568691253662,1.5206501483917236,-0.08694569021463394,1.471514381468296,1.6075958386063576,16.92452354838657,18.489655262243016,16.92452354838657,18.489655262243016,abs(mean_region - mean_healthy) / abs(mean_healthy),8378,86605,1514693
BraTS-GLI-00667-000,processed_zscore,case_brain_mask,FLAIR,0.7804282307624817,1.3473292589187622,-0.07703555375337601,0.8574637845158577,1.4243648126721382,11.130753823889792,18.48970693755436,11.130753823889792,18.48970693755436,abs(mean_region - mean_healthy) / abs(mean_healthy),8378,86605,1514693
BraTS-GLI-00674-000,processed_zscore,case_brain_mask,T1,-0.29086193442344666,-0.35753190517425537,0.029891209676861763,0.3207531441003084,0.38742311485111713,10.730684624938332,12.961105256004886,10.730684624938332,12.961105256004886,abs(mean_region - mean_healthy) / abs(mean_healthy),21058,111652,1335480
BraTS-GLI-00674-000,processed_zscore,case_brain_mask,T1ce,1.2651082277297974,-0.24512118101119995,0.02049335464835167,1.2446148730814457,0.2656145356595516,60.73260793256965,12.961008103225094,60.73260793256965,12.961008103225094,abs(mean_region - mean_healthy) / abs(mean_healthy),21058,111652,1335480
BraTS-GLI-00674-000,processed_zscore,case_brain_mask,T2,0.4708721935749054,0.7564073204994202,-0.06323904544115067,0.5341112390160561,0.8196463659405708,8.445909252584974,12.961080614401775,8.445909252584974,12.961080614401775,abs(mean_region - mean_healthy) / abs(mean_healthy),21058,111652,1335480
BraTS-GLI-00674-000,processed_zscore,case_brain_mask,FLAIR,0.5480015277862549,1.0171260833740234,-0.08503615111112595,0.6330376788973808,1.1021622344851494,7.444335975062206,12.961102073456201,7.444335975062206,12.961102073456201,abs(mean_region - mean_healthy) / abs(mean_healthy),21058,111652,1335480
BraTS-GLI-00674-001,processed_zscore,case_brain_mask,T1,-0.9789072275161743,-0.7696496248245239,0.08574637025594711,1.0646535977721214,0.855395995080471,12.416310971463894,9.975885772507592,12.416310971463894,9.975885772507592,abs(mean_region - mean_healthy) / abs(mean_healthy),22802,121123,1087187
BraTS-GLI-00674-001,processed_zscore,case_brain_mask,T1ce,1.7944247722625732,-0.2697140574455261,0.030048804357647896,1.7643759679049253,0.299762861803174,58.71701073044072,9.975866534832013,58.71701073044072,9.975866534832013,abs(mean_region - mean_healthy) / abs(mean_healthy),22802,121123,1087187
BraTS-GLI-00674-001,processed_zscore,case_brain_mask,T2,1.340449333190918,1.143758773803711,-0.1274256855249405,1.4678750187158585,1.2711844593286514,11.519459461166152,9.975888723626666,11.519459461166152,9.975888723626666,abs(mean_region - mean_healthy) / abs(mean_healthy),22802,121123,1087187
BraTS-GLI-00674-001,processed_zscore,case_brain_mask,FLAIR,1.9795938730239868,2.1165478229522705,-0.23580344021320343,2.2153973132371902,2.352351263165474,9.39510174760013,9.975898829290099,9.39510174760013,9.975898829290099,abs(mean_region - mean_healthy) / abs(mean_healthy),22802,121123,1087187
BraTS-GLI-00675-000,processed_zscore,case_brain_mask,T1,-0.18246883153915405,-0.08865071833133698,0.0010522109223529696,0.18352104246150702,0.08970292925368994,174.41469059370203,85.25185145683047,174.41469059370203,85.25185145683047,abs(mean_region - mean_healthy) / abs(mean_healthy),11483,20026,1687172
BraTS-GLI-00675-000,processed_zscore,case_brain_mask,T1ce,1.1823408603668213,0.740393340587616,-0.00878820288926363,1.191129063256085,0.7491815434768796,135.53727403258557,85.24854886909127,135.53727403258557,85.24854886909127,abs(mean_region - mean_healthy) / abs(mean_healthy),11483,20026,1687172
BraTS-GLI-00675-000,processed_zscore,case_brain_mask,T2,0.03986843675374985,-0.020341983065009117,0.00024145263887476176,0.039626984114875086,0.02058343570388388,164.11907651764812,85.2483360704135,164.11907651764812,85.2483360704135,abs(mean_region - mean_healthy) / abs(mean_healthy),11483,20026,1687172
BraTS-GLI-00675-000,processed_zscore,case_brain_mask,FLAIR,1.4409034252166748,1.2442604303359985,-0.01476882304996252,1.4556722482666373,1.259029253385961,98.56386276293908,85.24912575136825,98.56386276293908,85.24912575136825,abs(mean_region - mean_healthy) / abs(mean_healthy),11483,20026,1687172
BraTS-GLI-00676-000,processed_zscore,case_brain_mask,T1,-0.25253868103027344,-0.2933824062347412,0.015779854729771614,0.26831853576004505,0.3091622609645128,17.003866027601163,19.592212112144548,17.003866027601163,19.592212112144548,abs(mean_region - mean_healthy) / abs(mean_healthy),26455,76003,1413060
BraTS-GLI-00676-000,processed_zscore,case_brain_mask,T1ce,1.5155675411224365,0.25151732563972473,-0.013528105802834034,1.5290956469252706,0.26504543144255877,113.03102364892332,19.592205686847436,113.03102364892332,19.592205686847436,abs(mean_region - mean_healthy) / abs(mean_healthy),26455,76003,1413060
BraTS-GLI-00676-000,processed_zscore,case_brain_mask,T2,0.07199864089488983,0.22681529819965363,-0.012199485674500465,0.0841981265693903,0.2390147838741541,6.901776748292134,19.592201692055436,6.901776748292134,19.592201692055436,abs(mean_region - mean_healthy) / abs(mean_healthy),26455,76003,1413060
BraTS-GLI-00676-000,processed_zscore,case_brain_mask,FLAIR,0.6915220022201538,1.0280487537384033,-0.055294737219810486,0.7468167394399643,1.0833434909582138,13.506108844883013,19.592162752336645,13.506108844883013,19.592162752336645,abs(mean_region - mean_healthy) / abs(mean_healthy),26455,76003,1413060
BraTS-GLI-00676-001,processed_zscore,case_brain_mask,T1,0.6803039908409119,0.806610107421875,-0.03608847036957741,0.7163924612104893,0.8426985777914524,19.8510065368248,23.35090872961597,19.8510065368248,23.35090872961597,abs(mean_region - mean_healthy) / abs(mean_healthy),21068,61557,1375850
BraTS-GLI-00676-001,processed_zscore,case_brain_mask,T1ce,1.6618973016738892,0.2742109000682831,-0.012268555350601673,1.6741658570244908,0.28647945541888475,136.45990169024967,23.350708150396475,136.45990169024967,23.350708150396475,abs(mean_region - mean_healthy) / abs(mean_healthy),21068,61557,1375850
BraTS-GLI-00676-001,processed_zscore,case_brain_mask,T2,1.0129961967468262,0.9152615666389465,-0.040949806571006775,1.053946003317833,0.9562113732099533,25.73750871057951,23.350815383019874,25.73750871057951,23.350815383019874,abs(mean_region - mean_healthy) / abs(mean_healthy),21068,61557,1375850
BraTS-GLI-00676-001,processed_zscore,case_brain_mask,FLAIR,1.293968677520752,1.4268429279327393,-0.06383854895830154,1.3578072264790535,1.4906814768910408,21.26939362869846,23.350804509431022,21.26939362869846,23.350804509431022,abs(mean_region - mean_healthy) / abs(mean_healthy),21068,61557,1375850
BraTS-GLI-00677-000,processed_zscore,case_brain_mask,T1,-0.06629088521003723,-0.14304296672344208,0.016643565148115158,0.08293445035815239,0.15968653187155724,4.982973877297227,9.594490750657549,4.982973877297227,9.594490750657549,abs(mean_region - mean_healthy) / abs(mean_healthy),27542,181191,1557239
BraTS-GLI-00677-000,processed_zscore,case_brain_mask,T1ce,2.316688299179077,0.020129067823290825,-0.0023419966455549,2.319030295824632,0.022471064468845725,990.1936880337305,9.594832047046571,990.1936880337305,9.594832047046571,abs(mean_region - mean_healthy) / abs(mean_healthy),27542,181191,1557239
BraTS-GLI-00677-000,processed_zscore,case_brain_mask,T2,0.5074493288993835,1.0043919086456299,-0.11686494201421738,0.6243142709136009,1.1212568506598473,5.342186118037427,9.594467180101276,5.342186118037427,9.594467180101276,abs(mean_region - mean_healthy) / abs(mean_healthy),27542,181191,1557239
BraTS-GLI-00677-000,processed_zscore,case_brain_mask,FLAIR,0.21589654684066772,0.8863354921340942,-0.1031285971403122,0.3190251439809799,0.9894640892744064,3.093469249338556,9.594468621813846,3.093469249338556,9.594468621813846,abs(mean_region - mean_healthy) / abs(mean_healthy),27542,181191,1557239
BraTS-GLI-00679-000,processed_zscore,case_brain_mask,T1,-0.3795282542705536,-0.09597209841012955,0.013635379262268543,0.39316363353282213,0.10960747767239809,28.834081250733817,8.038461971916027,28.834081250733817,8.038461971916027,abs(mean_region - mean_healthy) / abs(mean_healthy),34578,173503,1221200
BraTS-GLI-00679-000,processed_zscore,case_brain_mask,T1ce,0.6608867645263672,0.08156246691942215,-0.011587931774556637,0.6724746963009238,0.09315039869397879,58.03233134125466,8.038569824729814,58.03233134125466,8.038569824729814,abs(mean_region - mean_healthy) / abs(mean_healthy),34578,173503,1221200
BraTS-GLI-00679-000,processed_zscore,case_brain_mask,T2,0.1271887719631195,0.2281007319688797,-0.03240763768553734,0.15959640964865685,0.26050836965441704,4.924654218776349,8.038486858629469,4.924654218776349,8.038486858629469,abs(mean_region - mean_healthy) / abs(mean_healthy),34578,173503,1221200
BraTS-GLI-00679-000,processed_zscore,case_brain_mask,FLAIR,1.0306283235549927,1.5095211267471313,-0.21446652710437775,1.2450948506593704,1.723987653851509,5.805543958164627,8.038492892704275,5.805543958164627,8.038492892704275,abs(mean_region - mean_healthy) / abs(mean_healthy),34578,173503,1221200
BraTS-GLI-00680-000,processed_zscore,case_brain_mask,T1,-0.7116958498954773,-0.3216012418270111,0.013517841696739197,0.7252136915922165,0.3351190835237503,53.64863029629605,24.790872022461134,53.64863029629605,24.790872022461134,abs(mean_region - mean_healthy) / abs(mean_healthy),16495,72702,1729636
BraTS-GLI-00680-000,processed_zscore,case_brain_mask,T1ce,1.1136633157730103,-0.030667530372738838,0.0012890323996543884,1.1123742833733559,0.03195656277239323,862.9529278485184,24.7911245527741,862.9529278485184,24.7911245527741,abs(mean_region - mean_healthy) / abs(mean_healthy),16495,72702,1729636
BraTS-GLI-00680-000,processed_zscore,case_brain_mask,T2,0.08027826249599457,0.1765194982290268,-0.007419636473059654,0.08769789896905422,0.18393913470208645,11.819702931199002,24.790855370065724,11.819702931199002,24.790855370065724,abs(mean_region - mean_healthy) / abs(mean_healthy),16495,72702,1729636
BraTS-GLI-00680-000,processed_zscore,case_brain_mask,FLAIR,1.2905558347702026,1.1889045238494873,-0.04997341334819794,1.3405292481184006,1.2388779371976852,26.82484862056637,24.790740799824906,26.82484862056637,24.790740799824906,abs(mean_region - mean_healthy) / abs(mean_healthy),16495,72702,1729636
BraTS-GLI-00680-001,processed_zscore,case_brain_mask,T1,-0.837710440158844,-0.1926306188106537,0.007438553962856531,0.8451489941217005,0.20006917277351022,113.61737756314521,26.89624539561453,113.61737756314521,26.89624539561453,abs(mean_region - mean_healthy) / abs(mean_healthy),8505,62146,1609335
BraTS-GLI-00680-001,processed_zscore,case_brain_mask,T1ce,1.3694064617156982,0.05762164294719696,-0.002225266071036458,1.3716317277867347,0.05984690901823342,616.389988433101,26.89427111534516,616.389988433101,26.89427111534516,abs(mean_region - mean_healthy) / abs(mean_healthy),8505,62146,1609335
BraTS-GLI-00680-001,processed_zscore,case_brain_mask,T2,1.1282691955566406,0.7772954106330872,-0.030015939846634865,1.1582851354032755,0.807311350479722,38.589001088137934,26.896087698890796,38.589001088137934,26.896087698890796,abs(mean_region - mean_healthy) / abs(mean_healthy),8505,62146,1609335
BraTS-GLI-00680-001,processed_zscore,case_brain_mask,FLAIR,2.285187244415283,2.1752147674560547,-0.0839981660246849,2.369185410439968,2.2592129334807396,28.205204024856034,26.895979286224115,28.205204024856034,26.895979286224115,abs(mean_region - mean_healthy) / abs(mean_healthy),8505,62146,1609335
BraTS-GLI-00682-000,processed_zscore,case_brain_mask,T1,0.03920065611600876,-0.09766034036874771,0.005058865062892437,0.03414179105311632,0.10271920543164015,6.748903287330527,20.304792508719302,6.748903287330527,20.304792508719302,abs(mean_region - mean_healthy) / abs(mean_healthy),12396,81790,1578935
BraTS-GLI-00682-000,processed_zscore,case_brain_mask,T1ce,1.1464595794677734,-0.22576458752155304,0.011694839224219322,1.1347647402435541,0.23745942674577236,97.03123903520822,20.304633710056304,97.03123903520822,20.304633710056304,abs(mean_region - mean_healthy) / abs(mean_healthy),12396,81790,1578935
BraTS-GLI-00682-000,processed_zscore,case_brain_mask,T2,0.018054712563753128,0.35032033920288086,-0.01814691163599491,0.03620162419974804,0.36846725083887577,1.9949192967877298,20.30468094130191,1.9949192967877298,20.30468094130191,abs(mean_region - mean_healthy) / abs(mean_healthy),12396,81790,1578935
BraTS-GLI-00682-000,processed_zscore,case_brain_mask,FLAIR,0.7282597422599792,1.4752898216247559,-0.07642119377851486,0.8046809360384941,1.5517110154032707,10.529552029383805,20.30472096393135,10.529552029383805,20.30472096393135,abs(mean_region - mean_healthy) / abs(mean_healthy),12396,81790,1578935
BraTS-GLI-00682-001,processed_zscore,case_brain_mask,T1,0.027940111234784126,0.2195701003074646,-0.01697884313762188,0.044918954372406006,0.23654894344508648,2.6455839192526707,13.931982381116363,2.6455839192526707,13.931982381116363,abs(mean_region - mean_healthy) / abs(mean_healthy),28554,114032,1474651
BraTS-GLI-00682-001,processed_zscore,case_brain_mask,T1ce,2.058302879333496,0.44868892431259155,-0.034696418792009354,2.0929992981255054,0.4833853431046009,60.32320830204894,13.93185118044302,60.32320830204894,13.93185118044302,abs(mean_region - mean_healthy) / abs(mean_healthy),28554,114032,1474651
BraTS-GLI-00682-001,processed_zscore,case_brain_mask,T2,2.109402656555176,1.6784822940826416,-0.12979388236999512,2.239196538925171,1.8082761764526367,17.251942064126233,13.931906060856548,17.251942064126233,13.931906060856548,abs(mean_region - mean_healthy) / abs(mean_healthy),28554,114032,1474651
BraTS-GLI-00682-001,processed_zscore,case_brain_mask,FLAIR,3.053781032562256,2.7445874214172363,-0.21223393082618713,3.266014963388443,2.9568213522434235,15.388750284530166,13.931897414956548,15.388750284530166,13.931897414956548,abs(mean_region - mean_healthy) / abs(mean_healthy),28554,114032,1474651
BraTS-GLI-00683-000,processed_zscore,case_brain_mask,T1,0.13214918971061707,-0.07511385530233383,0.005696951411664486,0.12645223829895258,0.08081080671399832,22.196474774217332,14.18492117530413,22.196474774217332,14.18492117530413,abs(mean_region - mean_healthy) / abs(mean_healthy),45294,119693,1578158
BraTS-GLI-00683-000,processed_zscore,case_brain_mask,T1ce,1.337127685546875,0.2528407871723175,-0.019176268950104713,1.3563039544969797,0.2720170561224222,70.72825052808687,14.185087663830291,70.72825052808687,14.185087663830291,abs(mean_region - mean_healthy) / abs(mean_healthy),45294,119693,1578158
BraTS-GLI-00683-000,processed_zscore,case_brain_mask,T2,0.19703206419944763,0.4469435513019562,-0.03389773145318031,0.23092979565262794,0.4808412827551365,6.812544254520074,14.185057882686824,6.812544254520074,14.185057882686824,abs(mean_region - mean_healthy) / abs(mean_healthy),45294,119693,1578158
BraTS-GLI-00683-000,processed_zscore,case_brain_mask,FLAIR,0.939160943031311,1.3941696882247925,-0.10573875159025192,1.044899694621563,1.4999084398150444,9.881899293370251,14.185040179283915,9.881899293370251,14.185040179283915,abs(mean_region - mean_healthy) / abs(mean_healthy),45294,119693,1578158
BraTS-GLI-00683-001,processed_zscore,case_brain_mask,T1,-0.30277368426322937,-0.229638010263443,0.029357025399804115,0.3321307096630335,0.2589950356632471,11.313500095457547,8.822250624376109,11.313500095457547,8.822250624376109,abs(mean_region - mean_healthy) / abs(mean_healthy),67362,193540,1513931
BraTS-GLI-00683-001,processed_zscore,case_brain_mask,T1ce,1.8427796363830566,0.4280053973197937,-0.0547158345580101,1.8974954709410667,0.4827212318778038,34.67909219093294,8.822331520247936,34.67909219093294,8.822331520247936,abs(mean_region - mean_healthy) / abs(mean_healthy),67362,193540,1513931
BraTS-GLI-00683-001,processed_zscore,case_brain_mask,T2,1.557775616645813,1.5092191696166992,-0.19293774664402008,1.750713363289833,1.7021569162607193,9.073980564933144,8.822311579088176,9.073980564933144,8.822311579088176,abs(mean_region - mean_healthy) / abs(mean_healthy),67362,193540,1513931
BraTS-GLI-00683-001,processed_zscore,case_brain_mask,FLAIR,1.7829827070236206,1.7732300758361816,-0.2266887128353119,2.0096714198589325,1.9999187886714935,8.865335175814192,8.82231304619222,8.865335175814192,8.82231304619222,abs(mean_region - mean_healthy) / abs(mean_healthy),67362,193540,1513931
BraTS-GLI-00685-000,processed_zscore,case_brain_mask,T1,0.09191807359457016,-0.0782335102558136,0.004612743388861418,0.08730533020570874,0.08284625364467502,18.926986143761766,17.960299687324312,18.926986143761766,17.960299687324312,abs(mean_region - mean_healthy) / abs(mean_healthy),18568,89333,1515131
BraTS-GLI-00685-000,processed_zscore,case_brain_mask,T1ce,1.2487010955810547,-0.011891263537108898,0.0007010410190559924,1.2480000545619987,0.01259230455616489,1780.2097461323024,17.962293523311136,1780.2097461323024,17.962293523311136,abs(mean_region - mean_healthy) / abs(mean_healthy),18568,89333,1515131
BraTS-GLI-00685-000,processed_zscore,case_brain_mask,T2,0.21244406700134277,0.4297293424606323,-0.02533707208931446,0.23778113909065723,0.4550664145499468,9.38471257659396,17.960497288156052,9.38471257659396,17.960497288156052,abs(mean_region - mean_healthy) / abs(mean_healthy),18568,89333,1515131
BraTS-GLI-00685-000,processed_zscore,case_brain_mask,FLAIR,1.0543568134307861,1.2447682619094849,-0.07339222729206085,1.127749040722847,1.3181604892015457,15.366055539301508,17.96049170106242,15.366055539301508,17.96049170106242,abs(mean_region - mean_healthy) / abs(mean_healthy),18568,89333,1515131
BraTS-GLI-00685-001,processed_zscore,case_brain_mask,T1,-0.16185766458511353,0.08153432607650757,-0.0072031691670417786,0.15465449541807175,0.08873749524354935,21.47034060031465,12.319229659296251,21.47034060031465,12.319229659296251,abs(mean_region - mean_healthy) / abs(mean_healthy),22039,114056,1291002
BraTS-GLI-00685-001,processed_zscore,case_brain_mask,T1ce,2.0706138610839844,0.3043263852596283,-0.02688627690076828,2.0975001379847527,0.3312126621603966,78.01378174174856,12.319022949247842,78.01378174174856,12.319022949247842,abs(mean_region - mean_healthy) / abs(mean_healthy),22039,114056,1291002
BraTS-GLI-00685-001,processed_zscore,case_brain_mask,T2,1.1899553537368774,0.9531365036964417,-0.08420656621456146,1.274161919951439,1.0373430699110031,15.131384370962556,12.319028272306157,15.131384370962556,12.319028272306157,abs(mean_region - mean_healthy) / abs(mean_healthy),22039,114056,1291002
BraTS-GLI-00685-001,processed_zscore,case_brain_mask,FLAIR,1.7445365190505981,1.5592656135559082,-0.1377563774585724,1.8822928965091705,1.6970219910144806,13.663925628962145,12.319008544811856,13.663925628962145,12.319008544811856,abs(mean_region - mean_healthy) / abs(mean_healthy),22039,114056,1291002
BraTS-GLI-00686-000,processed_zscore,case_brain_mask,T1,-0.6439114809036255,-0.212728813290596,0.03766585886478424,0.6815773397684097,0.25039467215538025,18.095361696521717,6.6477887323442175,18.095361696521717,6.6477887323442175,abs(mean_region - mean_healthy) / abs(mean_healthy),52705,255108,1440796
BraTS-GLI-00686-000,processed_zscore,case_brain_mask,T1ce,1.6027101278305054,-0.07538008689880371,0.013346736319363117,1.5893633915111423,0.08872682321816683,119.08254973205194,6.647829184236159,119.08254973205194,6.647829184236159,abs(mean_region - mean_healthy) / abs(mean_healthy),52705,255108,1440796
BraTS-GLI-00686-000,processed_zscore,case_brain_mask,T2,0.13392597436904907,0.5208725929260254,-0.09222598373889923,0.2261519581079483,0.6130985766649246,2.452150131010872,6.647785708642226,2.452150131010872,6.647785708642226,abs(mean_region - mean_healthy) / abs(mean_healthy),52705,255108,1440796
BraTS-GLI-00686-000,processed_zscore,case_brain_mask,FLAIR,0.8708837032318115,1.4896290302276611,-0.26375433802604675,1.1346380412578583,1.7533833682537079,4.301874425078871,6.647789687085846,4.301874425078871,6.647789687085846,abs(mean_region - mean_healthy) / abs(mean_healthy),52705,255108,1440796
BraTS-GLI-00687-000,processed_zscore,case_brain_mask,T1,0.021176517009735107,-0.19636279344558716,0.013236870989203453,0.007939646020531654,0.2095996644347906,0.5998129034427822,15.83453254215055,0.5998129034427822,15.83453254215055,abs(mean_region - mean_healthy) / abs(mean_healthy),18938,92543,1372850
BraTS-GLI-00687-000,processed_zscore,case_brain_mask,T1ce,1.721799373626709,-0.023881228640675545,0.0016098956111818552,1.7201894780155271,0.0254911242518574,1068.509949382807,15.834023072554299,1068.509949382807,15.834023072554299,abs(mean_region - mean_healthy) / abs(mean_healthy),18938,92543,1372850
BraTS-GLI-00687-000,processed_zscore,case_brain_mask,T2,-0.2636258602142334,0.12479787319898605,-0.008412554860115051,0.25521330535411835,0.1332104280591011,30.337193587184288,15.834717309323947,30.337193587184288,15.834717309323947,abs(mean_region - mean_healthy) / abs(mean_healthy),18938,92543,1372850
BraTS-GLI-00687-000,processed_zscore,case_brain_mask,FLAIR,0.5882813930511475,1.2065808773040771,-0.08133485168218613,0.6696162447333336,1.2879157289862633,8.232832923207903,15.834733848397011,8.232832923207903,15.834733848397011,abs(mean_region - mean_healthy) / abs(mean_healthy),18938,92543,1372850
BraTS-GLI-00688-000,processed_zscore,case_brain_mask,T1,-0.5705425143241882,-0.638444721698761,0.009302611462771893,0.5798451257869601,0.6477473331615329,62.33143543696751,69.63069840697443,62.33143543696751,69.63069840697443,abs(mean_region - mean_healthy) / abs(mean_healthy),6311,24277,1666153
BraTS-GLI-00688-000,processed_zscore,case_brain_mask,T1ce,1.1794703006744385,-0.1762000024318695,0.00256718834862113,1.1769031123258173,0.17876719078049064,458.44050085298466,69.63540126555529,458.44050085298466,69.63540126555529,abs(mean_region - mean_healthy) / abs(mean_healthy),6311,24277,1666153
BraTS-GLI-00688-000,processed_zscore,case_brain_mask,T2,1.0877540111541748,1.0165446996688843,-0.014811749570071697,1.1025657607242465,1.031356449238956,74.43859049251462,69.63096725068135,74.43859049251462,69.63096725068135,abs(mean_region - mean_healthy) / abs(mean_healthy),6311,24277,1666153
BraTS-GLI-00688-000,processed_zscore,case_brain_mask,FLAIR,0.9899646639823914,0.7270497679710388,-0.010593606159090996,1.0005582701414824,0.7376433741301298,94.44926072533332,69.63099845817042,94.44926072533332,69.63099845817042,abs(mean_region - mean_healthy) / abs(mean_healthy),6311,24277,1666153
BraTS-GLI-00689-000,processed_zscore,case_brain_mask,T1,0.01256211381405592,-0.4217814803123474,0.04648450389504433,0.03392239008098841,0.46826598420739174,0.7297569563736883,10.07359324011874,0.7297569563736883,10.07359324011874,abs(mean_region - mean_healthy) / abs(mean_healthy),36199,141967,1288151
BraTS-GLI-00689-000,processed_zscore,case_brain_mask,T1ce,2.0132901668548584,-0.07630426436662674,0.008409605361521244,2.004880561493337,0.08471386972814798,238.40364384597794,10.073465529757485,238.40364384597794,10.073465529757485,abs(mean_region - mean_healthy) / abs(mean_healthy),36199,141967,1288151
BraTS-GLI-00689-000,processed_zscore,case_brain_mask,T2,0.03317788988351822,0.4958062469959259,-0.054642826318740845,0.08782071620225906,0.5504490733146667,1.6071774122734057,10.07358349481786,1.6071774122734057,10.07358349481786,abs(mean_region - mean_healthy) / abs(mean_healthy),36199,141967,1288151
BraTS-GLI-00689-000,processed_zscore,case_brain_mask,FLAIR,0.8164963126182556,0.8470573425292969,-0.09335418790578842,0.909850500524044,0.9404115304350853,9.746220506382112,10.073586965205394,9.746220506382112,10.073586965205394,abs(mean_region - mean_healthy) / abs(mean_healthy),36199,141967,1288151
BraTS-GLI-00689-001,processed_zscore,case_brain_mask,T1,-0.22079779207706451,-0.2965041697025299,0.043810147792100906,0.2646079398691654,0.3403143174946308,6.039877818373281,7.7679335643782155,6.039877818373281,7.7679335643782155,abs(mean_region - mean_healthy) / abs(mean_healthy),45183,185011,1252143
BraTS-GLI-00689-001,processed_zscore,case_brain_mask,T1ce,1.7653543949127197,-0.21650904417037964,0.03199059143662453,1.7333638034760952,0.24849963560700417,54.18354977618977,7.767897511344807,54.18354977618977,7.767897511344807,abs(mean_region - mean_healthy) / abs(mean_healthy),45183,185011,1252143
BraTS-GLI-00689-001,processed_zscore,case_brain_mask,T2,1.0369230508804321,1.3755321502685547,-0.20324233174324036,1.2401653826236725,1.578774482011795,6.101904913147697,7.7679411984226245,6.101904913147697,7.7679411984226245,abs(mean_region - mean_healthy) / abs(mean_healthy),45183,185011,1252143
BraTS-GLI-00689-001,processed_zscore,case_brain_mask,FLAIR,2.0765445232391357,1.8545085191726685,-0.2740139067173004,2.350558429956436,2.128522425889969,8.578245017255648,7.767935764245576,8.578245017255648,7.767935764245576,abs(mean_region - mean_healthy) / abs(mean_healthy),45183,185011,1252143
BraTS-GLI-00690-000,processed_zscore,case_brain_mask,T1,-0.02466408535838127,0.03660251200199127,-0.0012513225665315986,0.023412762791849673,0.03785383456852287,18.710413620002793,30.25106042276988,18.710413620002793,30.25106042276988,abs(mean_region - mean_healthy) / abs(mean_healthy),8703,50717,1483354
BraTS-GLI-00690-000,processed_zscore,case_brain_mask,T1ce,1.5481069087982178,0.004403713624924421,-0.0001505341351730749,1.5482574429333908,0.004554247760097496,10285.09208993229,30.253920513518757,10285.09208993229,30.253920513518757,abs(mean_region - mean_healthy) / abs(mean_healthy),8703,50717,1483354
BraTS-GLI-00690-000,processed_zscore,case_brain_mask,T2,-0.21079154312610626,0.16103704273700714,-0.005505894776433706,0.20528564834967256,0.16654293751344085,37.284702429900186,30.24811484343595,37.284702429900186,30.24811484343595,abs(mean_region - mean_healthy) / abs(mean_healthy),8703,50717,1483354
BraTS-GLI-00690-000,processed_zscore,case_brain_mask,FLAIR,0.367072194814682,0.9308122992515564,-0.03182524815201759,0.3988974429666996,0.962637547403574,12.533993169866646,30.24760538568013,12.533993169866646,30.24760538568013,abs(mean_region - mean_healthy) / abs(mean_healthy),8703,50717,1483354
BraTS-GLI-00691-000,processed_zscore,case_brain_mask,T1,0.040714677423238754,-0.011312530376017094,0.0006088211666792631,0.04010585625655949,0.011921351542696357,65.87460891892398,19.58103987698036,65.87460891892398,19.58103987698036,abs(mean_region - mean_healthy) / abs(mean_healthy),20687,65669,1220003
BraTS-GLI-00691-000,processed_zscore,case_brain_mask,T1ce,1.6058447360992432,0.3181188106536865,-0.017123568803071976,1.6229683049023151,0.3352423794567585,94.77979290223391,19.577833529457706,94.77979290223391,19.577833529457706,abs(mean_region - mean_healthy) / abs(mean_healthy),20687,65669,1220003
BraTS-GLI-00691-000,processed_zscore,case_brain_mask,T2,0.47398054599761963,0.8958224654197693,-0.048219356685876846,0.5221999026834965,0.9440418221056461,10.82967377780147,19.57806754361263,10.82967377780147,19.57806754361263,abs(mean_region - mean_healthy) / abs(mean_healthy),20687,65669,1220003
BraTS-GLI-00691-000,processed_zscore,case_brain_mask,FLAIR,1.3645991086959839,1.7629550695419312,-0.09489448368549347,1.4594935923814774,1.8578495532274246,15.380173174434905,19.578056395615693,15.380173174434905,19.578056395615693,abs(mean_region - mean_healthy) / abs(mean_healthy),20687,65669,1220003
BraTS-GLI-00691-001,processed_zscore,case_brain_mask,T1,0.10973598062992096,0.25544556975364685,-0.010971459560096264,0.12070744019001722,0.2664170293137431,11.001949150779911,24.28273356470409,11.001949150779911,24.28273356470409,abs(mean_region - mean_healthy) / abs(mean_healthy),10826,52008,1210877
BraTS-GLI-00691-001,processed_zscore,case_brain_mask,T1ce,0.7897377610206604,-0.08648693561553955,0.0037146182730793953,0.786023142747581,0.09020155388861895,211.6026694974428,24.28285957195877,211.6026694974428,24.28285957195877,abs(mean_region - mean_healthy) / abs(mean_healthy),10826,52008,1210877
BraTS-GLI-00691-001,processed_zscore,case_brain_mask,T2,0.20627252757549286,0.5573152899742126,-0.023937050253152847,0.2302095778286457,0.5812523402273655,9.617290994253723,24.282538327829528,9.617290994253723,24.282538327829528,abs(mean_region - mean_healthy) / abs(mean_healthy),10826,52008,1210877
BraTS-GLI-00691-001,processed_zscore,case_brain_mask,FLAIR,2.3254141807556152,1.8463387489318848,-0.07930149883031845,2.4047156795859337,1.9256402477622032,30.32371033404183,24.282520206616763,30.32371033404183,24.282520206616763,abs(mean_region - mean_healthy) / abs(mean_healthy),10826,52008,1210877
BraTS-GLI-00692-000,processed_zscore,case_brain_mask,T1,-0.10653211921453476,-0.20173218846321106,0.007540079765021801,0.11407219897955656,0.20927226822823286,15.128778810634604,27.754649121756046,15.128778810634604,27.754649121756046,abs(mean_region - mean_healthy) / abs(mean_healthy),16151,67827,1814659
BraTS-GLI-00692-000,processed_zscore,case_brain_mask,T1ce,1.133488655090332,-0.16131992638111115,0.006029654759913683,1.1274590003304183,0.16734958114102483,186.98566422508713,27.754421737973686,186.98566422508713,27.754421737973686,abs(mean_region - mean_healthy) / abs(mean_healthy),16151,67827,1814659
BraTS-GLI-00692-000,processed_zscore,case_brain_mask,T2,0.40146058797836304,0.4249786138534546,-0.015884557738900185,0.4173451457172632,0.4408631715923548,26.273639630218586,27.75419869026075,26.273639630218586,27.75419869026075,abs(mean_region - mean_healthy) / abs(mean_healthy),16151,67827,1814659
BraTS-GLI-00692-000,processed_zscore,case_brain_mask,FLAIR,0.7035573124885559,1.0493921041488647,-0.03922345116734505,0.742780763655901,1.0886155553162098,18.937159825300967,27.75420119641389,18.937159825300967,27.75420119641389,abs(mean_region - mean_healthy) / abs(mean_healthy),16151,67827,1814659
BraTS-GLI-00692-001,processed_zscore,case_brain_mask,T1,-0.4322112500667572,-0.40301039814949036,0.018089963123202324,0.4503012131899595,0.4211003612726927,24.892323446055,23.278121597306416,24.892323446055,23.278121597306416,abs(mean_region - mean_healthy) / abs(mean_healthy),15604,69689,1552550
BraTS-GLI-00692-001,processed_zscore,case_brain_mask,T1ce,1.9035621881484985,0.07538247853517532,-0.0033836127258837223,1.9069458008743823,0.07876609126105905,563.5827606057758,23.278695773461234,563.5827606057758,23.278695773461234,abs(mean_region - mean_healthy) / abs(mean_healthy),15604,69689,1552550
BraTS-GLI-00692-001,processed_zscore,case_brain_mask,T2,0.38942959904670715,0.6120550036430359,-0.02747318148612976,0.4169027805328369,0.6395281851291656,15.174899956283419,23.278271773949474,15.174899956283419,23.278271773949474,abs(mean_region - mean_healthy) / abs(mean_healthy),15604,69689,1552550
BraTS-GLI-00692-001,processed_zscore,case_brain_mask,FLAIR,1.0364375114440918,1.5204066038131714,-0.06824607402086258,1.1046835854649544,1.588652677834034,16.186771199867945,23.278301362044484,16.186771199867945,23.278301362044484,abs(mean_region - mean_healthy) / abs(mean_healthy),15604,69689,1552550
BraTS-GLI-00693-000,processed_zscore,case_brain_mask,T1,0.7742336988449097,0.05920373275876045,-0.006170444190502167,0.7804041430354118,0.06537417694926262,126.4745484995466,10.594727856041478,126.4745484995466,10.594727856041478,abs(mean_region - mean_healthy) / abs(mean_healthy),13541,131654,1263146
BraTS-GLI-00693-000,processed_zscore,case_brain_mask,T1ce,1.8035424947738647,-0.1055847778916359,0.01100467424839735,1.7925378205254674,0.11658945214003325,162.88876708790548,10.594539148399834,162.88876708790548,10.594539148399834,abs(mean_region - mean_healthy) / abs(mean_healthy),13541,131654,1263146
BraTS-GLI-00693-000,processed_zscore,case_brain_mask,T2,0.07409290969371796,0.5434683561325073,-0.05664405599236488,0.13073696568608284,0.6001124121248722,2.308043860836961,10.594446347658474,2.308043860836961,10.594446347658474,abs(mean_region - mean_healthy) / abs(mean_healthy),13541,131654,1263146
BraTS-GLI-00693-000,processed_zscore,case_brain_mask,FLAIR,0.507716178894043,1.214606761932373,-0.12659494578838348,0.6343111246824265,1.3412017077207565,5.01055646994583,10.59443328774526,5.01055646994583,10.59443328774526,abs(mean_region - mean_healthy) / abs(mean_healthy),13541,131654,1263146
BraTS-GLI-00694-000,processed_zscore,case_brain_mask,T1,-0.813581109046936,0.050529759377241135,-0.0027133263647556305,0.8108677826821804,0.053243085741996765,298.8463876719118,19.62280926968105,298.8463876719118,19.62280926968105,abs(mean_region - mean_healthy) / abs(mean_healthy),1562,70468,1312262
BraTS-GLI-00694-000,processed_zscore,case_brain_mask,T1ce,2.210629940032959,-0.10284578800201416,0.00552284624427557,2.2051070937886834,0.10836863424628973,399.27004958254577,19.62188144538947,399.27004958254577,19.62188144538947,abs(mean_region - mean_healthy) / abs(mean_healthy),1562,70468,1312262
BraTS-GLI-00694-000,processed_zscore,case_brain_mask,T2,0.5306070446968079,0.2593229413032532,-0.013925516046583652,0.5445325607433915,0.2732484573498368,39.10322309936814,19.62214229158659,39.10322309936814,19.62214229158659,abs(mean_region - mean_healthy) / abs(mean_healthy),1562,70468,1312262
BraTS-GLI-00694-000,processed_zscore,case_brain_mask,FLAIR,2.148317813873291,0.9264547228813171,-0.049750201404094696,2.1980680152773857,0.9762049242854118,44.18209280046198,19.622130096644497,44.18209280046198,19.622130096644497,abs(mean_region - mean_healthy) / abs(mean_healthy),1562,70468,1312262
BraTS-GLI-00694-001,processed_zscore,case_brain_mask,T1,-0.8085559606552124,0.34635111689567566,-0.02988586761057377,0.7786700930446386,0.37623698450624943,26.054792960708333,12.589127055261896,26.054792960708333,12.589127055261896,abs(mean_region - mean_healthy) / abs(mean_healthy),701,107949,1251033
BraTS-GLI-00694-001,processed_zscore,case_brain_mask,T1ce,0.855065643787384,-0.012563535943627357,0.001083916868083179,0.8539817269193009,0.013647452811710536,787.8664425893655,12.590866710880674,787.8664425893655,12.590866710880674,abs(mean_region - mean_healthy) / abs(mean_healthy),701,107949,1251033
BraTS-GLI-00694-001,processed_zscore,case_brain_mask,T2,0.5208550095558167,-0.0641126036643982,0.005532052367925644,0.515322957187891,0.06964465603232384,93.15221963112432,12.58929803993134,93.15221963112432,12.58929803993134,abs(mean_region - mean_healthy) / abs(mean_healthy),701,107949,1251033
BraTS-GLI-00694-001,processed_zscore,case_brain_mask,FLAIR,1.1126770973205566,1.2787010669708252,-0.11033656448125839,1.223013661801815,1.3890376314520836,11.084391357948746,12.589096261811047,11.084391357948746,12.589096261811047,abs(mean_region - mean_healthy) / abs(mean_healthy),701,107949,1251033
BraTS-GLI-00697-000,processed_zscore,case_brain_mask,T1,0.17127612233161926,0.11654596775770187,-0.012025932781398296,0.18330205511301756,0.12857190053910017,15.24223180396859,10.691220620987927,15.24223180396859,10.691220620987927,abs(mean_region - mean_healthy) / abs(mean_healthy),45699,139740,1354257
BraTS-GLI-00697-000,processed_zscore,case_brain_mask,T1ce,1.6051281690597534,0.33194395899772644,-0.03425195813179016,1.6393801271915436,0.3661959171295166,47.86237682773502,10.691240358303496,47.86237682773502,10.691240358303496,abs(mean_region - mean_healthy) / abs(mean_healthy),45699,139740,1354257
BraTS-GLI-00697-000,processed_zscore,case_brain_mask,T2,-0.3852013051509857,-0.059134095907211304,0.006101831793785095,0.3913031369447708,0.0652359277009964,64.12879773961077,10.691203872161998,64.12879773961077,10.691203872161998,abs(mean_region - mean_healthy) / abs(mean_healthy),45699,139740,1354257
BraTS-GLI-00697-000,processed_zscore,case_brain_mask,FLAIR,-0.018310870975255966,0.607996940612793,-0.06273649632930756,0.04442562535405159,0.6707334369421005,0.7081304815120512,10.69127981615966,0.7081304815120512,10.69127981615966,abs(mean_region - mean_healthy) / abs(mean_healthy),45699,139740,1354257
BraTS-GLI-00698-000,processed_zscore,case_brain_mask,T1,-0.38844746351242065,-0.2081596553325653,0.015669070184230804,0.40411653369665146,0.2238287255167961,25.7907156548032,14.284748417430352,25.7907156548032,14.284748417430352,abs(mean_region - mean_healthy) / abs(mean_healthy),42880,129121,1715357
BraTS-GLI-00698-000,processed_zscore,case_brain_mask,T1ce,1.9635140895843506,0.23686286807060242,-0.01782955974340439,1.981343649327755,0.2546924278140068,111.12689700937258,14.284841099804726,111.12689700937258,14.284841099804726,abs(mean_region - mean_healthy) / abs(mean_healthy),42880,129121,1715357
BraTS-GLI-00698-000,processed_zscore,case_brain_mask,T2,0.38038370013237,0.6304280757904053,-0.047454576939344406,0.4278382770717144,0.6778826527297497,9.015743151995006,14.284874009017237,9.015743151995006,14.284874009017237,abs(mean_region - mean_healthy) / abs(mean_healthy),42880,129121,1715357
BraTS-GLI-00698-000,processed_zscore,case_brain_mask,FLAIR,1.2731529474258423,1.3088692426681519,-0.09852327406406403,1.3716762214899063,1.4073925167322159,13.922357275682739,14.284873600699358,13.922357275682739,14.284873600699358,abs(mean_region - mean_healthy) / abs(mean_healthy),42880,129121,1715357
BraTS-GLI-00703-000,processed_zscore,case_brain_mask,T1,0.0671914741396904,-0.03882014751434326,0.0022084973752498627,0.06498297676444054,0.041028644889593124,29.424067917259155,18.577629002140547,29.424067917259155,18.577629002140547,abs(mean_region - mean_healthy) / abs(mean_healthy),31298,98144,1725074
BraTS-GLI-00703-000,processed_zscore,case_brain_mask,T1ce,1.5507967472076416,0.3270011842250824,-0.01860399916768074,1.5694007463753223,0.34560518339276314,84.35824643024702,18.57692963097718,84.35824643024702,18.57692963097718,abs(mean_region - mean_healthy) / abs(mean_healthy),31298,98144,1725074
BraTS-GLI-00703-000,processed_zscore,case_brain_mask,T2,0.2112293839454651,0.39970752596855164,-0.02274039015173912,0.2339697740972042,0.42244791612029076,10.288731747168853,18.57698629185494,10.288731747168853,18.57698629185494,abs(mean_region - mean_healthy) / abs(mean_healthy),31298,98144,1725074
BraTS-GLI-00703-000,processed_zscore,case_brain_mask,FLAIR,0.7133553624153137,1.0229597091674805,-0.058198947459459305,0.771554309874773,1.0811586566269398,13.257186659814227,18.576945182386023,13.257186659814227,18.576945182386023,abs(mean_region - mean_healthy) / abs(mean_healthy),31298,98144,1725074
BraTS-GLI-00703-001,processed_zscore,case_brain_mask,T1,-0.6653296947479248,-0.39341795444488525,0.060530710965394974,0.7258604057133198,0.4539486654102802,11.99160548648255,7.499476846881905,11.99160548648255,7.499476846881905,abs(mean_region - mean_healthy) / abs(mean_healthy),42361,229819,1493707
BraTS-GLI-00703-001,processed_zscore,case_brain_mask,T1ce,1.8544538021087646,0.26041361689567566,-0.0400666669011116,1.8945204690098763,0.30048028379678726,47.28420444070717,7.499507871178842,47.28420444070717,7.499507871178842,abs(mean_region - mean_healthy) / abs(mean_healthy),42361,229819,1493707
BraTS-GLI-00703-001,processed_zscore,case_brain_mask,T2,1.2674360275268555,1.1978877782821655,-0.18430490791797638,1.4517409354448318,1.382192686200142,7.8768436057650675,7.49948930722603,7.8768436057650675,7.49948930722603,abs(mean_region - mean_healthy) / abs(mean_healthy),42361,229819,1493707
BraTS-GLI-00703-001,processed_zscore,case_brain_mask,FLAIR,1.6227813959121704,1.9187450408935547,-0.29521459341049194,1.9179959893226624,2.2139596343040466,6.496955205245272,7.499492517382315,6.496955205245272,7.499492517382315,abs(mean_region - mean_healthy) / abs(mean_healthy),42361,229819,1493707
BraTS-GLI-00704-000,processed_zscore,case_brain_mask,T1,-0.17828631401062012,-0.27669405937194824,0.01497025229036808,0.1932565663009882,0.2916643116623163,12.909372704782687,19.48292560506641,12.909372704782687,19.48292560506641,abs(mean_region - mean_healthy) / abs(mean_healthy),21217,66146,1222569
BraTS-GLI-00704-000,processed_zscore,case_brain_mask,T1ce,1.8142203092575073,-0.03958075866103172,0.002141471952199936,1.8120788373053074,0.04172223061323166,846.1837828152535,19.482968511621355,846.1837828152535,19.482968511621355,abs(mean_region - mean_healthy) / abs(mean_healthy),21217,66146,1222569
BraTS-GLI-00704-000,processed_zscore,case_brain_mask,T2,0.7750294804573059,1.9511154890060425,-0.10556337982416153,0.8805928602814674,2.056678868830204,8.341840340355565,19.482881963954206,8.341840340355565,19.482881963954206,abs(mean_region - mean_healthy) / abs(mean_healthy),21217,66146,1222569
BraTS-GLI-00704-000,processed_zscore,case_brain_mask,FLAIR,1.596081018447876,1.9741125106811523,-0.10680747032165527,1.7028884887695312,2.0809199810028076,15.943533571586421,19.482906717442404,15.943533571586421,19.482906717442404,abs(mean_region - mean_healthy) / abs(mean_healthy),21217,66146,1222569
BraTS-GLI-00705-000,processed_zscore,case_brain_mask,T1,-1.0227752923965454,-0.6431292295455933,0.006254848092794418,1.0290301404893398,0.6493840776383877,164.51720732830938,103.82091907019738,164.51720732830938,103.82091907019738,abs(mean_region - mean_healthy) / abs(mean_healthy),4178,17329,1781800
BraTS-GLI-00705-000,processed_zscore,case_brain_mask,T1ce,1.2082195281982422,-0.06458662450313568,0.0006281403475441039,1.207591387850698,0.06521476485067979,1922.4865789502703,103.82196447920556,1922.4865789502703,103.82196447920556,abs(mean_region - mean_healthy) / abs(mean_healthy),4178,17329,1781800
BraTS-GLI-00705-000,processed_zscore,case_brain_mask,T2,0.32881176471710205,0.14482463896274567,-0.001408426440320909,0.33022019115742296,0.14623306540306658,234.46037485790347,103.82726510711306,234.46037485790347,103.82726510711306,abs(mean_region - mean_healthy) / abs(mean_healthy),4178,17329,1781800
BraTS-GLI-00705-000,processed_zscore,case_brain_mask,FLAIR,2.1376819610595703,1.6063085794448853,-0.015622292645275593,2.153304253704846,1.6219308720901608,137.83535506589274,103.82156504926671,137.83535506589274,103.82156504926671,abs(mean_region - mean_healthy) / abs(mean_healthy),4178,17329,1781800
BraTS-GLI-00706-000,processed_zscore,case_brain_mask,T1,-0.10373905301094055,-0.06089762598276138,0.0055859265848994255,0.10932497959583998,0.06648355256766081,19.57150312203904,11.901973926293168,19.57150312203904,11.901973926293168,abs(mean_region - mean_healthy) / abs(mean_healthy),52446,148348,1617257
BraTS-GLI-00706-000,processed_zscore,case_brain_mask,T1ce,1.6984238624572754,0.3375815153121948,-0.03096570260822773,1.7293895650655031,0.36854721792042255,55.8485491818292,11.901787683722631,55.8485491818292,11.901787683722631,abs(mean_region - mean_healthy) / abs(mean_healthy),52446,148348,1617257
BraTS-GLI-00706-000,processed_zscore,case_brain_mask,T2,0.1955801546573639,0.4618845582008362,-0.04236782714724541,0.2379479818046093,0.5042523853480816,5.6162422721760885,11.90177593001406,5.6162422721760885,11.90177593001406,abs(mean_region - mean_healthy) / abs(mean_healthy),52446,148348,1617257
BraTS-GLI-00706-000,processed_zscore,case_brain_mask,FLAIR,0.687401533126831,1.353124737739563,-0.12411969900131226,0.8115212321281433,1.4772444367408752,6.538214631986527,11.90177263260409,6.538214631986527,11.90177263260409,abs(mean_region - mean_healthy) / abs(mean_healthy),52446,148348,1617257
BraTS-GLI-00707-000,processed_zscore,case_brain_mask,T1,-0.5613758563995361,-0.10261768102645874,0.006965933833271265,0.5683417902328074,0.10958361485973,81.58874371132363,15.731360286014741,81.58874371132363,15.731360286014741,abs(mean_region - mean_healthy) / abs(mean_healthy),19700,103906,1530693
BraTS-GLI-00707-000,processed_zscore,case_brain_mask,T1ce,2.501997947692871,0.3588166832923889,-0.02435704879462719,2.5263549964874983,0.3831737320870161,103.7217200568558,15.731533623709726,103.7217200568558,15.731533623709726,abs(mean_region - mean_healthy) / abs(mean_healthy),19700,103906,1530693
BraTS-GLI-00707-000,processed_zscore,case_brain_mask,T2,0.5910548567771912,0.402062326669693,-0.02729267254471779,0.618347529321909,0.4293549992144108,22.656173678439696,15.731511764226546,22.656173678439696,15.731511764226546,abs(mean_region - mean_healthy) / abs(mean_healthy),19700,103906,1530693
BraTS-GLI-00707-000,processed_zscore,case_brain_mask,FLAIR,2.991030216217041,1.950103759765625,-0.13237641751766205,3.123406633734703,2.082480177283287,23.594887158190158,15.731504268918869,23.594887158190158,15.731504268918869,abs(mean_region - mean_healthy) / abs(mean_healthy),19700,103906,1530693
BraTS-GLI-00708-000,processed_zscore,case_brain_mask,T1,-0.4920971393585205,-0.2634212076663971,0.0029974165372550488,0.49509455589577556,0.26641862420365214,165.17375871595394,88.88274982549838,165.17375871595394,88.88274982549838,abs(mean_region - mean_healthy) / abs(mean_healthy),7236,16530,1452654
BraTS-GLI-00708-000,processed_zscore,case_brain_mask,T1ce,2.4500954151153564,1.223610281944275,-0.01392369344830513,2.4640191085636616,1.23753397539258,176.9659119336325,88.87972002451832,176.9659119336325,88.87972002451832,abs(mean_region - mean_healthy) / abs(mean_healthy),7236,16530,1452654
BraTS-GLI-00708-000,processed_zscore,case_brain_mask,T2,0.09619250893592834,0.20516356825828552,-0.0023346657399088144,0.09852717467583716,0.20749823399819434,42.201833432346234,88.8770629778885,42.201833432346234,88.8770629778885,abs(mean_region - mean_healthy) / abs(mean_healthy),7236,16530,1452654
BraTS-GLI-00708-000,processed_zscore,case_brain_mask,FLAIR,2.058486223220825,2.082418203353882,-0.023696260526776314,2.0821824837476015,2.106114463880658,87.86966540120437,88.87961294571309,87.86966540120437,88.87961294571309,abs(mean_region - mean_healthy) / abs(mean_healthy),7236,16530,1452654
BraTS-GLI-00708-001,processed_zscore,case_brain_mask,T1,-0.8095901608467102,-0.2601836919784546,0.007347858976572752,0.816938019823283,0.26753155095502734,111.18041628560566,36.40945638831675,111.18041628560566,36.40945638831675,abs(mean_region - mean_healthy) / abs(mean_healthy),8614,38741,1371808
BraTS-GLI-00708-001,processed_zscore,case_brain_mask,T1ce,1.8819974660873413,0.3587786555290222,-0.010132317431271076,1.8921297835186124,0.3689109729602933,186.7420554432086,36.40933828442189,186.7420554432086,36.40933828442189,abs(mean_region - mean_healthy) / abs(mean_healthy),8614,38741,1371808
BraTS-GLI-00708-001,processed_zscore,case_brain_mask,T2,1.254063606262207,1.323865294456482,-0.03738706558942795,1.291450671851635,1.3612523600459099,34.5427128738561,36.409713856517136,34.5427128738561,36.409713856517136,abs(mean_region - mean_healthy) / abs(mean_healthy),8614,38741,1371808
BraTS-GLI-00708-001,processed_zscore,case_brain_mask,FLAIR,1.9226728677749634,2.5176570415496826,-0.07110066711902618,1.9937735348939896,2.588757708668709,28.041558760008677,36.409752728972215,28.041558760008677,36.409752728972215,abs(mean_region - mean_healthy) / abs(mean_healthy),8614,38741,1371808
BraTS-GLI-00709-000,processed_zscore,case_brain_mask,T1,-0.4512324035167694,-0.1380172073841095,0.010676715523004532,0.46190911903977394,0.14869392290711403,43.2632224811576,13.926934981711502,43.2632224811576,13.926934981711502,abs(mean_region - mean_healthy) / abs(mean_healthy),12490,101590,1313242
BraTS-GLI-00709-000,processed_zscore,case_brain_mask,T1ce,1.5051878690719604,0.029162276536226273,-0.0022559058852493763,1.5074437749572098,0.03141818242147565,668.2210391904587,13.927080303708044,668.2210391904587,13.927080303708044,abs(mean_region - mean_healthy) / abs(mean_healthy),12490,101590,1313242
BraTS-GLI-00709-000,processed_zscore,case_brain_mask,T2,0.6644062399864197,0.6487488150596619,-0.050185974687337875,0.7145922146737576,0.6989347897469997,14.23888285772503,13.92689479683143,14.23888285772503,13.92689479683143,abs(mean_region - mean_healthy) / abs(mean_healthy),12490,101590,1313242
BraTS-GLI-00709-000,processed_zscore,case_brain_mask,FLAIR,2.4761805534362793,2.408635139465332,-0.18632780015468597,2.6625083535909653,2.594962939620018,14.289377920957575,13.92686940685033,14.289377920957575,13.92686940685033,abs(mean_region - mean_healthy) / abs(mean_healthy),12490,101590,1313242
BraTS-GLI-00714-000,processed_zscore,case_brain_mask,T1,-0.34785762429237366,-0.1742638498544693,0.03095019981265068,0.37880782410502434,0.20521404966711998,12.2392690967439,6.630459606378378,12.2392690967439,6.630459606378378,abs(mean_region - mean_healthy) / abs(mean_healthy),50861,212918,1198817
BraTS-GLI-00714-000,processed_zscore,case_brain_mask,T1ce,1.5408051013946533,-0.11968138813972473,0.021256154403090477,1.5195489469915628,0.1409375425428152,71.48748161006172,6.630434643546059,71.48748161006172,6.630434643546059,abs(mean_region - mean_healthy) / abs(mean_healthy),50861,212918,1198817
BraTS-GLI-00714-000,processed_zscore,case_brain_mask,T2,0.5323320627212524,0.7117587327957153,-0.12641321122646332,0.6587452739477158,0.8381719440221786,5.21104770266143,6.630414146513793,5.21104770266143,6.630414146513793,abs(mean_region - mean_healthy) / abs(mean_healthy),50861,212918,1198817
BraTS-GLI-00714-000,processed_zscore,case_brain_mask,FLAIR,0.5826492309570312,0.9118402004241943,-0.1619490087032318,0.7445982396602631,1.0737892091274261,4.597732617337126,6.630415448205198,4.597732617337126,6.630415448205198,abs(mean_region - mean_healthy) / abs(mean_healthy),50861,212918,1198817
BraTS-GLI-00714-001,processed_zscore,case_brain_mask,T1,-0.03702818229794502,0.2181483805179596,-0.041129522025585175,0.004101339727640152,0.25927790254354477,0.09971766083468848,6.303936680379058,0.09971766083468848,6.303936680379058,abs(mean_region - mean_healthy) / abs(mean_healthy),58114,215017,1140434
BraTS-GLI-00714-001,processed_zscore,case_brain_mask,T1ce,2.1683621406555176,0.21204878389835358,-0.03997945412993431,2.208341594785452,0.2520282380282879,55.23691213012268,6.303943951040184,55.23691213012268,6.303943951040184,abs(mean_region - mean_healthy) / abs(mean_healthy),58114,215017,1140434
BraTS-GLI-00714-001,processed_zscore,case_brain_mask,T2,1.2277752161026,1.2013438940048218,-0.22650079429149628,1.4542760103940964,1.427844688296318,6.420622121627128,6.303927952052771,6.420622121627128,6.303927952052771,abs(mean_region - mean_healthy) / abs(mean_healthy),58114,215017,1140434
BraTS-GLI-00714-001,processed_zscore,case_brain_mask,FLAIR,1.791165828704834,1.8894681930541992,-0.35623952746391296,2.147405356168747,2.245707720518112,6.027981710665948,6.303926283827676,6.027981710665948,6.303926283827676,abs(mean_region - mean_healthy) / abs(mean_healthy),58114,215017,1140434
BraTS-GLI-00715-000,processed_zscore,case_brain_mask,T1,-0.35871997475624084,-0.17662008106708527,0.008399243466556072,0.3671192182227969,0.18501932453364134,43.708605386257034,22.028093990887076,43.708605386257034,22.028093990887076,abs(mean_region - mean_healthy) / abs(mean_healthy),35834,66459,1397524
BraTS-GLI-00715-000,processed_zscore,case_brain_mask,T1ce,2.76113224029541,1.3348897695541382,-0.063480444252491,2.824612684547901,1.3983702138066292,44.495792646206354,22.028362124320775,44.495792646206354,22.028362124320775,abs(mean_region - mean_healthy) / abs(mean_healthy),35834,66459,1397524
BraTS-GLI-00715-000,processed_zscore,case_brain_mask,T2,0.19514118134975433,0.33023443818092346,-0.01570427045226097,0.2108454518020153,0.34593870863318443,13.42599469634449,22.02832087519093,13.42599469634449,22.02832087519093,abs(mean_region - mean_healthy) / abs(mean_healthy),35834,66459,1397524
BraTS-GLI-00715-000,processed_zscore,case_brain_mask,FLAIR,0.7074976563453674,0.8927205204963684,-0.04245308041572571,0.7499507367610931,0.9351736009120941,17.66540211963729,22.02840386973855,17.66540211963729,22.02840386973855,abs(mean_region - mean_healthy) / abs(mean_healthy),35834,66459,1397524
BraTS-GLI-00715-001,processed_zscore,case_brain_mask,T1,0.004266283009201288,0.4066719114780426,-0.022156471386551857,0.026422754395753145,0.42882838286459446,1.1925524572378778,19.35454321146449,1.1925524572378778,19.35454321146449,abs(mean_region - mean_healthy) / abs(mean_healthy),18045,64458,1183106
BraTS-GLI-00715-001,processed_zscore,case_brain_mask,T1ce,4.95084810256958,1.5301284790039062,-0.08336452394723892,5.034212626516819,1.6134930029511452,60.38794907175326,19.354671826259317,60.38794907175326,19.354671826259317,abs(mean_region - mean_healthy) / abs(mean_healthy),18045,64458,1183106
BraTS-GLI-00715-001,processed_zscore,case_brain_mask,T2,1.2398353815078735,0.8464905023574829,-0.04611845314502716,1.2859538346529007,0.8926089555025101,27.88371567036311,19.35470282785835,27.88371567036311,19.35470282785835,abs(mean_region - mean_healthy) / abs(mean_healthy),18045,64458,1183106
BraTS-GLI-00715-001,processed_zscore,case_brain_mask,FLAIR,2.354304552078247,2.5110371112823486,-0.13680653274059296,2.49111108481884,2.6478436440229416,18.209006798983676,19.354657931750058,18.209006798983676,19.354657931750058,abs(mean_region - mean_healthy) / abs(mean_healthy),18045,64458,1183106
BraTS-GLI-00716-000,processed_zscore,case_brain_mask,T1,0.42136627435684204,0.2949233055114746,-0.00682457210496068,0.4281908464618027,0.3017478776164353,62.74251921971154,44.2149153054005,62.74251921971154,44.2149153054005,abs(mean_region - mean_healthy) / abs(mean_healthy),12389,32770,1416186
BraTS-GLI-00716-000,processed_zscore,case_brain_mask,T1ce,1.957756757736206,0.5956913232803345,-0.013784175738692284,1.9715409334748983,0.6094754990190268,143.02929466727332,44.21559261670065,143.02929466727332,44.21559261670065,abs(mean_region - mean_healthy) / abs(mean_healthy),12389,32770,1416186
BraTS-GLI-00716-000,processed_zscore,case_brain_mask,T2,0.3690779507160187,0.9477675557136536,-0.021930990740656853,0.39100894145667553,0.9696985464543104,17.82905962072211,44.215902415052824,17.82905962072211,44.215902415052824,abs(mean_region - mean_healthy) / abs(mean_healthy),12389,32770,1416186
BraTS-GLI-00716-000,processed_zscore,case_brain_mask,FLAIR,0.7944173812866211,1.5861966609954834,-0.03670394793152809,0.8311213292181492,1.6229006089270115,22.64392186825847,44.2159685915685,22.64392186825847,44.2159685915685,abs(mean_region - mean_healthy) / abs(mean_healthy),12389,32770,1416186
BraTS-GLI-00718-000,processed_zscore,case_brain_mask,T1,-0.47664526104927063,-0.2583151161670685,0.02101115509867668,0.4976564161479473,0.27932627126574516,23.685343038531496,13.294189203493035,23.685343038531496,13.294189203493035,abs(mean_region - mean_healthy) / abs(mean_healthy),32173,137296,1687941
BraTS-GLI-00718-000,processed_zscore,case_brain_mask,T1ce,1.5700842142105103,-0.09047161787748337,0.007359028328210115,1.5627251858823001,0.09783064620569348,212.3548267767561,13.29396244211607,212.3548267767561,13.29396244211607,abs(mean_region - mean_healthy) / abs(mean_healthy),32173,137296,1687941
BraTS-GLI-00718-000,processed_zscore,case_brain_mask,T2,1.0994508266448975,1.2685352563858032,-0.10318190604448318,1.2026327326893806,1.3717171624302864,11.655461493131448,13.294163822084462,11.655461493131448,13.294163822084462,abs(mean_region - mean_healthy) / abs(mean_healthy),32173,137296,1687941
BraTS-GLI-00718-000,processed_zscore,case_brain_mask,FLAIR,1.1306920051574707,1.4975184202194214,-0.12180715054273605,1.2524991557002068,1.6193255707621574,10.282640634145425,13.294174960557976,10.282640634145425,13.294174960557976,abs(mean_region - mean_healthy) / abs(mean_healthy),32173,137296,1687941
BraTS-GLI-00723-000,processed_zscore,case_brain_mask,T1,-0.23093444108963013,-0.31542012095451355,0.019409693777561188,0.2503441348671913,0.33482981473207474,12.89789203972938,17.25064900916463,12.89789203972938,17.25064900916463,abs(mean_region - mean_healthy) / abs(mean_healthy),22218,83044,1349517
BraTS-GLI-00723-000,processed_zscore,case_brain_mask,T1ce,1.3695703744888306,0.03634216636419296,-0.0022363087628036737,1.3718066832516342,0.038578475126996636,613.4245440829878,17.25096094451223,613.4245440829878,17.25096094451223,abs(mean_region - mean_healthy) / abs(mean_healthy),22218,83044,1349517
BraTS-GLI-00723-000,processed_zscore,case_brain_mask,T2,0.1585182249546051,0.3451036512851715,-0.021236302331089973,0.17975452728569508,0.3663399536162615,8.464492757881594,17.25064693018329,8.464492757881594,17.25064693018329,abs(mean_region - mean_healthy) / abs(mean_healthy),22218,83044,1349517
BraTS-GLI-00723-000,processed_zscore,case_brain_mask,FLAIR,1.5367579460144043,1.8419805765151978,-0.11334823817014694,1.6501061841845512,1.9553288146853447,14.557845898827102,17.250632619010826,14.557845898827102,17.250632619010826,abs(mean_region - mean_healthy) / abs(mean_healthy),22218,83044,1349517
BraTS-GLI-00724-000,processed_zscore,case_brain_mask,T1,-0.7304013967514038,-0.5180453658103943,0.044116996228694916,0.7745183929800987,0.5621623620390892,17.556009229756455,12.742534852666221,17.556009229756455,12.742534852666221,abs(mean_region - mean_healthy) / abs(mean_healthy),26011,118763,1394577
BraTS-GLI-00724-000,processed_zscore,case_brain_mask,T1ce,1.3701525926589966,-0.14673027396202087,0.012495732866227627,1.357656859792769,0.1592260068282485,108.6496385867951,12.742430438681241,108.6496385867951,12.742430438681241,abs(mean_region - mean_healthy) / abs(mean_healthy),26011,118763,1394577
BraTS-GLI-00724-000,processed_zscore,case_brain_mask,T2,0.7890824675559998,0.9586580395698547,-0.08163981139659882,0.8707222789525986,1.0402978509664536,10.665412671309449,12.742531286761317,10.665412671309449,12.742531286761317,abs(mean_region - mean_healthy) / abs(mean_healthy),26011,118763,1394577
BraTS-GLI-00724-000,processed_zscore,case_brain_mask,FLAIR,2.055119752883911,2.076540946960449,-0.17683950066566467,2.231959253549576,2.253380447626114,12.621384052476774,12.742517588795886,12.621384052476774,12.742517588795886,abs(mean_region - mean_healthy) / abs(mean_healthy),26011,118763,1394577
BraTS-GLI-00725-000,processed_zscore,case_brain_mask,T1,0.028240345418453217,0.33919838070869446,-0.0244865994900465,0.05272694490849972,0.36368498019874096,2.1532979673201487,14.852408573373955,2.1532979673201487,14.852408573373955,abs(mean_region - mean_healthy) / abs(mean_healthy),7015,95323,1320445
BraTS-GLI-00725-000,processed_zscore,case_brain_mask,T1ce,3.0720632076263428,0.6297221779823303,-0.045459575951099396,3.117522783577442,0.6751817539334297,68.57791165784177,14.85235486269645,68.57791165784177,14.85235486269645,abs(mean_region - mean_healthy) / abs(mean_healthy),7015,95323,1320445
BraTS-GLI-00725-000,processed_zscore,case_brain_mask,T2,0.41346368193626404,0.13434360921382904,-0.009698281064629555,0.4231619630008936,0.1440418902784586,43.63267677858923,14.852311385755922,43.63267677858923,14.852311385755922,abs(mean_region - mean_healthy) / abs(mean_healthy),7015,95323,1320445
BraTS-GLI-00725-000,processed_zscore,case_brain_mask,FLAIR,0.7520509958267212,0.6414960622787476,-0.04630959406495094,0.7983605898916721,0.6878056563436985,17.239636969651286,14.85233611374406,17.239636969651286,14.85233611374406,abs(mean_region - mean_healthy) / abs(mean_healthy),7015,95323,1320445
BraTS-GLI-00725-001,processed_zscore,case_brain_mask,T1,0.22104808688163757,0.7240581512451172,-0.07230990380048752,0.2933579906821251,0.7963680550456047,4.0569545147167965,11.013263926375677,4.0569545147167965,11.013263926375677,abs(mean_region - mean_healthy) / abs(mean_healthy),2197,126883,1270512
BraTS-GLI-00725-001,processed_zscore,case_brain_mask,T1ce,1.8922767639160156,0.19421638548374176,-0.01939595676958561,1.9116727206856012,0.21361234225332737,98.56037231858832,11.013240789868556,98.56037231858832,11.013240789868556,abs(mean_region - mean_healthy) / abs(mean_healthy),2197,126883,1270512
BraTS-GLI-00725-001,processed_zscore,case_brain_mask,T2,1.476823329925537,0.45563679933547974,-0.045503366738557816,1.522326696664095,0.5011401660740376,33.455254100442936,11.013254666481426,33.455254100442936,11.013254666481426,abs(mean_region - mean_healthy) / abs(mean_healthy),2197,126883,1270512
BraTS-GLI-00725-001,processed_zscore,case_brain_mask,FLAIR,0.8656446933746338,1.0013220310211182,-0.09999967366456985,0.9656443670392036,1.101321704685688,9.656475182891862,11.013252987003389,9.656475182891862,11.013252987003389,abs(mean_region - mean_healthy) / abs(mean_healthy),2197,126883,1270512
BraTS-GLI-00727-000,processed_zscore,case_brain_mask,T1,0.4023594260215759,0.24031412601470947,-0.020536765456199646,0.4228961914777756,0.2608508914709091,20.592151786498178,12.70165411526202,20.592151786498178,12.70165411526202,abs(mean_region - mean_healthy) / abs(mean_healthy),16021,107808,1261537
BraTS-GLI-00727-000,processed_zscore,case_brain_mask,T1ce,1.2421032190322876,-0.29466477036476135,0.025181317701935768,1.2169219013303518,0.3198460880666971,48.32637893436384,12.701721643506747,48.32637893436384,12.701721643506747,abs(mean_region - mean_healthy) / abs(mean_healthy),16021,107808,1261537
BraTS-GLI-00727-000,processed_zscore,case_brain_mask,T2,0.9184321761131287,1.0621607303619385,-0.09076980501413345,1.0092019811272621,1.152930535376072,11.118256571886684,12.70169672829586,11.118256571886684,12.70169672829586,abs(mean_region - mean_healthy) / abs(mean_healthy),16021,107808,1261537
BraTS-GLI-00727-000,processed_zscore,case_brain_mask,FLAIR,1.1717432737350464,1.2605053186416626,-0.107719786465168,1.2794630602002144,1.3682251051068306,11.877697702398791,12.701706436720949,11.877697702398791,12.701706436720949,abs(mean_region - mean_healthy) / abs(mean_healthy),16021,107808,1261537
BraTS-GLI-00727-001,processed_zscore,case_brain_mask,T1,-0.5835777521133423,-0.35020875930786133,0.040190763771533966,0.6237685158848763,0.3903995230793953,15.520195620832533,9.713662703665879,15.520195620832533,9.713662703665879,abs(mean_region - mean_healthy) / abs(mean_healthy),19706,134013,1167743
BraTS-GLI-00727-001,processed_zscore,case_brain_mask,T1ce,1.717550277709961,0.11910152435302734,-0.013668323867022991,1.731218601576984,0.13276984822005033,126.65917331340272,9.713689074955177,126.65917331340272,9.713689074955177,abs(mean_region - mean_healthy) / abs(mean_healthy),19706,134013,1167743
BraTS-GLI-00727-001,processed_zscore,case_brain_mask,T2,1.210736870765686,0.87042635679245,-0.0998922735452652,1.3106291443109512,0.9703186303377151,13.12042561246794,9.713650474658833,13.12042561246794,9.713650474658833,abs(mean_region - mean_healthy) / abs(mean_healthy),19706,134013,1167743
BraTS-GLI-00727-001,processed_zscore,case_brain_mask,FLAIR,1.4547210931777954,1.7063062191009521,-0.19581979513168335,1.6505408883094788,1.9021260142326355,8.428876596462253,9.71365541953258,8.428876596462253,9.71365541953258,abs(mean_region - mean_healthy) / abs(mean_healthy),19706,134013,1167743
BraTS-GLI-00728-000,processed_zscore,case_brain_mask,T1,-0.23611772060394287,-0.3216370642185211,0.0067751226015388966,0.24289284320548177,0.32841218682006,35.85069341037626,48.47324633586184,35.85069341037626,48.47324633586184,abs(mean_region - mean_healthy) / abs(mean_healthy),823,34062,1617034
BraTS-GLI-00728-000,processed_zscore,case_brain_mask,T1ce,1.908826231956482,-0.3949875831604004,0.008320227265357971,1.900506004691124,0.40330781042575836,228.41996307048666,48.473172374145044,228.41996307048666,48.473172374145044,abs(mean_region - mean_healthy) / abs(mean_healthy),823,34062,1617034
BraTS-GLI-00728-000,processed_zscore,case_brain_mask,T2,0.19215765595436096,0.403165340423584,-0.00849252101033926,0.20065017696470022,0.41165786143392324,23.62669185279821,48.4729871062725,23.62669185279821,48.4729871062725,abs(mean_region - mean_healthy) / abs(mean_healthy),823,34062,1617034
BraTS-GLI-00728-000,processed_zscore,case_brain_mask,FLAIR,1.4893311262130737,1.9742153882980347,-0.04158582538366318,1.530916951596737,2.015801213681698,36.81343191995779,48.4732765331525,36.81343191995779,48.4732765331525,abs(mean_region - mean_healthy) / abs(mean_healthy),823,34062,1617034
BraTS-GLI-00729-000,processed_zscore,case_brain_mask,T1,-0.33535727858543396,-0.031616367399692535,0.00038534801569767296,0.33574262660113163,0.03200171541539021,871.2711962283477,83.04627015517667,871.2711962283477,83.04627015517667,abs(mean_region - mean_healthy) / abs(mean_healthy),5014,16357,1341581
BraTS-GLI-00729-000,processed_zscore,case_brain_mask,T1ce,2.318997383117676,0.6040076017379761,-0.007364271208643913,2.3263616543263197,0.61137187294662,315.8984220455815,83.01865257610474,315.8984220455815,83.01865257610474,abs(mean_region - mean_healthy) / abs(mean_healthy),5014,16357,1341581
BraTS-GLI-00729-000,processed_zscore,case_brain_mask,T2,0.5912524461746216,0.37449193000793457,-0.004565938375890255,0.5958183845505118,0.3790578683838248,130.49198992624176,83.01861242485934,130.49198992624176,83.01861242485934,abs(mean_region - mean_healthy) / abs(mean_healthy),5014,16357,1341581
BraTS-GLI-00729-000,processed_zscore,case_brain_mask,FLAIR,1.6720374822616577,1.4641411304473877,-0.017851239070296288,1.689888721331954,1.481992369517684,94.66506580732863,83.01901978242267,94.66506580732863,83.01901978242267,abs(mean_region - mean_healthy) / abs(mean_healthy),5014,16357,1341581
BraTS-GLI-00729-001,processed_zscore,case_brain_mask,T1,-0.39762037992477417,0.07011626660823822,-0.0007503588567487895,0.3968700210680254,0.07086662546498701,528.9069589817507,94.4436449674802,528.9069589817507,94.4436449674802,abs(mean_region - mean_healthy) / abs(mean_healthy),3119,13036,1217861
BraTS-GLI-00729-001,processed_zscore,case_brain_mask,T1ce,2.2480757236480713,0.618730366230011,-0.006623012479394674,2.254698736127466,0.6253533787094057,340.4340159621048,94.42128950458527,340.4340159621048,94.42128950458527,abs(mean_region - mean_healthy) / abs(mean_healthy),3119,13036,1217861
BraTS-GLI-00729-001,processed_zscore,case_brain_mask,T2,1.3342427015304565,0.595233142375946,-0.006371416617184877,1.3406141181476414,0.6016045589931309,210.41068237976458,94.42241735856564,210.41068237976458,94.42241735856564,abs(mean_region - mean_healthy) / abs(mean_healthy),3119,13036,1217861
BraTS-GLI-00729-001,processed_zscore,case_brain_mask,FLAIR,2.71728777885437,2.1732707023620605,-0.02326285094022751,2.7405506297945976,2.196533553302288,117.80802949888975,94.4223714860293,117.80802949888975,94.4223714860293,abs(mean_region - mean_healthy) / abs(mean_healthy),3119,13036,1217861
BraTS-GLI-00730-000,processed_zscore,case_brain_mask,T1,0.06121763959527016,0.1623547077178955,-0.009042027406394482,0.07025966700166464,0.17139673512429,7.770344397759436,18.95556465611672,7.770344397759436,18.95556465611672,abs(mean_region - mean_healthy) / abs(mean_healthy),17569,78169,1403602
BraTS-GLI-00730-000,processed_zscore,case_brain_mask,T1ce,1.2430973052978516,-0.060568030923604965,0.003373109269887209,1.2397241960279644,0.06394114019349217,367.531584907541,18.95614256090502,367.531584907541,18.95614256090502,abs(mean_region - mean_healthy) / abs(mean_healthy),17569,78169,1403602
BraTS-GLI-00730-000,processed_zscore,case_brain_mask,T2,0.0963013619184494,0.4812975823879242,-0.02680429443717003,0.12310565635561943,0.5081018768250942,4.592758695595675,18.95598774353484,4.592758695595675,18.95598774353484,abs(mean_region - mean_healthy) / abs(mean_healthy),17569,78169,1403602
BraTS-GLI-00730-000,processed_zscore,case_brain_mask,FLAIR,1.6402899026870728,2.5134081840515137,-0.13997595012187958,1.7802658528089523,2.6533841341733932,12.718369486035586,18.956000169050782,12.718369486035586,18.956000169050782,abs(mean_region - mean_healthy) / abs(mean_healthy),17569,78169,1403602
BraTS-GLI-00730-001,processed_zscore,case_brain_mask,T1,0.22049374878406525,0.3014751970767975,-0.020032759755849838,0.24052650853991508,0.3215079568326473,12.00665866667113,16.0491095960337,12.00665866667113,16.0491095960337,abs(mean_region - mean_healthy) / abs(mean_healthy),18678,93679,1409789
BraTS-GLI-00730-001,processed_zscore,case_brain_mask,T1ce,1.8083350658416748,0.5012595057487488,-0.03330826014280319,1.841643325984478,0.534567765891552,55.29088934963167,16.04910504480536,55.29088934963167,16.04910504480536,abs(mean_region - mean_healthy) / abs(mean_healthy),18678,93679,1409789
BraTS-GLI-00730-001,processed_zscore,case_brain_mask,T2,0.8315972685813904,1.1082688570022583,-0.07364323735237122,0.9052405059337616,1.1819120943546295,12.29224214577001,16.04915993439245,12.29224214577001,16.04915993439245,abs(mean_region - mean_healthy) / abs(mean_healthy),18678,93679,1409789
BraTS-GLI-00730-001,processed_zscore,case_brain_mask,FLAIR,1.4972747564315796,1.7641688585281372,-0.11722717434167862,1.6145019307732582,1.8813960328698158,13.772420429306917,16.049145971787784,13.772420429306917,16.049145971787784,abs(mean_region - mean_healthy) / abs(mean_healthy),18678,93679,1409789
BraTS-GLI-00732-000,processed_zscore,case_brain_mask,T1,1.1004072427749634,0.8862242698669434,-0.00409597996622324,1.1045032227411866,0.8903202498331666,269.65542601508633,217.3644053865087,269.65542601508633,217.3644053865087,abs(mean_region - mean_healthy) / abs(mean_healthy),2402,6046,1308154
BraTS-GLI-00732-000,processed_zscore,case_brain_mask,T1ce,1.411998987197876,0.31896165013313293,-0.001474090851843357,1.4134730780497193,0.3204357409849763,958.8778576857492,217.37855613463037,958.8778576857492,217.37855613463037,abs(mean_region - mean_healthy) / abs(mean_healthy),2402,6046,1308154
BraTS-GLI-00732-000,processed_zscore,case_brain_mask,T2,0.1765630692243576,0.20743800699710846,-0.0009587954264134169,0.17752186465077102,0.20839680242352188,185.15092976072094,217.35272893726196,185.15092976072094,217.35272893726196,abs(mean_region - mean_healthy) / abs(mean_healthy),2402,6046,1308154
BraTS-GLI-00732-000,processed_zscore,case_brain_mask,FLAIR,1.4985512495040894,1.4888023138046265,-0.006881049834191799,1.5054322993382812,1.4956833636388183,218.7794501731143,217.36266989475902,218.7794501731143,217.36266989475902,abs(mean_region - mean_healthy) / abs(mean_healthy),2402,6046,1308154
BraTS-GLI-00733-000,processed_zscore,case_brain_mask,T1,-0.3053394854068756,-0.2473045438528061,0.012753714807331562,0.3180932002142072,0.26005825866013765,24.941219481507385,20.390785162503505,24.941219481507385,20.390785162503505,abs(mean_region - mean_healthy) / abs(mean_healthy),20646,81813,1586397
BraTS-GLI-00733-000,processed_zscore,case_brain_mask,T1ce,1.6962850093841553,-0.019234592095017433,0.0009918686700984836,1.6952931407140568,0.020226460765115917,1709.1911377196031,20.392277097639965,1709.1911377196031,20.392277097639965,abs(mean_region - mean_healthy) / abs(mean_healthy),20646,81813,1586397
BraTS-GLI-00733-000,processed_zscore,case_brain_mask,T2,0.5556077361106873,0.6851256489753723,-0.03533300384879112,0.5909407399594784,0.7204586528241634,16.724893883589147,20.390529373256587,16.724893883589147,20.390529373256587,abs(mean_region - mean_healthy) / abs(mean_healthy),20646,81813,1586397
BraTS-GLI-00733-000,processed_zscore,case_brain_mask,FLAIR,1.3527400493621826,1.645472526550293,-0.08485957235097885,1.4375996217131615,1.7303320989012718,16.94092465806044,20.390535221467122,16.94092465806044,20.390535221467122,abs(mean_region - mean_healthy) / abs(mean_healthy),20646,81813,1586397
BraTS-GLI-00734-000,processed_zscore,case_brain_mask,T1,0.02101544477045536,-0.08836457133293152,0.010526793077588081,0.010488651692867279,0.0988913644105196,0.9963767327390517,9.394253661265827,0.9963767327390517,9.394253661265827,abs(mean_region - mean_healthy) / abs(mean_healthy),38431,183832,1543129
BraTS-GLI-00734-000,processed_zscore,case_brain_mask,T1ce,1.318114161491394,-0.14750801026821136,0.017572492361068726,1.3005416691303253,0.1650805026292801,74.01008590059952,9.394256616381321,74.01008590059952,9.394256616381321,abs(mean_region - mean_healthy) / abs(mean_healthy),38431,183832,1543129
BraTS-GLI-00734-000,processed_zscore,case_brain_mask,T2,0.8453189134597778,1.1810051202774048,-0.14069229364395142,0.9860112071037292,1.3216974139213562,7.008281559464927,9.394241714945402,7.008281559464927,9.394241714945402,abs(mean_region - mean_healthy) / abs(mean_healthy),38431,183832,1543129
BraTS-GLI-00734-000,processed_zscore,case_brain_mask,FLAIR,0.6846368312835693,1.098934531211853,-0.1309153437614441,0.8155521750450134,1.2298498749732971,6.229614891674767,9.394237830627004,6.229614891674767,9.394237830627004,abs(mean_region - mean_healthy) / abs(mean_healthy),38431,183832,1543129
BraTS-GLI-00734-001,processed_zscore,case_brain_mask,T1,0.12877176702022552,0.06764601171016693,-0.010018122382462025,0.13878988940268755,0.07766413409262896,13.853882404716536,7.752364278219413,13.853882404716536,7.752364278219413,abs(mean_region - mean_healthy) / abs(mean_healthy),65548,207853,1403470
BraTS-GLI-00734-001,processed_zscore,case_brain_mask,T1ce,2.7721078395843506,0.7139157652854919,-0.10573042929172516,2.8778382688760757,0.8196461945772171,27.21863789028714,7.75222611000375,27.21863789028714,7.75222611000375,abs(mean_region - mean_healthy) / abs(mean_healthy),65548,207853,1403470
BraTS-GLI-00734-001,processed_zscore,case_brain_mask,T2,0.9031578302383423,1.0954664945602417,-0.16223783791065216,1.0653956681489944,1.2577043324708939,6.566875408779366,7.7522256747747,6.566875408779366,7.7522256747747,abs(mean_region - mean_healthy) / abs(mean_healthy),65548,207853,1403470
BraTS-GLI-00734-001,processed_zscore,case_brain_mask,FLAIR,1.0859529972076416,1.4125730991363525,-0.2092011421918869,1.2951541393995285,1.6217742413282394,6.190951568570147,7.752224602295379,6.190951568570147,7.752224602295379,abs(mean_region - mean_healthy) / abs(mean_healthy),65548,207853,1403470
BraTS-GLI-00736-000,processed_zscore,case_brain_mask,T1,-0.3444622755050659,-0.14133618772029877,0.004625020083039999,0.3490872955881059,0.14596120780333877,75.47800643465592,31.559043027419527,75.47800643465592,31.559043027419527,abs(mean_region - mean_healthy) / abs(mean_healthy),11613,44711,1366322
BraTS-GLI-00736-000,processed_zscore,case_brain_mask,T1ce,1.1290748119354248,0.23728495836257935,-0.007764896843582392,1.1368397087790072,0.24504985520616174,146.4075739420278,31.558674911269808,146.4075739420278,31.558674911269808,abs(mean_region - mean_healthy) / abs(mean_healthy),11613,44711,1366322
BraTS-GLI-00736-000,processed_zscore,case_brain_mask,T2,0.08310182392597198,-0.026874519884586334,0.0008793913293629885,0.082222432596609,0.027753911213949323,93.49925323481311,31.560364865154675,93.49925323481311,31.560364865154675,abs(mean_region - mean_healthy) / abs(mean_healthy),11613,44711,1366322
BraTS-GLI-00736-000,processed_zscore,case_brain_mask,FLAIR,1.6881595849990845,1.2909741401672363,-0.04224526509642601,1.7304048500955105,1.3332194052636623,40.96091825073917,31.55902566170555,40.96091825073917,31.55902566170555,abs(mean_region - mean_healthy) / abs(mean_healthy),11613,44711,1366322
BraTS-GLI-00736-001,processed_zscore,case_brain_mask,T1,0.04062608256936073,0.38706859946250916,-0.019017504528164864,0.0596435870975256,0.406086103990674,3.136246767245073,21.353280257631162,3.136246767245073,21.353280257631162,abs(mean_region - mean_healthy) / abs(mean_healthy),13270,65119,1325372
BraTS-GLI-00736-001,processed_zscore,case_brain_mask,T1ce,3.3232603073120117,1.0853092670440674,-0.05332426726818085,3.3765845745801926,1.1386335343122482,63.32172475241936,21.353008538978703,63.32172475241936,21.353008538978703,abs(mean_region - mean_healthy) / abs(mean_healthy),13270,65119,1325372
BraTS-GLI-00736-001,processed_zscore,case_brain_mask,T2,1.3697466850280762,1.0001269578933716,-0.049138911068439484,1.4188855960965157,1.049265868961811,28.8749906183376,21.35305496494253,28.8749906183376,21.35305496494253,abs(mean_region - mean_healthy) / abs(mean_healthy),13270,65119,1325372
BraTS-GLI-00736-001,processed_zscore,case_brain_mask,FLAIR,2.6341023445129395,2.3479323387145996,-0.11535999178886414,2.7494623363018036,2.4632923305034637,23.83375981279511,21.353090376530773,23.83375981279511,21.353090376530773,abs(mean_region - mean_healthy) / abs(mean_healthy),13270,65119,1325372
BraTS-GLI-00737-000,processed_zscore,case_brain_mask,T1,0.25992220640182495,-0.0052689737640321255,0.00010789636871777475,0.2598143100331072,0.0053768701327499,2407.998648339178,49.83365238930529,2407.998648339178,49.83365238930529,abs(mean_region - mean_healthy) / abs(mean_healthy),12466,24279,1184812
BraTS-GLI-00737-000,processed_zscore,case_brain_mask,T1ce,2.248934268951416,0.8793075084686279,-0.01801861822605133,2.2669528871774673,0.8973261266946793,125.8116942563279,49.79994111853286,125.8116942563279,49.79994111853286,abs(mean_region - mean_healthy) / abs(mean_healthy),12466,24279,1184812
BraTS-GLI-00737-000,processed_zscore,case_brain_mask,T2,-0.13898150622844696,0.19931939244270325,-0.0040844036266207695,0.1348971026018262,0.20340379606932402,33.027368236237045,49.80012130623097,33.027368236237045,49.80012130623097,abs(mean_region - mean_healthy) / abs(mean_healthy),12466,24279,1184812
BraTS-GLI-00737-000,processed_zscore,case_brain_mask,FLAIR,0.2792316675186157,0.7993826270103455,-0.016380785033106804,0.2956124525517225,0.8157634120434523,18.04629338302575,49.80001937603923,18.04629338302575,49.80001937603923,abs(mean_region - mean_healthy) / abs(mean_healthy),12466,24279,1184812
BraTS-GLI-00739-000,processed_zscore,case_brain_mask,T1,-0.41553744673728943,-0.3370538353919983,0.05042840167880058,0.46596584841609,0.3874822370707989,9.240147077910972,7.683809602747952,9.240147077910972,7.683809602747952,abs(mean_region - mean_healthy) / abs(mean_healthy),36247,225157,1504901
BraTS-GLI-00739-000,processed_zscore,case_brain_mask,T1ce,2.385976791381836,-0.20048953592777252,0.029996374621987343,2.3559804167598486,0.23048591054975986,78.54217206078347,7.683792240040025,78.54217206078347,7.683792240040025,abs(mean_region - mean_healthy) / abs(mean_healthy),36247,225157,1504901
BraTS-GLI-00739-000,processed_zscore,case_brain_mask,T2,0.7795125842094421,1.0246089696884155,-0.1532977670431137,0.9328103512525558,1.1779067367315292,6.0849571996062455,7.683782741598923,6.0849571996062455,7.683782741598923,abs(mean_region - mean_healthy) / abs(mean_healthy),36247,225157,1504901
BraTS-GLI-00739-000,processed_zscore,case_brain_mask,FLAIR,0.9881871938705444,1.0414057970046997,-0.15581077337265015,1.1439979672431946,1.1972165703773499,7.342226358809688,7.683785558999737,7.342226358809688,7.683785558999737,abs(mean_region - mean_healthy) / abs(mean_healthy),36247,225157,1504901
