case_id,data_stage,brain_mask_source,modality,mean_ET,mean_WT,mean_healthy,ET_vs_healthy_abs_contrast,WT_vs_healthy_abs_contrast,ET_vs_healthy_relative_contrast,WT_vs_healthy_relative_contrast,ET_vs_healthy_contrast,WT_vs_healthy_contrast,contrast_definition,ET_voxels,WT_voxels,healthy_voxels
BraTS-GLI-00000-000,raw,case_brain_mask,T1,841.1810302734375,854.778076171875,800.0921630859375,41.0888671875,54.6859130859375,0.05135516767096076,0.06834951722938412,0.05135516767096076,0.06834951722938412,abs(mean_region - mean_healthy) / abs(mean_healthy),32731,57305,1422865
BraTS-GLI-00000-000,raw,case_brain_mask,T1ce,4206.5556640625,3284.92138671875,2035.634521484375,2170.921142578125,1249.286865234375,1.0664591898329074,0.6137088225068029,1.0664591898329074,0.6137088225068029,abs(mean_region - mean_healthy) / abs(mean_healthy),32731,57305,1422865
BraTS-GLI-00000-000,raw,case_brain_mask,T2,638.0006713867188,687.72119140625,560.7552490234375,77.24542236328125,126.9659423828125,0.13775247311158503,0.22641953437604967,0.13775247311158503,0.22641953437604967,abs(mean_region - mean_healthy) / abs(mean_healthy),32731,57305,1422865
BraTS-GLI-00000-000,raw,case_brain_mask,FLAIR,1481.555908203125,1564.893798828125,963.8707885742188,517.6851196289062,601.0230102539062,0.5370897487148446,0.6235514317670673,0.5370897487148446,0.6235514317670673,abs(mean_region - mean_healthy) / abs(mean_healthy),32731,57305,1422865
BraTS-GLI-00002-000,raw,case_brain_mask,T1,845.0130004882812,763.7393188476562,656.2531127929688,188.7598876953125,107.4862060546875,0.2876327502538818,0.16378772756937257,0.2876327502538818,0.16378772756937257,abs(mean_region - mean_healthy) / abs(mean_healthy),23651,190594,1201794
BraTS-GLI-00002-000,raw,case_brain_mask,T1ce,2990.19384765625,1992.672119140625,1888.9365234375,1101.25732421875,103.735595703125,0.5830038810487258,0.054917459859554325,0.5830038810487258,0.054917459859554325,abs(mean_region - mean_healthy) / abs(mean_healthy),23651,190594,1201794
BraTS-GLI-00002-000,raw,case_brain_mask,T2,617.0712890625,613.5960083007812,572.1981811523438,44.87310791015625,41.3978271484375,0.0784223183299653,0.07234875697274476,0.0784223183299653,0.07234875697274476,abs(mean_region - mean_healthy) / abs(mean_healthy),23651,190594,1201794
BraTS-GLI-00002-000,raw,case_brain_mask,FLAIR,1351.782470703125,1333.55322265625,785.8428955078125,565.9395751953125,547.7103271484375,0.7201688510902701,0.6969717869555931,0.7201688510902701,0.6969717869555931,abs(mean_region - mean_healthy) / abs(mean_healthy),23651,190594,1201794
BraTS-GLI-00003-000,raw,case_brain_mask,T1,781.2352905273438,757.152587890625,750.219970703125,31.01531982421875,6.9326171875,0.04134163450107895,0.009240779315702002,0.04134163450107895,0.009240779315702002,abs(mean_region - mean_healthy) / abs(mean_healthy),24252,99239,1518030
BraTS-GLI-00003-000,raw,case_brain_mask,T1ce,3775.05029296875,2144.6103515625,2030.6563720703125,1744.3939208984375,113.9539794921875,0.8590295950072429,0.05611682067902416,0.8590295950072429,0.05611682067902416,abs(mean_region - mean_healthy) / abs(mean_healthy),24252,99239,1518030
BraTS-GLI-00003-000,raw,case_brain_mask,T2,750.0090942382812,846.6290283203125,592.3633422851562,157.645751953125,254.26568603515625,0.26613016150691565,0.42923940069329264,0.26613016150691565,0.42923940069329264,abs(mean_region - mean_healthy) / abs(mean_healthy),24252,99239,1518030
BraTS-GLI-00003-000,raw,case_brain_mask,FLAIR,1715.9210205078125,1955.6826171875,1056.314208984375,659.6068115234375,899.368408203125,0.6244418620077413,0.8514212916513257,0.6244418620077413,0.8514212916513257,abs(mean_region - mean_healthy) / abs(mean_healthy),24252,99239,1518030
BraTS-GLI-00005-000,raw,case_brain_mask,T1,985.6825561523438,949.1067504882812,906.2438354492188,79.438720703125,42.8629150390625,0.08765711566330024,0.047297331427160166,0.08765711566330024,0.047297331427160166,abs(mean_region - mean_healthy) / abs(mean_healthy),23854,124783,1168953
BraTS-GLI-00005-000,raw,case_brain_mask,T1ce,3753.054443359375,2049.983642578125,1985.753173828125,1767.30126953125,64.23046875,0.889990404056238,0.03234564577136081,0.889990404056238,0.03234564577136081,abs(mean_region - mean_healthy) / abs(mean_healthy),23854,124783,1168953
BraTS-GLI-00005-000,raw,case_brain_mask,T2,1053.5789794921875,1112.291015625,583.6261596679688,469.95281982421875,528.6648559570312,0.8052291900205091,0.9058278954764372,0.8052291900205091,0.9058278954764372,abs(mean_region - mean_healthy) / abs(mean_healthy),23854,124783,1168953
BraTS-GLI-00005-000,raw,case_brain_mask,FLAIR,2337.0625,2311.22705078125,1171.3455810546875,1165.7169189453125,1139.8814697265625,0.9951947041074702,0.9731384897531312,0.9951947041074702,0.9731384897531312,abs(mean_region - mean_healthy) / abs(mean_healthy),23854,124783,1168953
BraTS-GLI-00006-000,raw,case_brain_mask,T1,1082.1834716796875,995.6195068359375,918.508544921875,163.6749267578125,77.1109619140625,0.1781964116313519,0.08395236205518511,0.1781964116313519,0.08395236205518511,abs(mean_region - mean_healthy) / abs(mean_healthy),26448,137911,1381689
BraTS-GLI-00006-000,raw,case_brain_mask,T1ce,4999.5625,2425.485107421875,2120.987060546875,2878.575439453125,304.498046875,1.3571867047179975,0.14356431141851864,1.3571867047179975,0.14356431141851864,abs(mean_region - mean_healthy) / abs(mean_healthy),26448,137911,1381689
BraTS-GLI-00006-000,raw,case_brain_mask,T2,1108.7232666015625,1114.0228271484375,601.3009643554688,507.42230224609375,512.7218627929688,0.8438740868975605,0.8526875777466157,0.8438740868975605,0.8526875777466157,abs(mean_region - mean_healthy) / abs(mean_healthy),26448,137911,1381689
BraTS-GLI-00006-000,raw,case_brain_mask,FLAIR,2840.24267578125,2746.294189453125,1161.2286376953125,1679.0140380859375,1585.0655517578125,1.4458944462636336,1.3649900633726086,1.4458944462636336,1.3649900633726086,abs(mean_region - mean_healthy) / abs(mean_healthy),26448,137911,1381689
BraTS-GLI-00008-000,raw,case_brain_mask,T1,1572.755615234375,1648.6934814453125,1476.710205078125,96.04541015625,171.9832763671875,0.06504012082124722,0.11646379619763565,0.06504012082124722,0.11646379619763565,abs(mean_region - mean_healthy) / abs(mean_healthy),311,18462,1413639
BraTS-GLI-00008-000,raw,case_brain_mask,T1ce,5517.71728515625,3090.464599609375,2924.443603515625,2593.273681640625,166.02099609375,0.8867579728749484,0.056770113772810514,0.8867579728749484,0.056770113772810514,abs(mean_region - mean_healthy) / abs(mean_healthy),311,18462,1413639
BraTS-GLI-00008-000,raw,case_brain_mask,T2,926.1382446289062,906.4803466796875,801.6029663085938,124.5352783203125,104.87738037109375,0.1553578062389181,0.1308345712018224,0.1553578062389181,0.1308345712018224,abs(mean_region - mean_healthy) / abs(mean_healthy),311,18462,1413639
BraTS-GLI-00008-000,raw,case_brain_mask,FLAIR,1851.530517578125,1728.1727294921875,1097.4879150390625,754.0426025390625,630.684814453125,0.6870623286200142,0.5746621951920785,0.6870623286200142,0.5746621951920785,abs(mean_region - mean_healthy) / abs(mean_healthy),311,18462,1413639
BraTS-GLI-00009-000,raw,case_brain_mask,T1,247.96148681640625,254.14549255371094,258.955810546875,10.99432373046875,4.8103179931640625,0.042456370093609495,0.018575825670817767,0.042456370093609495,0.018575825670817767,abs(mean_region - mean_healthy) / abs(mean_healthy),1480,27453,1391216
BraTS-GLI-00009-000,raw,case_brain_mask,T1ce,1785.3770751953125,1234.0169677734375,1363.1044921875,422.2725830078125,129.0875244140625,0.3097873900555874,0.09470112170704081,0.3097873900555874,0.09470112170704081,abs(mean_region - mean_healthy) / abs(mean_healthy),1480,27453,1391216
BraTS-GLI-00009-000,raw,case_brain_mask,T2,180.64122009277344,145.39190673828125,137.1156463623047,43.52557373046875,8.276260375976562,0.31743695840123054,0.06035970799501581,0.31743695840123054,0.06035970799501581,abs(mean_region - mean_healthy) / abs(mean_healthy),1480,27453,1391216
BraTS-GLI-00009-000,raw,case_brain_mask,FLAIR,713.720947265625,643.333251953125,365.2143249511719,348.5066223144531,278.1189270019531,0.954252334875001,0.7615225033660353,0.954252334875001,0.7615225033660353,abs(mean_region - mean_healthy) / abs(mean_healthy),1480,27453,1391216
BraTS-GLI-00011-000,raw,case_brain_mask,T1,894.3284301757812,815.8248901367188,655.680908203125,238.64752197265625,160.14398193359375,0.36396899617935047,0.24424072735694533,0.36396899617935047,0.24424072735694533,abs(mean_region - mean_healthy) / abs(mean_healthy),9353,70184,1359621
BraTS-GLI-00011-000,raw,case_brain_mask,T1ce,3733.76123046875,2084.78955078125,1890.9747314453125,1842.7864990234375,193.8148193359375,0.974516723243021,0.10249466379056302,0.974516723243021,0.10249466379056302,abs(mean_region - mean_healthy) / abs(mean_healthy),9353,70184,1359621
BraTS-GLI-00011-000,raw,case_brain_mask,T2,1074.7054443359375,982.8119506835938,572.7973022460938,501.90814208984375,410.0146484375,0.8762404084686252,0.7158110675970736,0.8762404084686252,0.7158110675970736,abs(mean_region - mean_healthy) / abs(mean_healthy),9353,70184,1359621
BraTS-GLI-00011-000,raw,case_brain_mask,FLAIR,2513.65478515625,2310.086669921875,995.093017578125,1518.561767578125,1314.99365234375,1.5260500684388556,1.321478122260575,1.5260500684388556,1.321478122260575,abs(mean_region - mean_healthy) / abs(mean_healthy),9353,70184,1359621
BraTS-GLI-00012-000,raw,case_brain_mask,T1,785.7053833007812,712.7996826171875,771.9336547851562,13.771728515625,59.13397216796875,0.01784055978160187,0.07660499293093634,0.01784055978160187,0.07660499293093634,abs(mean_region - mean_healthy) / abs(mean_healthy),224,263809,1367537
BraTS-GLI-00012-000,raw,case_brain_mask,T1ce,2745.65185546875,1360.146728515625,1707.05517578125,1038.5966796875,346.908447265625,0.608414241333574,0.20322040680779932,0.608414241333574,0.20322040680779932,abs(mean_region - mean_healthy) / abs(mean_healthy),224,263809,1367537
BraTS-GLI-00012-000,raw,case_brain_mask,T2,575.4910888671875,671.2286987304688,412.9611511230469,162.52993774414062,258.2675476074219,0.393571979596969,0.6254039802656107,0.393571979596969,0.6254039802656107,abs(mean_region - mean_healthy) / abs(mean_healthy),224,263809,1367537
BraTS-GLI-00012-000,raw,case_brain_mask,FLAIR,2001.7454833984375,1916.001220703125,1009.6832275390625,992.062255859375,906.3179931640625,0.9825480198154467,0.8976260756287535,0.9825480198154467,0.8976260756287535,abs(mean_region - mean_healthy) / abs(mean_healthy),224,263809,1367537
BraTS-GLI-00014-000,raw,case_brain_mask,T1,1803.7059326171875,1956.289306640625,2124.990478515625,321.2845458984375,168.701171875,0.1511934049336848,0.07938914248351986,0.1511934049336848,0.07938914248351986,abs(mean_region - mean_healthy) / abs(mean_healthy),2557,38358,1375057
BraTS-GLI-00014-000,raw,case_brain_mask,T1ce,3206.29296875,2612.80419921875,2481.49951171875,724.79345703125,131.3046875,0.2920788231504585,0.05291344482637235,0.2920788231504585,0.05291344482637235,abs(mean_region - mean_healthy) / abs(mean_healthy),2557,38358,1375057
BraTS-GLI-00014-000,raw,case_brain_mask,T2,608.6851806640625,578.6763916015625,739.4710693359375,130.785888671875,160.794677734375,0.17686410475709863,0.2174455288410031,0.17686410475709863,0.2174455288410031,abs(mean_region - mean_healthy) / abs(mean_healthy),2557,38358,1375057
BraTS-GLI-00014-000,raw,case_brain_mask,FLAIR,1356.5009765625,1248.94140625,948.5908203125,407.91015625,300.3505859375,0.43001697625075025,0.31662818098804046,0.43001697625075025,0.31662818098804046,abs(mean_region - mean_healthy) / abs(mean_healthy),2557,38358,1375057
BraTS-GLI-00014-001,raw,case_brain_mask,T1,329.1077880859375,329.8829345703125,303.56915283203125,25.53863525390625,26.31378173828125,0.08412789974097634,0.08668134259623213,0.08412789974097634,0.08668134259623213,abs(mean_region - mean_healthy) / abs(mean_healthy),20314,38600,1347929
BraTS-GLI-00014-001,raw,case_brain_mask,T1ce,1102.58642578125,1015.619140625,885.8953247070312,216.69110107421875,129.72381591796875,0.2446012469316048,0.1464324421859534,0.2446012469316048,0.1464324421859534,abs(mean_region - mean_healthy) / abs(mean_healthy),20314,38600,1347929
BraTS-GLI-00014-001,raw,case_brain_mask,T2,292.84930419921875,292.3204650878906,266.6711730957031,26.178131103515625,25.6492919921875,0.09816633271463804,0.09618321956000271,0.09816633271463804,0.09618321956000271,abs(mean_region - mean_healthy) / abs(mean_healthy),20314,38600,1347929
BraTS-GLI-00014-001,raw,case_brain_mask,FLAIR,486.89111328125,474.1167907714844,321.1699523925781,165.72116088867188,152.94683837890625,0.5159921083965684,0.47621776956255724,0.5159921083965684,0.47621776956255724,abs(mean_region - mean_healthy) / abs(mean_healthy),20314,38600,1347929
BraTS-GLI-00016-000,raw,case_brain_mask,T1,1865.838623046875,1976.2818603515625,1899.116943359375,33.2783203125,77.1649169921875,0.017523049556723718,0.04063199860440894,0.017523049556723718,0.04063199860440894,abs(mean_region - mean_healthy) / abs(mean_healthy),12694,74546,1320500
BraTS-GLI-00016-000,raw,case_brain_mask,T1ce,3776.265380859375,2512.14208984375,2192.232666015625,1584.03271484375,319.909423828125,0.7225659663774301,0.14592859087788307,0.7225659663774301,0.14592859087788307,abs(mean_region - mean_healthy) / abs(mean_healthy),12694,74546,1320500
BraTS-GLI-00016-000,raw,case_brain_mask,T2,848.31982421875,763.5274047851562,573.620849609375,274.698974609375,189.90655517578125,0.47888596587177723,0.33106633990919965,0.47888596587177723,0.33106633990919965,abs(mean_region - mean_healthy) / abs(mean_healthy),12694,74546,1320500
BraTS-GLI-00016-000,raw,case_brain_mask,FLAIR,1646.2591552734375,1378.207763671875,758.3905639648438,887.8685913085938,619.8171997070312,1.1707273712199722,0.8172796829995418,1.1707273712199722,0.8172796829995418,abs(mean_region - mean_healthy) / abs(mean_healthy),12694,74546,1320500
BraTS-GLI-00016-001,raw,case_brain_mask,T1,5590.1943359375,5017.98828125,3985.428955078125,1604.765380859375,1032.559326171875,0.4026581326495926,0.25908361127758056,0.4026581326495926,0.25908361127758056,abs(mean_region - mean_healthy) / abs(mean_healthy),22791,71716,1385076
BraTS-GLI-00016-001,raw,case_brain_mask,T1ce,2359.679443359375,1971.2109375,1544.8568115234375,814.8226318359375,426.3541259765625,0.5274421718297713,0.2759829408112715,0.5274421718297713,0.2759829408112715,abs(mean_region - mean_healthy) / abs(mean_healthy),22791,71716,1385076
BraTS-GLI-00016-001,raw,case_brain_mask,T2,4463.65380859375,3780.259033203125,2763.6162109375,1700.03759765625,1016.642822265625,0.615149669092275,0.3678668616293685,0.615149669092275,0.3678668616293685,abs(mean_region - mean_healthy) / abs(mean_healthy),22791,71716,1385076
BraTS-GLI-00016-001,raw,case_brain_mask,FLAIR,1953.0,1662.9100341796875,986.3161010742188,966.6838989257812,676.5939331054688,0.980095425668246,0.6859808253850619,0.980095425668246,0.6859808253850619,abs(mean_region - mean_healthy) / abs(mean_healthy),22791,71716,1385076
BraTS-GLI-00017-000,raw,case_brain_mask,T1,1018.6126098632812,968.120361328125,852.4430541992188,166.1695556640625,115.67730712890625,0.19493332117083345,0.13570092050028257,0.19493332117083345,0.13570092050028257,abs(mean_region - mean_healthy) / abs(mean_healthy),1727,99385,1477902
BraTS-GLI-00017-000,raw,case_brain_mask,T1ce,2984.83837890625,1909.0443115234375,2115.819091796875,869.019287109375,206.7747802734375,0.4107247592568767,0.0977280057047942,0.4107247592568767,0.0977280057047942,abs(mean_region - mean_healthy) / abs(mean_healthy),1727,99385,1477902
BraTS-GLI-00017-000,raw,case_brain_mask,T2,978.7341918945312,842.2721557617188,728.1951904296875,250.53900146484375,114.07696533203125,0.3440547325189112,0.15665712549504432,0.3440547325189112,0.15665712549504432,abs(mean_region - mean_healthy) / abs(mean_healthy),1727,99385,1477902
BraTS-GLI-00017-000,raw,case_brain_mask,FLAIR,2574.279052734375,2093.83544921875,1006.4508666992188,1567.8281860351562,1087.3845825195312,1.5577791603250783,1.0804149695709884,1.5577791603250783,1.0804149695709884,abs(mean_region - mean_healthy) / abs(mean_healthy),1727,99385,1477902
BraTS-GLI-00018-000,raw,case_brain_mask,T1,996.6455688476562,958.5668334960938,873.7482299804688,122.8973388671875,84.818603515625,0.14065532226592856,0.0970744209891229,0.14065532226592856,0.0970744209891229,abs(mean_region - mean_healthy) / abs(mean_healthy),64578,160203,1318612
BraTS-GLI-00018-000,raw,case_brain_mask,T1ce,2785.092529296875,2168.162353515625,2086.605712890625,698.48681640625,81.556640625,0.33474786927455474,0.03908579379475465,0.33474786927455474,0.03908579379475465,abs(mean_region - mean_healthy) / abs(mean_healthy),64578,160203,1318612
BraTS-GLI-00018-000,raw,case_brain_mask,T2,823.8591918945312,891.5797119140625,633.4620971679688,190.3970947265625,258.11761474609375,0.30056588322770134,0.4074712850225217,0.30056588322770134,0.4074712850225217,abs(mean_region - mean_healthy) / abs(mean_healthy),64578,160203,1318612
BraTS-GLI-00018-000,raw,case_brain_mask,FLAIR,1876.4923095703125,2001.11669921875,985.2427368164062,891.2495727539062,1015.8739624023438,0.9045989779470812,1.0310900293311631,0.9045989779470812,1.0310900293311631,abs(mean_region - mean_healthy) / abs(mean_healthy),64578,160203,1318612
BraTS-GLI-00019-000,raw,case_brain_mask,T1,821.77880859375,867.8239135742188,915.4086303710938,93.62982177734375,47.584716796875,0.10228199589880155,0.051981940324928796,0.10228199589880155,0.051981940324928796,abs(mean_region - mean_healthy) / abs(mean_healthy),10375,142997,1473062
BraTS-GLI-00019-000,raw,case_brain_mask,T1ce,3241.833984375,2040.31689453125,2278.458251953125,963.375732421875,238.141357421875,0.42281912850325715,0.10451863983802952,0.42281912850325715,0.10451863983802952,abs(mean_region - mean_healthy) / abs(mean_healthy),10375,142997,1473062
BraTS-GLI-00019-000,raw,case_brain_mask,T2,842.8966674804688,765.0093994140625,578.1761474609375,264.72052001953125,186.833251953125,0.45785444657662255,0.3231424415787539,0.45785444657662255,0.3231424415787539,abs(mean_region - mean_healthy) / abs(mean_healthy),10375,142997,1473062
BraTS-GLI-00019-000,raw,case_brain_mask,FLAIR,2118.37109375,1903.4744873046875,1207.9248046875,910.4462890625,695.5496826171875,0.7537276207338418,0.5758220047456778,0.7537276207338418,0.5758220047456778,abs(mean_region - mean_healthy) / abs(mean_healthy),10375,142997,1473062
BraTS-GLI-00020-000,raw,case_brain_mask,T1,1017.48974609375,1022.8045654296875,866.8212890625,150.66845703125,155.9832763671875,0.17381720884382482,0.17994859878890296,0.17381720884382482,0.17994859878890296,abs(mean_region - mean_healthy) / abs(mean_healthy),20409,59921,1522372
BraTS-GLI-00020-000,raw,case_brain_mask,T1ce,4519.23779296875,3410.14111328125,2581.202392578125,1938.035400390625,828.938720703125,0.7508265938243224,0.32114441048350906,0.7508265938243224,0.32114441048350906,abs(mean_region - mean_healthy) / abs(mean_healthy),20409,59921,1522372
BraTS-GLI-00020-000,raw,case_brain_mask,T2,909.5546264648438,940.1511840820312,776.5908203125,132.96380615234375,163.56036376953125,0.17121475386335258,0.21061331075702722,0.17121475386335258,0.21061331075702722,abs(mean_region - mean_healthy) / abs(mean_healthy),20409,59921,1522372
BraTS-GLI-00020-000,raw,case_brain_mask,FLAIR,2015.3779296875,2070.9892578125,986.60107421875,1028.77685546875,1084.38818359375,1.0427485661146247,1.0991151458581512,1.0427485661146247,1.0991151458581512,abs(mean_region - mean_healthy) / abs(mean_healthy),20409,59921,1522372
BraTS-GLI-00020-001,raw,case_brain_mask,T1,410.867919921875,444.6603698730469,448.1750183105469,37.307098388671875,3.5146484375,0.08324225328155452,0.007842133751115619,0.08324225328155452,0.007842133751115619,abs(mean_region - mean_healthy) / abs(mean_healthy),17529,48705,1258558
BraTS-GLI-00020-001,raw,case_brain_mask,T1ce,948.8262939453125,726.19873046875,555.9124145507812,392.91387939453125,170.28631591796875,0.7067909784170497,0.3063186060623827,0.7067909784170497,0.3063186060623827,abs(mean_region - mean_healthy) / abs(mean_healthy),17529,48705,1258558
BraTS-GLI-00020-001,raw,case_brain_mask,T2,1251.0826416015625,1169.81201171875,984.5205688476562,266.56207275390625,185.29144287109375,0.2707531779309669,0.18820474526801437,0.2707531779309669,0.18820474526801437,abs(mean_region - mean_healthy) / abs(mean_healthy),17529,48705,1258558
BraTS-GLI-00020-001,raw,case_brain_mask,FLAIR,600.9768676757812,594.2987060546875,352.9246520996094,248.05221557617188,241.37405395507812,0.7028475174529936,0.6839251736003774,0.7028475174529936,0.6839251736003774,abs(mean_region - mean_healthy) / abs(mean_healthy),17529,48705,1258558
BraTS-GLI-00021-000,raw,case_brain_mask,T1,1161.9981689453125,859.021484375,947.8262329101562,214.17193603515625,88.80474853515625,0.22596118212256472,0.09369306888932033,0.22596118212256472,0.09369306888932033,abs(mean_region - mean_healthy) / abs(mean_healthy),6769,89260,1360349
BraTS-GLI-00021-000,raw,case_brain_mask,T1ce,2702.61865234375,2111.224853515625,2299.36865234375,403.25,188.143798828125,0.17537422700312394,0.08182411229984793,0.17537422700312394,0.08182411229984793,abs(mean_region - mean_healthy) / abs(mean_healthy),6769,89260,1360349
BraTS-GLI-00021-000,raw,case_brain_mask,T2,670.0546875,559.7118530273438,499.15863037109375,170.89605712890625,60.55322265625,0.34236823072027334,0.12131057938682219,0.34236823072027334,0.12131057938682219,abs(mean_region - mean_healthy) / abs(mean_healthy),6769,89260,1360349
BraTS-GLI-00021-000,raw,case_brain_mask,FLAIR,1732.8568115234375,1404.04638671875,1074.582275390625,658.2745361328125,329.464111328125,0.6125864451779841,0.3065973810226494,0.6125864451779841,0.3065973810226494,abs(mean_region - mean_healthy) / abs(mean_healthy),6769,89260,1360349
BraTS-GLI-00021-001,raw,case_brain_mask,T1,673.2567749023438,689.0812377929688,712.1570434570312,38.9002685546875,23.0758056640625,0.05462316059650766,0.032402692462389165,0.05462316059650766,0.032402692462389165,abs(mean_region - mean_healthy) / abs(mean_healthy),19856,130905,1290996
BraTS-GLI-00021-001,raw,case_brain_mask,T1ce,663.4622192382812,515.9638671875,562.6114501953125,100.85076904296875,46.6475830078125,0.17925473967506003,0.08291260867801149,0.17925473967506003,0.08291260867801149,abs(mean_region - mean_healthy) / abs(mean_healthy),19856,130905,1290996
BraTS-GLI-00021-001,raw,case_brain_mask,T2,1033.35009765625,970.2166137695312,678.3147583007812,355.03533935546875,291.90185546875,0.5234079533295919,0.43033392963464556,0.5234079533295919,0.43033392963464556,abs(mean_region - mean_healthy) / abs(mean_healthy),19856,130905,1290996
BraTS-GLI-00021-001,raw,case_brain_mask,FLAIR,1256.0830078125,1212.9029541015625,835.0553588867188,421.02764892578125,377.84759521484375,0.5041913023432218,0.4524820913892267,0.5041913023432218,0.4524820913892267,abs(mean_region - mean_healthy) / abs(mean_healthy),19856,130905,1290996
BraTS-GLI-00022-000,raw,case_brain_mask,T1,334.8847961425781,342.4191589355469,353.9720764160156,19.0872802734375,11.55291748046875,0.053923124294710294,0.03263793460049899,0.053923124294710294,0.03263793460049899,abs(mean_region - mean_healthy) / abs(mean_healthy),47855,112949,1208818
BraTS-GLI-00022-000,raw,case_brain_mask,T1ce,3412.427490234375,2668.3388671875,2372.604248046875,1039.8232421875,295.734619140625,0.43826240429413427,0.12464557432368815,0.43826240429413427,0.12464557432368815,abs(mean_region - mean_healthy) / abs(mean_healthy),47855,112949,1208818
BraTS-GLI-00022-000,raw,case_brain_mask,T2,643.729248046875,746.8821411132812,550.3707275390625,93.3585205078125,196.51141357421875,0.16962842650672477,0.35705280775542586,0.16962842650672477,0.35705280775542586,abs(mean_region - mean_healthy) / abs(mean_healthy),47855,112949,1208818
BraTS-GLI-00022-000,raw,case_brain_mask,FLAIR,1757.3387451171875,1934.107177734375,1057.1480712890625,700.190673828125,876.9591064453125,0.6623392624406232,0.829551819903496,0.6623392624406232,0.829551819903496,abs(mean_region - mean_healthy) / abs(mean_healthy),47855,112949,1208818
BraTS-GLI-00022-001,raw,case_brain_mask,T1,778.04541015625,778.765869140625,812.029052734375,33.983642578125,33.26318359375,0.04185027920330023,0.04096304618873139,0.04185027920330023,0.04096304618873139,abs(mean_region - mean_healthy) / abs(mean_healthy),34997,96170,1247981
BraTS-GLI-00022-001,raw,case_brain_mask,T1ce,1383.1922607421875,1037.2664794921875,955.0274658203125,428.164794921875,82.239013671875,0.4483272054946677,0.08611167386818191,0.4483272054946677,0.08611167386818191,abs(mean_region - mean_healthy) / abs(mean_healthy),34997,96170,1247981
BraTS-GLI-00022-001,raw,case_brain_mask,T2,1128.2398681640625,1176.729736328125,937.077880859375,191.1619873046875,239.65185546875,0.20399797200354014,0.2557437971419944,0.20399797200354014,0.2557437971419944,abs(mean_region - mean_healthy) / abs(mean_healthy),34997,96170,1247981
BraTS-GLI-00022-001,raw,case_brain_mask,FLAIR,723.2940673828125,724.8526611328125,562.6277465820312,160.66632080078125,162.22491455078125,0.28556416169808657,0.2883343659040975,0.28556416169808657,0.2883343659040975,abs(mean_region - mean_healthy) / abs(mean_healthy),34997,96170,1247981
BraTS-GLI-00024-000,raw,case_brain_mask,T1,665.76513671875,812.7064819335938,895.8717651367188,230.10662841796875,83.165283203125,0.256852193999944,0.09283168243440865,0.256852193999944,0.09283168243440865,abs(mean_region - mean_healthy) / abs(mean_healthy),5680,101451,1558909
BraTS-GLI-00024-000,raw,case_brain_mask,T1ce,4025.454833984375,2154.310546875,2766.646240234375,1258.80859375,612.335693359375,0.45499441722746625,0.2213277882999242,0.45499441722746625,0.2213277882999242,abs(mean_region - mean_healthy) / abs(mean_healthy),5680,101451,1558909
BraTS-GLI-00024-000,raw,case_brain_mask,T2,680.5299072265625,771.2388305664062,554.9801635742188,125.54974365234375,216.2586669921875,0.22622383986442013,0.3896691831279601,0.22622383986442013,0.3896691831279601,abs(mean_region - mean_healthy) / abs(mean_healthy),5680,101451,1558909
BraTS-GLI-00024-000,raw,case_brain_mask,FLAIR,1776.6719970703125,1953.697265625,1055.0135498046875,721.658447265625,898.6837158203125,0.6840276576535194,0.8518219656863023,0.6840276576535194,0.8518219656863023,abs(mean_region - mean_healthy) / abs(mean_healthy),5680,101451,1558909
BraTS-GLI-00024-001,raw,case_brain_mask,T1,1292.7349853515625,1547.6763916015625,1465.9576416015625,173.22265625,81.71875,0.11816347985386112,0.05574427778876479,0.11816347985386112,0.05574427778876479,abs(mean_region - mean_healthy) / abs(mean_healthy),1494,75168,1496118
BraTS-GLI-00024-001,raw,case_brain_mask,T1ce,3061.406005859375,2056.0029296875,2048.1943359375,1013.211669921875,7.80859375,0.4946853197199706,0.003812428153418288,0.4946853197199706,0.003812428153418288,abs(mean_region - mean_healthy) / abs(mean_healthy),1494,75168,1496118
BraTS-GLI-00024-001,raw,case_brain_mask,T2,946.3171997070312,882.5608520507812,662.8021240234375,283.51507568359375,219.75872802734375,0.42775221353027576,0.33156008416710026,0.42775221353027576,0.33156008416710026,abs(mean_region - mean_healthy) / abs(mean_healthy),1494,75168,1496118
BraTS-GLI-00024-001,raw,case_brain_mask,FLAIR,662.1024780273438,715.4119873046875,475.4347229003906,186.66775512695312,239.97726440429688,0.3926254144589736,0.5047533401437636,0.3926254144589736,0.5047533401437636,abs(mean_region - mean_healthy) / abs(mean_healthy),1494,75168,1496118
BraTS-GLI-00025-000,raw,case_brain_mask,T1,1058.591796875,1106.9288330078125,907.3942260742188,151.19757080078125,199.53460693359375,0.1666283148559668,0.21989847543648924,0.1666283148559668,0.21989847543648924,abs(mean_region - mean_healthy) / abs(mean_healthy),5150,30557,1593611
BraTS-GLI-00025-000,raw,case_brain_mask,T1ce,3483.150390625,2815.494140625,2821.20068359375,661.94970703125,5.70654296875,0.23463403751484774,0.0020227355685596936,0.23463403751484774,0.0020227355685596936,abs(mean_region - mean_healthy) / abs(mean_healthy),5150,30557,1593611
BraTS-GLI-00025-000,raw,case_brain_mask,T2,695.5994262695312,642.15185546875,617.5144653320312,78.0849609375,24.63739013671875,0.12645041585465452,0.03989767288037775,0.12645041585465452,0.03989767288037775,abs(mean_region - mean_healthy) / abs(mean_healthy),5150,30557,1593611
BraTS-GLI-00025-000,raw,case_brain_mask,FLAIR,2348.817138671875,2016.191650390625,1194.865234375,1153.951904296875,821.326416015625,0.9657590421906236,0.6873799591677278,0.9657590421906236,0.6873799591677278,abs(mean_region - mean_healthy) / abs(mean_healthy),5150,30557,1593611
BraTS-GLI-00026-000,raw,case_brain_mask,T1,871.6126708984375,894.1162719726562,796.5828247070312,75.02984619140625,97.533447265625,0.09418963585990053,0.12243980693595301,0.09418963585990053,0.12243980693595301,abs(mean_region - mean_healthy) / abs(mean_healthy),30972,71556,1676217
BraTS-GLI-00026-000,raw,case_brain_mask,T1ce,4456.62353515625,3559.145751953125,2617.19482421875,1839.4287109375,941.950927734375,0.7028245256776333,0.3599086010020494,0.7028245256776333,0.3599086010020494,abs(mean_region - mean_healthy) / abs(mean_healthy),30972,71556,1676217
BraTS-GLI-00026-000,raw,case_brain_mask,T2,683.2621459960938,705.3086547851562,783.8990478515625,100.63690185546875,78.59039306640625,0.12837992612860674,0.10025575778131059,0.12837992612860674,0.10025575778131059,abs(mean_region - mean_healthy) / abs(mean_healthy),30972,71556,1676217
BraTS-GLI-00026-000,raw,case_brain_mask,FLAIR,1447.8782958984375,1486.154052734375,890.0994873046875,557.77880859375,596.0545654296875,0.6266477135974557,0.669649375076714,0.6266477135974557,0.669649375076714,abs(mean_region - mean_healthy) / abs(mean_healthy),30972,71556,1676217
BraTS-GLI-00028-000,raw,case_brain_mask,T1,853.0040283203125,845.8328857421875,858.0197143554688,5.01568603515625,12.18682861328125,0.0058456536035701185,0.014203436598698445,0.0058456536035701185,0.014203436598698445,abs(mean_region - mean_healthy) / abs(mean_healthy),13655,21245,1363530
BraTS-GLI-00028-000,raw,case_brain_mask,T1ce,2735.427001953125,2402.883056640625,2112.865966796875,622.56103515625,290.01708984375,0.2946524033893444,0.1372624172102212,0.2946524033893444,0.1372624172102212,abs(mean_region - mean_healthy) / abs(mean_healthy),13655,21245,1363530
BraTS-GLI-00028-000,raw,case_brain_mask,T2,592.0494384765625,618.4990844726562,655.2681274414062,63.21868896484375,36.76904296875,0.09647758881801669,0.0561129733446983,0.09647758881801669,0.0561129733446983,abs(mean_region - mean_healthy) / abs(mean_healthy),13655,21245,1363530
BraTS-GLI-00028-000,raw,case_brain_mask,FLAIR,1529.0997314453125,1586.0841064453125,1092.474853515625,436.6248779296875,493.6092529296875,0.39966583809651296,0.45182664968555974,0.39966583809651296,0.45182664968555974,abs(mean_region - mean_healthy) / abs(mean_healthy),13655,21245,1363530
BraTS-GLI-00030-000,raw,case_brain_mask,T1,871.3516845703125,861.7188110351562,772.6307373046875,98.720947265625,89.08807373046875,0.12777248237626654,0.1153048531841373,0.12777248237626654,0.1153048531841373,abs(mean_region - mean_healthy) / abs(mean_healthy),27185,117996,1537464
BraTS-GLI-00030-000,raw,case_brain_mask,T1ce,4494.130859375,2793.504150390625,2359.016845703125,2135.114013671875,434.4873046875,0.9050863784889531,0.1841815184486304,0.9050863784889531,0.1841815184486304,abs(mean_region - mean_healthy) / abs(mean_healthy),27185,117996,1537464
BraTS-GLI-00030-000,raw,case_brain_mask,T2,783.3053588867188,811.8563232421875,568.1966552734375,215.10870361328125,243.65966796875,0.37858143235595587,0.428829817471368,0.37858143235595587,0.428829817471368,abs(mean_region - mean_healthy) / abs(mean_healthy),27185,117996,1537464
BraTS-GLI-00030-000,raw,case_brain_mask,FLAIR,1732.552978515625,1739.7794189453125,812.7321166992188,919.8208618164062,927.0473022460938,1.1317638898683016,1.140655430243298,1.1317638898683016,1.140655430243298,abs(mean_region - mean_healthy) / abs(mean_healthy),27185,117996,1537464
BraTS-GLI-00031-000,raw,case_brain_mask,T1,854.1751708984375,968.6135864257812,815.529541015625,38.6456298828125,153.08404541015625,0.0473871612727663,0.1877112203924729,0.0473871612727663,0.1877112203924729,abs(mean_region - mean_healthy) / abs(mean_healthy),12695,212996,1310101
BraTS-GLI-00031-000,raw,case_brain_mask,T1ce,3532.336181640625,2562.605224609375,2674.10302734375,858.233154296875,111.497802734375,0.32094244145461304,0.04169540275534126,0.32094244145461304,0.04169540275534126,abs(mean_region - mean_healthy) / abs(mean_healthy),12695,212996,1310101
BraTS-GLI-00031-000,raw,case_brain_mask,T2,695.0658569335938,744.098388671875,622.8844604492188,72.181396484375,121.21392822265625,0.11588248072895961,0.19460098287768784,0.11588248072895961,0.19460098287768784,abs(mean_region - mean_healthy) / abs(mean_healthy),12695,212996,1310101
BraTS-GLI-00031-000,raw,case_brain_mask,FLAIR,1652.97314453125,1702.6990966796875,937.4473876953125,715.5257568359375,765.251708984375,0.7632703085290333,0.8163143009718384,0.7632703085290333,0.8163143009718384,abs(mean_region - mean_healthy) / abs(mean_healthy),12695,212996,1310101
BraTS-GLI-00031-001,raw,case_brain_mask,T1,303.7364196777344,332.46697998046875,324.7603454589844,21.02392578125,7.706634521484375,0.06473673918389528,0.0237302202354557,0.06473673918389528,0.0237302202354557,abs(mean_region - mean_healthy) / abs(mean_healthy),11328,222780,1116925
BraTS-GLI-00031-001,raw,case_brain_mask,T1ce,1376.6005859375,1005.564453125,1028.2640380859375,348.3365478515625,22.6995849609375,0.3387617722194911,0.022075638279825144,0.3387617722194911,0.022075638279825144,abs(mean_region - mean_healthy) / abs(mean_healthy),11328,222780,1116925
BraTS-GLI-00031-001,raw,case_brain_mask,T2,373.5881042480469,350.3471984863281,331.20062255859375,42.387481689453125,19.146575927734375,0.1279812862729575,0.05780960126168571,0.1279812862729575,0.05780960126168571,abs(mean_region - mean_healthy) / abs(mean_healthy),11328,222780,1116925
BraTS-GLI-00031-001,raw,case_brain_mask,FLAIR,321.654541015625,355.8236083984375,257.0882873535156,64.56625366210938,98.73532104492188,0.25114428326066035,0.3840521949144786,0.25114428326066035,0.3840521949144786,abs(mean_region - mean_healthy) / abs(mean_healthy),11328,222780,1116925
BraTS-GLI-00032-000,raw,case_brain_mask,T1,910.096435546875,863.947509765625,814.2056274414062,95.89080810546875,49.74188232421875,0.11777222469807784,0.06109253074131865,0.11777222469807784,0.06109253074131865,abs(mean_region - mean_healthy) / abs(mean_healthy),9994,88373,1545325
BraTS-GLI-00032-000,raw,case_brain_mask,T1ce,3136.02490234375,2069.720703125,2160.931884765625,975.093017578125,91.211181640625,0.45123727612723147,0.042209188676263054,0.45123727612723147,0.042209188676263054,abs(mean_region - mean_healthy) / abs(mean_healthy),9994,88373,1545325
BraTS-GLI-00032-000,raw,case_brain_mask,T2,641.814697265625,673.9526977539062,500.00213623046875,141.81256103515625,173.9505615234375,0.2836239102982348,0.3478996366592672,0.2836239102982348,0.3478996366592672,abs(mean_region - mean_healthy) / abs(mean_healthy),9994,88373,1545325
BraTS-GLI-00032-000,raw,case_brain_mask,FLAIR,1435.269775390625,1434.7647705078125,790.741455078125,644.5283203125,644.0233154296875,0.8150936265872399,0.8144549793030115,0.8150936265872399,0.8144549793030115,abs(mean_region - mean_healthy) / abs(mean_healthy),9994,88373,1545325
BraTS-GLI-00032-001,raw,case_brain_mask,T1,569.232177734375,581.668701171875,581.9505615234375,12.7183837890625,0.2818603515625,0.021854749578328708,0.00048433727914041775,0.021854749578328708,0.00048433727914041775,abs(mean_region - mean_healthy) / abs(mean_healthy),21937,122552,1541089
BraTS-GLI-00032-001,raw,case_brain_mask,T1ce,928.5692749023438,658.1087036132812,632.8655395507812,295.7037353515625,25.2431640625,0.46724575264669654,0.03988708893901543,0.46724575264669654,0.03988708893901543,abs(mean_region - mean_healthy) / abs(mean_healthy),21937,122552,1541089
BraTS-GLI-00032-001,raw,case_brain_mask,T2,697.0699462890625,699.5308837890625,531.8759765625,165.1939697265625,167.6549072265625,0.3105873869209259,0.3152142879438015,0.3105873869209259,0.3152142879438015,abs(mean_region - mean_healthy) / abs(mean_healthy),21937,122552,1541089
BraTS-GLI-00032-001,raw,case_brain_mask,FLAIR,326.8700866699219,367.2185974121094,263.8238220214844,63.0462646484375,103.394775390625,0.23897108367758904,0.39190841296433454,0.23897108367758904,0.39190841296433454,abs(mean_region - mean_healthy) / abs(mean_healthy),21937,122552,1541089
BraTS-GLI-00035-000,raw,case_brain_mask,T1,689.6843872070312,670.2972412109375,622.9706420898438,66.7137451171875,47.32659912109375,0.10708970954616215,0.07596922860173624,0.10708970954616215,0.07596922860173624,abs(mean_region - mean_healthy) / abs(mean_healthy),8779,38022,1262162
BraTS-GLI-00035-000,raw,case_brain_mask,T1ce,3129.532958984375,2094.849609375,1831.1270751953125,1298.4058837890625,263.7225341796875,0.7090747012468107,0.14402197299800082,0.7090747012468107,0.14402197299800082,abs(mean_region - mean_healthy) / abs(mean_healthy),8779,38022,1262162
BraTS-GLI-00035-000,raw,case_brain_mask,T2,723.5693359375,738.6781616210938,556.2645874023438,167.30474853515625,182.41357421875,0.3007646942194173,0.32792591574198315,0.3007646942194173,0.32792591574198315,abs(mean_region - mean_healthy) / abs(mean_healthy),8779,38022,1262162
BraTS-GLI-00035-000,raw,case_brain_mask,FLAIR,1824.055419921875,1926.07568359375,1025.440185546875,798.615234375,900.635498046875,0.7788023578860355,0.8782915968585328,0.7788023578860355,0.8782915968585328,abs(mean_region - mean_healthy) / abs(mean_healthy),8779,38022,1262162
BraTS-GLI-00036-000,raw,case_brain_mask,T1,1000.3460083007812,1030.8974609375,960.8285522460938,39.5174560546875,70.06890869140625,0.04112851971593578,0.07292550635345789,0.04112851971593578,0.07292550635345789,abs(mean_region - mean_healthy) / abs(mean_healthy),39607,157005,1650265
BraTS-GLI-00036-000,raw,case_brain_mask,T1ce,4952.0927734375,3301.62841796875,2691.36669921875,2260.72607421875,610.26171875,0.8399918431312217,0.22674788943741736,0.8399918431312217,0.22674788943741736,abs(mean_region - mean_healthy) / abs(mean_healthy),39607,157005,1650265
BraTS-GLI-00036-000,raw,case_brain_mask,T2,878.4747924804688,1033.2430419921875,761.110595703125,117.36419677734375,272.1324462890625,0.154201238873729,0.3575465219186216,0.154201238873729,0.3575465219186216,abs(mean_region - mean_healthy) / abs(mean_healthy),39607,157005,1650265
BraTS-GLI-00036-000,raw,case_brain_mask,FLAIR,1904.6986083984375,2231.03662109375,1098.0841064453125,806.614501953125,1132.9525146484375,0.7345653190121066,1.0317538592886113,0.7345653190121066,1.0317538592886113,abs(mean_region - mean_healthy) / abs(mean_healthy),39607,157005,1650265
BraTS-GLI-00036-001,raw,case_brain_mask,T1,802.5408325195312,813.6011352539062,769.8355712890625,32.70526123046875,43.76556396484375,0.042483437308183804,0.056850534837666514,0.042483437308183804,0.056850534837666514,abs(mean_region - mean_healthy) / abs(mean_healthy),37717,176771,1689959
BraTS-GLI-00036-001,raw,case_brain_mask,T1ce,1420.0418701171875,980.14013671875,929.9450073242188,490.09686279296875,50.19512939453125,0.5270170374946698,0.053976449143977256,0.5270170374946698,0.053976449143977256,abs(mean_region - mean_healthy) / abs(mean_healthy),37717,176771,1689959
BraTS-GLI-00036-001,raw,case_brain_mask,T2,2230.257568359375,2337.683349609375,1584.2247314453125,646.0328369140625,753.4586181640625,0.40779115746077066,0.4756008432444245,0.40779115746077066,0.4756008432444245,abs(mean_region - mean_healthy) / abs(mean_healthy),37717,176771,1689959
BraTS-GLI-00036-001,raw,case_brain_mask,FLAIR,597.8394775390625,636.0667114257812,377.4245910644531,220.41488647460938,258.6421203613281,0.5839971525251488,0.685281580704315,0.5839971525251488,0.685281580704315,abs(mean_region - mean_healthy) / abs(mean_healthy),37717,176771,1689959
BraTS-GLI-00043-000,raw,case_brain_mask,T1,709.2842407226562,682.7034912109375,696.4483032226562,12.8359375,13.74481201171875,0.01843056755340578,0.019735581159603312,0.01843056755340578,0.019735581159603312,abs(mean_region - mean_healthy) / abs(mean_healthy),11259,98719,1424014
BraTS-GLI-00043-000,raw,case_brain_mask,T1ce,1108.8125,855.6605834960938,1329.9453125,221.1328125,474.28472900390625,0.16627210940299472,0.35661972304136097,0.16627210940299472,0.35661972304136097,abs(mean_region - mean_healthy) / abs(mean_healthy),11259,98719,1424014
BraTS-GLI-00043-000,raw,case_brain_mask,T2,500.1395263671875,581.5520629882812,244.63876342773438,255.50076293945312,336.9132995605469,1.0444001570296007,1.3771868972844532,1.0444001570296007,1.3771868972844532,abs(mean_region - mean_healthy) / abs(mean_healthy),11259,98719,1424014
BraTS-GLI-00043-000,raw,case_brain_mask,FLAIR,878.1983032226562,877.4251098632812,415.9857177734375,462.21258544921875,461.43939208984375,1.1111260932784193,1.1092673915818478,1.1111260932784193,1.1092673915818478,abs(mean_region - mean_healthy) / abs(mean_healthy),11259,98719,1424014
BraTS-GLI-00044-000,raw,case_brain_mask,T1,965.4769287109375,977.2726440429688,917.2770385742188,48.19989013671875,59.99560546875,0.052546709565126436,0.06540620003091425,0.052546709565126436,0.06540620003091425,abs(mean_region - mean_healthy) / abs(mean_healthy),4835,16636,1424200
BraTS-GLI-00044-000,raw,case_brain_mask,T1ce,4921.35009765625,3256.6591796875,2753.190673828125,2168.159423828125,503.468505859375,0.7875079065313868,0.18286728581690864,0.7875079065313868,0.18286728581690864,abs(mean_region - mean_healthy) / abs(mean_healthy),4835,16636,1424200
BraTS-GLI-00044-000,raw,case_brain_mask,T2,866.1160278320312,864.685302734375,808.8065795898438,57.3094482421875,55.87872314453125,0.07085680271202771,0.06908786915762737,0.07085680271202771,0.06908786915762737,abs(mean_region - mean_healthy) / abs(mean_healthy),4835,16636,1424200
BraTS-GLI-00044-000,raw,case_brain_mask,FLAIR,2280.87353515625,2222.35595703125,1132.405517578125,1148.468017578125,1089.950439453125,1.014184406337363,0.9625089444850122,1.014184406337363,0.9625089444850122,abs(mean_region - mean_healthy) / abs(mean_healthy),4835,16636,1424200
BraTS-GLI-00045-000,raw,case_brain_mask,T1,784.8162231445312,819.8389282226562,889.0794677734375,104.26324462890625,69.24053955078125,0.1172710071575688,0.07787890965942955,0.1172710071575688,0.07787890965942955,abs(mean_region - mean_healthy) / abs(mean_healthy),7857,34190,1675432
BraTS-GLI-00045-000,raw,case_brain_mask,T1ce,4613.5390625,2789.22802734375,2771.5361328125,1842.0029296875,17.69189453125,0.664614438137695,0.006383425538564642,0.664614438137695,0.006383425538564642,abs(mean_region - mean_healthy) / abs(mean_healthy),7857,34190,1675432
BraTS-GLI-00045-000,raw,case_brain_mask,T2,908.3043212890625,886.2940063476562,649.9854125976562,258.31890869140625,236.30859375,0.397422624700205,0.36355984175951966,0.397422624700205,0.36355984175951966,abs(mean_region - mean_healthy) / abs(mean_healthy),7857,34190,1675432
BraTS-GLI-00045-000,raw,case_brain_mask,FLAIR,1717.7022705078125,1782.36865234375,954.8980712890625,762.80419921875,827.4705810546875,0.7988331133489506,0.8665538301251834,0.7988331133489506,0.8665538301251834,abs(mean_region - mean_healthy) / abs(mean_healthy),7857,34190,1675432
BraTS-GLI-00045-001,raw,case_brain_mask,T1,952.7969360351562,976.7594604492188,991.8301391601562,39.033203125,15.0706787109375,0.0393547257578317,0.015194818261621666,0.0393547257578317,0.015194818261621666,abs(mean_region - mean_healthy) / abs(mean_healthy),6752,22643,1722243
BraTS-GLI-00045-001,raw,case_brain_mask,T1ce,6781.58447265625,4648.81591796875,4100.21240234375,2681.3720703125,548.603515625,0.6539593092250009,0.1337988040110822,0.6539593092250009,0.1337988040110822,abs(mean_region - mean_healthy) / abs(mean_healthy),6752,22643,1722243
BraTS-GLI-00045-001,raw,case_brain_mask,T2,1699.4117431640625,1587.9564208984375,1244.2894287109375,455.122314453125,343.6669921875,0.3657688508409365,0.27619538047794323,0.3657688508409365,0.27619538047794323,abs(mean_region - mean_healthy) / abs(mean_healthy),6752,22643,1722243
BraTS-GLI-00045-001,raw,case_brain_mask,FLAIR,977.976318359375,797.3023071289062,510.3735046386719,467.6028137207031,286.9288024902344,0.9161972740958624,0.562193765707667,0.9161972740958624,0.562193765707667,abs(mean_region - mean_healthy) / abs(mean_healthy),6752,22643,1722243
BraTS-GLI-00046-000,raw,case_brain_mask,T1,853.7694702148438,934.9360961914062,944.3034057617188,90.533935546875,9.3673095703125,0.09587377848525935,0.009919809155783353,0.09587377848525935,0.009919809155783353,abs(mean_region - mean_healthy) / abs(mean_healthy),6841,33792,1298587
BraTS-GLI-00046-000,raw,case_brain_mask,T1ce,6363.56201171875,3457.51513671875,3406.154541015625,2957.407470703125,51.360595703125,0.8682540486907281,0.01507876260007,0.8682540486907281,0.01507876260007,abs(mean_region - mean_healthy) / abs(mean_healthy),6841,33792,1298587
BraTS-GLI-00046-000,raw,case_brain_mask,T2,1202.7181396484375,1191.3311767578125,790.2349853515625,412.483154296875,401.09619140625,0.5219753136003819,0.5075657226537609,0.5219753136003819,0.5075657226537609,abs(mean_region - mean_healthy) / abs(mean_healthy),6841,33792,1298587
BraTS-GLI-00046-000,raw,case_brain_mask,FLAIR,2419.040771484375,2448.109130859375,1137.9896240234375,1281.0511474609375,1310.1195068359375,1.1257142599698726,1.1512578666613176,1.1257142599698726,1.1512578666613176,abs(mean_region - mean_healthy) / abs(mean_healthy),6841,33792,1298587
BraTS-GLI-00048-000,raw,case_brain_mask,T1,992.869384765625,1021.7107543945312,968.3482666015625,24.5211181640625,53.36248779296875,0.02532262307869859,0.055106710708788136,0.02532262307869859,0.055106710708788136,abs(mean_region - mean_healthy) / abs(mean_healthy),14189,84681,1642724
BraTS-GLI-00048-000,raw,case_brain_mask,T1ce,5137.6279296875,2991.357666015625,2952.5595703125,2185.068359375,38.798095703125,0.7400590258518414,0.013140495485081304,0.7400590258518414,0.013140495485081304,abs(mean_region - mean_healthy) / abs(mean_healthy),14189,84681,1642724
BraTS-GLI-00048-000,raw,case_brain_mask,T2,1096.802734375,944.7410278320312,588.0115966796875,508.7911376953125,356.72943115234375,0.865273985357249,0.6066707411327943,0.865273985357249,0.6066707411327943,abs(mean_region - mean_healthy) / abs(mean_healthy),14189,84681,1642724
BraTS-GLI-00048-000,raw,case_brain_mask,FLAIR,2652.260498046875,2234.749755859375,988.1644897460938,1664.0960083007812,1246.5852661132812,1.6840273310452254,1.2615159510878478,1.6840273310452254,1.2615159510878478,abs(mean_region - mean_healthy) / abs(mean_healthy),14189,84681,1642724
BraTS-GLI-00049-000,raw,case_brain_mask,T1,387.6241760253906,411.6349182128906,399.1854553222656,11.561279296875,12.449462890625,0.028962175707382642,0.031187165575896167,0.028962175707382642,0.031187165575896167,abs(mean_region - mean_healthy) / abs(mean_healthy),15417,119424,1273886
BraTS-GLI-00049-000,raw,case_brain_mask,T1ce,1710.299560546875,1138.4989013671875,1128.483154296875,581.81640625,10.0157470703125,0.5155738515321594,0.008875406807958086,0.5155738515321594,0.008875406807958086,abs(mean_region - mean_healthy) / abs(mean_healthy),15417,119424,1273886
BraTS-GLI-00049-000,raw,case_brain_mask,T2,309.65032958984375,336.0577697753906,248.2730712890625,61.37725830078125,87.78469848632812,0.24721673591945928,0.3535812322719489,0.24721673591945928,0.3535812322719489,abs(mean_region - mean_healthy) / abs(mean_healthy),15417,119424,1273886
BraTS-GLI-00049-000,raw,case_brain_mask,FLAIR,508.4049377441406,615.3939208984375,294.58367919921875,213.82125854492188,320.81024169921875,0.7258421753919385,1.0890292448356031,0.7258421753919385,1.0890292448356031,abs(mean_region - mean_healthy) / abs(mean_healthy),15417,119424,1273886
BraTS-GLI-00051-000,raw,case_brain_mask,T1,828.3582153320312,858.1331176757812,723.9566650390625,104.40155029296875,134.17645263671875,0.14420966797416743,0.18533768541170761,0.14420966797416743,0.18533768541170761,abs(mean_region - mean_healthy) / abs(mean_healthy),18805,108726,1479619
BraTS-GLI-00051-000,raw,case_brain_mask,T1ce,3486.234619140625,2237.361083984375,2075.88720703125,1410.347412109375,161.473876953125,0.679395011122174,0.07778547717149364,0.679395011122174,0.07778547717149364,abs(mean_region - mean_healthy) / abs(mean_healthy),18805,108726,1479619
BraTS-GLI-00051-000,raw,case_brain_mask,T2,709.083984375,787.5830688476562,426.6091003417969,282.4748840332031,360.9739685058594,0.6621398460719328,0.8461469017342785,0.6621398460719328,0.8461469017342785,abs(mean_region - mean_healthy) / abs(mean_healthy),18805,108726,1479619
BraTS-GLI-00051-000,raw,case_brain_mask,FLAIR,1785.98095703125,2009.05908203125,914.6179809570312,871.3629760742188,1094.4411010742188,0.9527070254648267,1.1966100862449975,0.9527070254648267,1.1966100862449975,abs(mean_region - mean_healthy) / abs(mean_healthy),18805,108726,1479619
BraTS-GLI-00052-000,raw,case_brain_mask,T1,802.2525024414062,787.954833984375,772.9255981445312,29.326904296875,15.02923583984375,0.037942726139846505,0.019444608738438233,0.037942726139846505,0.019444608738438233,abs(mean_region - mean_healthy) / abs(mean_healthy),49797,164216,1546072
BraTS-GLI-00052-000,raw,case_brain_mask,T1ce,2656.4375,1663.319580078125,1629.041259765625,1027.396240234375,34.2783203125,0.6306753951598436,0.021042020947604313,0.6306753951598436,0.021042020947604313,abs(mean_region - mean_healthy) / abs(mean_healthy),49797,164216,1546072
BraTS-GLI-00052-000,raw,case_brain_mask,T2,700.789306640625,855.0449829101562,584.3711547851562,116.41815185546875,270.673828125,0.19921953864795025,0.46318820822789086,0.19921953864795025,0.46318820822789086,abs(mean_region - mean_healthy) / abs(mean_healthy),49797,164216,1546072
BraTS-GLI-00052-000,raw,case_brain_mask,FLAIR,1422.4937744140625,1644.1793212890625,941.406494140625,481.0872802734375,702.7728271484375,0.5110303394630863,0.7465136808833815,0.5110303394630863,0.7465136808833815,abs(mean_region - mean_healthy) / abs(mean_healthy),49797,164216,1546072
BraTS-GLI-00053-000,raw,case_brain_mask,T1,794.1541137695312,795.8754272460938,802.529052734375,8.37493896484375,6.65362548828125,0.010435683214593514,0.008290821952938692,0.010435683214593514,0.008290821952938692,abs(mean_region - mean_healthy) / abs(mean_healthy),27997,131650,1876433
BraTS-GLI-00053-000,raw,case_brain_mask,T1ce,4191.90869140625,2517.9365234375,2535.088623046875,1656.820068359375,17.152099609375,0.6535550880931628,0.006765877710720904,0.6535550880931628,0.006765877710720904,abs(mean_region - mean_healthy) / abs(mean_healthy),27997,131650,1876433
BraTS-GLI-00053-000,raw,case_brain_mask,T2,820.9789428710938,974.0465087890625,665.48779296875,155.49114990234375,308.5587158203125,0.23364989041901976,0.4636579650001211,0.23364989041901976,0.4636579650001211,abs(mean_region - mean_healthy) / abs(mean_healthy),27997,131650,1876433
BraTS-GLI-00053-000,raw,case_brain_mask,FLAIR,2152.71435546875,2508.419189453125,1395.027587890625,757.686767578125,1113.3916015625,0.5431338950965107,0.79811439660919,0.5431338950965107,0.79811439660919,abs(mean_region - mean_healthy) / abs(mean_healthy),27997,131650,1876433
BraTS-GLI-00053-001,raw,case_brain_mask,T1,514.957275390625,505.04571533203125,519.9539184570312,4.99664306640625,14.908203125,0.009609780576774652,0.028672162273995837,0.009609780576774652,0.028672162273995837,abs(mean_region - mean_healthy) / abs(mean_healthy),31640,138820,1740134
BraTS-GLI-00053-001,raw,case_brain_mask,T1ce,1937.016845703125,1154.4451904296875,1308.6038818359375,628.4129638671875,154.15869140625,0.4802163378772347,0.11780393864487802,0.4802163378772347,0.11780393864487802,abs(mean_region - mean_healthy) / abs(mean_healthy),31640,138820,1740134
BraTS-GLI-00053-001,raw,case_brain_mask,T2,860.3369140625,873.6737670898438,485.10498046875,375.23193359375,388.56878662109375,0.7735066608286907,0.8009993759404929,0.7735066608286907,0.8009993759404929,abs(mean_region - mean_healthy) / abs(mean_healthy),31640,138820,1740134
BraTS-GLI-00053-001,raw,case_brain_mask,FLAIR,648.9691162109375,668.7481079101562,401.0970458984375,247.8720703125,267.65106201171875,0.6179852802387982,0.6672975150245588,0.6179852802387982,0.6672975150245588,abs(mean_region - mean_healthy) / abs(mean_healthy),31640,138820,1740134
BraTS-GLI-00054-000,raw,case_brain_mask,T1,1017.2238159179688,1025.0814208984375,940.6111450195312,76.6126708984375,84.47027587890625,0.08144988638939281,0.08980360941518747,0.08144988638939281,0.08980360941518747,abs(mean_region - mean_healthy) / abs(mean_healthy),55839,100486,1207470
BraTS-GLI-00054-000,raw,case_brain_mask,T1ce,5341.4814453125,4322.55224609375,2940.05615234375,2401.42529296875,1382.49609375,0.8167957238008482,0.47022778549583266,0.8167957238008482,0.47022778549583266,abs(mean_region - mean_healthy) / abs(mean_healthy),55839,100486,1207470
BraTS-GLI-00054-000,raw,case_brain_mask,T2,835.2047729492188,862.6781005859375,742.1780395507812,93.0267333984375,120.50006103515625,0.12534288060415244,0.16236004653019837,0.12534288060415244,0.16236004653019837,abs(mean_region - mean_healthy) / abs(mean_healthy),55839,100486,1207470
BraTS-GLI-00054-000,raw,case_brain_mask,FLAIR,1983.7054443359375,2083.934814453125,1346.250732421875,637.4547119140625,737.68408203125,0.47350370667379005,0.5479544517715306,0.47350370667379005,0.5479544517715306,abs(mean_region - mean_healthy) / abs(mean_healthy),55839,100486,1207470
BraTS-GLI-00056-000,raw,case_brain_mask,T1,965.4925537109375,1008.6414184570312,951.1763916015625,14.316162109375,57.46502685546875,0.015051006559645443,0.06041469002264748,0.015051006559645443,0.06041469002264748,abs(mean_region - mean_healthy) / abs(mean_healthy),43755,104443,1319061
BraTS-GLI-00056-000,raw,case_brain_mask,T1ce,3664.182861328125,2615.9677734375,2165.20751953125,1498.975341796875,450.76025390625,0.6923010049962283,0.20818339574390354,0.6923010049962283,0.20818339574390354,abs(mean_region - mean_healthy) / abs(mean_healthy),43755,104443,1319061
BraTS-GLI-00056-000,raw,case_brain_mask,T2,906.6219482421875,980.7830200195312,696.201171875,210.4207763671875,284.58184814453125,0.3022413418243537,0.40876381661079236,0.3022413418243537,0.40876381661079236,abs(mean_region - mean_healthy) / abs(mean_healthy),43755,104443,1319061
BraTS-GLI-00056-000,raw,case_brain_mask,FLAIR,2387.173583984375,2632.916259765625,1417.3895263671875,969.7840576171875,1215.5267333984375,0.6842043345013092,0.8575812864328619,0.6842043345013092,0.8575812864328619,abs(mean_region - mean_healthy) / abs(mean_healthy),43755,104443,1319061
BraTS-GLI-00056-001,raw,case_brain_mask,T1,462.7862854003906,448.0425109863281,375.0897216796875,87.69656372070312,72.95278930664062,0.23380156440434988,0.1944942372186342,0.23380156440434988,0.1944942372186342,abs(mean_region - mean_healthy) / abs(mean_healthy),35801,103998,1278223
BraTS-GLI-00056-001,raw,case_brain_mask,T1ce,544.4816284179688,406.0669860839844,366.4693603515625,178.01226806640625,39.597625732421875,0.4857493895141329,0.10805166820613588,0.4857493895141329,0.10805166820613588,abs(mean_region - mean_healthy) / abs(mean_healthy),35801,103998,1278223
BraTS-GLI-00056-001,raw,case_brain_mask,T2,692.1890258789062,675.6312866210938,393.43603515625,298.75299072265625,282.19525146484375,0.7593432325130282,0.7172582738964726,0.7593432325130282,0.7172582738964726,abs(mean_region - mean_healthy) / abs(mean_healthy),35801,103998,1278223
BraTS-GLI-00056-001,raw,case_brain_mask,FLAIR,324.00146484375,356.75836181640625,145.8018798828125,178.1995849609375,210.95648193359375,1.2222036170189607,1.4468707955147693,1.2222036170189607,1.4468707955147693,abs(mean_region - mean_healthy) / abs(mean_healthy),35801,103998,1278223
BraTS-GLI-00058-000,raw,case_brain_mask,T1,729.4984130859375,726.33056640625,672.57666015625,56.9217529296875,53.75390625,0.08463236431139863,0.0799223485357225,0.08463236431139863,0.0799223485357225,abs(mean_region - mean_healthy) / abs(mean_healthy),7997,27410,1303110
BraTS-GLI-00058-000,raw,case_brain_mask,T1ce,3578.246337890625,2560.8330078125,2230.282958984375,1347.96337890625,330.550048828125,0.6043911932681784,0.1482099154712865,0.6043911932681784,0.1482099154712865,abs(mean_region - mean_healthy) / abs(mean_healthy),7997,27410,1303110
BraTS-GLI-00058-000,raw,case_brain_mask,T2,689.763916015625,687.80712890625,501.1708679199219,188.59304809570312,186.63626098632812,0.37630488954485064,0.3724004584722775,0.37630488954485064,0.3724004584722775,abs(mean_region - mean_healthy) / abs(mean_healthy),7997,27410,1303110
BraTS-GLI-00058-000,raw,case_brain_mask,FLAIR,2199.951171875,2143.236083984375,1152.7337646484375,1047.2174072265625,990.5023193359375,0.9084642432990105,0.8592637343610928,0.9084642432990105,0.8592637343610928,abs(mean_region - mean_healthy) / abs(mean_healthy),7997,27410,1303110
BraTS-GLI-00058-001,raw,case_brain_mask,T1,258.87799072265625,281.59051513671875,332.2132263183594,73.33523559570312,50.622711181640625,0.22074748922075152,0.15238017987016858,0.22074748922075152,0.15238017987016858,abs(mean_region - mean_healthy) / abs(mean_healthy),9956,51158,1236160
BraTS-GLI-00058-001,raw,case_brain_mask,T1ce,639.436767578125,523.6367797851562,526.2003173828125,113.2364501953125,2.56353759765625,0.21519646882488025,0.004871790291588266,0.21519646882488025,0.004871790291588266,abs(mean_region - mean_healthy) / abs(mean_healthy),9956,51158,1236160
BraTS-GLI-00058-001,raw,case_brain_mask,T2,656.23486328125,621.0497436523438,372.61114501953125,283.62371826171875,248.4385986328125,0.761178837650849,0.6667503158548573,0.761178837650849,0.6667503158548573,abs(mean_region - mean_healthy) / abs(mean_healthy),9956,51158,1236160
BraTS-GLI-00058-001,raw,case_brain_mask,FLAIR,499.750244140625,492.6223449707031,317.6234436035156,182.12680053710938,174.9989013671875,0.5734047791650273,0.550963428208517,0.5734047791650273,0.550963428208517,abs(mean_region - mean_healthy) / abs(mean_healthy),9956,51158,1236160
BraTS-GLI-00059-000,raw,case_brain_mask,T1,722.9718017578125,748.8026123046875,714.2493286132812,8.72247314453125,34.55328369140625,0.012212084485211876,0.04837706149264659,0.012212084485211876,0.04837706149264659,abs(mean_region - mean_healthy) / abs(mean_healthy),23135,119934,1312308
BraTS-GLI-00059-000,raw,case_brain_mask,T1ce,3785.557373046875,2520.40185546875,2231.496337890625,1554.06103515625,288.905517578125,0.6964210555798013,0.1294671708272754,0.6964210555798013,0.1294671708272754,abs(mean_region - mean_healthy) / abs(mean_healthy),23135,119934,1312308
BraTS-GLI-00059-000,raw,case_brain_mask,T2,624.71923828125,655.953369140625,515.8095092773438,108.90972900390625,140.14385986328125,0.2111433136556367,0.27169692947232543,0.2111433136556367,0.27169692947232543,abs(mean_region - mean_healthy) / abs(mean_healthy),23135,119934,1312308
BraTS-GLI-00059-000,raw,case_brain_mask,FLAIR,1665.4022216796875,1780.566650390625,1075.668701171875,589.7335205078125,704.89794921875,0.5482482848718514,0.6553113876519852,0.5482482848718514,0.6553113876519852,abs(mean_region - mean_healthy) / abs(mean_healthy),23135,119934,1312308
BraTS-GLI-00059-001,raw,case_brain_mask,T1,930.2413330078125,879.1344604492188,784.6119384765625,145.62939453125,94.52252197265625,0.18560690628033333,0.12047041006817381,0.18560690628033333,0.12047041006817381,abs(mean_region - mean_healthy) / abs(mean_healthy),15913,45184,1384822
BraTS-GLI-00059-001,raw,case_brain_mask,T1ce,1156.060791015625,991.7001342773438,878.6697387695312,277.39105224609375,113.0303955078125,0.3156943274665926,0.12863808837447577,0.3156943274665926,0.12863808837447577,abs(mean_region - mean_healthy) / abs(mean_healthy),15913,45184,1384822
BraTS-GLI-00059-001,raw,case_brain_mask,T2,537.9627685546875,508.78338623046875,400.22088623046875,137.74188232421875,108.5625,0.3441646527285424,0.27125645795877795,0.3441646527285424,0.27125645795877795,abs(mean_region - mean_healthy) / abs(mean_healthy),15913,45184,1384822
BraTS-GLI-00059-001,raw,case_brain_mask,FLAIR,280.2803955078125,272.7297668457031,180.5634002685547,99.71699523925781,92.16636657714844,0.552254748697395,0.5104376991132644,0.552254748697395,0.5104376991132644,abs(mean_region - mean_healthy) / abs(mean_healthy),15913,45184,1384822
BraTS-GLI-00060-000,raw,case_brain_mask,T1,847.627685546875,875.6182861328125,940.6558227539062,93.02813720703125,65.03753662109375,0.0988971045059583,0.06914063044938895,0.0988971045059583,0.06914063044938895,abs(mean_region - mean_healthy) / abs(mean_healthy),61830,240373,1581960
BraTS-GLI-00060-000,raw,case_brain_mask,T1ce,4548.07470703125,2739.418701171875,2699.689208984375,1848.385498046875,39.7294921875,0.6846660318882554,0.014716320699169021,0.6846660318882554,0.014716320699169021,abs(mean_region - mean_healthy) / abs(mean_healthy),61830,240373,1581960
BraTS-GLI-00060-000,raw,case_brain_mask,T2,798.029052734375,948.560302734375,678.6134033203125,119.4156494140625,269.9468994140625,0.17597007195818248,0.39779187692619855,0.17597007195818248,0.39779187692619855,abs(mean_region - mean_healthy) / abs(mean_healthy),61830,240373,1581960
BraTS-GLI-00060-000,raw,case_brain_mask,FLAIR,1732.3623046875,2071.018798828125,1030.9610595703125,701.4012451171875,1040.0577392578125,0.6803372820012425,1.008823494935193,0.6803372820012425,1.008823494935193,abs(mean_region - mean_healthy) / abs(mean_healthy),61830,240373,1581960
BraTS-GLI-00061-000,raw,case_brain_mask,T1,1033.743408203125,1024.7896728515625,897.7198486328125,136.0235595703125,127.06982421875,0.15152116751954448,0.1415473038858077,0.15152116751954448,0.1415473038858077,abs(mean_region - mean_healthy) / abs(mean_healthy),5569,19464,1629408
BraTS-GLI-00061-000,raw,case_brain_mask,T1ce,3624.2578125,2874.279541015625,2509.296142578125,1114.961669921875,364.9833984375,0.444332436894567,0.1454525005017962,0.444332436894567,0.1454525005017962,abs(mean_region - mean_healthy) / abs(mean_healthy),5569,19464,1629408
BraTS-GLI-00061-000,raw,case_brain_mask,T2,775.5550537109375,841.088134765625,667.3836669921875,108.17138671875,173.7044677734375,0.1620827599906131,0.2602767738627786,0.1620827599906131,0.2602767738627786,abs(mean_region - mean_healthy) / abs(mean_healthy),5569,19464,1629408
BraTS-GLI-00061-000,raw,case_brain_mask,FLAIR,1744.974853515625,1889.0069580078125,1018.1411743164062,726.8336791992188,870.8657836914062,0.7138830031967077,0.855348752864373,0.7138830031967077,0.855348752864373,abs(mean_region - mean_healthy) / abs(mean_healthy),5569,19464,1629408
BraTS-GLI-00061-001,raw,case_brain_mask,T1,643.77880859375,633.6542358398438,568.0184936523438,75.76031494140625,65.6357421875,0.1333764935262397,0.11555212184283636,0.1333764935262397,0.11555212184283636,abs(mean_region - mean_healthy) / abs(mean_healthy),3427,41800,1595592
BraTS-GLI-00061-001,raw,case_brain_mask,T1ce,2387.265625,1849.083251953125,1832.4261474609375,554.8394775390625,16.6571044921875,0.3027895439649036,0.009090191446606492,0.3027895439649036,0.009090191446606492,abs(mean_region - mean_healthy) / abs(mean_healthy),3427,41800,1595592
BraTS-GLI-00061-001,raw,case_brain_mask,T2,1010.0564575195312,1023.3299560546875,852.43798828125,157.61846923828125,170.8919677734375,0.18490315002981453,0.20047436895439494,0.18490315002981453,0.20047436895439494,abs(mean_region - mean_healthy) / abs(mean_healthy),3427,41800,1595592
BraTS-GLI-00061-001,raw,case_brain_mask,FLAIR,749.137451171875,621.9451904296875,350.2806091308594,398.8568420410156,271.6645812988281,1.1386780530920253,0.7755627180531095,1.1386780530920253,0.7755627180531095,abs(mean_region - mean_healthy) / abs(mean_healthy),3427,41800,1595592
BraTS-GLI-00062-000,raw,case_brain_mask,T1,876.066162109375,946.480224609375,1026.112060546875,150.0458984375,79.6318359375,0.1462275946328238,0.07760539905851954,0.1462275946328238,0.07760539905851954,abs(mean_region - mean_healthy) / abs(mean_healthy),6048,124308,1360116
BraTS-GLI-00062-000,raw,case_brain_mask,T1ce,6180.86572265625,1935.9990234375,2507.7568359375,3673.10888671875,571.7578125,1.464698982804525,0.2279957148581569,1.464698982804525,0.2279957148581569,abs(mean_region - mean_healthy) / abs(mean_healthy),6048,124308,1360116
BraTS-GLI-00062-000,raw,case_brain_mask,T2,1260.9296875,1308.3941650390625,806.445556640625,454.484130859375,501.9486083984375,0.5635645545033439,0.6224209486495069,0.5635645545033439,0.6224209486495069,abs(mean_region - mean_healthy) / abs(mean_healthy),6048,124308,1360116
BraTS-GLI-00062-000,raw,case_brain_mask,FLAIR,3057.2861328125,2937.01904296875,1260.4459228515625,1796.8402099609375,1676.5731201171875,1.4255591433037178,1.3301428404990212,1.4255591433037178,1.3301428404990212,abs(mean_region - mean_healthy) / abs(mean_healthy),6048,124308,1360116
BraTS-GLI-00063-000,raw,case_brain_mask,T1,703.4691162109375,668.2837524414062,660.2308959960938,43.23822021484375,8.0528564453125,0.06548954385057977,0.0121970306057294,0.06548954385057977,0.0121970306057294,abs(mean_region - mean_healthy) / abs(mean_healthy),9900,24738,1699515
BraTS-GLI-00063-000,raw,case_brain_mask,T1ce,3799.43798828125,2526.618408203125,1945.334228515625,1854.103759765625,581.2841796875,0.9531029334637201,0.2988094133988714,0.9531029334637201,0.2988094133988714,abs(mean_region - mean_healthy) / abs(mean_healthy),9900,24738,1699515
BraTS-GLI-00063-000,raw,case_brain_mask,T2,757.9570922851562,730.5342407226562,564.4426879882812,193.514404296875,166.091552734375,0.3428415469187417,0.2942576035953952,0.3428415469187417,0.2942576035953952,abs(mean_region - mean_healthy) / abs(mean_healthy),9900,24738,1699515
BraTS-GLI-00063-000,raw,case_brain_mask,FLAIR,1747.4593505859375,1626.8846435546875,1000.7525634765625,746.706787109375,626.132080078125,0.7461452654343991,0.6256612302875094,0.7461452654343991,0.6256612302875094,abs(mean_region - mean_healthy) / abs(mean_healthy),9900,24738,1699515
BraTS-GLI-00064-000,raw,case_brain_mask,T1,866.834716796875,908.27734375,893.11181640625,26.277099609375,15.16552734375,0.0294219594082969,0.01698054718923532,0.0294219594082969,0.01698054718923532,abs(mean_region - mean_healthy) / abs(mean_healthy),26321,101426,1654460
BraTS-GLI-00064-000,raw,case_brain_mask,T1ce,3144.47265625,2290.969970703125,2236.240478515625,908.232177734375,54.7294921875,0.4061424459757757,0.02447388494811096,0.4061424459757757,0.02447388494811096,abs(mean_region - mean_healthy) / abs(mean_healthy),26321,101426,1654460
BraTS-GLI-00064-000,raw,case_brain_mask,T2,800.010498046875,872.6572875976562,623.95849609375,176.052001953125,248.69879150390625,0.2821533852897054,0.39858226638609495,0.2821533852897054,0.39858226638609495,abs(mean_region - mean_healthy) / abs(mean_healthy),26321,101426,1654460
BraTS-GLI-00064-000,raw,case_brain_mask,FLAIR,1784.00244140625,1984.4140625,1141.4595947265625,642.5428466796875,842.9544677734375,0.5629133520346895,0.7384882230328687,0.5629133520346895,0.7384882230328687,abs(mean_region - mean_healthy) / abs(mean_healthy),26321,101426,1654460
BraTS-GLI-00066-000,raw,case_brain_mask,T1,618.3782958984375,645.7613525390625,639.121826171875,20.7435302734375,6.6395263671875,0.032456300855322494,0.010388514513666404,0.032456300855322494,0.010388514513666404,abs(mean_region - mean_healthy) / abs(mean_healthy),5665,38714,1403427
BraTS-GLI-00066-000,raw,case_brain_mask,T1ce,2605.021240234375,1608.5115966796875,1794.13330078125,810.887939453125,185.6217041015625,0.4519663834900262,0.10346037500153087,0.4519663834900262,0.10346037500153087,abs(mean_region - mean_healthy) / abs(mean_healthy),5665,38714,1403427
BraTS-GLI-00066-000,raw,case_brain_mask,T2,870.7073364257812,865.1891479492188,690.3731689453125,180.33416748046875,174.81597900390625,0.261212595726984,0.2532195439619615,0.261212595726984,0.2532195439619615,abs(mean_region - mean_healthy) / abs(mean_healthy),5665,38714,1403427
BraTS-GLI-00066-000,raw,case_brain_mask,FLAIR,1881.81201171875,1812.8455810546875,925.9913940429688,955.8206176757812,886.8541870117188,1.032213283864956,0.9577348047908165,1.032213283864956,0.9577348047908165,abs(mean_region - mean_healthy) / abs(mean_healthy),5665,38714,1403427
BraTS-GLI-00068-000,raw,case_brain_mask,T1,888.4993896484375,936.471923828125,911.0296020507812,22.53021240234375,25.44232177734375,0.024730494323814415,0.027926997893451086,0.024730494323814415,0.027926997893451086,abs(mean_region - mean_healthy) / abs(mean_healthy),21537,110080,1105088
BraTS-GLI-00068-000,raw,case_brain_mask,T1ce,3420.337158203125,2139.272705078125,2071.699462890625,1348.6376953125,67.5732421875,0.650981341391457,0.03261729966045153,0.650981341391457,0.03261729966045153,abs(mean_region - mean_healthy) / abs(mean_healthy),21537,110080,1105088
BraTS-GLI-00068-000,raw,case_brain_mask,T2,847.5126342773438,883.900390625,617.0938110351562,230.4188232421875,266.80657958984375,0.3733935086071709,0.4323598370599176,0.3733935086071709,0.4323598370599176,abs(mean_region - mean_healthy) / abs(mean_healthy),21537,110080,1105088
BraTS-GLI-00068-000,raw,case_brain_mask,FLAIR,2105.506591796875,2307.380859375,1369.3284912109375,736.1781005859375,938.0523681640625,0.5376197934324097,0.6850455344973617,0.5376197934324097,0.6850455344973617,abs(mean_region - mean_healthy) / abs(mean_healthy),21537,110080,1105088
BraTS-GLI-00070-000,raw,case_brain_mask,T1,1237.3154296875,1353.9849853515625,1748.9822998046875,511.6668701171875,394.997314453125,0.29255119973159616,0.2258440891581551,0.29255119973159616,0.2258440891581551,abs(mean_region - mean_healthy) / abs(mean_healthy),33741,156721,1501649
BraTS-GLI-00070-000,raw,case_brain_mask,T1ce,3345.06396484375,1710.7801513671875,1705.9180908203125,1639.1458740234375,4.862060546875,0.9608584860221708,0.002850113714742902,0.9608584860221708,0.002850113714742902,abs(mean_region - mean_healthy) / abs(mean_healthy),33741,156721,1501649
BraTS-GLI-00070-000,raw,case_brain_mask,T2,1054.310791015625,958.1661987304688,511.27410888671875,543.0366821289062,446.89208984375,1.0621243530429292,0.8740753386023041,1.0621243530429292,0.8740753386023041,abs(mean_region - mean_healthy) / abs(mean_healthy),33741,156721,1501649
BraTS-GLI-00070-000,raw,case_brain_mask,FLAIR,2532.46240234375,2460.7041015625,1314.534912109375,1217.927490234375,1146.169189453125,0.9265082874672546,0.8719199306878194,0.9265082874672546,0.8719199306878194,abs(mean_region - mean_healthy) / abs(mean_healthy),33741,156721,1501649
BraTS-GLI-00071-000,raw,case_brain_mask,T1,762.4633178710938,797.7459716796875,844.6121215820312,82.1488037109375,46.86614990234375,0.09726216521385665,0.055488369992321936,0.09726216521385665,0.055488369992321936,abs(mean_region - mean_healthy) / abs(mean_healthy),33782,92002,1578904
BraTS-GLI-00071-000,raw,case_brain_mask,T1ce,3927.1123046875,2745.506103515625,2120.0634765625,1807.048828125,625.442626953125,0.8523560016490515,0.2950112738922451,0.8523560016490515,0.2950112738922451,abs(mean_region - mean_healthy) / abs(mean_healthy),33782,92002,1578904
BraTS-GLI-00071-000,raw,case_brain_mask,T2,832.3526611328125,804.6851806640625,584.6769409179688,247.67572021484375,220.00823974609375,0.4236112336258411,0.37629026279139904,0.4236112336258411,0.37629026279139904,abs(mean_region - mean_healthy) / abs(mean_healthy),33782,92002,1578904
BraTS-GLI-00071-000,raw,case_brain_mask,FLAIR,2376.838134765625,2201.81689453125,1107.592529296875,1269.24560546875,1094.224365234375,1.1459499517159943,0.9879304313554855,1.1459499517159943,0.9879304313554855,abs(mean_region - mean_healthy) / abs(mean_healthy),33782,92002,1578904
BraTS-GLI-00072-000,raw,case_brain_mask,T1,733.647705078125,756.1502685546875,778.4684448242188,44.82073974609375,22.31817626953125,0.05757553828172759,0.028669339673197392,0.05757553828172759,0.028669339673197392,abs(mean_region - mean_healthy) / abs(mean_healthy),33421,74301,1609835
BraTS-GLI-00072-000,raw,case_brain_mask,T1ce,3577.301025390625,2844.475341796875,2462.88671875,1114.414306640625,381.588623046875,0.45248297380328917,0.15493551536164213,0.45248297380328917,0.15493551536164213,abs(mean_region - mean_healthy) / abs(mean_healthy),33421,74301,1609835
BraTS-GLI-00072-000,raw,case_brain_mask,T2,644.25830078125,684.946533203125,509.40093994140625,134.85736083984375,175.54559326171875,0.2647371652972523,0.34461183617350777,0.2647371652972523,0.34461183617350777,abs(mean_region - mean_healthy) / abs(mean_healthy),33421,74301,1609835
BraTS-GLI-00072-000,raw,case_brain_mask,FLAIR,2010.032470703125,2126.854248046875,1234.9503173828125,775.0821533203125,891.9039306640625,0.627622133789898,0.7222184715529639,0.627622133789898,0.7222184715529639,abs(mean_region - mean_healthy) / abs(mean_healthy),33421,74301,1609835
BraTS-GLI-00072-001,raw,case_brain_mask,T1,1764.77587890625,1816.5184326171875,1756.4232177734375,8.3526611328125,60.09521484375,0.004755494603060933,0.03421454136772959,0.004755494603060933,0.03421454136772959,abs(mean_region - mean_healthy) / abs(mean_healthy),16229,26964,1663141
BraTS-GLI-00072-001,raw,case_brain_mask,T1ce,4831.4697265625,4079.70458984375,3224.38671875,1607.0830078125,855.31787109375,0.49841509347102103,0.26526528785149306,0.49841509347102103,0.26526528785149306,abs(mean_region - mean_healthy) / abs(mean_healthy),16229,26964,1663141
BraTS-GLI-00072-001,raw,case_brain_mask,T2,1879.8251953125,1826.918212890625,1482.7667236328125,397.0584716796875,344.1514892578125,0.26778215706573527,0.23210089879454096,0.26778215706573527,0.23210089879454096,abs(mean_region - mean_healthy) / abs(mean_healthy),16229,26964,1663141
BraTS-GLI-00072-001,raw,case_brain_mask,FLAIR,904.0758056640625,916.9464721679688,682.6845092773438,221.39129638671875,234.261962890625,0.32429518083114656,0.34314820346312414,0.32429518083114656,0.34314820346312414,abs(mean_region - mean_healthy) / abs(mean_healthy),16229,26964,1663141
BraTS-GLI-00074-000,raw,case_brain_mask,T1,758.948974609375,745.0027465820312,785.7512817382812,26.80230712890625,40.74853515625,0.03411042113684211,0.05185933017646996,0.03411042113684211,0.05185933017646996,abs(mean_region - mean_healthy) / abs(mean_healthy),32208,181624,1603023
BraTS-GLI-00074-000,raw,case_brain_mask,T1ce,3648.80859375,1928.1290283203125,2206.5712890625,1442.2373046875,278.4422607421875,0.6536101107797244,0.12618774753499512,0.6536101107797244,0.12618774753499512,abs(mean_region - mean_healthy) / abs(mean_healthy),32208,181624,1603023
BraTS-GLI-00074-000,raw,case_brain_mask,T2,804.224365234375,875.1358642578125,556.001953125,248.222412109375,319.1339111328125,0.446441618980374,0.5739798382705771,0.446441618980374,0.5739798382705771,abs(mean_region - mean_healthy) / abs(mean_healthy),32208,181624,1603023
BraTS-GLI-00074-000,raw,case_brain_mask,FLAIR,1882.40234375,1947.2222900390625,964.8414306640625,917.5609130859375,982.380859375,0.9509965927296637,1.0181785609049414,0.9509965927296637,1.0181785609049414,abs(mean_region - mean_healthy) / abs(mean_healthy),32208,181624,1603023
BraTS-GLI-00077-000,raw,case_brain_mask,T1,743.109375,770.342529296875,831.0443725585938,87.93499755859375,60.70184326171875,0.10581263824440829,0.07304284255584548,0.10581263824440829,0.07304284255584548,abs(mean_region - mean_healthy) / abs(mean_healthy),36917,197218,1479158
BraTS-GLI-00077-000,raw,case_brain_mask,T1ce,4088.287109375,2052.500244140625,2055.724609375,2032.5625,3.224365234375,0.9887328734260559,0.0015684811183708602,0.9887328734260559,0.0015684811183708602,abs(mean_region - mean_healthy) / abs(mean_healthy),36917,197218,1479158
BraTS-GLI-00077-000,raw,case_brain_mask,T2,787.675048828125,895.5865478515625,673.5496826171875,114.1253662109375,222.036865234375,0.16943867565564683,0.32965179995574256,0.16943867565564683,0.32965179995574256,abs(mean_region - mean_healthy) / abs(mean_healthy),36917,197218,1479158
BraTS-GLI-00077-000,raw,case_brain_mask,FLAIR,1602.098388671875,1821.4285888671875,911.9110717773438,690.1873168945312,909.5175170898438,0.7568581391926015,0.9973752323427383,0.7568581391926015,0.9973752323427383,abs(mean_region - mean_healthy) / abs(mean_healthy),36917,197218,1479158
BraTS-GLI-00078-000,raw,case_brain_mask,T1,797.30224609375,791.7807006835938,709.2922973632812,88.00994873046875,82.4884033203125,0.12408135412951245,0.1162967702130058,0.12408135412951245,0.1162967702130058,abs(mean_region - mean_healthy) / abs(mean_healthy),18859,68098,1497072
BraTS-GLI-00078-000,raw,case_brain_mask,T1ce,3947.982421875,2588.888427734375,2245.87255859375,1702.10986328125,343.015869140625,0.7578835480972366,0.15273167118414052,0.7578835480972366,0.15273167118414052,abs(mean_region - mean_healthy) / abs(mean_healthy),18859,68098,1497072
BraTS-GLI-00078-000,raw,case_brain_mask,T2,815.0048828125,877.2503662109375,640.0346069335938,174.97027587890625,237.21575927734375,0.2733762736943069,0.3706295826937306,0.2733762736943069,0.3706295826937306,abs(mean_region - mean_healthy) / abs(mean_healthy),18859,68098,1497072
BraTS-GLI-00078-000,raw,case_brain_mask,FLAIR,1760.1552734375,1834.0,873.0086669921875,887.1466064453125,960.9913330078125,1.0161945006821467,1.1007809765723808,1.0161945006821467,1.1007809765723808,abs(mean_region - mean_healthy) / abs(mean_healthy),18859,68098,1497072
BraTS-GLI-00081-000,raw,case_brain_mask,T1,1032.09814453125,1051.4464111328125,900.2689819335938,131.82916259765625,151.17742919921875,0.14643308304870634,0.167924733866228,0.14643308304870634,0.167924733866228,abs(mean_region - mean_healthy) / abs(mean_healthy),27233,79806,1239944
BraTS-GLI-00081-000,raw,case_brain_mask,T1ce,6026.1328125,3678.413818359375,2598.56103515625,3427.57177734375,1079.852783203125,1.3190268502343074,0.41555798328138716,1.3190268502343074,0.41555798328138716,abs(mean_region - mean_healthy) / abs(mean_healthy),27233,79806,1239944
BraTS-GLI-00081-000,raw,case_brain_mask,T2,1334.8023681640625,1184.009033203125,948.9445190429688,385.85784912109375,235.06451416015625,0.40661792273192093,0.2477115462948497,0.40661792273192093,0.2477115462948497,abs(mean_region - mean_healthy) / abs(mean_healthy),27233,79806,1239944
BraTS-GLI-00081-000,raw,case_brain_mask,FLAIR,2679.5224609375,2456.139892578125,1022.7425537109375,1656.7799072265625,1433.3973388671875,1.6199383717975482,1.4015231239437753,1.6199383717975482,1.4015231239437753,abs(mean_region - mean_healthy) / abs(mean_healthy),27233,79806,1239944
BraTS-GLI-00084-000,raw,case_brain_mask,T1,1003.0196533203125,1018.8906860351562,875.083984375,127.9356689453125,143.80670166015625,0.14619816066761449,0.1643347429822584,0.14619816066761449,0.1643347429822584,abs(mean_region - mean_healthy) / abs(mean_healthy),26028,67070,1209364
BraTS-GLI-00084-000,raw,case_brain_mask,T1ce,3719.845703125,2802.099853515625,2281.56005859375,1438.28564453125,520.539794921875,0.6303956975025868,0.2281508185424284,0.6303956975025868,0.2281508185424284,abs(mean_region - mean_healthy) / abs(mean_healthy),26028,67070,1209364
BraTS-GLI-00084-000,raw,case_brain_mask,T2,778.5213012695312,737.065185546875,607.2088012695312,171.3125,129.85638427734375,0.2821311213569792,0.21385787558718597,0.2821311213569792,0.21385787558718597,abs(mean_region - mean_healthy) / abs(mean_healthy),26028,67070,1209364
BraTS-GLI-00084-000,raw,case_brain_mask,FLAIR,1959.02294921875,1903.6693115234375,1100.29541015625,858.7275390625,803.3739013671875,0.7804518051570845,0.7301438267865741,0.7804518051570845,0.7301438267865741,abs(mean_region - mean_healthy) / abs(mean_healthy),26028,67070,1209364
BraTS-GLI-00085-000,raw,case_brain_mask,T1,846.7012329101562,946.0430908203125,874.7950439453125,28.09381103515625,71.248046875,0.03211473502233573,0.08144541669288886,0.03211473502233573,0.08144541669288886,abs(mean_region - mean_healthy) / abs(mean_healthy),1128,77413,1550546
BraTS-GLI-00085-000,raw,case_brain_mask,T1ce,3141.094970703125,2303.0771484375,2430.6396484375,710.455322265625,127.5625,0.2922915055394289,0.0524810413925411,0.2922915055394289,0.0524810413925411,abs(mean_region - mean_healthy) / abs(mean_healthy),1128,77413,1550546
BraTS-GLI-00085-000,raw,case_brain_mask,T2,700.1400756835938,660.485595703125,476.6073303222656,223.53274536132812,183.87826538085938,0.4690081984475205,0.3858066246201609,0.4690081984475205,0.3858066246201609,abs(mean_region - mean_healthy) / abs(mean_healthy),1128,77413,1550546
BraTS-GLI-00085-000,raw,case_brain_mask,FLAIR,2062.079833984375,2017.981689453125,955.664794921875,1106.4150390625,1062.31689453125,1.1577438500839081,1.111599904251044,1.1577438500839081,1.111599904251044,abs(mean_region - mean_healthy) / abs(mean_healthy),1128,77413,1550546
BraTS-GLI-00087-000,raw,case_brain_mask,T1,851.6482543945312,852.1122436523438,910.5610961914062,58.912841796875,58.4488525390625,0.06469949357960612,0.06418992946605764,0.06469949357960612,0.06418992946605764,abs(mean_region - mean_healthy) / abs(mean_healthy),15320,117717,1323143
BraTS-GLI-00087-000,raw,case_brain_mask,T1ce,3707.038330078125,2450.966552734375,2647.2763671875,1059.761962890625,196.309814453125,0.4003216196186307,0.07415539113571547,0.4003216196186307,0.07415539113571547,abs(mean_region - mean_healthy) / abs(mean_healthy),15320,117717,1323143
BraTS-GLI-00087-000,raw,case_brain_mask,T2,563.4986572265625,636.7581176757812,523.8662719726562,39.63238525390625,112.891845703125,0.07565363027603904,0.21549744990839476,0.07565363027603904,0.21549744990839476,abs(mean_region - mean_healthy) / abs(mean_healthy),15320,117717,1323143
BraTS-GLI-00087-000,raw,case_brain_mask,FLAIR,1548.9876708984375,1825.1329345703125,1132.754638671875,416.2330322265625,692.3782958984375,0.36745206597837,0.6112341298467184,0.36745206597837,0.6112341298467184,abs(mean_region - mean_healthy) / abs(mean_healthy),15320,117717,1323143
BraTS-GLI-00087-001,raw,case_brain_mask,T1,2203.397705078125,2277.38427734375,2572.689453125,369.291748046875,295.30517578125,0.14354307225005447,0.1147846178723779,0.14354307225005447,0.1147846178723779,abs(mean_region - mean_healthy) / abs(mean_healthy),8517,87543,1278861
BraTS-GLI-00087-001,raw,case_brain_mask,T1ce,6439.81005859375,3642.78271484375,3768.22021484375,2671.58984375,125.4375,0.7089792239917639,0.03328826152619143,0.7089792239917639,0.03328826152619143,abs(mean_region - mean_healthy) / abs(mean_healthy),8517,87543,1278861
BraTS-GLI-00087-001,raw,case_brain_mask,T2,3833.6865234375,3480.1904296875,2876.2109375,957.4755859375,603.9794921875,0.3328947725822004,0.20999137591503578,0.3328947725822004,0.20999137591503578,abs(mean_region - mean_healthy) / abs(mean_healthy),8517,87543,1278861
BraTS-GLI-00087-001,raw,case_brain_mask,FLAIR,2393.0791015625,1959.9197998046875,1311.8873291015625,1081.1917724609375,648.032470703125,0.8241498705543445,0.4939696087673366,0.8241498705543445,0.4939696087673366,abs(mean_region - mean_healthy) / abs(mean_healthy),8517,87543,1278861
BraTS-GLI-00088-000,raw,case_brain_mask,T1,827.1023559570312,836.0751342773438,854.34716796875,27.24481201171875,18.27203369140625,0.031889626410882305,0.021387129701440757,0.031889626410882305,0.021387129701440757,abs(mean_region - mean_healthy) / abs(mean_healthy),36744,125245,1236134
BraTS-GLI-00088-000,raw,case_brain_mask,T1ce,3165.7021484375,1991.010009765625,1961.2073974609375,1204.4947509765625,29.8026123046875,0.6141598040757712,0.015196053381845912,0.6141598040757712,0.015196053381845912,abs(mean_region - mean_healthy) / abs(mean_healthy),36744,125245,1236134
BraTS-GLI-00088-000,raw,case_brain_mask,T2,860.6522827148438,996.9299926757812,636.2156372070312,224.4366455078125,360.71435546875,0.3527682005633861,0.5669687042781216,0.3527682005633861,0.5669687042781216,abs(mean_region - mean_healthy) / abs(mean_healthy),36744,125245,1236134
BraTS-GLI-00088-000,raw,case_brain_mask,FLAIR,1938.0357666015625,1982.58056640625,1067.198486328125,870.8372802734375,915.382080078125,0.8160031066664074,0.8577430457455485,0.8160031066664074,0.8577430457455485,abs(mean_region - mean_healthy) / abs(mean_healthy),36744,125245,1236134
BraTS-GLI-00088-001,raw,case_brain_mask,T1,761.4201049804688,800.9306030273438,895.34423828125,133.92413330078125,94.41363525390625,0.1495783717309323,0.10544953685651413,0.1495783717309323,0.10544953685651413,abs(mean_region - mean_healthy) / abs(mean_healthy),41330,126723,1209039
BraTS-GLI-00088-001,raw,case_brain_mask,T1ce,1591.81396484375,1284.473388671875,1198.1981201171875,393.6158447265625,86.2752685546875,0.32850647828429713,0.07200417619270635,0.32850647828429713,0.07200417619270635,abs(mean_region - mean_healthy) / abs(mean_healthy),41330,126723,1209039
BraTS-GLI-00088-001,raw,case_brain_mask,T2,1804.756591796875,1790.837646484375,1116.4019775390625,688.3546142578125,674.4356689453125,0.6165831197963165,0.6041154373731967,0.6165831197963165,0.6041154373731967,abs(mean_region - mean_healthy) / abs(mean_healthy),41330,126723,1209039
BraTS-GLI-00088-001,raw,case_brain_mask,FLAIR,936.5912475585938,940.6879272460938,634.8010864257812,301.7901611328125,305.8868408203125,0.4754090180154359,0.48186250364282535,0.4754090180154359,0.48186250364282535,abs(mean_region - mean_healthy) / abs(mean_healthy),41330,126723,1209039
BraTS-GLI-00089-000,raw,case_brain_mask,T1,768.7843627929688,789.65283203125,813.8561401367188,45.07177734375,24.20330810546875,0.0553805213488694,0.029739049583631407,0.0553805213488694,0.029739049583631407,abs(mean_region - mean_healthy) / abs(mean_healthy),18855,35086,1314616
BraTS-GLI-00089-000,raw,case_brain_mask,T1ce,3860.547607421875,2864.504638671875,1893.2796630859375,1967.2679443359375,971.2249755859375,1.0390794253445914,0.5129854793891867,1.0390794253445914,0.5129854793891867,abs(mean_region - mean_healthy) / abs(mean_healthy),18855,35086,1314616
BraTS-GLI-00089-000,raw,case_brain_mask,T2,867.1242065429688,837.7730102539062,648.1029663085938,219.021240234375,189.6700439453125,0.33794204257674726,0.2926541827537343,0.33794204257674726,0.2926541827537343,abs(mean_region - mean_healthy) / abs(mean_healthy),18855,35086,1314616
BraTS-GLI-00089-000,raw,case_brain_mask,FLAIR,1908.992431640625,1835.788330078125,964.2276611328125,944.7647705078125,871.5606689453125,0.9798150463738675,0.9038951111622009,0.9798150463738675,0.9038951111622009,abs(mean_region - mean_healthy) / abs(mean_healthy),18855,35086,1314616
BraTS-GLI-00090-000,raw,case_brain_mask,T1,918.7706909179688,809.7752075195312,768.9658813476562,149.8048095703125,40.809326171875,0.1948133372416616,0.05307039904079274,0.1948133372416616,0.05307039904079274,abs(mean_region - mean_healthy) / abs(mean_healthy),7824,97635,1399860
BraTS-GLI-00090-000,raw,case_brain_mask,T1ce,4221.98193359375,2461.253662109375,2727.27734375,1494.70458984375,266.023681640625,0.5480574219080098,0.09754185149165763,0.5480574219080098,0.09754185149165763,abs(mean_region - mean_healthy) / abs(mean_healthy),7824,97635,1399860
BraTS-GLI-00090-000,raw,case_brain_mask,T2,841.1220703125,910.0508422851562,554.6188354492188,286.50323486328125,355.4320068359375,0.5165768209643029,0.6408581608088589,0.5165768209643029,0.6408581608088589,abs(mean_region - mean_healthy) / abs(mean_healthy),7824,97635,1399860
BraTS-GLI-00090-000,raw,case_brain_mask,FLAIR,2065.39892578125,2134.438720703125,1129.8800048828125,935.5189208984375,1004.5587158203125,0.8279807739366681,0.8890844262037384,0.8279807739366681,0.8890844262037384,abs(mean_region - mean_healthy) / abs(mean_healthy),7824,97635,1399860
BraTS-GLI-00090-001,raw,case_brain_mask,T1,374.75714111328125,389.5567321777344,380.2326965332031,5.475555419921875,9.32403564453125,0.014400538064836653,0.024521919681142007,0.014400538064836653,0.024521919681142007,abs(mean_region - mean_healthy) / abs(mean_healthy),7671,116253,1351779
BraTS-GLI-00090-001,raw,case_brain_mask,T1ce,1666.157470703125,853.7586059570312,1294.038818359375,372.11865234375,440.28021240234375,0.2875637477518134,0.34023725266645827,0.2875637477518134,0.34023725266645827,abs(mean_region - mean_healthy) / abs(mean_healthy),7671,116253,1351779
BraTS-GLI-00090-001,raw,case_brain_mask,T2,708.7533569335938,661.48681640625,357.5743103027344,351.1790466308594,303.9125061035156,0.9821148681893267,0.8499282452540092,0.9821148681893267,0.8499282452540092,abs(mean_region - mean_healthy) / abs(mean_healthy),7671,116253,1351779
BraTS-GLI-00090-001,raw,case_brain_mask,FLAIR,516.4591674804688,527.7142944335938,335.78564453125,180.67352294921875,191.92864990234375,0.5380620818422281,0.5715808672234106,0.5380620818422281,0.5715808672234106,abs(mean_region - mean_healthy) / abs(mean_healthy),7671,116253,1351779
BraTS-GLI-00094-000,raw,case_brain_mask,T1,777.551513671875,746.2919921875,691.0079956054688,86.54351806640625,55.28399658203125,0.1252424264506171,0.08000485802424154,0.1252424264506171,0.08000485802424154,abs(mean_region - mean_healthy) / abs(mean_healthy),34307,162400,1514442
BraTS-GLI-00094-000,raw,case_brain_mask,T1ce,2213.72412109375,1507.3760986328125,1791.31298828125,422.4111328125,283.9368896484375,0.23581090271544336,0.15850769324286126,0.23581090271544336,0.15850769324286126,abs(mean_region - mean_healthy) / abs(mean_healthy),34307,162400,1514442
BraTS-GLI-00094-000,raw,case_brain_mask,T2,855.2308959960938,1025.80419921875,507.6438903808594,347.5870056152344,518.1603088378906,0.6847063703543395,1.0207161332112977,0.6847063703543395,1.0207161332112977,abs(mean_region - mean_healthy) / abs(mean_healthy),34307,162400,1514442
BraTS-GLI-00094-000,raw,case_brain_mask,FLAIR,1450.3798828125,1486.9737548828125,773.6708374023438,676.7090454101562,713.3029174804688,0.8746730685652522,0.9219720881239821,0.8746730685652522,0.9219720881239821,abs(mean_region - mean_healthy) / abs(mean_healthy),34307,162400,1514442
BraTS-GLI-00095-000,raw,case_brain_mask,T1,796.2661743164062,798.8297119140625,862.392822265625,66.12664794921875,63.5631103515625,0.07667810566360574,0.07370551877342095,0.07667810566360574,0.07370551877342095,abs(mean_region - mean_healthy) / abs(mean_healthy),37976,236428,1447786
BraTS-GLI-00095-000,raw,case_brain_mask,T1ce,3816.75048828125,2018.8778076171875,2293.196533203125,1523.553955078125,274.3187255859375,0.6643800184670752,0.11962285901538955,0.6643800184670752,0.11962285901538955,abs(mean_region - mean_healthy) / abs(mean_healthy),37976,236428,1447786
BraTS-GLI-00095-000,raw,case_brain_mask,T2,837.4966430664062,1037.7525634765625,561.568603515625,275.92803955078125,476.1839599609375,0.49135232600856016,0.8479533167984314,0.49135232600856016,0.8479533167984314,abs(mean_region - mean_healthy) / abs(mean_healthy),37976,236428,1447786
BraTS-GLI-00095-000,raw,case_brain_mask,FLAIR,1700.245361328125,1902.7872314453125,865.9403686523438,834.3049926757812,1036.8468627929688,0.9634670271513079,1.1973652001079538,0.9634670271513079,1.1973652001079538,abs(mean_region - mean_healthy) / abs(mean_healthy),37976,236428,1447786
BraTS-GLI-00095-001,raw,case_brain_mask,T1,1886.0050048828125,1889.9453125,1785.5631103515625,100.44189453125,104.3822021484375,0.056252223149633636,0.05845898223551758,0.056252223149633636,0.05845898223551758,abs(mean_region - mean_healthy) / abs(mean_healthy),44058,242338,1348552
BraTS-GLI-00095-001,raw,case_brain_mask,T1ce,6130.74853515625,3450.42041015625,3316.12939453125,2814.619140625,134.291015625,0.8487663796432947,0.040496313517338685,0.8487663796432947,0.040496313517338685,abs(mean_region - mean_healthy) / abs(mean_healthy),44058,242338,1348552
BraTS-GLI-00095-001,raw,case_brain_mask,T2,1873.251220703125,2029.1107177734375,1507.796630859375,365.45458984375,521.3140869140625,0.2423765794167199,0.34574562394196184,0.2423765794167199,0.34574562394196184,abs(mean_region - mean_healthy) / abs(mean_healthy),44058,242338,1348552
BraTS-GLI-00095-001,raw,case_brain_mask,FLAIR,952.8138427734375,983.7181396484375,686.97998046875,265.8338623046875,296.7381591796875,0.3869601296435159,0.4319458610383564,0.3869601296435159,0.4319458610383564,abs(mean_region - mean_healthy) / abs(mean_healthy),44058,242338,1348552
BraTS-GLI-00096-000,raw,case_brain_mask,T1,883.82666015625,848.8385009765625,742.1928100585938,141.63385009765625,106.64569091796875,0.19083161164883114,0.14369000813892202,0.19083161164883114,0.14369000813892202,abs(mean_region - mean_healthy) / abs(mean_healthy),15157,119315,1620999
BraTS-GLI-00096-000,raw,case_brain_mask,T1ce,4101.46240234375,2089.556396484375,2137.961181640625,1963.501220703125,48.40478515625,0.9183989108709527,0.022640628638123925,0.9183989108709527,0.022640628638123925,abs(mean_region - mean_healthy) / abs(mean_healthy),15157,119315,1620999
BraTS-GLI-00096-000,raw,case_brain_mask,T2,1052.2174072265625,1074.41357421875,580.5615844726562,471.65582275390625,493.85198974609375,0.8124130761809313,0.8506453112888553,0.8124130761809313,0.8506453112888553,abs(mean_region - mean_healthy) / abs(mean_healthy),15157,119315,1620999
BraTS-GLI-00096-000,raw,case_brain_mask,FLAIR,2638.038818359375,2640.7705078125,1166.112548828125,1471.92626953125,1474.657958984375,1.2622506043781536,1.2645931650991322,1.2622506043781536,1.2645931650991322,abs(mean_region - mean_healthy) / abs(mean_healthy),15157,119315,1620999
BraTS-GLI-00096-001,raw,case_brain_mask,T1,340.427490234375,337.7153015136719,329.338623046875,11.0888671875,8.376678466796875,0.033670108549405435,0.025434849970829617,0.033670108549405435,0.025434849970829617,abs(mean_region - mean_healthy) / abs(mean_healthy),14445,97764,1390069
BraTS-GLI-00096-001,raw,case_brain_mask,T1ce,758.794921875,431.07196044921875,428.5498962402344,330.2450256347656,2.522064208984375,0.7706104435728028,0.005885112168060283,0.7706104435728028,0.005885112168060283,abs(mean_region - mean_healthy) / abs(mean_healthy),14445,97764,1390069
BraTS-GLI-00096-001,raw,case_brain_mask,T2,794.28564453125,807.9769287109375,442.974853515625,351.310791015625,365.0020751953125,0.7930716342642986,0.8239792220675972,0.7930716342642986,0.8239792220675972,abs(mean_region - mean_healthy) / abs(mean_healthy),14445,97764,1390069
BraTS-GLI-00096-001,raw,case_brain_mask,FLAIR,545.0299682617188,539.0477294921875,332.8377685546875,212.19219970703125,206.2099609375,0.6375244030401154,0.6195509657240665,0.6375244030401154,0.6195509657240665,abs(mean_region - mean_healthy) / abs(mean_healthy),14445,97764,1390069
BraTS-GLI-00097-000,raw,case_brain_mask,T1,631.7777709960938,660.6088256835938,650.3798217773438,18.60205078125,10.22900390625,0.02860182643799545,0.015727738720885284,0.02860182643799545,0.015727738720885284,abs(mean_region - mean_healthy) / abs(mean_healthy),15672,41919,1390108
BraTS-GLI-00097-000,raw,case_brain_mask,T1ce,4255.7099609375,2793.78076171875,2111.668701171875,2144.041259765625,682.112060546875,1.015330320791223,0.3230203962242446,1.015330320791223,0.3230203962242446,abs(mean_region - mean_healthy) / abs(mean_healthy),15672,41919,1390108
BraTS-GLI-00097-000,raw,case_brain_mask,T2,602.2383422851562,649.7232666015625,559.020751953125,43.21759033203125,90.7025146484375,0.07730945618930285,0.16225250016486523,0.07730945618930285,0.16225250016486523,abs(mean_region - mean_healthy) / abs(mean_healthy),15672,41919,1390108
BraTS-GLI-00097-000,raw,case_brain_mask,FLAIR,1944.6661376953125,2037.7845458984375,974.3795166015625,970.28662109375,1063.405029296875,0.9957994852743952,1.0913663630838786,0.9957994852743952,1.0913663630838786,abs(mean_region - mean_healthy) / abs(mean_healthy),15672,41919,1390108
BraTS-GLI-00097-001,raw,case_brain_mask,T1,368.7886657714844,382.9249572753906,373.9173583984375,5.128692626953125,9.007598876953125,0.013716112696453401,0.02408981202566916,0.013716112696453401,0.02408981202566916,abs(mean_region - mean_healthy) / abs(mean_healthy),14187,23668,1358240
BraTS-GLI-00097-001,raw,case_brain_mask,T1ce,578.7392578125,521.9043579101562,403.8509216308594,174.88833618164062,118.05343627929688,0.4330517198658212,0.2923193434908236,0.4330517198658212,0.2923193434908236,abs(mean_region - mean_healthy) / abs(mean_healthy),14187,23668,1358240
BraTS-GLI-00097-001,raw,case_brain_mask,T2,574.3478393554688,565.4592895507812,450.20068359375,124.14715576171875,115.25860595703125,0.27575958963613234,0.25601606163050117,0.27575958963613234,0.25601606163050117,abs(mean_region - mean_healthy) / abs(mean_healthy),14187,23668,1358240
BraTS-GLI-00097-001,raw,case_brain_mask,FLAIR,355.58160400390625,357.2175598144531,211.7025604248047,143.87904357910156,145.51499938964844,0.6796282637791073,0.6873558784440605,0.6796282637791073,0.6873558784440605,abs(mean_region - mean_healthy) / abs(mean_healthy),14187,23668,1358240
BraTS-GLI-00098-000,raw,case_brain_mask,T1,942.4400634765625,916.3584594726562,825.2421875,117.1978759765625,91.11627197265625,0.1420163410835834,0.1104115535448874,0.1420163410835834,0.1104115535448874,abs(mean_region - mean_healthy) / abs(mean_healthy),39207,66169,1350910
BraTS-GLI-00098-000,raw,case_brain_mask,T1ce,3464.35888671875,2910.133544921875,2373.335205078125,1091.023681640625,536.79833984375,0.4597006269094259,0.22617889739940034,0.4597006269094259,0.22617889739940034,abs(mean_region - mean_healthy) / abs(mean_healthy),39207,66169,1350910
BraTS-GLI-00098-000,raw,case_brain_mask,T2,606.0349731445312,780.5020751953125,760.3134765625,154.27850341796875,20.1885986328125,0.2029143349076052,0.026552993278625567,0.2029143349076052,0.026552993278625567,abs(mean_region - mean_healthy) / abs(mean_healthy),39207,66169,1350910
BraTS-GLI-00098-000,raw,case_brain_mask,FLAIR,1341.6651611328125,1457.318359375,1139.6201171875,202.0450439453125,317.6982421875,0.17729157365521508,0.27877556511687096,0.17729157365521508,0.27877556511687096,abs(mean_region - mean_healthy) / abs(mean_healthy),39207,66169,1350910
BraTS-GLI-00098-001,raw,case_brain_mask,T1,845.5088500976562,825.7086791992188,759.2619018554688,86.2469482421875,66.44677734375,0.11359314622717005,0.08751496312585778,0.11359314622717005,0.08751496312585778,abs(mean_region - mean_healthy) / abs(mean_healthy),63130,157410,1212429
BraTS-GLI-00098-001,raw,case_brain_mask,T1ce,1304.776123046875,1033.13818359375,818.2958374023438,486.48028564453125,214.84234619140625,0.5945041675744663,0.2625485018638455,0.5945041675744663,0.2625485018638455,abs(mean_region - mean_healthy) / abs(mean_healthy),63130,157410,1212429
BraTS-GLI-00098-001,raw,case_brain_mask,T2,1248.6651611328125,1272.4151611328125,907.664794921875,341.0003662109375,364.7503662109375,0.3756897569661587,0.40185580431411627,0.3756897569661587,0.40185580431411627,abs(mean_region - mean_healthy) / abs(mean_healthy),63130,157410,1212429
BraTS-GLI-00098-001,raw,case_brain_mask,FLAIR,655.1116333007812,654.0367431640625,411.3077087402344,243.80392456054688,242.72903442382812,0.5927531125231688,0.5901397646235854,0.5927531125231688,0.5901397646235854,abs(mean_region - mean_healthy) / abs(mean_healthy),63130,157410,1212429
BraTS-GLI-00099-000,raw,case_brain_mask,T1,994.0060424804688,1001.8505859375,905.6834716796875,88.32257080078125,96.1671142578125,0.0975203518255418,0.10618181435889543,0.0975203518255418,0.10618181435889543,abs(mean_region - mean_healthy) / abs(mean_healthy),10106,83944,1248096
BraTS-GLI-00099-000,raw,case_brain_mask,T1ce,4428.8671875,3037.8623046875,2857.990966796875,1570.876220703125,179.871337890625,0.5496435219540606,0.06293628635650231,0.5496435219540606,0.06293628635650231,abs(mean_region - mean_healthy) / abs(mean_healthy),10106,83944,1248096
BraTS-GLI-00099-000,raw,case_brain_mask,T2,951.3695678710938,926.5758056640625,699.0610961914062,252.3084716796875,227.51470947265625,0.3609247790419226,0.32545754686134276,0.3609247790419226,0.32545754686134276,abs(mean_region - mean_healthy) / abs(mean_healthy),10106,83944,1248096
BraTS-GLI-00099-000,raw,case_brain_mask,FLAIR,2216.362060546875,2015.921630859375,1014.9782104492188,1201.3838500976562,1000.9434204101562,1.1836548191176797,0.9861723238050097,1.1836548191176797,0.9861723238050097,abs(mean_region - mean_healthy) / abs(mean_healthy),10106,83944,1248096
BraTS-GLI-00099-001,raw,case_brain_mask,T1,779.40576171875,825.9779663085938,786.4150390625,7.00927734375,39.56292724609375,0.008912949264177208,0.05030794845080462,0.008912949264177208,0.05030794845080462,abs(mean_region - mean_healthy) / abs(mean_healthy),8384,97770,1187977
BraTS-GLI-00099-001,raw,case_brain_mask,T1ce,1633.8763427734375,1050.1689453125,1141.0831298828125,492.793212890625,90.9141845703125,0.4318644277400141,0.07967358572696562,0.4318644277400141,0.07967358572696562,abs(mean_region - mean_healthy) / abs(mean_healthy),8384,97770,1187977
BraTS-GLI-00099-001,raw,case_brain_mask,T2,1092.29541015625,1033.252197265625,753.6565551757812,338.63885498046875,279.59564208984375,0.44932781736567706,0.37098548426296307,0.44932781736567706,0.37098548426296307,abs(mean_region - mean_healthy) / abs(mean_healthy),8384,97770,1187977
BraTS-GLI-00099-001,raw,case_brain_mask,FLAIR,553.6455078125,576.7698364257812,387.15631103515625,166.48919677734375,189.613525390625,0.43003095140615044,0.4897596138460129,0.43003095140615044,0.4897596138460129,abs(mean_region - mean_healthy) / abs(mean_healthy),8384,97770,1187977
BraTS-GLI-00100-000,raw,case_brain_mask,T1,240.0906982421875,233.23072814941406,223.4705352783203,16.620162963867188,9.76019287109375,0.07437295007669661,0.043675524645510715,0.07437295007669661,0.043675524645510715,abs(mean_region - mean_healthy) / abs(mean_healthy),25236,95391,1209779
BraTS-GLI-00100-000,raw,case_brain_mask,T1ce,497.754638671875,358.13189697265625,305.9161682128906,191.83847045898438,52.215728759765625,0.6270949050508561,0.17068639773046612,0.6270949050508561,0.17068639773046612,abs(mean_region - mean_healthy) / abs(mean_healthy),25236,95391,1209779
BraTS-GLI-00100-000,raw,case_brain_mask,T2,423.2596740722656,421.6039123535156,265.0584411621094,158.20123291015625,156.54547119140625,0.5968541587151364,0.5906073789050289,0.5968541587151364,0.5906073789050289,abs(mean_region - mean_healthy) / abs(mean_healthy),25236,95391,1209779
BraTS-GLI-00100-000,raw,case_brain_mask,FLAIR,248.12185668945312,259.9547424316406,116.02375793457031,132.0980987548828,143.9309844970703,1.1385435285536722,1.240530276378721,1.1385435285536722,1.240530276378721,abs(mean_region - mean_healthy) / abs(mean_healthy),25236,95391,1209779
BraTS-GLI-00101-000,raw,case_brain_mask,T1,2185.480224609375,2432.78857421875,2715.21533203125,529.735107421875,282.4267578125,0.19509874637662003,0.10401633877089844,0.19509874637662003,0.10401633877089844,abs(mean_region - mean_healthy) / abs(mean_healthy),25568,58948,1415602
BraTS-GLI-00101-000,raw,case_brain_mask,T1ce,4801.51025390625,3845.950439453125,3191.848876953125,1609.661376953125,654.1015625,0.5043037559126783,0.20492873808123155,0.5043037559126783,0.20492873808123155,abs(mean_region - mean_healthy) / abs(mean_healthy),25568,58948,1415602
BraTS-GLI-00101-000,raw,case_brain_mask,T2,1763.6533203125,1755.081787109375,1159.8858642578125,603.7674560546875,595.1959228515625,0.5205404037241423,0.5131504238414151,0.5205404037241423,0.5131504238414151,abs(mean_region - mean_healthy) / abs(mean_healthy),25568,58948,1415602
BraTS-GLI-00101-000,raw,case_brain_mask,FLAIR,822.4480590820312,858.7587890625,427.65240478515625,394.795654296875,431.10638427734375,0.923169494382271,1.008076604863061,0.923169494382271,1.008076604863061,abs(mean_region - mean_healthy) / abs(mean_healthy),25568,58948,1415602
BraTS-GLI-00102-000,raw,case_brain_mask,T1,200.65380859375,202.7469940185547,188.5634002685547,12.090408325195312,14.18359375,0.06411853152826041,0.07521922987069349,0.06411853152826041,0.07521922987069349,abs(mean_region - mean_healthy) / abs(mean_healthy),1037,12952,1498327
BraTS-GLI-00102-000,raw,case_brain_mask,T1ce,302.55352783203125,273.3567810058594,254.36740112304688,48.186126708984375,18.9893798828125,0.1894351496938673,0.07465335494632284,0.1894351496938673,0.07465335494632284,abs(mean_region - mean_healthy) / abs(mean_healthy),1037,12952,1498327
BraTS-GLI-00102-000,raw,case_brain_mask,T2,288.64898681640625,249.69395446777344,210.4492645263672,78.19972229003906,39.24468994140625,0.3715846784546088,0.1864805278827158,0.3715846784546088,0.1864805278827158,abs(mean_region - mean_healthy) / abs(mean_healthy),1037,12952,1498327
BraTS-GLI-00102-000,raw,case_brain_mask,FLAIR,175.43202209472656,151.61550903320312,104.26084899902344,71.17117309570312,47.35466003417969,0.6826260650953433,0.4541940765763689,0.6826260650953433,0.4541940765763689,abs(mean_region - mean_healthy) / abs(mean_healthy),1037,12952,1498327
BraTS-GLI-00103-000,raw,case_brain_mask,T1,733.3596801757812,684.72021484375,714.1817626953125,19.17791748046875,29.4615478515625,0.026852992448437137,0.04125217051241271,0.026852992448437137,0.04125217051241271,abs(mean_region - mean_healthy) / abs(mean_healthy),19368,225535,1490527
BraTS-GLI-00103-000,raw,case_brain_mask,T1ce,3235.40625,1616.3565673828125,2020.1197509765625,1215.2864990234375,403.76318359375,0.6015913157801392,0.1998709152754749,0.6015913157801392,0.1998709152754749,abs(mean_region - mean_healthy) / abs(mean_healthy),19368,225535,1490527
BraTS-GLI-00103-000,raw,case_brain_mask,T2,779.44921875,894.6691284179688,642.1915893554688,137.25762939453125,252.4775390625,0.2137331470383923,0.39314986874228197,0.2137331470383923,0.39314986874228197,abs(mean_region - mean_healthy) / abs(mean_healthy),19368,225535,1490527
BraTS-GLI-00103-000,raw,case_brain_mask,FLAIR,2031.830810546875,2381.13525390625,1298.38818359375,733.442626953125,1082.7470703125,0.5648870162412155,0.8339163002204882,0.5648870162412155,0.8339163002204882,abs(mean_region - mean_healthy) / abs(mean_healthy),19368,225535,1490527
BraTS-GLI-00104-000,raw,case_brain_mask,T1,298.73541259765625,307.9927673339844,289.4420166015625,9.29339599609375,18.550750732421875,0.03210797141759405,0.06409142304297272,0.03210797141759405,0.06409142304297272,abs(mean_region - mean_healthy) / abs(mean_healthy),29516,74986,1337167
BraTS-GLI-00104-000,raw,case_brain_mask,T1ce,492.98162841796875,397.0562438964844,319.5517578125,173.42987060546875,77.50448608398438,0.5427285764055485,0.24254126034087053,0.5427285764055485,0.24254126034087053,abs(mean_region - mean_healthy) / abs(mean_healthy),29516,74986,1337167
BraTS-GLI-00104-000,raw,case_brain_mask,T2,534.1300048828125,502.3908386230469,330.47149658203125,203.65850830078125,171.91934204101562,0.616266487146882,0.520224418199834,0.616266487146882,0.520224418199834,abs(mean_region - mean_healthy) / abs(mean_healthy),29516,74986,1337167
BraTS-GLI-00104-000,raw,case_brain_mask,FLAIR,295.8133544921875,301.7139587402344,155.82928466796875,139.98406982421875,145.88467407226562,0.8983168351346027,0.9361826590111578,0.8983168351346027,0.9361826590111578,abs(mean_region - mean_healthy) / abs(mean_healthy),29516,74986,1337167
BraTS-GLI-00105-000,raw,case_brain_mask,T1,416.9664306640625,434.8910217285156,467.98968505859375,51.02325439453125,33.098663330078125,0.1090264508461185,0.0707251984110164,0.1090264508461185,0.0707251984110164,abs(mean_region - mean_healthy) / abs(mean_healthy),36506,166140,1258978
BraTS-GLI-00105-000,raw,case_brain_mask,T1ce,748.9471435546875,507.9011535644531,484.26251220703125,264.68463134765625,23.638641357421875,0.5465726226491359,0.04881369249436329,0.5465726226491359,0.04881369249436329,abs(mean_region - mean_healthy) / abs(mean_healthy),36506,166140,1258978
BraTS-GLI-00105-000,raw,case_brain_mask,T2,623.2304077148438,614.9690551757812,463.7107849121094,159.51962280273438,151.25827026367188,0.34400671278967415,0.32619096899448,0.34400671278967415,0.32619096899448,abs(mean_region - mean_healthy) / abs(mean_healthy),36506,166140,1258978
BraTS-GLI-00105-000,raw,case_brain_mask,FLAIR,276.9747314453125,304.66278076171875,251.09420776367188,25.880523681640625,53.568572998046875,0.10307097050203243,0.21334053650678092,0.10307097050203243,0.21334053650678092,abs(mean_region - mean_healthy) / abs(mean_healthy),36506,166140,1258978
BraTS-GLI-00106-000,raw,case_brain_mask,T1,383.3961181640625,379.2463684082031,372.19793701171875,11.19818115234375,7.048431396484375,0.030086628749882546,0.01893731989240567,0.030086628749882546,0.01893731989240567,abs(mean_region - mean_healthy) / abs(mean_healthy),48062,227126,1326416
BraTS-GLI-00106-000,raw,case_brain_mask,T1ce,619.6785278320312,503.9204406738281,459.4852600097656,160.19326782226562,44.4351806640625,0.3486363584739606,0.09670643333176368,0.3486363584739606,0.09670643333176368,abs(mean_region - mean_healthy) / abs(mean_healthy),48062,227126,1326416
BraTS-GLI-00106-000,raw,case_brain_mask,T2,550.8563232421875,612.1990966796875,388.74468994140625,162.11163330078125,223.45440673828125,0.41701311296423266,0.5748101839589411,0.41701311296423266,0.5748101839589411,abs(mean_region - mean_healthy) / abs(mean_healthy),48062,227126,1326416
BraTS-GLI-00106-000,raw,case_brain_mask,FLAIR,397.7577819824219,445.4846496582031,243.06324768066406,154.6945343017578,202.42140197753906,0.636437370840182,0.8327931265177524,0.636437370840182,0.8327931265177524,abs(mean_region - mean_healthy) / abs(mean_healthy),48062,227126,1326416
BraTS-GLI-00107-000,raw,case_brain_mask,T1,132.13111877441406,140.6121063232422,157.70669555664062,25.575576782226562,17.094589233398438,0.16217178790003275,0.10839482225571638,0.16217178790003275,0.10839482225571638,abs(mean_region - mean_healthy) / abs(mean_healthy),17626,82921,1307036
BraTS-GLI-00107-000,raw,case_brain_mask,T1ce,323.45428466796875,224.2623291015625,210.46336364746094,112.99092102050781,13.798965454101562,0.5368674103763472,0.06556469123631264,0.5368674103763472,0.06556469123631264,abs(mean_region - mean_healthy) / abs(mean_healthy),17626,82921,1307036
BraTS-GLI-00107-000,raw,case_brain_mask,T2,387.5958251953125,371.60455322265625,207.47312927246094,180.12269592285156,164.1314239501953,0.8681736114670935,0.7910972593209996,0.8681736114670935,0.7910972593209996,abs(mean_region - mean_healthy) / abs(mean_healthy),17626,82921,1307036
BraTS-GLI-00107-000,raw,case_brain_mask,FLAIR,185.3519287109375,197.27310180664062,123.67179107666016,61.680137634277344,73.60131072998047,0.4987405543115634,0.5951341861326921,0.4987405543115634,0.5951341861326921,abs(mean_region - mean_healthy) / abs(mean_healthy),17626,82921,1307036
BraTS-GLI-00108-000,raw,case_brain_mask,T1,704.2274780273438,467.5189514160156,430.0233459472656,274.2041320800781,37.49560546875,0.6376494082572535,0.08719434845137022,0.6376494082572535,0.08719434845137022,abs(mean_region - mean_healthy) / abs(mean_healthy),3218,73791,1444199
BraTS-GLI-00108-000,raw,case_brain_mask,T1ce,182.55126953125,118.35116577148438,118.77365112304688,63.777618408203125,0.4224853515625,0.5369677348903834,0.0035570629307742213,0.5369677348903834,0.0035570629307742213,abs(mean_region - mean_healthy) / abs(mean_healthy),3218,73791,1444199
BraTS-GLI-00108-000,raw,case_brain_mask,T2,637.1926879882812,610.8593139648438,474.5992431640625,162.59344482421875,136.26007080078125,0.34259103267893837,0.28710553748961204,0.34259103267893837,0.28710553748961204,abs(mean_region - mean_healthy) / abs(mean_healthy),3218,73791,1444199
BraTS-GLI-00108-000,raw,case_brain_mask,FLAIR,598.0282592773438,592.87255859375,373.6715087890625,224.35675048828125,219.2010498046875,0.6004117124565967,0.5866142979833832,0.6004117124565967,0.5866142979833832,abs(mean_region - mean_healthy) / abs(mean_healthy),3218,73791,1444199
BraTS-GLI-00109-000,raw,case_brain_mask,T1,3542.641845703125,3518.95556640625,3555.885009765625,13.2431640625,36.929443359375,0.003724294803158689,0.010385443640037474,0.003724294803158689,0.010385443640037474,abs(mean_region - mean_healthy) / abs(mean_healthy),13892,134271,1251035
BraTS-GLI-00109-000,raw,case_brain_mask,T1ce,2220.502197265625,1569.600830078125,1591.969482421875,628.53271484375,22.36865234375,0.39481455001735244,0.014050930366906533,0.39481455001735244,0.014050930366906533,abs(mean_region - mean_healthy) / abs(mean_healthy),13892,134271,1251035
BraTS-GLI-00109-000,raw,case_brain_mask,T2,1700.2000732421875,1698.539306640625,1331.4761962890625,368.723876953125,367.0631103515625,0.2769286285258346,0.275681316252291,0.2769286285258346,0.275681316252291,abs(mean_region - mean_healthy) / abs(mean_healthy),13892,134271,1251035
BraTS-GLI-00109-000,raw,case_brain_mask,FLAIR,915.3896484375,994.9305419921875,773.8848876953125,141.5047607421875,221.045654296875,0.18284988244646996,0.2856311808273781,0.18284988244646996,0.2856311808273781,abs(mean_region - mean_healthy) / abs(mean_healthy),13892,134271,1251035
BraTS-GLI-00110-000,raw,case_brain_mask,T1,220.5940399169922,247.28359985351562,257.9798583984375,37.38581848144531,10.696258544921875,0.1449175866423832,0.04146160328688148,0.1449175866423832,0.04146160328688148,abs(mean_region - mean_healthy) / abs(mean_healthy),15090,90740,1114673
BraTS-GLI-00110-000,raw,case_brain_mask,T1ce,515.964599609375,296.9638671875,282.4035949707031,233.56100463867188,14.560272216796875,0.8270468535037656,0.05155838125328176,0.8270468535037656,0.05155838125328176,abs(mean_region - mean_healthy) / abs(mean_healthy),15090,90740,1114673
BraTS-GLI-00110-000,raw,case_brain_mask,T2,465.4841613769531,453.4189147949219,306.5433654785156,158.9407958984375,146.87554931640625,0.5184936742973711,0.47913465387558735,0.5184936742973711,0.47913465387558735,abs(mean_region - mean_healthy) / abs(mean_healthy),15090,90740,1114673
BraTS-GLI-00110-000,raw,case_brain_mask,FLAIR,385.6872863769531,405.146484375,233.55508422851562,152.1322021484375,171.59140014648438,0.6513761096272599,0.7346934908879801,0.6513761096272599,0.7346934908879801,abs(mean_region - mean_healthy) / abs(mean_healthy),15090,90740,1114673
BraTS-GLI-00111-000,raw,case_brain_mask,T1,301.06494140625,312.7012939453125,315.1018981933594,14.036956787109375,2.400604248046875,0.0445473571171435,0.007618501385776376,0.0445473571171435,0.007618501385776376,abs(mean_region - mean_healthy) / abs(mean_healthy),5899,168746,1315366
BraTS-GLI-00111-000,raw,case_brain_mask,T1ce,492.3348083496094,310.0541687011719,336.29974365234375,156.03506469726562,26.245574951171875,0.4639761630581849,0.07804220920936454,0.4639761630581849,0.07804220920936454,abs(mean_region - mean_healthy) / abs(mean_healthy),5899,168746,1315366
BraTS-GLI-00111-000,raw,case_brain_mask,T2,666.4829711914062,684.1486206054688,453.1488342285156,213.33413696289062,230.99978637695312,0.4707816082680457,0.5097658184870529,0.4707816082680457,0.5097658184870529,abs(mean_region - mean_healthy) / abs(mean_healthy),5899,168746,1315366
BraTS-GLI-00111-000,raw,case_brain_mask,FLAIR,457.0713806152344,462.7641906738281,271.22039794921875,185.85098266601562,191.54379272460938,0.6852396946221314,0.7062293034481595,0.6852396946221314,0.7062293034481595,abs(mean_region - mean_healthy) / abs(mean_healthy),5899,168746,1315366
BraTS-GLI-00112-000,raw,case_brain_mask,T1,570.5155639648438,571.0986328125,514.5995483398438,55.916015625,56.49908447265625,0.10865927847272967,0.10979233202774599,0.10865927847272967,0.10979233202774599,abs(mean_region - mean_healthy) / abs(mean_healthy),9523,91751,1420492
BraTS-GLI-00112-000,raw,case_brain_mask,T1ce,566.938232421875,450.82525634765625,369.4560241699219,197.48220825195312,81.36923217773438,0.5345215542110804,0.22024064260571016,0.5345215542110804,0.22024064260571016,abs(mean_region - mean_healthy) / abs(mean_healthy),9523,91751,1420492
BraTS-GLI-00112-000,raw,case_brain_mask,T2,683.9136962890625,630.1327514648438,489.6416931152344,194.27200317382812,140.49105834960938,0.3967636047041184,0.2869262571489099,0.3967636047041184,0.2869262571489099,abs(mean_region - mean_healthy) / abs(mean_healthy),9523,91751,1420492
BraTS-GLI-00112-000,raw,case_brain_mask,FLAIR,369.00335693359375,362.85589599609375,214.5991973876953,154.40415954589844,148.25669860839844,0.7195001725330389,0.6908539286871498,0.7195001725330389,0.6908539286871498,abs(mean_region - mean_healthy) / abs(mean_healthy),9523,91751,1420492
BraTS-GLI-00113-000,raw,case_brain_mask,T1,254.46990966796875,246.930419921875,257.00115966796875,2.53125,10.07073974609375,0.00984917734717709,0.039185580948757535,0.00984917734717709,0.039185580948757535,abs(mean_region - mean_healthy) / abs(mean_healthy),1662,38314,1411176
BraTS-GLI-00113-000,raw,case_brain_mask,T1ce,379.9211730957031,333.28289794921875,345.3086242675781,34.612548828125,12.025726318359375,0.10023656055952976,0.03482602365888404,0.10023656055952976,0.03482602365888404,abs(mean_region - mean_healthy) / abs(mean_healthy),1662,38314,1411176
BraTS-GLI-00113-000,raw,case_brain_mask,T2,437.93743896484375,324.2052917480469,285.1136169433594,152.82382202148438,39.0916748046875,0.536010253245268,0.1371091118824165,0.536010253245268,0.1371091118824165,abs(mean_region - mean_healthy) / abs(mean_healthy),1662,38314,1411176
BraTS-GLI-00113-000,raw,case_brain_mask,FLAIR,277.0156555175781,206.11825561523438,132.90843200683594,144.1072235107422,73.20982360839844,1.0842594509227996,0.5508290369766231,1.0842594509227996,0.5508290369766231,abs(mean_region - mean_healthy) / abs(mean_healthy),1662,38314,1411176
BraTS-GLI-00115-000,raw,case_brain_mask,T1,2356.74267578125,2294.74658203125,2470.49853515625,113.755859375,175.751953125,0.04604571010919679,0.071140278216714,0.04604571010919679,0.071140278216714,abs(mean_region - mean_healthy) / abs(mean_healthy),31534,84845,1319165
BraTS-GLI-00115-000,raw,case_brain_mask,T1ce,4191.28271484375,3047.728271484375,2890.051025390625,1301.231689453125,157.67724609375,0.4502452302817899,0.054558637445661716,0.4502452302817899,0.054558637445661716,abs(mean_region - mean_healthy) / abs(mean_healthy),31534,84845,1319165
BraTS-GLI-00115-000,raw,case_brain_mask,T2,1857.6561279296875,1994.4132080078125,1469.5126953125,388.1434326171875,524.9005126953125,0.2641307107147153,0.3571935883028826,0.2641307107147153,0.3571935883028826,abs(mean_region - mean_healthy) / abs(mean_healthy),31534,84845,1319165
BraTS-GLI-00115-000,raw,case_brain_mask,FLAIR,1056.4351806640625,1134.71044921875,815.3357543945312,241.09942626953125,319.37469482421875,0.29570569543901803,0.39170941922127106,0.29570569543901803,0.39170941922127106,abs(mean_region - mean_healthy) / abs(mean_healthy),31534,84845,1319165
BraTS-GLI-00116-000,raw,case_brain_mask,T1,346.2458190917969,306.6893615722656,257.2210693359375,89.02474975585938,49.468292236328125,0.3461020902591409,0.19231819681039125,0.3461020902591409,0.19231819681039125,abs(mean_region - mean_healthy) / abs(mean_healthy),47182,169918,1361028
BraTS-GLI-00116-000,raw,case_brain_mask,T1ce,405.410400390625,336.5458068847656,284.2880859375,121.122314453125,52.257720947265625,0.4260548381888695,0.18381959544641047,0.4260548381888695,0.18381959544641047,abs(mean_region - mean_healthy) / abs(mean_healthy),47182,169918,1361028
BraTS-GLI-00116-000,raw,case_brain_mask,T2,184.6999053955078,252.53567504882812,240.22735595703125,55.52745056152344,12.308319091796875,0.23114540948223844,0.051236126055512296,0.23114540948223844,0.051236126055512296,abs(mean_region - mean_healthy) / abs(mean_healthy),47182,169918,1361028
BraTS-GLI-00116-000,raw,case_brain_mask,FLAIR,596.4129638671875,566.8348999023438,366.5554504394531,229.85751342773438,200.27944946289062,0.6270743298242178,0.5463824074168893,0.6270743298242178,0.5463824074168893,abs(mean_region - mean_healthy) / abs(mean_healthy),47182,169918,1361028
BraTS-GLI-00117-000,raw,case_brain_mask,T1,309.8628845214844,325.15496826171875,286.33135986328125,23.531524658203125,38.8236083984375,0.08218284113007761,0.1355897880587553,0.08218284113007761,0.1355897880587553,abs(mean_region - mean_healthy) / abs(mean_healthy),7337,75085,1294303
BraTS-GLI-00117-000,raw,case_brain_mask,T1ce,491.9721984863281,359.74945068359375,313.9236145019531,178.048583984375,45.825836181640625,0.5671716804957572,0.14597766483526364,0.5671716804957572,0.14597766483526364,abs(mean_region - mean_healthy) / abs(mean_healthy),7337,75085,1294303
BraTS-GLI-00117-000,raw,case_brain_mask,T2,482.22161865234375,536.5535888671875,414.41473388671875,67.806884765625,122.13885498046875,0.16362083492948437,0.29472614024832355,0.16362083492948437,0.29472614024832355,abs(mean_region - mean_healthy) / abs(mean_healthy),7337,75085,1294303
BraTS-GLI-00117-000,raw,case_brain_mask,FLAIR,354.1033020019531,412.9888000488281,248.0164337158203,106.08686828613281,164.9723663330078,0.42774128591691707,0.6651670772834142,0.42774128591691707,0.6651670772834142,abs(mean_region - mean_healthy) / abs(mean_healthy),7337,75085,1294303
BraTS-GLI-00118-000,raw,case_brain_mask,T1,299.3697814941406,306.84271240234375,301.7666015625,2.396820068359375,5.07611083984375,0.007942628693662645,0.01682131426592753,0.007942628693662645,0.01682131426592753,abs(mean_region - mean_healthy) / abs(mean_healthy),45628,147090,1292198
BraTS-GLI-00118-000,raw,case_brain_mask,T1ce,439.9587097167969,315.2232360839844,255.29296875,184.66574096679688,59.930267333984375,0.7233483235789152,0.23475095153393008,0.7233483235789152,0.23475095153393008,abs(mean_region - mean_healthy) / abs(mean_healthy),45628,147090,1292198
BraTS-GLI-00118-000,raw,case_brain_mask,T2,481.8216552734375,463.9891662597656,293.6910400390625,188.130615234375,170.29812622070312,0.6405732201069281,0.5798546874227166,0.6405732201069281,0.5798546874227166,abs(mean_region - mean_healthy) / abs(mean_healthy),45628,147090,1292198
BraTS-GLI-00118-000,raw,case_brain_mask,FLAIR,258.7215881347656,267.0426940917969,146.35110473632812,112.3704833984375,120.69158935546875,0.7678143844618636,0.8246715292850808,0.7678143844618636,0.8246715292850808,abs(mean_region - mean_healthy) / abs(mean_healthy),45628,147090,1292198
BraTS-GLI-00120-000,raw,case_brain_mask,T1,309.8666076660156,292.7256164550781,237.5159454345703,72.35066223144531,55.20967102050781,0.3046139159165468,0.23244616659102027,0.3046139159165468,0.23244616659102027,abs(mean_region - mean_healthy) / abs(mean_healthy),39514,91560,1183593
BraTS-GLI-00120-000,raw,case_brain_mask,T1ce,404.7214050292969,340.3163757324219,259.6912536621094,145.0301513671875,80.6251220703125,0.5584714514717148,0.3104652965140513,0.5584714514717148,0.3104652965140513,abs(mean_region - mean_healthy) / abs(mean_healthy),39514,91560,1183593
BraTS-GLI-00120-000,raw,case_brain_mask,T2,465.2221374511719,448.669189453125,299.22760009765625,165.99453735351562,149.44158935546875,0.5547434036811493,0.4994244825901649,0.5547434036811493,0.4994244825901649,abs(mean_region - mean_healthy) / abs(mean_healthy),39514,91560,1183593
BraTS-GLI-00120-000,raw,case_brain_mask,FLAIR,222.7149658203125,214.13824462890625,101.04878234863281,121.66618347167969,113.08946228027344,1.2040341372141812,1.1191571006773595,1.2040341372141812,1.1191571006773595,abs(mean_region - mean_healthy) / abs(mean_healthy),39514,91560,1183593
BraTS-GLI-00121-000,raw,case_brain_mask,T1,871.7874145507812,909.8810424804688,875.0292358398438,3.2418212890625,34.851806640625,0.0037048148293594265,0.0398293053684939,0.0037048148293594265,0.0398293053684939,abs(mean_region - mean_healthy) / abs(mean_healthy),17941,66816,1169945
BraTS-GLI-00121-000,raw,case_brain_mask,T1ce,1963.9315185546875,1225.43994140625,992.2069091796875,971.724609375,233.2330322265625,0.9793568260660255,0.23506491445356814,0.9793568260660255,0.23506491445356814,abs(mean_region - mean_healthy) / abs(mean_healthy),17941,66816,1169945
BraTS-GLI-00121-000,raw,case_brain_mask,T2,1344.876708984375,1378.802734375,1158.8729248046875,186.0037841796875,219.9298095703125,0.16050403818955036,0.1897790558937933,0.16050403818955036,0.1897790558937933,abs(mean_region - mean_healthy) / abs(mean_healthy),17941,66816,1169945
BraTS-GLI-00121-000,raw,case_brain_mask,FLAIR,766.3203125,818.7053833007812,520.5045166015625,245.8157958984375,298.20086669921875,0.47226448197490933,0.5729073565897345,0.47226448197490933,0.5729073565897345,abs(mean_region - mean_healthy) / abs(mean_healthy),17941,66816,1169945
BraTS-GLI-00122-000,raw,case_brain_mask,T1,323.3800354003906,340.9918518066406,337.7882995605469,14.40826416015625,3.20355224609375,0.04265471651593912,0.009483905304776637,0.04265471651593912,0.009483905304776637,abs(mean_region - mean_healthy) / abs(mean_healthy),14699,43881,1359818
BraTS-GLI-00122-000,raw,case_brain_mask,T1ce,566.469482421875,467.3910827636719,366.6199645996094,199.84951782226562,100.7711181640625,0.5451135702348452,0.27486533166330973,0.5451135702348452,0.27486533166330973,abs(mean_region - mean_healthy) / abs(mean_healthy),14699,43881,1359818
BraTS-GLI-00122-000,raw,case_brain_mask,T2,736.5023193359375,674.7354125976562,501.3545837402344,235.14773559570312,173.38082885742188,0.4690248044436742,0.3458247605197029,0.4690248044436742,0.3458247605197029,abs(mean_region - mean_healthy) / abs(mean_healthy),14699,43881,1359818
BraTS-GLI-00122-000,raw,case_brain_mask,FLAIR,548.9995727539062,522.6143188476562,341.5867919921875,207.41278076171875,181.02752685546875,0.6072037491615382,0.5299605579000521,0.6072037491615382,0.5299605579000521,abs(mean_region - mean_healthy) / abs(mean_healthy),14699,43881,1359818
BraTS-GLI-00123-000,raw,case_brain_mask,T1,237.0474090576172,255.19960021972656,262.0343933105469,24.986984252929688,6.8347930908203125,0.09535765109779565,0.026083572482487598,0.09535765109779565,0.026083572482487598,abs(mean_region - mean_healthy) / abs(mean_healthy),50410,222999,1291750
BraTS-GLI-00123-000,raw,case_brain_mask,T1ce,510.0140075683594,383.82684326171875,349.04168701171875,160.97232055664062,34.78515625,0.46118365383455223,0.09965903083900726,0.46118365383455223,0.09965903083900726,abs(mean_region - mean_healthy) / abs(mean_healthy),50410,222999,1291750
BraTS-GLI-00123-000,raw,case_brain_mask,T2,526.7567749023438,485.0279541015625,309.4349670410156,217.32180786132812,175.59298706054688,0.7023181960961836,0.5674632984748359,0.7023181960961836,0.5674632984748359,abs(mean_region - mean_healthy) / abs(mean_healthy),50410,222999,1291750
BraTS-GLI-00123-000,raw,case_brain_mask,FLAIR,264.9056091308594,266.7167663574219,144.58653259277344,120.31907653808594,122.13023376464844,0.832159637419091,0.8446860961015439,0.832159637419091,0.8446860961015439,abs(mean_region - mean_healthy) / abs(mean_healthy),50410,222999,1291750
BraTS-GLI-00124-000,raw,case_brain_mask,T1,443.16015625,441.05767822265625,343.4877624511719,99.67239379882812,97.56991577148438,0.29017742317092576,0.28405645393365164,0.29017742317092576,0.28405645393365164,abs(mean_region - mean_healthy) / abs(mean_healthy),39005,176056,1347587
BraTS-GLI-00124-000,raw,case_brain_mask,T1ce,599.44970703125,521.2694091796875,360.7510681152344,238.69863891601562,160.51834106445312,0.6616713296598428,0.4449559689541346,0.6616713296598428,0.4449559689541346,abs(mean_region - mean_healthy) / abs(mean_healthy),39005,176056,1347587
BraTS-GLI-00124-000,raw,case_brain_mask,T2,909.72119140625,847.9267578125,388.7333068847656,520.9878845214844,459.1934509277344,1.340219310499997,1.1812557421632401,1.340219310499997,1.1812557421632401,abs(mean_region - mean_healthy) / abs(mean_healthy),39005,176056,1347587
BraTS-GLI-00124-000,raw,case_brain_mask,FLAIR,625.5695190429688,590.2119750976562,237.23631286621094,388.3332061767578,352.9756622314453,1.6369045762220968,1.4878652343180927,1.6369045762220968,1.4878652343180927,abs(mean_region - mean_healthy) / abs(mean_healthy),39005,176056,1347587
BraTS-GLI-00126-000,raw,case_brain_mask,T1,476.996337890625,461.4937438964844,395.9880676269531,81.00827026367188,65.50567626953125,0.20457250328054583,0.16542335899687238,0.20457250328054583,0.16542335899687238,abs(mean_region - mean_healthy) / abs(mean_healthy),54464,154557,1293516
BraTS-GLI-00126-000,raw,case_brain_mask,T1ce,591.1979370117188,467.79681396484375,368.1755065917969,223.02243041992188,99.62130737304688,0.605750318603326,0.2705810288556183,0.605750318603326,0.2705810288556183,abs(mean_region - mean_healthy) / abs(mean_healthy),54464,154557,1293516
BraTS-GLI-00126-000,raw,case_brain_mask,T2,622.0746459960938,652.3634033203125,433.79852294921875,188.276123046875,218.56488037109375,0.43401743686645733,0.5038396140336313,0.43401743686645733,0.5038396140336313,abs(mean_region - mean_healthy) / abs(mean_healthy),54464,154557,1293516
BraTS-GLI-00126-000,raw,case_brain_mask,FLAIR,392.804931640625,425.0096435546875,212.83885192871094,179.96607971191406,212.17079162597656,0.8455508854755174,0.996861191945547,0.8455508854755174,0.996861191945547,abs(mean_region - mean_healthy) / abs(mean_healthy),54464,154557,1293516
BraTS-GLI-00127-000,raw,case_brain_mask,T1,443.8035583496094,484.8695068359375,438.4998474121094,5.3037109375,46.369659423828125,0.012095126073135174,0.10574612442281914,0.012095126073135174,0.10574612442281914,abs(mean_region - mean_healthy) / abs(mean_healthy),6511,118171,1420850
BraTS-GLI-00127-000,raw,case_brain_mask,T1ce,1036.9130859375,595.580322265625,689.9221801757812,346.99090576171875,94.34185791015625,0.5029420936623765,0.13674275247408257,0.5029420936623765,0.13674275247408257,abs(mean_region - mean_healthy) / abs(mean_healthy),6511,118171,1420850
BraTS-GLI-00127-000,raw,case_brain_mask,T2,814.7855834960938,828.543701171875,617.014892578125,197.77069091796875,211.52880859375,0.32052822921600305,0.3428260989129476,0.32052822921600305,0.3428260989129476,abs(mean_region - mean_healthy) / abs(mean_healthy),6511,118171,1420850
BraTS-GLI-00127-000,raw,case_brain_mask,FLAIR,389.8769836425781,448.1937255859375,232.45965576171875,157.41732788085938,215.73406982421875,0.6771812827694238,0.928049510859448,0.6771812827694238,0.928049510859448,abs(mean_region - mean_healthy) / abs(mean_healthy),6511,118171,1420850
BraTS-GLI-00128-000,raw,case_brain_mask,T1,253.9197998046875,264.9268493652344,251.47433471679688,2.445465087890625,13.4525146484375,0.009724511611272925,0.05349458291076635,0.009724511611272925,0.05349458291076635,abs(mean_region - mean_healthy) / abs(mean_healthy),40450,132171,1141798
BraTS-GLI-00128-000,raw,case_brain_mask,T1ce,440.31768798828125,348.9599304199219,306.2168884277344,134.10079956054688,42.7430419921875,0.43792751029861626,0.13958420847279507,0.43792751029861626,0.13958420847279507,abs(mean_region - mean_healthy) / abs(mean_healthy),40450,132171,1141798
BraTS-GLI-00128-000,raw,case_brain_mask,T2,516.543212890625,530.433837890625,341.41558837890625,175.12762451171875,189.01824951171875,0.5129456019956548,0.5536309879967886,0.5129456019956548,0.5536309879967886,abs(mean_region - mean_healthy) / abs(mean_healthy),40450,132171,1141798
BraTS-GLI-00128-000,raw,case_brain_mask,FLAIR,419.5141296386719,444.94769287109375,269.3553466796875,150.15878295898438,175.59234619140625,0.5574746698366099,0.6518984989751011,0.5574746698366099,0.6518984989751011,abs(mean_region - mean_healthy) / abs(mean_healthy),40450,132171,1141798
BraTS-GLI-00130-000,raw,case_brain_mask,T1,328.4322814941406,296.9124755859375,281.9730224609375,46.459259033203125,14.939453125,0.16476490774800717,0.052981852641841305,0.16476490774800717,0.052981852641841305,abs(mean_region - mean_healthy) / abs(mean_healthy),26937,149604,1305423
BraTS-GLI-00130-000,raw,case_brain_mask,T1ce,478.617919921875,328.8069763183594,302.7162170410156,175.90170288085938,26.09075927734375,0.5810778973133973,0.08618883894749735,0.5810778973133973,0.08618883894749735,abs(mean_region - mean_healthy) / abs(mean_healthy),26937,149604,1305423
BraTS-GLI-00130-000,raw,case_brain_mask,T2,902.0885009765625,969.981201171875,574.158203125,327.9302978515625,395.822998046875,0.5711497215692811,0.6893970962924663,0.5711497215692811,0.6893970962924663,abs(mean_region - mean_healthy) / abs(mean_healthy),26937,149604,1305423
BraTS-GLI-00130-000,raw,case_brain_mask,FLAIR,550.7996826171875,564.3682861328125,307.34600830078125,243.45367431640625,257.02227783203125,0.7921159466569438,0.836263595070019,0.7921159466569438,0.836263595070019,abs(mean_region - mean_healthy) / abs(mean_healthy),26937,149604,1305423
BraTS-GLI-00131-000,raw,case_brain_mask,T1,254.05245971679688,276.12591552734375,343.46240234375,89.40994262695312,67.33648681640625,0.26031944695206644,0.19605198809799676,0.26031944695206644,0.19605198809799676,abs(mean_region - mean_healthy) / abs(mean_healthy),15498,103496,1419627
BraTS-GLI-00131-000,raw,case_brain_mask,T1ce,579.6041259765625,334.7453308105469,367.58441162109375,212.01971435546875,32.839080810546875,0.5767919086134121,0.08933752295349624,0.5767919086134121,0.08933752295349624,abs(mean_region - mean_healthy) / abs(mean_healthy),15498,103496,1419627
BraTS-GLI-00131-000,raw,case_brain_mask,T2,182.3499755859375,226.18946838378906,126.345458984375,56.0045166015625,99.84400939941406,0.4432649740778457,0.7902461252031358,0.4432649740778457,0.7902461252031358,abs(mean_region - mean_healthy) / abs(mean_healthy),15498,103496,1419627
BraTS-GLI-00131-000,raw,case_brain_mask,FLAIR,395.658935546875,419.2057800292969,194.99749755859375,200.66143798828125,224.20828247070312,1.0290462211084814,1.1498008193840128,1.0290462211084814,1.1498008193840128,abs(mean_region - mean_healthy) / abs(mean_healthy),15498,103496,1419627
BraTS-GLI-00132-000,raw,case_brain_mask,T1,279.36468505859375,282.4729309082031,269.720947265625,9.64373779296875,12.751983642578125,0.035754500682038094,0.047278432661070964,0.035754500682038094,0.047278432661070964,abs(mean_region - mean_healthy) / abs(mean_healthy),50084,129841,1248935
BraTS-GLI-00132-000,raw,case_brain_mask,T1ce,467.8929748535156,360.8612976074219,286.5523681640625,181.34060668945312,74.30892944335938,0.6328358332939287,0.2593205909253369,0.6328358332939287,0.2593205909253369,abs(mean_region - mean_healthy) / abs(mean_healthy),50084,129841,1248935
BraTS-GLI-00132-000,raw,case_brain_mask,T2,515.2510986328125,523.9827880859375,397.1106872558594,118.14041137695312,126.87210083007812,0.2974999544669393,0.3194880039789363,0.2974999544669393,0.3194880039789363,abs(mean_region - mean_healthy) / abs(mean_healthy),50084,129841,1248935
BraTS-GLI-00132-000,raw,case_brain_mask,FLAIR,216.80377197265625,239.5729217529297,123.14820861816406,93.65556335449219,116.42471313476562,0.7605109680879127,0.9454032213798136,0.7605109680879127,0.9454032213798136,abs(mean_region - mean_healthy) / abs(mean_healthy),50084,129841,1248935
BraTS-GLI-00133-000,raw,case_brain_mask,T1,416.2153625488281,422.52471923828125,479.7265319824219,63.51116943359375,57.201812744140625,0.13239036242406732,0.11923837630526679,0.13239036242406732,0.11923837630526679,abs(mean_region - mean_healthy) / abs(mean_healthy),18881,80218,1383758
BraTS-GLI-00133-000,raw,case_brain_mask,T1ce,1054.4246826171875,668.5548706054688,657.227294921875,397.1973876953125,11.32757568359375,0.6043531526525044,0.0172354005549028,0.6043531526525044,0.0172354005549028,abs(mean_region - mean_healthy) / abs(mean_healthy),18881,80218,1383758
BraTS-GLI-00133-000,raw,case_brain_mask,T2,826.3544311523438,859.064453125,720.7921142578125,105.56231689453125,138.2723388671875,0.1464532072513404,0.1918338673967933,0.1464532072513404,0.1918338673967933,abs(mean_region - mean_healthy) / abs(mean_healthy),18881,80218,1383758
BraTS-GLI-00133-000,raw,case_brain_mask,FLAIR,365.9075927734375,408.7174072265625,306.3607482910156,59.546844482421875,102.35665893554688,0.19436838699015593,0.33410500368120627,0.19436838699015593,0.33410500368120627,abs(mean_region - mean_healthy) / abs(mean_healthy),18881,80218,1383758
BraTS-GLI-00134-000,raw,case_brain_mask,T1,219.60604858398438,201.744384765625,241.3165283203125,21.710479736328125,39.5721435546875,0.08996681614576615,0.16398438942466986,0.08996681614576615,0.16398438942466986,abs(mean_region - mean_healthy) / abs(mean_healthy),11994,157749,1450851
BraTS-GLI-00134-000,raw,case_brain_mask,T1ce,300.6249694824219,228.2640838623047,258.3076171875,42.317352294921875,30.043533325195312,0.16382541388318644,0.11630912650704896,0.16382541388318644,0.11630912650704896,abs(mean_region - mean_healthy) / abs(mean_healthy),11994,157749,1450851
BraTS-GLI-00134-000,raw,case_brain_mask,T2,808.9915771484375,807.0671997070312,420.56414794921875,388.42742919921875,386.5030517578125,0.9235866421170063,0.9190109371959139,0.9235866421170063,0.9190109371959139,abs(mean_region - mean_healthy) / abs(mean_healthy),11994,157749,1450851
BraTS-GLI-00134-000,raw,case_brain_mask,FLAIR,255.79364013671875,204.0714569091797,129.64166259765625,126.1519775390625,74.42979431152344,0.9730820710821643,0.5741194059082441,0.9730820710821643,0.5741194059082441,abs(mean_region - mean_healthy) / abs(mean_healthy),11994,157749,1450851
BraTS-GLI-00136-000,raw,case_brain_mask,T1,311.7777404785156,370.7626037597656,441.960693359375,130.18295288085938,71.19808959960938,0.29455776234607967,0.1610959767902154,0.29455776234607967,0.1610959767902154,abs(mean_region - mean_healthy) / abs(mean_healthy),15114,57168,1397025
BraTS-GLI-00136-000,raw,case_brain_mask,T1ce,976.37548828125,654.7960205078125,546.7500610351562,429.62542724609375,108.04595947265625,0.7857803004771291,0.19761490152940075,0.7857803004771291,0.19761490152940075,abs(mean_region - mean_healthy) / abs(mean_healthy),15114,57168,1397025
BraTS-GLI-00136-000,raw,case_brain_mask,T2,1016.1646728515625,979.3116455078125,836.6122436523438,179.55242919921875,142.69940185546875,0.21461845742940405,0.17056814902982442,0.21461845742940405,0.17056814902982442,abs(mean_region - mean_healthy) / abs(mean_healthy),15114,57168,1397025
BraTS-GLI-00136-000,raw,case_brain_mask,FLAIR,403.6036682128906,426.7096862792969,299.36151123046875,104.24215698242188,127.34817504882812,0.3482149610815173,0.42539929239863733,0.3482149610815173,0.42539929239863733,abs(mean_region - mean_healthy) / abs(mean_healthy),15114,57168,1397025
BraTS-GLI-00137-000,raw,case_brain_mask,T1,223.890380859375,228.5475616455078,228.0841064453125,4.1937255859375,0.4634552001953125,0.018386750621499467,0.002031948685150645,0.018386750621499467,0.002031948685150645,abs(mean_region - mean_healthy) / abs(mean_healthy),49748,186261,1072769
BraTS-GLI-00137-000,raw,case_brain_mask,T1ce,366.1574401855469,264.674072265625,233.7378387451172,132.4196014404297,30.936233520507812,0.5665304434718786,0.13235440905330983,0.5665304434718786,0.13235440905330983,abs(mean_region - mean_healthy) / abs(mean_healthy),49748,186261,1072769
BraTS-GLI-00137-000,raw,case_brain_mask,T2,449.5080261230469,464.27349853515625,296.6598205566406,152.84820556640625,167.61367797851562,0.5152305603084637,0.5650029642167652,0.5152305603084637,0.5650029642167652,abs(mean_region - mean_healthy) / abs(mean_healthy),49748,186261,1072769
BraTS-GLI-00137-000,raw,case_brain_mask,FLAIR,194.96080017089844,219.92626953125,110.21701049804688,84.74378967285156,109.70925903320312,0.7688812216001203,0.9953931660589475,0.7688812216001203,0.9953931660589475,abs(mean_region - mean_healthy) / abs(mean_healthy),49748,186261,1072769
BraTS-GLI-00138-000,raw,case_brain_mask,T1,239.74777221679688,257.1716613769531,242.6266632080078,2.8788909912109375,14.544998168945312,0.01186551780066652,0.05994806167068146,0.01186551780066652,0.05994806167068146,abs(mean_region - mean_healthy) / abs(mean_healthy),14523,154118,1325158
BraTS-GLI-00138-000,raw,case_brain_mask,T1ce,449.7159729003906,286.7038879394531,272.0657653808594,177.65020751953125,14.63812255859375,0.652967885433297,0.05380361817335649,0.652967885433297,0.05380361817335649,abs(mean_region - mean_healthy) / abs(mean_healthy),14523,154118,1325158
BraTS-GLI-00138-000,raw,case_brain_mask,T2,713.9624633789062,778.5243530273438,552.4718627929688,161.4906005859375,226.052490234375,0.29230556606002916,0.4091656163113687,0.29230556606002916,0.4091656163113687,abs(mean_region - mean_healthy) / abs(mean_healthy),14523,154118,1325158
BraTS-GLI-00138-000,raw,case_brain_mask,FLAIR,407.5313720703125,458.6613464355469,269.41375732421875,138.11761474609375,189.24758911132812,0.5126598437951326,0.7024421877743355,0.5126598437951326,0.7024421877743355,abs(mean_region - mean_healthy) / abs(mean_healthy),14523,154118,1325158
BraTS-GLI-00139-000,raw,case_brain_mask,T1,237.70693969726562,240.2693328857422,235.7971954345703,1.9097442626953125,4.472137451171875,0.008099096595172328,0.01896603325976715,0.008099096595172328,0.01896603325976715,abs(mean_region - mean_healthy) / abs(mean_healthy),17276,80769,1189394
BraTS-GLI-00139-000,raw,case_brain_mask,T1ce,426.1219177246094,350.27899169921875,317.7749938964844,108.346923828125,32.503997802734375,0.34095484512358815,0.10228620384561346,0.34095484512358815,0.10228620384561346,abs(mean_region - mean_healthy) / abs(mean_healthy),17276,80769,1189394
BraTS-GLI-00139-000,raw,case_brain_mask,T2,339.42364501953125,315.5819091796875,256.0233459472656,83.40029907226562,59.558563232421875,0.32575271119784516,0.23262942296164446,0.32575271119784516,0.23262942296164446,abs(mean_region - mean_healthy) / abs(mean_healthy),17276,80769,1189394
BraTS-GLI-00139-000,raw,case_brain_mask,FLAIR,199.57484436035156,188.3526611328125,124.90086364746094,74.67398071289062,63.45179748535156,0.5978660077456449,0.5080172837270965,0.5978660077456449,0.5080172837270965,abs(mean_region - mean_healthy) / abs(mean_healthy),17276,80769,1189394
BraTS-GLI-00140-000,raw,case_brain_mask,T1,491.4670715332031,534.3663940429688,523.9136962890625,32.446624755859375,10.45269775390625,0.06193123979327576,0.019951182471357097,0.06193123979327576,0.019951182471357097,abs(mean_region - mean_healthy) / abs(mean_healthy),2642,16748,1409199
BraTS-GLI-00140-000,raw,case_brain_mask,T1ce,732.36865234375,622.0238037109375,575.8497314453125,156.5189208984375,46.174072265625,0.27180514698790276,0.08018423860289683,0.27180514698790276,0.08018423860289683,abs(mean_region - mean_healthy) / abs(mean_healthy),2642,16748,1409199
BraTS-GLI-00140-000,raw,case_brain_mask,T2,1173.3463134765625,1043.218017578125,778.352294921875,394.9940185546875,264.86572265625,0.5074745987539407,0.34029028292752084,0.5074745987539407,0.34029028292752084,abs(mean_region - mean_healthy) / abs(mean_healthy),2642,16748,1409199
BraTS-GLI-00140-000,raw,case_brain_mask,FLAIR,694.3815307617188,691.4058227539062,537.5276489257812,156.8538818359375,153.878173828125,0.29180616503988427,0.2862702488618806,0.29180616503988427,0.2862702488618806,abs(mean_region - mean_healthy) / abs(mean_healthy),2642,16748,1409199
BraTS-GLI-00142-000,raw,case_brain_mask,T1,857.2730712890625,890.1450805664062,955.0618896484375,97.788818359375,64.91680908203125,0.10239003295940485,0.06797131137326337,0.10239003295940485,0.06797131137326337,abs(mean_region - mean_healthy) / abs(mean_healthy),31255,88649,1477194
BraTS-GLI-00142-000,raw,case_brain_mask,T1ce,2151.459716796875,1434.6578369140625,1112.0408935546875,1039.4188232421875,322.616943359375,0.9346947843973972,0.29011248168052145,0.9346947843973972,0.29011248168052145,abs(mean_region - mean_healthy) / abs(mean_healthy),31255,88649,1477194
BraTS-GLI-00142-000,raw,case_brain_mask,T2,1344.43896484375,1324.114013671875,1066.70947265625,277.7294921875,257.404541015625,0.26036095048065544,0.24130707340083246,0.26036095048065544,0.24130707340083246,abs(mean_region - mean_healthy) / abs(mean_healthy),31255,88649,1477194
BraTS-GLI-00142-000,raw,case_brain_mask,FLAIR,717.9921264648438,728.6264038085938,523.0715942382812,194.9205322265625,205.5548095703125,0.3726459902882204,0.39297643350266426,0.3726459902882204,0.39297643350266426,abs(mean_region - mean_healthy) / abs(mean_healthy),31255,88649,1477194
BraTS-GLI-00143-000,raw,case_brain_mask,T1,256.2086486816406,267.24609375,254.43626403808594,1.7723846435546875,12.809829711914062,0.006965927794354753,0.05034592753647959,0.006965927794354753,0.05034592753647959,abs(mean_region - mean_healthy) / abs(mean_healthy),63709,162623,1282632
BraTS-GLI-00143-000,raw,case_brain_mask,T1ce,608.9911499023438,424.03680419921875,284.944091796875,324.04705810546875,139.09271240234375,1.1372303109076873,0.4881403629926718,1.1372303109076873,0.4881403629926718,abs(mean_region - mean_healthy) / abs(mean_healthy),63709,162623,1282632
BraTS-GLI-00143-000,raw,case_brain_mask,T2,643.8819580078125,648.7376708984375,484.28643798828125,159.59552001953125,164.45123291015625,0.3295477789600896,0.33957430976858294,0.3295477789600896,0.33957430976858294,abs(mean_region - mean_healthy) / abs(mean_healthy),63709,162623,1282632
BraTS-GLI-00143-000,raw,case_brain_mask,FLAIR,277.45849609375,288.5418395996094,140.47862243652344,136.97987365722656,148.06321716308594,0.9750940839352421,1.053991095549002,0.9750940839352421,1.053991095549002,abs(mean_region - mean_healthy) / abs(mean_healthy),63709,162623,1282632
BraTS-GLI-00144-000,raw,case_brain_mask,T1,467.1485900878906,448.9236755371094,467.0400390625,0.108551025390625,18.116363525390625,0.00023242338196211596,0.038789743940917804,0.00023242338196211596,0.038789743940917804,abs(mean_region - mean_healthy) / abs(mean_healthy),19458,64347,1363045
BraTS-GLI-00144-000,raw,case_brain_mask,T1ce,811.4982299804688,477.8988037109375,464.4481506347656,347.0500793457031,13.450653076171875,0.7472310501643435,0.028960505188337475,0.7472310501643435,0.028960505188337475,abs(mean_region - mean_healthy) / abs(mean_healthy),19458,64347,1363045
BraTS-GLI-00144-000,raw,case_brain_mask,T2,582.2545166015625,626.02392578125,464.84661865234375,117.40789794921875,161.17730712890625,0.2525734150537674,0.3467322352396197,0.2525734150537674,0.3467322352396197,abs(mean_region - mean_healthy) / abs(mean_healthy),19458,64347,1363045
BraTS-GLI-00144-000,raw,case_brain_mask,FLAIR,266.94464111328125,245.91238403320312,205.061279296875,61.88336181640625,40.851104736328125,0.30177984858280027,0.1992141318751183,0.30177984858280027,0.1992141318751183,abs(mean_region - mean_healthy) / abs(mean_healthy),19458,64347,1363045
BraTS-GLI-00146-000,raw,case_brain_mask,T1,473.8993835449219,449.1124267578125,493.0498352050781,19.15045166015625,43.937408447265625,0.03884080328754364,0.08911352425255428,0.03884080328754364,0.08911352425255428,abs(mean_region - mean_healthy) / abs(mean_healthy),27851,184720,1298354
BraTS-GLI-00146-000,raw,case_brain_mask,T1ce,1146.2283935546875,775.5419921875,762.1975708007812,384.03082275390625,13.34442138671875,0.5038468206483985,0.017507824608649452,0.5038468206483985,0.017507824608649452,abs(mean_region - mean_healthy) / abs(mean_healthy),27851,184720,1298354
BraTS-GLI-00146-000,raw,case_brain_mask,T2,907.952880859375,989.2766723632812,749.4804077148438,158.47247314453125,239.7962646484375,0.2114431164754684,0.31995001094101083,0.2114431164754684,0.31995001094101083,abs(mean_region - mean_healthy) / abs(mean_healthy),27851,184720,1298354
BraTS-GLI-00146-000,raw,case_brain_mask,FLAIR,342.3245544433594,382.1514587402344,293.88995361328125,48.434600830078125,88.26150512695312,0.16480522806101564,0.3003216137258408,0.16480522806101564,0.3003216137258408,abs(mean_region - mean_healthy) / abs(mean_healthy),27851,184720,1298354
BraTS-GLI-00147-000,raw,case_brain_mask,T1,284.99755859375,273.4803466796875,263.7448425292969,21.252716064453125,9.735504150390625,0.08058059395831547,0.036912585880458315,0.08058059395831547,0.036912585880458315,abs(mean_region - mean_healthy) / abs(mean_healthy),36248,175302,1385398
BraTS-GLI-00147-000,raw,case_brain_mask,T1ce,491.1727600097656,320.49627685546875,284.9727783203125,206.19998168945312,35.52349853515625,0.7235778199757806,0.12465576096263992,0.7235778199757806,0.12465576096263992,abs(mean_region - mean_healthy) / abs(mean_healthy),36248,175302,1385398
BraTS-GLI-00147-000,raw,case_brain_mask,T2,520.7594604492188,483.0266418457031,307.0775146484375,213.68194580078125,175.94912719726562,0.6958566993920684,0.5729795208180701,0.6958566993920684,0.5729795208180701,abs(mean_region - mean_healthy) / abs(mean_healthy),36248,175302,1385398
BraTS-GLI-00147-000,raw,case_brain_mask,FLAIR,290.66168212890625,294.5649719238281,126.9670639038086,163.69461822509766,167.59790802001953,1.289268359778046,1.3200108978419256,1.289268359778046,1.3200108978419256,abs(mean_region - mean_healthy) / abs(mean_healthy),36248,175302,1385398
BraTS-GLI-00148-000,raw,case_brain_mask,T1,487.67266845703125,477.03765869140625,449.0830383300781,38.589630126953125,27.954620361328125,0.08592983219862685,0.062248221320666645,0.08592983219862685,0.062248221320666645,abs(mean_region - mean_healthy) / abs(mean_healthy),20160,58817,1430596
BraTS-GLI-00148-000,raw,case_brain_mask,T1ce,565.038818359375,439.8460998535156,367.7266540527344,197.31216430664062,72.11944580078125,0.5365729194010092,0.19612243226306586,0.5365729194010092,0.19612243226306586,abs(mean_region - mean_healthy) / abs(mean_healthy),20160,58817,1430596
BraTS-GLI-00148-000,raw,case_brain_mask,T2,701.0107421875,606.4684448242188,427.6803283691406,273.3304138183594,178.78811645507812,0.6390998034925789,0.4180414777009852,0.6390998034925789,0.4180414777009852,abs(mean_region - mean_healthy) / abs(mean_healthy),20160,58817,1430596
BraTS-GLI-00148-000,raw,case_brain_mask,FLAIR,751.418701171875,624.2285766601562,368.9146728515625,382.5040283203125,255.31390380859375,1.0368360395202223,0.6920676313444506,1.0368360395202223,0.6920676313444506,abs(mean_region - mean_healthy) / abs(mean_healthy),20160,58817,1430596
BraTS-GLI-00149-000,raw,case_brain_mask,T1,286.2702941894531,272.752197265625,250.42892456054688,35.84136962890625,22.323272705078125,0.14311992790689315,0.08914015321613127,0.14311992790689315,0.08914015321613127,abs(mean_region - mean_healthy) / abs(mean_healthy),4362,24434,1299335
BraTS-GLI-00149-000,raw,case_brain_mask,T1ce,438.58001708984375,386.22198486328125,340.4320983886719,98.14791870117188,45.789886474609375,0.2883039500849777,0.1345051970461698,0.2883039500849777,0.1345051970461698,abs(mean_region - mean_healthy) / abs(mean_healthy),4362,24434,1299335
BraTS-GLI-00149-000,raw,case_brain_mask,T2,343.9454345703125,339.6689147949219,310.159423828125,33.7860107421875,29.509490966796875,0.10893111137874062,0.09514297712633608,0.10893111137874062,0.09514297712633608,abs(mean_region - mean_healthy) / abs(mean_healthy),4362,24434,1299335
BraTS-GLI-00149-000,raw,case_brain_mask,FLAIR,196.7563018798828,185.40411376953125,124.41549682617188,72.34080505371094,60.988616943359375,0.5814452933848143,0.49020112847011427,0.5814452933848143,0.49020112847011427,abs(mean_region - mean_healthy) / abs(mean_healthy),4362,24434,1299335
BraTS-GLI-00150-000,raw,case_brain_mask,T1,388.2705078125,345.5897521972656,314.417236328125,73.853271484375,31.172515869140625,0.2348893856674636,0.09914378814973449,0.2348893856674636,0.09914378814973449,abs(mean_region - mean_healthy) / abs(mean_healthy),16998,162397,1187352
BraTS-GLI-00150-000,raw,case_brain_mask,T1ce,541.1715087890625,363.07403564453125,361.3193359375,179.8521728515625,1.75469970703125,0.49776514834144614,0.004856368127873381,0.49776514834144614,0.004856368127873381,abs(mean_region - mean_healthy) / abs(mean_healthy),16998,162397,1187352
BraTS-GLI-00150-000,raw,case_brain_mask,T2,823.7620239257812,785.3233642578125,437.7652587890625,385.99676513671875,347.55810546875,0.8817437139814505,0.7939371580790999,0.8817437139814505,0.7939371580790999,abs(mean_region - mean_healthy) / abs(mean_healthy),16998,162397,1187352
BraTS-GLI-00150-000,raw,case_brain_mask,FLAIR,587.05126953125,550.7357177734375,327.09552001953125,259.95574951171875,223.64019775390625,0.7947395595518902,0.6837152576732095,0.7947395595518902,0.6837152576732095,abs(mean_region - mean_healthy) / abs(mean_healthy),16998,162397,1187352
BraTS-GLI-00151-000,raw,case_brain_mask,T1,281.42010498046875,289.0892639160156,270.879150390625,10.54095458984375,18.210113525390625,0.038913864631674386,0.0672259695850732,0.038913864631674386,0.0672259695850732,abs(mean_region - mean_healthy) / abs(mean_healthy),79009,186689,1192993
BraTS-GLI-00151-000,raw,case_brain_mask,T1ce,423.0059814453125,364.7322692871094,287.7227478027344,135.28323364257812,77.009521484375,0.4701860894757257,0.26765183522150116,0.4701860894757257,0.26765183522150116,abs(mean_region - mean_healthy) / abs(mean_healthy),79009,186689,1192993
BraTS-GLI-00151-000,raw,case_brain_mask,T2,550.2985229492188,521.03466796875,328.3863220214844,221.91220092773438,192.64834594726562,0.6757656639341268,0.5866515534549632,0.6757656639341268,0.5866515534549632,abs(mean_region - mean_healthy) / abs(mean_healthy),79009,186689,1192993
BraTS-GLI-00151-000,raw,case_brain_mask,FLAIR,271.14556884765625,264.83563232421875,156.7207794189453,114.42478942871094,108.11485290527344,0.7301188129165124,0.689856528956261,0.7301188129165124,0.689856528956261,abs(mean_region - mean_healthy) / abs(mean_healthy),79009,186689,1192993
BraTS-GLI-00152-000,raw,case_brain_mask,T1,328.7020263671875,317.773193359375,350.961181640625,22.2591552734375,33.18798828125,0.06342341101481214,0.09456313124462187,0.06342341101481214,0.09456313124462187,abs(mean_region - mean_healthy) / abs(mean_healthy),9813,43797,1274367
BraTS-GLI-00152-000,raw,case_brain_mask,T1ce,588.0951538085938,409.01654052734375,395.6451110839844,192.45004272460938,13.371429443359375,0.48642087904823783,0.0337965238764722,0.48642087904823783,0.0337965238764722,abs(mean_region - mean_healthy) / abs(mean_healthy),9813,43797,1274367
BraTS-GLI-00152-000,raw,case_brain_mask,T2,232.29440307617188,231.41299438476562,146.75985717773438,85.5345458984375,84.65313720703125,0.5828197679073126,0.5768139792103475,0.5828197679073126,0.5768139792103475,abs(mean_region - mean_healthy) / abs(mean_healthy),9813,43797,1274367
BraTS-GLI-00152-000,raw,case_brain_mask,FLAIR,439.7448425292969,379.7772216796875,175.98757934570312,263.75726318359375,203.78964233398438,1.4987265815247068,1.1579774157451643,1.4987265815247068,1.1579774157451643,abs(mean_region - mean_healthy) / abs(mean_healthy),9813,43797,1274367
BraTS-GLI-00154-000,raw,case_brain_mask,T1,259.45843505859375,270.7438659667969,306.76177978515625,47.3033447265625,36.017913818359375,0.15420221110886723,0.11741330306397652,0.15420221110886723,0.11741330306397652,abs(mean_region - mean_healthy) / abs(mean_healthy),15158,101416,1442057
BraTS-GLI-00154-000,raw,case_brain_mask,T1ce,736.1325073242188,371.4992370605469,359.7816467285156,376.3508605957031,11.71759033203125,1.0460535272375644,0.03256861609973429,1.0460535272375644,0.03256861609973429,abs(mean_region - mean_healthy) / abs(mean_healthy),15158,101416,1442057
BraTS-GLI-00154-000,raw,case_brain_mask,T2,757.6421508789062,760.8777465820312,506.1394958496094,251.50265502929688,254.73825073242188,0.49690383202979,0.503296527580438,0.49690383202979,0.503296527580438,abs(mean_region - mean_healthy) / abs(mean_healthy),15158,101416,1442057
BraTS-GLI-00154-000,raw,case_brain_mask,FLAIR,389.5207824707031,367.2599182128906,152.99176025390625,236.52902221679688,214.26815795898438,1.5460245821360024,1.400520901278496,1.5460245821360024,1.400520901278496,abs(mean_region - mean_healthy) / abs(mean_healthy),15158,101416,1442057
BraTS-GLI-00155-000,raw,case_brain_mask,T1,331.6408386230469,328.27978515625,353.1625061035156,21.52166748046875,24.882720947265625,0.060939842447942434,0.07045685914340023,0.060939842447942434,0.07045685914340023,abs(mean_region - mean_healthy) / abs(mean_healthy),1136,23396,1480402
BraTS-GLI-00155-000,raw,case_brain_mask,T1ce,557.1734008789062,415.6723937988281,411.1373291015625,146.03607177734375,4.535064697265625,0.35520022493814646,0.011030534997091777,0.35520022493814646,0.011030534997091777,abs(mean_region - mean_healthy) / abs(mean_healthy),1136,23396,1480402
BraTS-GLI-00155-000,raw,case_brain_mask,T2,575.6857299804688,589.7232666015625,586.4200439453125,10.73431396484375,3.30322265625,0.018304821050497373,0.005632861104178163,0.018304821050497373,0.005632861104178163,abs(mean_region - mean_healthy) / abs(mean_healthy),1136,23396,1480402
BraTS-GLI-00155-000,raw,case_brain_mask,FLAIR,287.212158203125,289.1233215332031,159.131591796875,128.08056640625,129.99172973632812,0.8048720242159058,0.8168819796779088,0.8048720242159058,0.8168819796779088,abs(mean_region - mean_healthy) / abs(mean_healthy),1136,23396,1480402
BraTS-GLI-00156-000,raw,case_brain_mask,T1,136.00779724121094,145.8329315185547,222.97250366210938,86.96470642089844,77.13957214355469,0.3900243527456821,0.34596002142242316,0.3900243527456821,0.34596002142242316,abs(mean_region - mean_healthy) / abs(mean_healthy),40427,140635,1389660
BraTS-GLI-00156-000,raw,case_brain_mask,T1ce,587.07958984375,301.6214599609375,261.1761779785156,325.9034118652344,40.445281982421875,1.2478297767725326,0.15485823514022365,1.2478297767725326,0.15485823514022365,abs(mean_region - mean_healthy) / abs(mean_healthy),40427,140635,1389660
BraTS-GLI-00156-000,raw,case_brain_mask,T2,897.2300415039062,876.7058715820312,462.1034240722656,435.1266174316406,414.6024475097656,0.9416217122935531,0.8972070448128261,0.9416217122935531,0.8972070448128261,abs(mean_region - mean_healthy) / abs(mean_healthy),40427,140635,1389660
BraTS-GLI-00156-000,raw,case_brain_mask,FLAIR,782.4590454101562,601.5740356445312,282.71966552734375,499.7393798828125,318.8543701171875,1.7676144988028053,1.1278110757610136,1.7676144988028053,1.1278110757610136,abs(mean_region - mean_healthy) / abs(mean_healthy),40427,140635,1389660
BraTS-GLI-00157-000,raw,case_brain_mask,T1,305.20904541015625,317.7841796875,352.3134765625,47.10443115234375,34.529296875,0.13370033872089898,0.09800731215819541,0.13370033872089898,0.09800731215819541,abs(mean_region - mean_healthy) / abs(mean_healthy),6597,40916,1500855
BraTS-GLI-00157-000,raw,case_brain_mask,T1ce,755.0093994140625,398.7687683105469,403.9084777832031,351.1009216308594,5.13970947265625,0.8692586091726253,0.01272493585889766,0.8692586091726253,0.01272493585889766,abs(mean_region - mean_healthy) / abs(mean_healthy),6597,40916,1500855
BraTS-GLI-00157-000,raw,case_brain_mask,T2,841.691650390625,751.2281494140625,446.73944091796875,394.95220947265625,304.48870849609375,0.8840773240462066,0.6815800903328001,0.8840773240462066,0.6815800903328001,abs(mean_region - mean_healthy) / abs(mean_healthy),6597,40916,1500855
BraTS-GLI-00157-000,raw,case_brain_mask,FLAIR,480.8050537109375,401.4256896972656,158.5052490234375,322.2998046875,242.92044067382812,2.0333699147076376,1.5325703228787617,2.0333699147076376,1.5325703228787617,abs(mean_region - mean_healthy) / abs(mean_healthy),6597,40916,1500855
BraTS-GLI-00158-000,raw,case_brain_mask,T1,286.1886901855469,285.4678039550781,316.3009033203125,30.112213134765625,30.833099365234375,0.09520116072596702,0.09748027603326262,0.09520116072596702,0.09748027603326262,abs(mean_region - mean_healthy) / abs(mean_healthy),37180,149997,1141827
BraTS-GLI-00158-000,raw,case_brain_mask,T1ce,762.4000854492188,422.404541015625,378.6383056640625,383.76177978515625,43.7662353515625,1.013531314831203,0.1155885041129278,1.013531314831203,0.1155885041129278,abs(mean_region - mean_healthy) / abs(mean_healthy),37180,149997,1141827
BraTS-GLI-00158-000,raw,case_brain_mask,T2,522.9866333007812,557.5135498046875,294.0435485839844,228.94308471679688,263.4700012207031,0.778602645150048,0.8960237437260118,0.778602645150048,0.8960237437260118,abs(mean_region - mean_healthy) / abs(mean_healthy),37180,149997,1141827
BraTS-GLI-00158-000,raw,case_brain_mask,FLAIR,254.94432067871094,266.065673828125,108.42194366455078,146.52237701416016,157.64373016357422,1.351408875932802,1.4539836202467638,1.351408875932802,1.4539836202467638,abs(mean_region - mean_healthy) / abs(mean_healthy),37180,149997,1141827
BraTS-GLI-00159-000,raw,case_brain_mask,T1,361.97552490234375,356.54425048828125,376.8427734375,14.86724853515625,20.29852294921875,0.03945212588141088,0.053864700028764895,0.03945212588141088,0.053864700028764895,abs(mean_region - mean_healthy) / abs(mean_healthy),24144,103304,1656766
BraTS-GLI-00159-000,raw,case_brain_mask,T1ce,756.8915405273438,472.7676696777344,440.0308837890625,316.86065673828125,32.736785888671875,0.7200873129854555,0.07439656418381056,0.7200873129854555,0.07439656418381056,abs(mean_region - mean_healthy) / abs(mean_healthy),24144,103304,1656766
BraTS-GLI-00159-000,raw,case_brain_mask,T2,973.130126953125,1011.9401245117188,560.7620849609375,412.3680419921875,451.17803955078125,0.7353707624881823,0.8045801448616309,0.7353707624881823,0.8045801448616309,abs(mean_region - mean_healthy) / abs(mean_healthy),24144,103304,1656766
BraTS-GLI-00159-000,raw,case_brain_mask,FLAIR,497.6679382324219,463.59521484375,171.86672973632812,325.80120849609375,291.7284851074219,1.895661882878242,1.6974110437487315,1.895661882878242,1.6974110437487315,abs(mean_region - mean_healthy) / abs(mean_healthy),24144,103304,1656766
BraTS-GLI-00160-000,raw,case_brain_mask,T1,324.31640625,282.4918212890625,335.4025573730469,11.086151123046875,52.910736083984375,0.03305326950955969,0.15775292978799543,0.03305326950955969,0.15775292978799543,abs(mean_region - mean_healthy) / abs(mean_healthy),4251,125680,1296273
BraTS-GLI-00160-000,raw,case_brain_mask,T1ce,646.1307983398438,335.463134765625,415.25830078125,230.87249755859375,79.795166015625,0.5559732270835759,0.19215790717609169,0.5559732270835759,0.19215790717609169,abs(mean_region - mean_healthy) / abs(mean_healthy),4251,125680,1296273
BraTS-GLI-00160-000,raw,case_brain_mask,T2,761.4312133789062,802.3015747070312,465.6676940917969,295.7635192871094,336.6338806152344,0.6351385828126733,0.7229058079104664,0.6351385828126733,0.7229058079104664,abs(mean_region - mean_healthy) / abs(mean_healthy),4251,125680,1296273
BraTS-GLI-00160-000,raw,case_brain_mask,FLAIR,369.9494323730469,348.9686279296875,156.43226623535156,213.5171661376953,192.53636169433594,1.3649176814741009,1.2307969853525356,1.3649176814741009,1.2307969853525356,abs(mean_region - mean_healthy) / abs(mean_healthy),4251,125680,1296273
BraTS-GLI-00162-000,raw,case_brain_mask,T1,266.6581726074219,282.4803466796875,365.9640197753906,99.30584716796875,83.48367309570312,0.2713541271869224,0.22811989317130407,0.2713541271869224,0.22811989317130407,abs(mean_region - mean_healthy) / abs(mean_healthy),3487,31569,1374691
BraTS-GLI-00162-000,raw,case_brain_mask,T1ce,741.328369140625,399.7275390625,439.5515441894531,301.7768249511719,39.824005126953125,0.6865561705798527,0.09060144516245494,0.6865561705798527,0.09060144516245494,abs(mean_region - mean_healthy) / abs(mean_healthy),3487,31569,1374691
BraTS-GLI-00162-000,raw,case_brain_mask,T2,1077.6973876953125,881.8197631835938,585.4014892578125,492.2958984375,296.41827392578125,0.8409542979838431,0.5063503926195818,0.8409542979838431,0.5063503926195818,abs(mean_region - mean_healthy) / abs(mean_healthy),3487,31569,1374691
BraTS-GLI-00162-000,raw,case_brain_mask,FLAIR,559.955810546875,366.4781494140625,179.2730255126953,380.6827850341797,187.2051239013672,2.123480562373961,1.0442459113187117,2.123480562373961,1.0442459113187117,abs(mean_region - mean_healthy) / abs(mean_healthy),3487,31569,1374691
BraTS-GLI-00165-000,raw,case_brain_mask,T1,310.2757568359375,320.54949951171875,312.0907287597656,1.814971923828125,8.458770751953125,0.0058155265651137445,0.02710356307464786,0.0058155265651137445,0.02710356307464786,abs(mean_region - mean_healthy) / abs(mean_healthy),11742,74472,1444658
BraTS-GLI-00165-000,raw,case_brain_mask,T1ce,599.9334716796875,374.1156311035156,368.1141052246094,231.81936645507812,6.00152587890625,0.6297486653319917,0.016303439052530587,0.6297486653319917,0.016303439052530587,abs(mean_region - mean_healthy) / abs(mean_healthy),11742,74472,1444658
BraTS-GLI-00165-000,raw,case_brain_mask,T2,822.5762329101562,830.1195678710938,512.6437377929688,309.9324951171875,317.475830078125,0.6045767699250698,0.6192913453793863,0.6045767699250698,0.6192913453793863,abs(mean_region - mean_healthy) / abs(mean_healthy),11742,74472,1444658
BraTS-GLI-00165-000,raw,case_brain_mask,FLAIR,447.03680419921875,432.7631530761719,161.1465301513672,285.89027404785156,271.6166229248047,1.7741013336080573,1.6855257303379192,1.7741013336080573,1.6855257303379192,abs(mean_region - mean_healthy) / abs(mean_healthy),11742,74472,1444658
BraTS-GLI-00166-000,raw,case_brain_mask,T1,881.775634765625,853.49267578125,831.1318359375,50.643798828125,22.36083984375,0.06093353260978123,0.026904082934721688,0.06093353260978123,0.026904082934721688,abs(mean_region - mean_healthy) / abs(mean_healthy),29061,98161,1117542
BraTS-GLI-00166-000,raw,case_brain_mask,T1ce,2410.77587890625,1561.6162109375,1279.4407958984375,1131.3350830078125,282.1754150390625,0.8842418395869396,0.2205458946937172,0.8842418395869396,0.2205458946937172,abs(mean_region - mean_healthy) / abs(mean_healthy),29061,98161,1117542
BraTS-GLI-00166-000,raw,case_brain_mask,T2,2333.604736328125,2480.686767578125,1636.0938720703125,697.5108642578125,844.5928955078125,0.42632692180136494,0.5162252056106444,0.42632692180136494,0.5162252056106444,abs(mean_region - mean_healthy) / abs(mean_healthy),29061,98161,1117542
BraTS-GLI-00166-000,raw,case_brain_mask,FLAIR,2015.3057861328125,1799.47607421875,918.5888061523438,1096.7169799804688,880.8872680664062,1.1939150277415673,0.9589571113501193,1.1939150277415673,0.9589571113501193,abs(mean_region - mean_healthy) / abs(mean_healthy),29061,98161,1117542
BraTS-GLI-00167-000,raw,case_brain_mask,T1,354.6669006347656,355.63275146484375,351.2211608886719,3.44573974609375,4.411590576171875,0.009810740723523665,0.01256071976133077,0.009810740723523665,0.01256071976133077,abs(mean_region - mean_healthy) / abs(mean_healthy),4068,61507,1340617
BraTS-GLI-00167-000,raw,case_brain_mask,T1ce,630.9744262695312,414.62158203125,419.381103515625,211.59332275390625,4.759521484375,0.5045370928259357,0.011348917355780846,0.5045370928259357,0.011348917355780846,abs(mean_region - mean_healthy) / abs(mean_healthy),4068,61507,1340617
BraTS-GLI-00167-000,raw,case_brain_mask,T2,815.177490234375,792.3318481445312,672.9002685546875,142.2772216796875,119.43157958984375,0.21143879461555667,0.1774877870778222,0.21143879461555667,0.1774877870778222,abs(mean_region - mean_healthy) / abs(mean_healthy),4068,61507,1340617
BraTS-GLI-00167-000,raw,case_brain_mask,FLAIR,431.8367614746094,390.05126953125,211.91421508789062,219.92254638671875,178.13705444335938,1.0377904393790038,0.8406092737548432,1.0377904393790038,0.8406092737548432,abs(mean_region - mean_healthy) / abs(mean_healthy),4068,61507,1340617
BraTS-GLI-00172-000,raw,case_brain_mask,T1,388.3543701171875,366.6680603027344,381.92449951171875,6.42987060546875,15.256439208984375,0.016835449450582993,0.039946217717086396,0.016835449450582993,0.039946217717086396,abs(mean_region - mean_healthy) / abs(mean_healthy),25719,137737,1404817
BraTS-GLI-00172-000,raw,case_brain_mask,T1ce,878.6797485351562,477.004150390625,454.7841491699219,423.8955993652344,22.220001220703125,0.9320808566853843,0.048858345791645046,0.9320808566853843,0.048858345791645046,abs(mean_region - mean_healthy) / abs(mean_healthy),25719,137737,1404817
BraTS-GLI-00172-000,raw,case_brain_mask,T2,820.9102783203125,965.01904296875,584.398193359375,236.5120849609375,380.620849609375,0.40471049987571517,0.6513039464092125,0.40471049987571517,0.6513039464092125,abs(mean_region - mean_healthy) / abs(mean_healthy),25719,137737,1404817
BraTS-GLI-00172-000,raw,case_brain_mask,FLAIR,428.53125,474.4965515136719,210.4905548095703,218.0406951904297,264.00599670410156,1.0358692597284944,1.2542415356496466,1.0358692597284944,1.2542415356496466,abs(mean_region - mean_healthy) / abs(mean_healthy),25719,137737,1404817
BraTS-GLI-00176-000,raw,case_brain_mask,T1,267.6136474609375,252.83921813964844,271.2700500488281,3.656402587890625,18.430831909179688,0.013478828891108617,0.06794274526753753,0.013478828891108617,0.06794274526753753,abs(mean_region - mean_healthy) / abs(mean_healthy),30664,129272,1308455
BraTS-GLI-00176-000,raw,case_brain_mask,T1ce,579.495849609375,344.17413330078125,337.6337585449219,241.86209106445312,6.540374755859375,0.7163445151539063,0.019371210935914703,0.7163445151539063,0.019371210935914703,abs(mean_region - mean_healthy) / abs(mean_healthy),30664,129272,1308455
BraTS-GLI-00176-000,raw,case_brain_mask,T2,921.464111328125,957.9296264648438,618.2323608398438,303.23175048828125,339.697265625,0.49048184743411544,0.5494653582409289,0.49048184743411544,0.5494653582409289,abs(mean_region - mean_healthy) / abs(mean_healthy),30664,129272,1308455
BraTS-GLI-00176-000,raw,case_brain_mask,FLAIR,471.2178955078125,395.76397705078125,161.9566192626953,309.2612762451172,233.80735778808594,1.9095315625444873,1.4436418767722483,1.9095315625444873,1.4436418767722483,abs(mean_region - mean_healthy) / abs(mean_healthy),30664,129272,1308455
BraTS-GLI-00177-000,raw,case_brain_mask,T1,270.7991027832031,274.21160888671875,352.7947082519531,81.99560546875,78.58309936523438,0.23241733379456397,0.22274455236191693,0.23241733379456397,0.22274455236191693,abs(mean_region - mean_healthy) / abs(mean_healthy),37834,150080,1477977
BraTS-GLI-00177-000,raw,case_brain_mask,T1ce,659.5022583007812,389.6319885253906,418.15557861328125,241.3466796875,28.523590087890625,0.5771695800110377,0.06821286513140082,0.5771695800110377,0.06821286513140082,abs(mean_region - mean_healthy) / abs(mean_healthy),37834,150080,1477977
BraTS-GLI-00177-000,raw,case_brain_mask,T2,646.1017456054688,755.4605712890625,386.1867370605469,259.9150085449219,369.2738342285156,0.6730293497991674,0.9562053762882602,0.6730293497991674,0.9562053762882602,abs(mean_region - mean_healthy) / abs(mean_healthy),37834,150080,1477977
BraTS-GLI-00177-000,raw,case_brain_mask,FLAIR,374.0518798828125,366.622802734375,154.08241271972656,219.96946716308594,212.54039001464844,1.427609181868192,1.3793942232800833,1.427609181868192,1.3793942232800833,abs(mean_region - mean_healthy) / abs(mean_healthy),37834,150080,1477977
BraTS-GLI-00178-000,raw,case_brain_mask,T1,266.7732238769531,290.3480529785156,330.44805908203125,63.674835205078125,40.100006103515625,0.19269241702300732,0.12135040591526397,0.19269241702300732,0.12135040591526397,abs(mean_region - mean_healthy) / abs(mean_healthy),32444,127388,1425741
BraTS-GLI-00178-000,raw,case_brain_mask,T1ce,791.8008422851562,451.4556579589844,398.6659851074219,393.1348571777344,52.7896728515625,0.9861259095676369,0.13241579373103063,0.9861259095676369,0.13241579373103063,abs(mean_region - mean_healthy) / abs(mean_healthy),32444,127388,1425741
BraTS-GLI-00178-000,raw,case_brain_mask,T2,749.6212158203125,783.6466674804688,429.4263000488281,320.1949157714844,354.2203674316406,0.7456341536023212,0.8248688247351498,0.7456341536023212,0.8248688247351498,abs(mean_region - mean_healthy) / abs(mean_healthy),32444,127388,1425741
BraTS-GLI-00178-000,raw,case_brain_mask,FLAIR,413.26739501953125,372.4849548339844,153.4637908935547,259.80360412597656,219.0211639404297,1.69293096836231,1.4271846320566055,1.69293096836231,1.4271846320566055,abs(mean_region - mean_healthy) / abs(mean_healthy),32444,127388,1425741
BraTS-GLI-00183-000,raw,case_brain_mask,T1,411.6046447753906,375.5027160644531,398.2516174316406,13.35302734375,22.7489013671875,0.03352912269349924,0.05712193088856022,0.03352912269349924,0.05712193088856022,abs(mean_region - mean_healthy) / abs(mean_healthy),30371,154011,1170064
BraTS-GLI-00183-000,raw,case_brain_mask,T1ce,725.92578125,440.1968688964844,428.670166015625,297.255615234375,11.526702880859375,0.6934366764948603,0.02688944506681444,0.6934366764948603,0.02688944506681444,abs(mean_region - mean_healthy) / abs(mean_healthy),30371,154011,1170064
BraTS-GLI-00183-000,raw,case_brain_mask,T2,965.178466796875,1028.8790283203125,581.2603149414062,383.91815185546875,447.61871337890625,0.6604926260864197,0.7700830451912554,0.6604926260864197,0.7700830451912554,abs(mean_region - mean_healthy) / abs(mean_healthy),30371,154011,1170064
BraTS-GLI-00183-000,raw,case_brain_mask,FLAIR,557.1307373046875,511.740478515625,202.14979553222656,354.98094177246094,309.59068298339844,1.7560291903232232,1.531491447558965,1.7560291903232232,1.531491447558965,abs(mean_region - mean_healthy) / abs(mean_healthy),30371,154011,1170064
BraTS-GLI-00184-000,raw,case_brain_mask,T1,327.57684326171875,343.9295349121094,370.44989013671875,42.873046875,26.520355224609375,0.11573237843093222,0.07158958858058168,0.11573237843093222,0.07158958858058168,abs(mean_region - mean_healthy) / abs(mean_healthy),9819,78134,1535403
BraTS-GLI-00184-000,raw,case_brain_mask,T1ce,818.3390502929688,433.29901123046875,435.92529296875,382.41375732421875,2.62628173828125,0.8772460866399708,0.006024614264512335,0.8772460866399708,0.006024614264512335,abs(mean_region - mean_healthy) / abs(mean_healthy),9819,78134,1535403
BraTS-GLI-00184-000,raw,case_brain_mask,T2,1001.2424926757812,905.2902221679688,610.1826171875,391.05987548828125,295.10760498046875,0.640889898323856,0.48363817104574547,0.640889898323856,0.48363817104574547,abs(mean_region - mean_healthy) / abs(mean_healthy),9819,78134,1535403
BraTS-GLI-00184-000,raw,case_brain_mask,FLAIR,635.8805541992188,492.6471862792969,191.09127807617188,444.7892761230469,301.555908203125,2.3276273025174237,1.5780725904346102,2.3276273025174237,1.5780725904346102,abs(mean_region - mean_healthy) / abs(mean_healthy),9819,78134,1535403
BraTS-GLI-00185-000,raw,case_brain_mask,T1,350.37957763671875,354.4532165527344,306.4994201660156,43.880157470703125,47.95379638671875,0.1431655480683631,0.15645640164912725,0.1431655480683631,0.15645640164912725,abs(mean_region - mean_healthy) / abs(mean_healthy),16373,62512,1498382
BraTS-GLI-00185-000,raw,case_brain_mask,T1ce,728.502197265625,526.2352905273438,362.73931884765625,365.76287841796875,163.4959716796875,1.0083353510722732,0.4507258055153176,1.0083353510722732,0.4507258055153176,abs(mean_region - mean_healthy) / abs(mean_healthy),16373,62512,1498382
BraTS-GLI-00185-000,raw,case_brain_mask,T2,581.9168090820312,550.33203125,577.3245849609375,4.59222412109375,26.9925537109375,0.007954319356423156,0.04675455439467185,0.007954319356423156,0.04675455439467185,abs(mean_region - mean_healthy) / abs(mean_healthy),16373,62512,1498382
BraTS-GLI-00185-000,raw,case_brain_mask,FLAIR,307.28411865234375,269.5802307128906,164.4921417236328,142.79197692871094,105.08808898925781,0.8680778025774578,0.6388638866762331,0.8680778025774578,0.6388638866762331,abs(mean_region - mean_healthy) / abs(mean_healthy),16373,62512,1498382
BraTS-GLI-00186-000,raw,case_brain_mask,T1,336.4252014160156,359.8071594238281,351.5346984863281,15.1094970703125,8.2724609375,0.04298152397294613,0.02353241649578365,0.04298152397294613,0.02353241649578365,abs(mean_region - mean_healthy) / abs(mean_healthy),21117,117131,1860190
BraTS-GLI-00186-000,raw,case_brain_mask,T1ce,703.0451049804688,468.8908996582031,418.6583557128906,284.3867492675781,50.2325439453125,0.6792811976326734,0.11998457276644252,0.6792811976326734,0.11998457276644252,abs(mean_region - mean_healthy) / abs(mean_healthy),21117,117131,1860190
BraTS-GLI-00186-000,raw,case_brain_mask,T2,882.2969360351562,860.480712890625,544.8573608398438,337.4395751953125,315.62335205078125,0.6193172735616213,0.579277026861267,0.6193172735616213,0.579277026861267,abs(mean_region - mean_healthy) / abs(mean_healthy),21117,117131,1860190
BraTS-GLI-00186-000,raw,case_brain_mask,FLAIR,526.0096435546875,483.2938232421875,182.87002563476562,343.1396179199219,300.4237976074219,1.8764125871850221,1.6428269015909625,1.8764125871850221,1.6428269015909625,abs(mean_region - mean_healthy) / abs(mean_healthy),21117,117131,1860190
BraTS-GLI-00187-000,raw,case_brain_mask,T1,322.2781982421875,352.89410400390625,371.6702575683594,49.392059326171875,18.776153564453125,0.13289214921128698,0.050518310739458956,0.13289214921128698,0.050518310739458956,abs(mean_region - mean_healthy) / abs(mean_healthy),29674,171038,1396657
BraTS-GLI-00187-000,raw,case_brain_mask,T1ce,406.4120788574219,234.28868103027344,236.33065795898438,170.0814208984375,2.0419769287109375,0.7196756543027755,0.008640338694716986,0.7196756543027755,0.008640338694716986,abs(mean_region - mean_healthy) / abs(mean_healthy),29674,171038,1396657
BraTS-GLI-00187-000,raw,case_brain_mask,T2,1045.71533203125,910.7957763671875,564.6422729492188,481.07305908203125,346.15350341796875,0.851996179048565,0.613049217179494,0.851996179048565,0.613049217179494,abs(mean_region - mean_healthy) / abs(mean_healthy),29674,171038,1396657
BraTS-GLI-00187-000,raw,case_brain_mask,FLAIR,1072.7435302734375,684.2781372070312,319.73541259765625,753.0081176757812,364.542724609375,2.355097646388453,1.140138721725212,2.355097646388453,1.140138721725212,abs(mean_region - mean_healthy) / abs(mean_healthy),29674,171038,1396657
BraTS-GLI-00188-000,raw,case_brain_mask,T1,253.2295379638672,259.1990966796875,257.7192687988281,4.4897308349609375,1.479827880859375,0.01742101339913996,0.0057420148976695526,0.01742101339913996,0.0057420148976695526,abs(mean_region - mean_healthy) / abs(mean_healthy),27215,53458,1604096
BraTS-GLI-00188-000,raw,case_brain_mask,T1ce,625.1605224609375,467.2888488769531,322.46270751953125,302.69781494140625,144.82614135742188,0.9387064236662844,0.4491252414006661,0.9387064236662844,0.4491252414006661,abs(mean_region - mean_healthy) / abs(mean_healthy),27215,53458,1604096
BraTS-GLI-00188-000,raw,case_brain_mask,T2,780.7675170898438,808.759033203125,591.9347534179688,188.832763671875,216.82427978515625,0.3190094222066043,0.3662976004249835,0.3190094222066043,0.3662976004249835,abs(mean_region - mean_healthy) / abs(mean_healthy),27215,53458,1604096
BraTS-GLI-00188-000,raw,case_brain_mask,FLAIR,627.2666015625,595.9469604492188,312.8656921386719,314.4009094238281,283.0812683105469,1.0049069531231178,0.9048012467441665,1.0049069531231178,0.9048012467441665,abs(mean_region - mean_healthy) / abs(mean_healthy),27215,53458,1604096
BraTS-GLI-00191-000,raw,case_brain_mask,T1,247.88385009765625,285.1646423339844,341.9464416503906,94.06259155273438,56.78179931640625,0.275079895842007,0.16605465768952354,0.275079895842007,0.16605465768952354,abs(mean_region - mean_healthy) / abs(mean_healthy),25278,135328,1498193
BraTS-GLI-00191-000,raw,case_brain_mask,T1ce,965.1856689453125,445.48980712890625,426.5688171386719,538.6168518066406,18.920989990234375,1.2626728212801908,0.04435624272105059,1.2626728212801908,0.04435624272105059,abs(mean_region - mean_healthy) / abs(mean_healthy),25278,135328,1498193
BraTS-GLI-00191-000,raw,case_brain_mask,T2,749.1940307617188,705.7116088867188,384.0712585449219,365.1227722167969,321.6403503417969,0.9506641387332326,0.8374496742098109,0.9506641387332326,0.8374496742098109,abs(mean_region - mean_healthy) / abs(mean_healthy),25278,135328,1498193
BraTS-GLI-00191-000,raw,case_brain_mask,FLAIR,410.8498840332031,346.97607421875,145.44786071777344,265.4020233154297,201.52821350097656,1.8247227701094546,1.3855701452496525,1.8247227701094546,1.3855701452496525,abs(mean_region - mean_healthy) / abs(mean_healthy),25278,135328,1498193
BraTS-GLI-00192-000,raw,case_brain_mask,T1,247.71420288085938,270.7566833496094,323.888427734375,76.17422485351562,53.131744384765625,0.23518662085694236,0.16404335516531526,0.23518662085694236,0.16404335516531526,abs(mean_region - mean_healthy) / abs(mean_healthy),12320,35722,1444664
BraTS-GLI-00192-000,raw,case_brain_mask,T1ce,680.3562622070312,441.09808349609375,378.80023193359375,301.5560302734375,62.2978515625,0.7960819578545092,0.16446096467391086,0.7960819578545092,0.16446096467391086,abs(mean_region - mean_healthy) / abs(mean_healthy),12320,35722,1444664
BraTS-GLI-00192-000,raw,case_brain_mask,T2,894.6617431640625,826.3870849609375,576.7464599609375,317.915283203125,249.640625,0.5512219064589614,0.43284292549781395,0.5512219064589614,0.43284292549781395,abs(mean_region - mean_healthy) / abs(mean_healthy),12320,35722,1444664
BraTS-GLI-00192-000,raw,case_brain_mask,FLAIR,664.5816650390625,554.4722290039062,280.195556640625,384.3861083984375,274.27667236328125,1.371849407631563,0.9788758810157178,1.371849407631563,0.9788758810157178,abs(mean_region - mean_healthy) / abs(mean_healthy),12320,35722,1444664
BraTS-GLI-00193-000,raw,case_brain_mask,T1,377.02130126953125,395.8384094238281,384.5444641113281,7.523162841796875,11.2939453125,0.019563830828205266,0.02936967338380492,0.019563830828205266,0.02936967338380492,abs(mean_region - mean_healthy) / abs(mean_healthy),22159,71098,1673508
BraTS-GLI-00193-000,raw,case_brain_mask,T1ce,656.9242553710938,503.0209655761719,410.0661315917969,246.85812377929688,92.954833984375,0.6019958849589497,0.22668254416316322,0.6019958849589497,0.22668254416316322,abs(mean_region - mean_healthy) / abs(mean_healthy),22159,71098,1673508
BraTS-GLI-00193-000,raw,case_brain_mask,T2,891.9989013671875,779.7001342773438,465.78759765625,426.2113037109375,313.91253662109375,0.9150336029888891,0.6739392336778369,0.9150336029888891,0.6739392336778369,abs(mean_region - mean_healthy) / abs(mean_healthy),22159,71098,1673508
BraTS-GLI-00193-000,raw,case_brain_mask,FLAIR,665.8438720703125,498.66607666015625,267.10369873046875,398.74017333984375,231.5623779296875,1.4928290968452962,0.8669381181552054,1.4928290968452962,0.8669381181552054,abs(mean_region - mean_healthy) / abs(mean_healthy),22159,71098,1673508
BraTS-GLI-00194-000,raw,case_brain_mask,T1,245.13134765625,258.1885070800781,317.0583190917969,71.92697143554688,58.86981201171875,0.22685722816414128,0.18567502716960524,0.22685722816414128,0.18567502716960524,abs(mean_region - mean_healthy) / abs(mean_healthy),16849,47503,1400615
BraTS-GLI-00194-000,raw,case_brain_mask,T1ce,656.9263305664062,424.86578369140625,374.4305114746094,282.4958190917969,50.435272216796875,0.7544679464802464,0.1346986174234814,0.7544679464802464,0.1346986174234814,abs(mean_region - mean_healthy) / abs(mean_healthy),16849,47503,1400615
BraTS-GLI-00194-000,raw,case_brain_mask,T2,655.235107421875,656.221435546875,434.3548278808594,220.88027954101562,221.86660766601562,0.5085249785725914,0.510795767479928,0.5085249785725914,0.510795767479928,abs(mean_region - mean_healthy) / abs(mean_healthy),16849,47503,1400615
BraTS-GLI-00194-000,raw,case_brain_mask,FLAIR,355.97259521484375,312.7197570800781,140.1468048095703,215.82579040527344,172.5729522705078,1.5399979378661879,1.2313727202343123,1.5399979378661879,1.2313727202343123,abs(mean_region - mean_healthy) / abs(mean_healthy),16849,47503,1400615
BraTS-GLI-00195-000,raw,case_brain_mask,T1,278.02978515625,296.2663879394531,319.1409912109375,41.1112060546875,22.874603271484375,0.1288183191344257,0.07167554122298667,0.1288183191344257,0.07167554122298667,abs(mean_region - mean_healthy) / abs(mean_healthy),4366,70393,1296621
BraTS-GLI-00195-000,raw,case_brain_mask,T1ce,712.7681884765625,338.8736267089844,376.4327087402344,336.3354797363281,37.55908203125,0.8934810177944016,0.09977635088338847,0.8934810177944016,0.09977635088338847,abs(mean_region - mean_healthy) / abs(mean_healthy),4366,70393,1296621
BraTS-GLI-00195-000,raw,case_brain_mask,T2,676.122314453125,713.1181640625,418.253173828125,257.869140625,294.864990234375,0.6165383953092668,0.7049916382835278,0.6165383953092668,0.7049916382835278,abs(mean_region - mean_healthy) / abs(mean_healthy),4366,70393,1296621
BraTS-GLI-00195-000,raw,case_brain_mask,FLAIR,386.9241943359375,348.7572326660156,150.14430236816406,236.77989196777344,198.61293029785156,1.5770154993106098,1.3228136343851338,1.5770154993106098,1.3228136343851338,abs(mean_region - mean_healthy) / abs(mean_healthy),4366,70393,1296621
BraTS-GLI-00196-000,raw,case_brain_mask,T1,294.9582824707031,328.75335693359375,327.7607421875,32.802459716796875,0.99261474609375,0.10008050231358026,0.003028473573341835,0.10008050231358026,0.003028473573341835,abs(mean_region - mean_healthy) / abs(mean_healthy),26467,92279,1250442
BraTS-GLI-00196-000,raw,case_brain_mask,T1ce,704.3782348632812,461.2172546386719,406.41265869140625,297.965576171875,54.804595947265625,0.7331601755006446,0.13484962826632665,0.7331601755006446,0.13484962826632665,abs(mean_region - mean_healthy) / abs(mean_healthy),26467,92279,1250442
BraTS-GLI-00196-000,raw,case_brain_mask,T2,865.2172241210938,799.647705078125,497.5296630859375,367.68756103515625,302.1180419921875,0.7390264105150373,0.6072362401837398,0.7390264105150373,0.6072362401837398,abs(mean_region - mean_healthy) / abs(mean_healthy),26467,92279,1250442
BraTS-GLI-00196-000,raw,case_brain_mask,FLAIR,491.86468505859375,425.9435119628906,180.8871307373047,310.97755432128906,245.05638122558594,1.7191800934302486,1.3547474617277873,1.7191800934302486,1.3547474617277873,abs(mean_region - mean_healthy) / abs(mean_healthy),26467,92279,1250442
BraTS-GLI-00199-000,raw,case_brain_mask,T1,279.40350341796875,288.117431640625,315.8415832519531,36.438079833984375,27.724151611328125,0.1153682154794576,0.08777866209343314,0.1153682154794576,0.08777866209343314,abs(mean_region - mean_healthy) / abs(mean_healthy),24761,75415,1441892
BraTS-GLI-00199-000,raw,case_brain_mask,T1ce,607.347900390625,412.8825988769531,369.1767578125,238.171142578125,43.705841064453125,0.6451412163359671,0.11838730402050593,0.6451412163359671,0.11838730402050593,abs(mean_region - mean_healthy) / abs(mean_healthy),24761,75415,1441892
BraTS-GLI-00199-000,raw,case_brain_mask,T2,577.24267578125,626.26806640625,374.0297546386719,203.21292114257812,252.23831176757812,0.5433068322034704,0.6743803364287173,0.5433068322034704,0.6743803364287173,abs(mean_region - mean_healthy) / abs(mean_healthy),24761,75415,1441892
BraTS-GLI-00199-000,raw,case_brain_mask,FLAIR,316.1704406738281,306.17901611328125,130.74026489257812,185.43017578125,175.43875122070312,1.4183096227746477,1.3418876836822322,1.4183096227746477,1.3418876836822322,abs(mean_region - mean_healthy) / abs(mean_healthy),24761,75415,1441892
BraTS-GLI-00201-000,raw,case_brain_mask,T1,409.4980773925781,376.9089660644531,357.0546569824219,52.44342041015625,19.85430908203125,0.14687785016829535,0.055605797862506794,0.14687785016829535,0.055605797862506794,abs(mean_region - mean_healthy) / abs(mean_healthy),37994,147786,1436735
BraTS-GLI-00201-000,raw,case_brain_mask,T1ce,705.7927856445312,464.3659973144531,415.99310302734375,289.7996826171875,48.372894287109375,0.696645402311246,0.11628292376743987,0.696645402311246,0.11628292376743987,abs(mean_region - mean_healthy) / abs(mean_healthy),37994,147786,1436735
BraTS-GLI-00201-000,raw,case_brain_mask,T2,741.1387329101562,894.6290283203125,554.046630859375,187.09210205078125,340.5823974609375,0.33768295235472323,0.6147179289451942,0.33768295235472323,0.6147179289451942,abs(mean_region - mean_healthy) / abs(mean_healthy),37994,147786,1436735
BraTS-GLI-00201-000,raw,case_brain_mask,FLAIR,366.6268615722656,422.1412353515625,166.75558471679688,199.87127685546875,255.38565063476562,1.1985882043765592,1.5314968375331497,1.1985882043765592,1.5314968375331497,abs(mean_region - mean_healthy) / abs(mean_healthy),37994,147786,1436735
BraTS-GLI-00203-000,raw,case_brain_mask,T1,273.63031005859375,290.510009765625,318.8706970214844,45.240386962890625,28.360687255859375,0.14187690303773035,0.0889410269453155,0.14187690303773035,0.0889410269453155,abs(mean_region - mean_healthy) / abs(mean_healthy),24797,105469,1309817
BraTS-GLI-00203-000,raw,case_brain_mask,T1ce,607.748779296875,396.7737731933594,383.9217834472656,223.82699584960938,12.85198974609375,0.5830015526596282,0.033475541894743936,0.5830015526596282,0.033475541894743936,abs(mean_region - mean_healthy) / abs(mean_healthy),24797,105469,1309817
BraTS-GLI-00203-000,raw,case_brain_mask,T2,808.5485229492188,778.2197265625,419.7034606933594,388.8450622558594,358.5162658691406,0.9264757112402141,0.8542132706670177,0.9264757112402141,0.8542132706670177,abs(mean_region - mean_healthy) / abs(mean_healthy),24797,105469,1309817
BraTS-GLI-00203-000,raw,case_brain_mask,FLAIR,434.949462890625,368.8422546386719,133.79469299316406,301.15476989746094,235.0475616455078,2.2508723116009373,1.7567779138856954,2.2508723116009373,1.7567779138856954,abs(mean_region - mean_healthy) / abs(mean_healthy),24797,105469,1309817
BraTS-GLI-00204-000,raw,case_brain_mask,T1,63.70841979980469,60.07514190673828,50.05854415893555,13.64987564086914,10.016597747802734,0.27267823845477557,0.20009766396721612,0.27267823845477557,0.20009766396721612,abs(mean_region - mean_healthy) / abs(mean_healthy),4774,29850,1491247
BraTS-GLI-00204-000,raw,case_brain_mask,T1ce,92.38542175292969,69.31423950195312,55.64397430419922,36.74144744873047,13.670265197753906,0.6602951695698297,0.24567377454062025,0.6602951695698297,0.24567377454062025,abs(mean_region - mean_healthy) / abs(mean_healthy),4774,29850,1491247
BraTS-GLI-00204-000,raw,case_brain_mask,T2,112.2825698852539,105.87611389160156,99.84497833251953,12.437591552734375,6.031135559082031,0.12456902450629756,0.060404996423517564,0.12456902450629756,0.060404996423517564,abs(mean_region - mean_healthy) / abs(mean_healthy),4774,29850,1491247
BraTS-GLI-00204-000,raw,case_brain_mask,FLAIR,75.86614990234375,75.38053894042969,41.84529495239258,34.02085494995117,33.53524398803711,0.8130150591280746,0.8014101472146433,0.8130150591280746,0.8014101472146433,abs(mean_region - mean_healthy) / abs(mean_healthy),4774,29850,1491247
BraTS-GLI-00206-000,raw,case_brain_mask,T1,1566.3115234375,1615.7425537109375,1455.2955322265625,111.0159912109375,160.447021484375,0.07628415586563786,0.11025047348210809,0.07628415586563786,0.11025047348210809,abs(mean_region - mean_healthy) / abs(mean_healthy),11426,34711,1481183
BraTS-GLI-00206-000,raw,case_brain_mask,T1ce,3285.856201171875,2590.021728515625,2084.114990234375,1201.7412109375,505.90673828125,0.5766194363403887,0.24274415790481735,0.5766194363403887,0.24274415790481735,abs(mean_region - mean_healthy) / abs(mean_healthy),11426,34711,1481183
BraTS-GLI-00206-000,raw,case_brain_mask,T2,3584.08642578125,2871.125,1798.6392822265625,1785.4471435546875,1072.4857177734375,0.9926654895163057,0.5962761562984388,0.9926654895163057,0.5962761562984388,abs(mean_region - mean_healthy) / abs(mean_healthy),11426,34711,1481183
BraTS-GLI-00206-000,raw,case_brain_mask,FLAIR,1666.2982177734375,1599.9622802734375,939.1261596679688,727.1720581054688,660.8361206054688,0.7743071051950708,0.7036712946417227,0.7743071051950708,0.7036712946417227,abs(mean_region - mean_healthy) / abs(mean_healthy),11426,34711,1481183
BraTS-GLI-00207-000,raw,case_brain_mask,T1,293.7596740722656,290.8836975097656,321.0180969238281,27.2584228515625,30.1343994140625,0.08491241806230768,0.09387134153129335,0.08491241806230768,0.09387134153129335,abs(mean_region - mean_healthy) / abs(mean_healthy),18291,136827,1308067
BraTS-GLI-00207-000,raw,case_brain_mask,T1ce,565.3798217773438,337.7002868652344,394.5584411621094,170.82138061523438,56.858154296875,0.43294316581368036,0.14410578602604043,0.43294316581368036,0.14410578602604043,abs(mean_region - mean_healthy) / abs(mean_healthy),18291,136827,1308067
BraTS-GLI-00207-000,raw,case_brain_mask,T2,627.2197875976562,636.8460083007812,482.6789245605469,144.54086303710938,154.16708374023438,0.2994555089984632,0.3193988299377173,0.2994555089984632,0.3193988299377173,abs(mean_region - mean_healthy) / abs(mean_healthy),18291,136827,1308067
BraTS-GLI-00207-000,raw,case_brain_mask,FLAIR,367.6458435058594,308.3343505859375,145.96522521972656,221.6806182861328,162.36912536621094,1.5187221336618308,1.1123822480442929,1.5187221336618308,1.1123822480442929,abs(mean_region - mean_healthy) / abs(mean_healthy),18291,136827,1308067
BraTS-GLI-00209-000,raw,case_brain_mask,T1,295.8099060058594,291.2508544921875,324.4765625,28.666656494140625,33.2257080078125,0.08834738716803506,0.10239786735848602,0.08834738716803506,0.10239786735848602,abs(mean_region - mean_healthy) / abs(mean_healthy),17570,43342,1658855
BraTS-GLI-00209-000,raw,case_brain_mask,T1ce,616.2067260742188,449.61248779296875,386.7207336425781,229.48599243164062,62.891754150390625,0.5934152799879104,0.16262834826052422,0.5934152799879104,0.16262834826052422,abs(mean_region - mean_healthy) / abs(mean_healthy),17570,43342,1658855
BraTS-GLI-00209-000,raw,case_brain_mask,T2,774.9818725585938,835.2704467773438,505.5676574707031,269.4142150878906,329.7027893066406,0.5328944822850001,0.6521437525416593,0.5328944822850001,0.6521437525416593,abs(mean_region - mean_healthy) / abs(mean_healthy),17570,43342,1658855
BraTS-GLI-00209-000,raw,case_brain_mask,FLAIR,409.6285705566406,423.888427734375,180.86904907226562,228.759521484375,243.01937866210938,1.2647798098002654,1.3436205912986903,1.2647798098002654,1.3436205912986903,abs(mean_region - mean_healthy) / abs(mean_healthy),17570,43342,1658855
BraTS-GLI-00210-000,raw,case_brain_mask,T1,229.7626495361328,241.54852294921875,341.82647705078125,112.06382751464844,100.2779541015625,0.32783834792879546,0.293359235851895,0.32783834792879546,0.293359235851895,abs(mean_region - mean_healthy) / abs(mean_healthy),23080,31229,1542134
BraTS-GLI-00210-000,raw,case_brain_mask,T1ce,883.1654052734375,764.8899536132812,404.8899230957031,478.2754821777344,360.0000305175781,1.1812481736293674,0.8891306253440285,1.1812481736293674,0.8891306253440285,abs(mean_region - mean_healthy) / abs(mean_healthy),23080,31229,1542134
BraTS-GLI-00210-000,raw,case_brain_mask,T2,1123.974609375,1071.351806640625,523.8666381835938,600.1079711914062,547.4851684570312,1.1455357670268231,1.0450850055184469,1.1455357670268231,1.0450850055184469,abs(mean_region - mean_healthy) / abs(mean_healthy),23080,31229,1542134
BraTS-GLI-00210-000,raw,case_brain_mask,FLAIR,756.2939453125,689.2459106445312,162.4569854736328,593.8369598388672,526.7889251708984,3.6553488796285,3.2426363423836744,3.6553488796285,3.2426363423836744,abs(mean_region - mean_healthy) / abs(mean_healthy),23080,31229,1542134
BraTS-GLI-00211-000,raw,case_brain_mask,T1,299.7053527832031,309.1002197265625,302.98260498046875,3.277252197265625,6.11761474609375,0.010816634827853855,0.020191306845777867,0.010816634827853855,0.020191306845777867,abs(mean_region - mean_healthy) / abs(mean_healthy),33299,132888,1446514
BraTS-GLI-00211-000,raw,case_brain_mask,T1ce,722.3295288085938,428.42376708984375,361.1348876953125,361.19464111328125,67.28887939453125,1.000165460109241,0.18632616700079807,1.000165460109241,0.18632616700079807,abs(mean_region - mean_healthy) / abs(mean_healthy),33299,132888,1446514
BraTS-GLI-00211-000,raw,case_brain_mask,T2,660.5669555664062,802.70654296875,476.52996826171875,184.0369873046875,326.17657470703125,0.38620233681423183,0.6844828162578209,0.38620233681423183,0.6844828162578209,abs(mean_region - mean_healthy) / abs(mean_healthy),33299,132888,1446514
BraTS-GLI-00211-000,raw,case_brain_mask,FLAIR,367.7583923339844,410.27423095703125,162.59927368164062,205.15911865234375,247.67495727539062,1.2617468332240689,1.5232230234946986,1.2617468332240689,1.5232230234946986,abs(mean_region - mean_healthy) / abs(mean_healthy),33299,132888,1446514
BraTS-GLI-00212-000,raw,case_brain_mask,T1,340.4569091796875,419.0457458496094,374.89019775390625,34.43328857421875,44.155548095703125,0.09184899680098388,0.11778261571055718,0.09184899680098388,0.11778261571055718,abs(mean_region - mean_healthy) / abs(mean_healthy),2112,74191,1418553
BraTS-GLI-00212-000,raw,case_brain_mask,T1ce,887.0127563476562,511.81292724609375,451.56781005859375,435.4449462890625,60.2451171875,0.9642958080483213,0.133413223541516,0.9642958080483213,0.133413223541516,abs(mean_region - mean_healthy) / abs(mean_healthy),2112,74191,1418553
BraTS-GLI-00212-000,raw,case_brain_mask,T2,629.7092895507812,498.806640625,466.2621154785156,163.44717407226562,32.544525146484375,0.35054783274537116,0.06979877640945495,0.35054783274537116,0.06979877640945495,abs(mean_region - mean_healthy) / abs(mean_healthy),2112,74191,1418553
BraTS-GLI-00212-000,raw,case_brain_mask,FLAIR,322.0577697753906,236.87368774414062,148.76580810546875,173.29196166992188,88.10787963867188,1.1648641840271865,0.5922589388027057,1.1648641840271865,0.5922589388027057,abs(mean_region - mean_healthy) / abs(mean_healthy),2112,74191,1418553
BraTS-GLI-00214-000,raw,case_brain_mask,T1,391.8230285644531,399.1672058105469,365.7318420410156,26.0911865234375,33.43536376953125,0.07133966344803923,0.09142043411626594,0.07133966344803923,0.09142043411626594,abs(mean_region - mean_healthy) / abs(mean_healthy),39613,70265,1642703
BraTS-GLI-00214-000,raw,case_brain_mask,T1ce,659.0894165039062,552.4251098632812,377.4302978515625,281.65911865234375,174.99481201171875,0.7462546601468543,0.463648024569934,0.7462546601468543,0.463648024569934,abs(mean_region - mean_healthy) / abs(mean_healthy),39613,70265,1642703
BraTS-GLI-00214-000,raw,case_brain_mask,T2,841.069091796875,852.5676879882812,618.788818359375,222.2802734375,233.77886962890625,0.35921830977302166,0.37780073377656626,0.35921830977302166,0.37780073377656626,abs(mean_region - mean_healthy) / abs(mean_healthy),39613,70265,1642703
BraTS-GLI-00214-000,raw,case_brain_mask,FLAIR,450.3138732910156,441.4596252441406,201.91619873046875,248.39767456054688,239.54342651367188,1.2302018170029276,1.1863507139089442,1.2302018170029276,1.1863507139089442,abs(mean_region - mean_healthy) / abs(mean_healthy),39613,70265,1642703
BraTS-GLI-00216-000,raw,case_brain_mask,T1,181.3682098388672,205.98448181152344,239.36813354492188,57.99992370605469,33.38365173339844,0.24230428189042935,0.1394657310436578,0.24230428189042935,0.1394657310436578,abs(mean_region - mean_healthy) / abs(mean_healthy),32981,163678,1183777
BraTS-GLI-00216-000,raw,case_brain_mask,T1ce,430.61749267578125,263.23736572265625,268.6039733886719,162.01351928710938,5.366607666015625,0.6031687366466267,0.019979628738589453,0.6031687366466267,0.019979628738589453,abs(mean_region - mean_healthy) / abs(mean_healthy),32981,163678,1183777
BraTS-GLI-00216-000,raw,case_brain_mask,T2,629.1942749023438,600.3941040039062,343.008544921875,286.18572998046875,257.38555908203125,0.8343399434718209,0.7503765223710518,0.8343399434718209,0.7503765223710518,abs(mean_region - mean_healthy) / abs(mean_healthy),32981,163678,1183777
BraTS-GLI-00216-000,raw,case_brain_mask,FLAIR,447.6226806640625,460.6900329589844,269.3619079589844,178.26077270507812,191.328125,0.6617890928075169,0.7103013430879523,0.6617890928075169,0.7103013430879523,abs(mean_region - mean_healthy) / abs(mean_healthy),32981,163678,1183777
BraTS-GLI-00217-000,raw,case_brain_mask,T1,282.5074157714844,263.7906494140625,255.72381591796875,26.783599853515625,8.06683349609375,0.10473643120556,0.03154510058883774,0.10473643120556,0.03154510058883774,abs(mean_region - mean_healthy) / abs(mean_healthy),14694,160793,1404286
BraTS-GLI-00217-000,raw,case_brain_mask,T1ce,573.7101440429688,344.8079833984375,420.93707275390625,152.7730712890625,76.12908935546875,0.36293565280333173,0.18085622360940476,0.36293565280333173,0.18085622360940476,abs(mean_region - mean_healthy) / abs(mean_healthy),14694,160793,1404286
BraTS-GLI-00217-000,raw,case_brain_mask,T2,721.2195434570312,754.3340454101562,423.3723449707031,297.8471984863281,330.9617004394531,0.7035112284127553,0.7817272534944513,0.7035112284127553,0.7817272534944513,abs(mean_region - mean_healthy) / abs(mean_healthy),14694,160793,1404286
BraTS-GLI-00217-000,raw,case_brain_mask,FLAIR,442.92657470703125,442.1394348144531,195.7501220703125,247.17645263671875,246.38931274414062,1.2627141685660568,1.2586930221971395,1.2627141685660568,1.2586930221971395,abs(mean_region - mean_healthy) / abs(mean_healthy),14694,160793,1404286
BraTS-GLI-00219-000,raw,case_brain_mask,T1,299.2989807128906,318.6298828125,323.73785400390625,24.438873291015625,5.10797119140625,0.07548969942427784,0.01577810913438815,0.07548969942427784,0.01577810913438815,abs(mean_region - mean_healthy) / abs(mean_healthy),5288,9173,1434035
BraTS-GLI-00219-000,raw,case_brain_mask,T1ce,737.5149536132812,598.43017578125,385.258056640625,352.25689697265625,213.172119140625,0.914340118008868,0.5533229363181765,0.914340118008868,0.5533229363181765,abs(mean_region - mean_healthy) / abs(mean_healthy),5288,9173,1434035
BraTS-GLI-00219-000,raw,case_brain_mask,T2,696.9581909179688,669.6648559570312,516.8239135742188,180.13427734375,152.8409423828125,0.3485409103808462,0.2957311733619379,0.3485409103808462,0.2957311733619379,abs(mean_region - mean_healthy) / abs(mean_healthy),5288,9173,1434035
BraTS-GLI-00219-000,raw,case_brain_mask,FLAIR,368.61328125,339.610595703125,186.4525146484375,182.1607666015625,153.1580810546875,0.9769820854657432,0.8214321021278379,0.9769820854657432,0.8214321021278379,abs(mean_region - mean_healthy) / abs(mean_healthy),5288,9173,1434035
BraTS-GLI-00220-000,raw,case_brain_mask,T1,318.770751953125,336.6603698730469,372.0712585449219,53.300506591796875,35.410888671875,0.1432534907432568,0.09517233018846491,0.1432534907432568,0.09517233018846491,abs(mean_region - mean_healthy) / abs(mean_healthy),16152,38000,1325175
BraTS-GLI-00220-000,raw,case_brain_mask,T1ce,857.0753173828125,629.3006591796875,462.90887451171875,394.16644287109375,166.39178466796875,0.8514989981275791,0.359448249600919,0.8514989981275791,0.359448249600919,abs(mean_region - mean_healthy) / abs(mean_healthy),16152,38000,1325175
BraTS-GLI-00220-000,raw,case_brain_mask,T2,562.0652465820312,556.8942260742188,392.85052490234375,169.2147216796875,164.043701171875,0.4307356385020779,0.41757281910888017,0.4307356385020779,0.41757281910888017,abs(mean_region - mean_healthy) / abs(mean_healthy),16152,38000,1325175
BraTS-GLI-00220-000,raw,case_brain_mask,FLAIR,308.34112548828125,282.2291259765625,143.45863342285156,164.8824920654297,138.77049255371094,1.1493382317356267,0.9673206083364666,1.1493382317356267,0.9673206083364666,abs(mean_region - mean_healthy) / abs(mean_healthy),16152,38000,1325175
BraTS-GLI-00221-000,raw,case_brain_mask,T1,305.0830078125,302.6098937988281,306.7620544433594,1.679046630859375,4.15216064453125,0.005473449556550008,0.013535444115034462,0.005473449556550008,0.013535444115034462,abs(mean_region - mean_healthy) / abs(mean_healthy),10361,27719,1325802
BraTS-GLI-00221-000,raw,case_brain_mask,T1ce,552.418212890625,432.34747314453125,369.3187255859375,183.0994873046875,63.02874755859375,0.4957763433581483,0.17066220365240448,0.4957763433581483,0.17066220365240448,abs(mean_region - mean_healthy) / abs(mean_healthy),10361,27719,1325802
BraTS-GLI-00221-000,raw,case_brain_mask,T2,618.6077880859375,654.3003540039062,472.3476257324219,146.26016235351562,181.95272827148438,0.3096451731428198,0.38520936352617124,0.3096451731428198,0.38520936352617124,abs(mean_region - mean_healthy) / abs(mean_healthy),10361,27719,1325802
BraTS-GLI-00221-000,raw,case_brain_mask,FLAIR,293.4996643066406,286.3027648925781,130.5948486328125,162.90481567382812,155.70791625976562,1.2474061372195473,1.1922975361575123,1.2474061372195473,1.1922975361575123,abs(mean_region - mean_healthy) / abs(mean_healthy),10361,27719,1325802
BraTS-GLI-00222-000,raw,case_brain_mask,T1,392.7126159667969,438.7691955566406,379.5775451660156,13.13507080078125,59.191650390625,0.03460444635900781,0.1559408641118019,0.03460444635900781,0.1559408641118019,abs(mean_region - mean_healthy) / abs(mean_healthy),2561,17539,1515421
BraTS-GLI-00222-000,raw,case_brain_mask,T1ce,767.418212890625,539.1014404296875,442.2649230957031,325.1532897949219,96.83651733398438,0.7352002675657842,0.2189559069169716,0.7352002675657842,0.2189559069169716,abs(mean_region - mean_healthy) / abs(mean_healthy),2561,17539,1515421
BraTS-GLI-00222-000,raw,case_brain_mask,T2,962.9262084960938,772.943603515625,644.0693359375,318.85687255859375,128.874267578125,0.49506606628689953,0.20009377932973177,0.49506606628689953,0.20009377932973177,abs(mean_region - mean_healthy) / abs(mean_healthy),2561,17539,1515421
BraTS-GLI-00222-000,raw,case_brain_mask,FLAIR,569.9390869140625,408.6315002441406,184.17816162109375,385.76092529296875,224.45333862304688,2.094498728283473,1.2186750950680596,2.094498728283473,1.2186750950680596,abs(mean_region - mean_healthy) / abs(mean_healthy),2561,17539,1515421
BraTS-GLI-00227-000,raw,case_brain_mask,T1,256.7241516113281,307.6795959472656,350.3710632324219,93.64691162109375,42.69146728515625,0.26727924034917294,0.12184644157339121,0.26727924034917294,0.12184644157339121,abs(mean_region - mean_healthy) / abs(mean_healthy),2041,29239,1445270
BraTS-GLI-00227-000,raw,case_brain_mask,T1ce,457.3302307128906,341.16168212890625,389.40179443359375,67.92843627929688,48.2401123046875,0.17444304892868434,0.12388261429266238,0.17444304892868434,0.12388261429266238,abs(mean_region - mean_healthy) / abs(mean_healthy),2041,29239,1445270
BraTS-GLI-00227-000,raw,case_brain_mask,T2,895.506591796875,610.0360717773438,489.38763427734375,406.11895751953125,120.6484375,0.8298512857179738,0.24652939520663616,0.8298512857179738,0.24652939520663616,abs(mean_region - mean_healthy) / abs(mean_healthy),2041,29239,1445270
BraTS-GLI-00227-000,raw,case_brain_mask,FLAIR,439.30133056640625,263.9451904296875,154.1039276123047,285.19740295410156,109.84126281738281,1.8506822465395067,0.7127739345730495,1.8506822465395067,0.7127739345730495,abs(mean_region - mean_healthy) / abs(mean_healthy),2041,29239,1445270
BraTS-GLI-00228-000,raw,case_brain_mask,T1,538.1869506835938,553.79736328125,526.3213500976562,11.8656005859375,27.47601318359375,0.022544402927481277,0.052203873505218275,0.022544402927481277,0.052203873505218275,abs(mean_region - mean_healthy) / abs(mean_healthy),17849,51320,1568954
BraTS-GLI-00228-000,raw,case_brain_mask,T1ce,794.47802734375,669.9732055664062,568.983642578125,225.494384765625,100.98956298828125,0.3963108389968578,0.17749115340238406,0.3963108389968578,0.17749115340238406,abs(mean_region - mean_healthy) / abs(mean_healthy),17849,51320,1568954
BraTS-GLI-00228-000,raw,case_brain_mask,T2,1155.4761962890625,1054.6182861328125,828.3865356445312,327.08966064453125,226.23175048828125,0.3948514933189216,0.2730992607361251,0.3948514933189216,0.2730992607361251,abs(mean_region - mean_healthy) / abs(mean_healthy),17849,51320,1568954
BraTS-GLI-00228-000,raw,case_brain_mask,FLAIR,552.919921875,553.1216430664062,330.54473876953125,222.37518310546875,222.576904296875,0.6727536609212753,0.6733639298735423,0.6727536609212753,0.6733639298735423,abs(mean_region - mean_healthy) / abs(mean_healthy),17849,51320,1568954
BraTS-GLI-00230-000,raw,case_brain_mask,T1,370.58551025390625,376.19927978515625,354.4402160644531,16.145294189453125,21.759063720703125,0.04555153015287968,0.061389940346798434,0.04555153015287968,0.061389940346798434,abs(mean_region - mean_healthy) / abs(mean_healthy),20908,75949,1303717
BraTS-GLI-00230-000,raw,case_brain_mask,T1ce,755.4238891601562,494.6512145996094,420.9844055175781,334.4394836425781,73.66680908203125,0.7944224994068424,0.17498702592430185,0.7944224994068424,0.17498702592430185,abs(mean_region - mean_healthy) / abs(mean_healthy),20908,75949,1303717
BraTS-GLI-00230-000,raw,case_brain_mask,T2,896.7775268554688,1105.5152587890625,697.2308959960938,199.546630859375,408.28436279296875,0.28619877863314447,0.5855798489963304,0.28619877863314447,0.5855798489963304,abs(mean_region - mean_healthy) / abs(mean_healthy),20908,75949,1303717
BraTS-GLI-00230-000,raw,case_brain_mask,FLAIR,484.3476257324219,545.0377807617188,209.40875244140625,274.9388732910156,335.6290283203125,1.3129292356963211,1.6027459425996218,1.3129292356963211,1.6027459425996218,abs(mean_region - mean_healthy) / abs(mean_healthy),20908,75949,1303717
BraTS-GLI-00231-000,raw,case_brain_mask,T1,307.4639587402344,321.0748596191406,344.6843566894531,37.22039794921875,23.6094970703125,0.10798400689461184,0.06849599238292012,0.10798400689461184,0.06849599238292012,abs(mean_region - mean_healthy) / abs(mean_healthy),9305,79221,1436110
BraTS-GLI-00231-000,raw,case_brain_mask,T1ce,659.36767578125,387.47979736328125,405.72772216796875,253.63995361328125,18.2479248046875,0.6251481960808088,0.04497578993907883,0.6251481960808088,0.04497578993907883,abs(mean_region - mean_healthy) / abs(mean_healthy),9305,79221,1436110
BraTS-GLI-00231-000,raw,case_brain_mask,T2,937.4678955078125,833.6481323242188,530.7753295898438,406.69256591796875,302.872802734375,0.7662235662539932,0.5706233614294389,0.7662235662539932,0.5706233614294389,abs(mean_region - mean_healthy) / abs(mean_healthy),9305,79221,1436110
BraTS-GLI-00231-000,raw,case_brain_mask,FLAIR,454.283935546875,360.1846618652344,170.9691619873047,283.3147735595703,189.2154998779297,1.6571103833368959,1.1067229766966975,1.6571103833368959,1.1067229766966975,abs(mean_region - mean_healthy) / abs(mean_healthy),9305,79221,1436110
BraTS-GLI-00233-000,raw,case_brain_mask,T1,255.80648803710938,327.015380859375,336.9698181152344,81.163330078125,9.954437255859375,0.2408623138181752,0.029541035192817276,0.2408623138181752,0.029541035192817276,abs(mean_region - mean_healthy) / abs(mean_healthy),19813,86812,1351710
BraTS-GLI-00233-000,raw,case_brain_mask,T1ce,725.57177734375,449.5869140625,400.0162048339844,325.5555725097656,49.570709228515625,0.8138559602726055,0.12392175274271344,0.8138559602726055,0.12392175274271344,abs(mean_region - mean_healthy) / abs(mean_healthy),19813,86812,1351710
BraTS-GLI-00233-000,raw,case_brain_mask,T2,903.37109375,788.7899169921875,483.4070739746094,419.9640197753906,305.3828430175781,0.8687585316499712,0.6317301906790428,0.8687585316499712,0.6317301906790428,abs(mean_region - mean_healthy) / abs(mean_healthy),19813,86812,1351710
BraTS-GLI-00233-000,raw,case_brain_mask,FLAIR,509.0392761230469,411.1304016113281,173.95965576171875,335.0796203613281,237.17074584960938,1.9261915580029858,1.3633663783197756,1.9261915580029858,1.3633663783197756,abs(mean_region - mean_healthy) / abs(mean_healthy),19813,86812,1351710
BraTS-GLI-00234-000,raw,case_brain_mask,T1,420.0814514160156,398.854736328125,370.1632385253906,49.918212890625,28.691497802734375,0.13485459304247188,0.07751039221785481,0.13485459304247188,0.07751039221785481,abs(mean_region - mean_healthy) / abs(mean_healthy),35581,104074,1607406
BraTS-GLI-00234-000,raw,case_brain_mask,T1ce,635.499755859375,500.6001892089844,430.74249267578125,204.75726318359375,69.85769653320312,0.4753588667596675,0.16217971925464256,0.4753588667596675,0.16217971925464256,abs(mean_region - mean_healthy) / abs(mean_healthy),35581,104074,1607406
BraTS-GLI-00234-000,raw,case_brain_mask,T2,838.6682739257812,876.72509765625,585.3868408203125,253.28143310546875,291.3382568359375,0.4326736022124125,0.49768501189346903,0.4326736022124125,0.49768501189346903,abs(mean_region - mean_healthy) / abs(mean_healthy),35581,104074,1607406
BraTS-GLI-00234-000,raw,case_brain_mask,FLAIR,484.66839599609375,477.6211853027344,171.11538696289062,313.5530090332031,306.50579833984375,1.8324068606477955,1.7912228922248523,1.8324068606477955,1.7912228922248523,abs(mean_region - mean_healthy) / abs(mean_healthy),35581,104074,1607406
BraTS-GLI-00235-000,raw,case_brain_mask,T1,310.1777038574219,307.2644348144531,308.0240478515625,2.153656005859375,0.759613037109375,0.0069918437241537285,0.002466083549020284,0.0069918437241537285,0.002466083549020284,abs(mean_region - mean_healthy) / abs(mean_healthy),17472,104995,1212666
BraTS-GLI-00235-000,raw,case_brain_mask,T1ce,664.927734375,382.2816467285156,371.9405822753906,292.9871520996094,10.341064453125,0.7877256907735792,0.027803001194067912,0.7877256907735792,0.027803001194067912,abs(mean_region - mean_healthy) / abs(mean_healthy),17472,104995,1212666
BraTS-GLI-00235-000,raw,case_brain_mask,T2,691.387451171875,779.1859130859375,420.2015380859375,271.1859130859375,358.984375,0.6453710624697331,0.8543147572358061,0.6453710624697331,0.8543147572358061,abs(mean_region - mean_healthy) / abs(mean_healthy),17472,104995,1212666
BraTS-GLI-00235-000,raw,case_brain_mask,FLAIR,378.6118469238281,375.74261474609375,148.60133361816406,230.01051330566406,227.1412811279297,1.5478361311122788,1.5285278778962816,1.5478361311122788,1.5285278778962816,abs(mean_region - mean_healthy) / abs(mean_healthy),17472,104995,1212666
BraTS-GLI-00236-000,raw,case_brain_mask,T1,308.4910888671875,317.9357604980469,288.46722412109375,20.02386474609375,29.468536376953125,0.06941469626957711,0.10215557925770702,0.06941469626957711,0.10215557925770702,abs(mean_region - mean_healthy) / abs(mean_healthy),22912,45076,1462834
BraTS-GLI-00236-000,raw,case_brain_mask,T1ce,673.1743774414062,517.591064453125,343.3745422363281,329.7998352050781,174.21652221679688,0.9604667633691166,0.5073658666777109,0.9604667633691166,0.5073658666777109,abs(mean_region - mean_healthy) / abs(mean_healthy),22912,45076,1462834
BraTS-GLI-00236-000,raw,case_brain_mask,T2,447.2603454589844,452.34918212890625,457.9541015625,10.693756103515625,5.60491943359375,0.023351152587190397,0.0122390418919063,0.023351152587190397,0.0122390418919063,abs(mean_region - mean_healthy) / abs(mean_healthy),22912,45076,1462834
BraTS-GLI-00236-000,raw,case_brain_mask,FLAIR,298.785400390625,293.5347595214844,149.6154327392578,149.1699676513672,143.91932678222656,0.9970225993419612,0.9619283528928587,0.9970225993419612,0.9619283528928587,abs(mean_region - mean_healthy) / abs(mean_healthy),22912,45076,1462834
BraTS-GLI-00237-000,raw,case_brain_mask,T1,356.16058349609375,363.4903869628906,357.5621337890625,1.40155029296875,5.928253173828125,0.0039197391460796295,0.016579644804685593,0.0039197391460796295,0.016579644804685593,abs(mean_region - mean_healthy) / abs(mean_healthy),18812,52639,1480511
BraTS-GLI-00237-000,raw,case_brain_mask,T1ce,826.6298217773438,570.1532592773438,429.9326477050781,396.6971740722656,140.22061157226562,0.9226960924921173,0.3261455307493956,0.9226960924921173,0.3261455307493956,abs(mean_region - mean_healthy) / abs(mean_healthy),18812,52639,1480511
BraTS-GLI-00237-000,raw,case_brain_mask,T2,997.6817016601562,950.24951171875,602.503662109375,395.17803955078125,347.745849609375,0.6558931744369098,0.5771680264845382,0.6558931744369098,0.5771680264845382,abs(mean_region - mean_healthy) / abs(mean_healthy),18812,52639,1480511
BraTS-GLI-00237-000,raw,case_brain_mask,FLAIR,692.5125732421875,616.8922729492188,298.2731018066406,394.2394714355469,318.6191711425781,1.3217399391619218,1.0682128868231877,1.3217399391619218,1.0682128868231877,abs(mean_region - mean_healthy) / abs(mean_healthy),18812,52639,1480511
BraTS-GLI-00238-000,raw,case_brain_mask,T1,263.52392578125,304.5876159667969,319.726318359375,56.202392578125,15.138702392578125,0.17578281596122172,0.047348940400840256,0.17578281596122172,0.047348940400840256,abs(mean_region - mean_healthy) / abs(mean_healthy),25683,58354,1360249
BraTS-GLI-00238-000,raw,case_brain_mask,T1ce,739.1320190429688,534.206787109375,401.9247131347656,337.2073059082031,132.28207397460938,0.8389812690993631,0.32912152363782393,0.8389812690993631,0.32912152363782393,abs(mean_region - mean_healthy) / abs(mean_healthy),25683,58354,1360249
BraTS-GLI-00238-000,raw,case_brain_mask,T2,673.0696411132812,639.10546875,433.17559814453125,239.89404296875,205.92987060546875,0.553803224365164,0.4753958244359813,0.553803224365164,0.4753958244359813,abs(mean_region - mean_healthy) / abs(mean_healthy),25683,58354,1360249
BraTS-GLI-00238-000,raw,case_brain_mask,FLAIR,326.8706970214844,305.8030090332031,149.4441680908203,177.42652893066406,156.3588409423828,1.1872429094913781,1.0462692719287667,1.1872429094913781,1.0462692719287667,abs(mean_region - mean_healthy) / abs(mean_healthy),25683,58354,1360249
BraTS-GLI-00239-000,raw,case_brain_mask,T1,315.4920654296875,323.1400451660156,346.4385986328125,30.946533203125,23.298553466796875,0.08932761339311669,0.06725160983430378,0.08932761339311669,0.06725160983430378,abs(mean_region - mean_healthy) / abs(mean_healthy),5046,68663,1467350
BraTS-GLI-00239-000,raw,case_brain_mask,T1ce,566.518798828125,368.6512451171875,392.3485107421875,174.1702880859375,23.697265625,0.4439172911768357,0.060398510447186304,0.4439172911768357,0.060398510447186304,abs(mean_region - mean_healthy) / abs(mean_healthy),5046,68663,1467350
BraTS-GLI-00239-000,raw,case_brain_mask,T2,1531.1954345703125,1721.5947265625,819.5145874023438,711.6808471679688,902.0801391601562,0.868417546323146,1.1007493375066386,0.868417546323146,1.1007493375066386,abs(mean_region - mean_healthy) / abs(mean_healthy),5046,68663,1467350
BraTS-GLI-00239-000,raw,case_brain_mask,FLAIR,735.9718627929688,690.7864990234375,330.1776428222656,405.7942199707031,360.6088562011719,1.2290178599074373,1.092166183993528,1.2290178599074373,1.092166183993528,abs(mean_region - mean_healthy) / abs(mean_healthy),5046,68663,1467350
BraTS-GLI-00240-000,raw,case_brain_mask,T1,262.7908935546875,270.71923828125,325.0079345703125,62.217041015625,54.2886962890625,0.19143237563686283,0.16703806435014168,0.19143237563686283,0.16703806435014168,abs(mean_region - mean_healthy) / abs(mean_healthy),22052,144026,1272512
BraTS-GLI-00240-000,raw,case_brain_mask,T1ce,633.4983520507812,362.3977966308594,395.4402770996094,238.05807495117188,33.04248046875,0.602007657634749,0.0835587126104172,0.602007657634749,0.0835587126104172,abs(mean_region - mean_healthy) / abs(mean_healthy),22052,144026,1272512
BraTS-GLI-00240-000,raw,case_brain_mask,T2,733.6719360351562,783.64892578125,436.3138427734375,297.35809326171875,347.3350830078125,0.6815233992383927,0.7960670713538911,0.6815233992383927,0.7960670713538911,abs(mean_region - mean_healthy) / abs(mean_healthy),22052,144026,1272512
BraTS-GLI-00240-000,raw,case_brain_mask,FLAIR,335.26910400390625,332.0635681152344,140.17190551757812,195.09719848632812,191.89166259765625,1.3918423792980552,1.3689737746598034,1.3918423792980552,1.3689737746598034,abs(mean_region - mean_healthy) / abs(mean_healthy),22052,144026,1272512
BraTS-GLI-00241-000,raw,case_brain_mask,T1,229.62185668945312,255.00550842285156,246.37477111816406,16.752914428710938,8.6307373046875,0.06799768642169962,0.03503092977222129,0.06799768642169962,0.03503092977222129,abs(mean_region - mean_healthy) / abs(mean_healthy),6204,43568,1465319
BraTS-GLI-00241-000,raw,case_brain_mask,T1ce,647.9559936523438,339.4989929199219,312.62249755859375,335.33349609375,26.876495361328125,1.0726467183664528,0.08597108516251539,1.0726467183664528,0.08597108516251539,abs(mean_region - mean_healthy) / abs(mean_healthy),6204,43568,1465319
BraTS-GLI-00241-000,raw,case_brain_mask,T2,946.4476318359375,874.098876953125,611.2903442382812,335.15728759765625,262.80853271484375,0.5482783930037209,0.4299242335363977,0.5482783930037209,0.4299242335363977,abs(mean_region - mean_healthy) / abs(mean_healthy),6204,43568,1465319
BraTS-GLI-00241-000,raw,case_brain_mask,FLAIR,702.4527587890625,530.6779174804688,223.79989624023438,478.6528625488281,306.8780212402344,2.1387537286211518,1.37121610150713,2.1387537286211518,1.37121610150713,abs(mean_region - mean_healthy) / abs(mean_healthy),6204,43568,1465319
BraTS-GLI-00242-000,raw,case_brain_mask,T1,324.3104553222656,338.2601318359375,344.1471862792969,19.83673095703125,5.887054443359375,0.057640253205303,0.01710621117379023,0.057640253205303,0.01710621117379023,abs(mean_region - mean_healthy) / abs(mean_healthy),26322,166996,1278521
BraTS-GLI-00242-000,raw,case_brain_mask,T1ce,574.1524047851562,391.8420104980469,381.567626953125,192.58477783203125,10.274383544921875,0.5047199086826357,0.02692676951387196,0.5047199086826357,0.02692676951387196,abs(mean_region - mean_healthy) / abs(mean_healthy),26322,166996,1278521
BraTS-GLI-00242-000,raw,case_brain_mask,T2,1069.7220458984375,929.8671875,626.4154663085938,443.30657958984375,303.45172119140625,0.7076877941762947,0.48442565280135585,0.7076877941762947,0.48442565280135585,abs(mean_region - mean_healthy) / abs(mean_healthy),26322,166996,1278521
BraTS-GLI-00242-000,raw,case_brain_mask,FLAIR,610.7774658203125,388.1902770996094,214.61883544921875,396.15863037109375,173.57144165039062,1.845870748212262,0.8087428174097031,1.845870748212262,0.8087428174097031,abs(mean_region - mean_healthy) / abs(mean_healthy),26322,166996,1278521
BraTS-GLI-00246-000,raw,case_brain_mask,T1,309.02490234375,328.8406677246094,367.66070556640625,58.63580322265625,38.820037841796875,0.1594834648764649,0.10558658364644101,0.1594834648764649,0.10558658364644101,abs(mean_region - mean_healthy) / abs(mean_healthy),10603,22112,1508087
BraTS-GLI-00246-000,raw,case_brain_mask,T1ce,873.3034057617188,622.0709838867188,431.7589416503906,441.5444641113281,190.31204223632812,1.0226643191766511,0.4407830941702419,1.0226643191766511,0.4407830941702419,abs(mean_region - mean_healthy) / abs(mean_healthy),10603,22112,1508087
BraTS-GLI-00246-000,raw,case_brain_mask,T2,909.3594970703125,906.3114013671875,584.4134521484375,324.946044921875,321.89794921875,0.556020816644961,0.5508051671900767,0.556020816644961,0.5508051671900767,abs(mean_region - mean_healthy) / abs(mean_healthy),10603,22112,1508087
BraTS-GLI-00246-000,raw,case_brain_mask,FLAIR,560.4688110351562,508.9165954589844,187.1962890625,373.27252197265625,321.7203063964844,1.994016675448252,1.7186254492954733,1.994016675448252,1.7186254492954733,abs(mean_region - mean_healthy) / abs(mean_healthy),10603,22112,1508087
BraTS-GLI-00247-000,raw,case_brain_mask,T1,264.3822326660156,300.08544921875,313.02349853515625,48.641265869140625,12.93804931640625,0.155391739268027,0.04133251777247373,0.155391739268027,0.04133251777247373,abs(mean_region - mean_healthy) / abs(mean_healthy),33957,139200,1071246
BraTS-GLI-00247-000,raw,case_brain_mask,T1ce,731.231201171875,440.34344482421875,377.5477294921875,353.6834716796875,62.79571533203125,0.9367914148375409,0.166325236325731,0.9367914148375409,0.166325236325731,abs(mean_region - mean_healthy) / abs(mean_healthy),33957,139200,1071246
BraTS-GLI-00247-000,raw,case_brain_mask,T2,859.6886596679688,814.28759765625,520.4075317382812,339.2811279296875,293.88006591796875,0.6519527624752283,0.5647114001911954,0.6519527624752283,0.5647114001911954,abs(mean_region - mean_healthy) / abs(mean_healthy),33957,139200,1071246
BraTS-GLI-00247-000,raw,case_brain_mask,FLAIR,451.5281677246094,387.7054443359375,152.0536346435547,299.4745330810547,235.6518096923828,1.9695322231729957,1.5497939937101775,1.9695322231729957,1.5497939937101775,abs(mean_region - mean_healthy) / abs(mean_healthy),33957,139200,1071246
BraTS-GLI-00249-000,raw,case_brain_mask,T1,367.49072265625,336.83062744140625,381.8233947753906,14.332672119140625,44.992767333984375,0.03753743829021238,0.11783659133943739,0.03753743829021238,0.11783659133943739,abs(mean_region - mean_healthy) / abs(mean_healthy),33201,131601,1446129
BraTS-GLI-00249-000,raw,case_brain_mask,T1ce,753.14501953125,447.1940612792969,439.6573181152344,313.4877014160156,7.5367431640625,0.7130273704072643,0.017142312554631733,0.7130273704072643,0.017142312554631733,abs(mean_region - mean_healthy) / abs(mean_healthy),33201,131601,1446129
BraTS-GLI-00249-000,raw,case_brain_mask,T2,974.4503784179688,1044.7628173828125,524.5916748046875,449.85870361328125,520.171142578125,0.8575406839629501,0.9915733847125799,0.8575406839629501,0.9915733847125799,abs(mean_region - mean_healthy) / abs(mean_healthy),33201,131601,1446129
BraTS-GLI-00249-000,raw,case_brain_mask,FLAIR,527.3486328125,434.9969787597656,203.37939453125,323.96923828125,231.61758422851562,1.5929304884987792,1.1388448901736048,1.5929304884987792,1.1388448901736048,abs(mean_region - mean_healthy) / abs(mean_healthy),33201,131601,1446129
BraTS-GLI-00250-000,raw,case_brain_mask,T1,250.5823974609375,263.455078125,277.02984619140625,26.44744873046875,13.57476806640625,0.09546786779138448,0.04900110314116528,0.09546786779138448,0.04900110314116528,abs(mean_region - mean_healthy) / abs(mean_healthy),13994,104014,1200392
BraTS-GLI-00250-000,raw,case_brain_mask,T1ce,584.0668334960938,322.52728271484375,318.1153259277344,265.9515075683594,4.411956787109375,0.8360223035238957,0.013869048195784288,0.8360223035238957,0.013869048195784288,abs(mean_region - mean_healthy) / abs(mean_healthy),13994,104014,1200392
BraTS-GLI-00250-000,raw,case_brain_mask,T2,522.1453247070312,518.4991455078125,372.73712158203125,149.408203125,145.76202392578125,0.4008406849601068,0.39105851144397547,0.4008406849601068,0.39105851144397547,abs(mean_region - mean_healthy) / abs(mean_healthy),13994,104014,1200392
BraTS-GLI-00250-000,raw,case_brain_mask,FLAIR,314.3827209472656,276.45062255859375,127.06156158447266,187.32115936279297,149.3890609741211,1.4742551329204208,1.1757219029203,1.4742551329204208,1.1757219029203,abs(mean_region - mean_healthy) / abs(mean_healthy),13994,104014,1200392
BraTS-GLI-00251-000,raw,case_brain_mask,T1,345.423095703125,362.8331298828125,326.83123779296875,18.59185791015625,36.00189208984375,0.05688519260185669,0.11015437916203454,0.05688519260185669,0.11015437916203454,abs(mean_region - mean_healthy) / abs(mean_healthy),3179,10008,1665734
BraTS-GLI-00251-000,raw,case_brain_mask,T1ce,545.0289306640625,448.88348388671875,384.23553466796875,160.79339599609375,64.64794921875,0.4184761207342286,0.16825083415206388,0.4184761207342286,0.16825083415206388,abs(mean_region - mean_healthy) / abs(mean_healthy),3179,10008,1665734
BraTS-GLI-00251-000,raw,case_brain_mask,T2,767.2142333984375,780.10400390625,557.8256225585938,209.38861083984375,222.27838134765625,0.37536570994970686,0.3984728781874989,0.37536570994970686,0.3984728781874989,abs(mean_region - mean_healthy) / abs(mean_healthy),3179,10008,1665734
BraTS-GLI-00251-000,raw,case_brain_mask,FLAIR,418.4649353027344,414.5086975097656,162.3951416015625,256.0697937011719,252.11355590820312,1.5768316168561294,1.552469817888797,1.5768316168561294,1.552469817888797,abs(mean_region - mean_healthy) / abs(mean_healthy),3179,10008,1665734
BraTS-GLI-00253-000,raw,case_brain_mask,T1,267.68402099609375,281.23187255859375,341.89434814453125,74.2103271484375,60.6624755859375,0.21705631447603246,0.17743047206002147,0.21705631447603246,0.17743047206002147,abs(mean_region - mean_healthy) / abs(mean_healthy),2785,55909,1400390
BraTS-GLI-00253-000,raw,case_brain_mask,T1ce,700.2595825195312,328.74200439453125,402.1078796386719,298.1517028808594,73.36587524414062,0.7414719232778378,0.1824532145703439,0.7414719232778378,0.1824532145703439,abs(mean_region - mean_healthy) / abs(mean_healthy),2785,55909,1400390
BraTS-GLI-00253-000,raw,case_brain_mask,T2,857.4599609375,797.605224609375,489.6990661621094,367.7608947753906,307.9061584472656,0.7509936615922553,0.6287660723153937,0.7509936615922553,0.6287660723153937,abs(mean_region - mean_healthy) / abs(mean_healthy),2785,55909,1400390
BraTS-GLI-00253-000,raw,case_brain_mask,FLAIR,474.60467529296875,385.17669677734375,171.83416748046875,302.7705078125,213.342529296875,1.7619924619875957,1.2415605838176755,1.7619924619875957,1.2415605838176755,abs(mean_region - mean_healthy) / abs(mean_healthy),2785,55909,1400390
BraTS-GLI-00254-000,raw,case_brain_mask,T1,211.8697052001953,240.6641387939453,315.1766052246094,103.30690002441406,74.51246643066406,0.32777464542710205,0.2364149660713651,0.32777464542710205,0.2364149660713651,abs(mean_region - mean_healthy) / abs(mean_healthy),24337,98690,1378512
BraTS-GLI-00254-000,raw,case_brain_mask,T1ce,601.94775390625,343.482177734375,355.8309020996094,246.11685180664062,12.348724365234375,0.6916680095922192,0.03470391214582465,0.6916680095922192,0.03470391214582465,abs(mean_region - mean_healthy) / abs(mean_healthy),24337,98690,1378512
BraTS-GLI-00254-000,raw,case_brain_mask,T2,612.9713745117188,666.347900390625,380.85809326171875,232.11328125,285.48980712890625,0.6094482048737664,0.7495962726797638,0.6094482048737664,0.7495962726797638,abs(mean_region - mean_healthy) / abs(mean_healthy),24337,98690,1378512
BraTS-GLI-00254-000,raw,case_brain_mask,FLAIR,388.04095458984375,338.8264465332031,135.3848419189453,252.65611267089844,203.4416046142578,1.8662068004789136,1.5026911560458,1.8662068004789136,1.5026911560458,abs(mean_region - mean_healthy) / abs(mean_healthy),24337,98690,1378512
BraTS-GLI-00258-000,raw,case_brain_mask,T1,330.3719177246094,324.904296875,287.4103698730469,42.9615478515625,37.493927001953125,0.14947807161773324,0.1304543291827456,0.14947807161773324,0.1304543291827456,abs(mean_region - mean_healthy) / abs(mean_healthy),3205,20404,1356737
BraTS-GLI-00258-000,raw,case_brain_mask,T1ce,447.9794006347656,360.96685791015625,310.3332824707031,137.6461181640625,50.633575439453125,0.44354288095752964,0.16315870162663962,0.44354288095752964,0.16315870162663962,abs(mean_region - mean_healthy) / abs(mean_healthy),3205,20404,1356737
BraTS-GLI-00258-000,raw,case_brain_mask,T2,499.8458557128906,485.2499084472656,390.69036865234375,109.15548706054688,94.55953979492188,0.27939129248839767,0.24203191934599694,0.27939129248839767,0.24203191934599694,abs(mean_region - mean_healthy) / abs(mean_healthy),3205,20404,1356737
BraTS-GLI-00258-000,raw,case_brain_mask,FLAIR,466.89141845703125,422.3620910644531,272.1488037109375,194.74261474609375,150.21328735351562,0.7155740245433501,0.5519527747513616,0.7155740245433501,0.5519527747513616,abs(mean_region - mean_healthy) / abs(mean_healthy),3205,20404,1356737
BraTS-GLI-00259-000,raw,case_brain_mask,T1,405.53228759765625,419.1389465332031,381.6891174316406,23.843170166015625,37.4498291015625,0.062467513683530325,0.09811605149646335,0.062467513683530325,0.09811605149646335,abs(mean_region - mean_healthy) / abs(mean_healthy),15306,99594,1460782
BraTS-GLI-00259-000,raw,case_brain_mask,T1ce,925.7192993164062,522.5607299804688,459.2813720703125,466.43792724609375,63.27935791015625,1.015582071494695,0.13777906477005702,1.015582071494695,0.13777906477005702,abs(mean_region - mean_healthy) / abs(mean_healthy),15306,99594,1460782
BraTS-GLI-00259-000,raw,case_brain_mask,T2,889.3486328125,890.8591918945312,606.5286865234375,282.8199462890625,284.33050537109375,0.4662927781868958,0.46878327717827845,0.4662927781868958,0.46878327717827845,abs(mean_region - mean_healthy) / abs(mean_healthy),15306,99594,1460782
BraTS-GLI-00259-000,raw,case_brain_mask,FLAIR,442.9136962890625,410.5751647949219,173.5535888671875,269.360107421875,237.02157592773438,1.552028449426095,1.3656967710942352,1.552028449426095,1.3656967710942352,abs(mean_region - mean_healthy) / abs(mean_healthy),15306,99594,1460782
BraTS-GLI-00260-000,raw,case_brain_mask,T1,321.3980712890625,334.9320373535156,313.2037048339844,8.194366455078125,21.72833251953125,0.026163057232741233,0.06937444284399027,0.026163057232741233,0.06937444284399027,abs(mean_region - mean_healthy) / abs(mean_healthy),13236,84670,1405227
BraTS-GLI-00260-000,raw,case_brain_mask,T1ce,582.7008666992188,364.2559509277344,346.1150207519531,236.58584594726562,18.14093017578125,0.6835468897977048,0.05241301038125743,0.6835468897977048,0.05241301038125743,abs(mean_region - mean_healthy) / abs(mean_healthy),13236,84670,1405227
BraTS-GLI-00260-000,raw,case_brain_mask,T2,669.4524536132812,629.8692626953125,565.63330078125,103.81915283203125,64.2359619140625,0.18354497991655855,0.11356467489686356,0.18354497991655855,0.11356467489686356,abs(mean_region - mean_healthy) / abs(mean_healthy),13236,84670,1405227
BraTS-GLI-00260-000,raw,case_brain_mask,FLAIR,388.0249328613281,385.0025634765625,188.49514770507812,199.52978515625,196.50741577148438,1.0585406976546516,1.0425064950687344,1.0585406976546516,1.0425064950687344,abs(mean_region - mean_healthy) / abs(mean_healthy),13236,84670,1405227
BraTS-GLI-00261-000,raw,case_brain_mask,T1,189.9261016845703,182.5292205810547,175.86753845214844,14.058563232421875,6.66168212890625,0.07993836358974826,0.0378789752079166,0.07993836358974826,0.0378789752079166,abs(mean_region - mean_healthy) / abs(mean_healthy),33639,134165,1429766
BraTS-GLI-00261-000,raw,case_brain_mask,T1ce,496.13629150390625,262.4436340332031,201.79364013671875,294.3426513671875,60.649993896484375,1.4586319527600828,0.3005545360864343,1.4586319527600828,0.3005545360864343,abs(mean_region - mean_healthy) / abs(mean_healthy),33639,134165,1429766
BraTS-GLI-00261-000,raw,case_brain_mask,T2,566.0706176757812,625.7943115234375,384.0309753417969,182.03964233398438,241.76333618164062,0.4740233315085188,0.629541239392123,0.4740233315085188,0.629541239392123,abs(mean_region - mean_healthy) / abs(mean_healthy),33639,134165,1429766
BraTS-GLI-00261-000,raw,case_brain_mask,FLAIR,163.065673828125,173.2578887939453,86.7371826171875,76.3284912109375,86.52070617675781,0.8799973541659923,0.9975042255939405,0.8799973541659923,0.9975042255939405,abs(mean_region - mean_healthy) / abs(mean_healthy),33639,134165,1429766
BraTS-GLI-00262-000,raw,case_brain_mask,T1,362.4186706542969,378.3020935058594,340.444091796875,21.974578857421875,37.858001708984375,0.06454680632417303,0.11120181733561188,0.06454680632417303,0.11120181733561188,abs(mean_region - mean_healthy) / abs(mean_healthy),2121,15581,1462994
BraTS-GLI-00262-000,raw,case_brain_mask,T1ce,482.0165100097656,378.06695556640625,332.0263671875,149.99014282226562,46.04058837890625,0.45174166164208296,0.13866545831556346,0.45174166164208296,0.13866545831556346,abs(mean_region - mean_healthy) / abs(mean_healthy),2121,15581,1462994
BraTS-GLI-00262-000,raw,case_brain_mask,T2,566.7119140625,523.7218017578125,390.2622375488281,176.44967651367188,133.45956420898438,0.4521310532679841,0.3419740660721406,0.4521310532679841,0.3419740660721406,abs(mean_region - mean_healthy) / abs(mean_healthy),2121,15581,1462994
BraTS-GLI-00262-000,raw,case_brain_mask,FLAIR,564.2682495117188,464.6083068847656,268.30816650390625,295.9600830078125,196.30014038085938,1.1030602864766088,0.7316219365913392,1.1030602864766088,0.7316219365913392,abs(mean_region - mean_healthy) / abs(mean_healthy),2121,15581,1462994
BraTS-GLI-00263-000,raw,case_brain_mask,T1,302.5358581542969,332.0184326171875,350.7955627441406,48.25970458984375,18.777130126953125,0.13757216371930817,0.0535272737775437,0.13757216371930817,0.0535272737775437,abs(mean_region - mean_healthy) / abs(mean_healthy),22646,87449,1669211
BraTS-GLI-00263-000,raw,case_brain_mask,T1ce,556.6508178710938,397.43035888671875,372.04693603515625,184.6038818359375,25.3834228515625,0.49618438953759725,0.06822639939484387,0.49618438953759725,0.06822639939484387,abs(mean_region - mean_healthy) / abs(mean_healthy),22646,87449,1669211
BraTS-GLI-00263-000,raw,case_brain_mask,T2,789.2420654296875,740.6617431640625,481.521728515625,307.7203369140625,259.1400146484375,0.6390580501167918,0.5381688910431559,0.6390580501167918,0.5381688910431559,abs(mean_region - mean_healthy) / abs(mean_healthy),22646,87449,1669211
BraTS-GLI-00263-000,raw,case_brain_mask,FLAIR,432.89129638671875,375.8710021972656,164.5332489013672,268.35804748535156,211.33775329589844,1.631026247140019,1.2844683655556401,1.631026247140019,1.2844683655556401,abs(mean_region - mean_healthy) / abs(mean_healthy),22646,87449,1669211
BraTS-GLI-00266-000,raw,case_brain_mask,T1,137.81976318359375,141.99378967285156,177.31460571289062,39.494842529296875,35.32081604003906,0.2227388001710771,0.19919857080037073,0.2227388001710771,0.19919857080037073,abs(mean_region - mean_healthy) / abs(mean_healthy),42739,175363,1181905
BraTS-GLI-00266-000,raw,case_brain_mask,T1ce,379.90789794921875,207.73031616210938,204.31097412109375,175.596923828125,3.419342041015625,0.85945908967205,0.016735968568134786,0.85945908967205,0.016735968568134786,abs(mean_region - mean_healthy) / abs(mean_healthy),42739,175363,1181905
BraTS-GLI-00266-000,raw,case_brain_mask,T2,592.02490234375,631.8124389648438,359.0021057128906,233.02279663085938,272.8103332519531,0.6490847627986274,0.75991290555307,0.6490847627986274,0.75991290555307,abs(mean_region - mean_healthy) / abs(mean_healthy),42739,175363,1181905
BraTS-GLI-00266-000,raw,case_brain_mask,FLAIR,432.3796081542969,451.68585205078125,259.79022216796875,172.58938598632812,191.8956298828125,0.6643413464373557,0.7386560906004436,0.6643413464373557,0.7386560906004436,abs(mean_region - mean_healthy) / abs(mean_healthy),42739,175363,1181905
BraTS-GLI-00267-000,raw,case_brain_mask,T1,301.4953308105469,317.0892639160156,315.8849182128906,14.38958740234375,1.204345703125,0.04555325871128133,0.003812609066423777,0.04555325871128133,0.003812609066423777,abs(mean_region - mean_healthy) / abs(mean_healthy),19111,102407,1425394
BraTS-GLI-00267-000,raw,case_brain_mask,T1ce,628.7517700195312,382.7976989746094,353.34246826171875,275.4093017578125,29.455230712890625,0.7794401366829713,0.08336170531042225,0.7794401366829713,0.08336170531042225,abs(mean_region - mean_healthy) / abs(mean_healthy),19111,102407,1425394
BraTS-GLI-00267-000,raw,case_brain_mask,T2,711.8778686523438,632.2694091796875,461.1634826660156,250.71438598632812,171.10592651367188,0.5436561987452524,0.3710309531112428,0.5436561987452524,0.3710309531112428,abs(mean_region - mean_healthy) / abs(mean_healthy),19111,102407,1425394
BraTS-GLI-00267-000,raw,case_brain_mask,FLAIR,397.0701599121094,318.7244567871094,140.79574584960938,256.2744140625,177.9287109375,1.8201857770350454,1.263736413794449,1.8201857770350454,1.263736413794449,abs(mean_region - mean_healthy) / abs(mean_healthy),19111,102407,1425394
BraTS-GLI-00269-000,raw,case_brain_mask,T1,223.10313415527344,231.58604431152344,233.54002380371094,10.4368896484375,1.9539794921875,0.04468993998737299,0.008366786387886167,0.04468993998737299,0.008366786387886167,abs(mean_region - mean_healthy) / abs(mean_healthy),25471,96630,1571962
BraTS-GLI-00269-000,raw,case_brain_mask,T1ce,504.532958984375,316.57208251953125,288.0062561035156,216.52670288085938,28.565826416015625,0.7518124981390509,0.09918474272915952,0.7518124981390509,0.09918474272915952,abs(mean_region - mean_healthy) / abs(mean_healthy),25471,96630,1571962
BraTS-GLI-00269-000,raw,case_brain_mask,T2,855.9843139648438,981.1902465820312,824.301025390625,31.68328857421875,156.88922119140625,0.038436551209195056,0.19033000852699242,0.038436551209195056,0.19033000852699242,abs(mean_region - mean_healthy) / abs(mean_healthy),25471,96630,1571962
BraTS-GLI-00269-000,raw,case_brain_mask,FLAIR,613.4511108398438,575.7466430664062,298.18121337890625,315.2698974609375,277.5654296875,1.0573097274921752,0.9308615608012526,1.0573097274921752,0.9308615608012526,abs(mean_region - mean_healthy) / abs(mean_healthy),25471,96630,1571962
BraTS-GLI-00271-000,raw,case_brain_mask,T1,264.6844482421875,291.18426513671875,293.11627197265625,28.43182373046875,1.9320068359375,0.09699844890604044,0.006591264357093522,0.09699844890604044,0.006591264357093522,abs(mean_region - mean_healthy) / abs(mean_healthy),31863,151279,1324818
BraTS-GLI-00271-000,raw,case_brain_mask,T1ce,792.70703125,420.65283203125,352.53033447265625,440.17669677734375,68.12249755859375,1.2486207674462855,0.19323868302141137,1.2486207674462855,0.19323868302141137,abs(mean_region - mean_healthy) / abs(mean_healthy),31863,151279,1324818
BraTS-GLI-00271-000,raw,case_brain_mask,T2,1039.3953857421875,952.3873901367188,662.615966796875,376.7794189453125,289.77142333984375,0.5686241168722309,0.4373142783452926,0.5686241168722309,0.4373142783452926,abs(mean_region - mean_healthy) / abs(mean_healthy),31863,151279,1324818
BraTS-GLI-00271-000,raw,case_brain_mask,FLAIR,642.39453125,469.93536376953125,164.11302185058594,478.28150939941406,305.8223419189453,2.9143422259012315,1.8634861418698168,2.9143422259012315,1.8634861418698168,abs(mean_region - mean_healthy) / abs(mean_healthy),31863,151279,1324818
BraTS-GLI-00273-000,raw,case_brain_mask,T1,295.0379943847656,306.31109619140625,329.4776916503906,34.439697265625,23.166595458984375,0.10452816120300194,0.07031309264958215,0.10452816120300194,0.07031309264958215,abs(mean_region - mean_healthy) / abs(mean_healthy),25170,116115,1219431
BraTS-GLI-00273-000,raw,case_brain_mask,T1ce,615.8296508789062,405.5889892578125,391.3644714355469,224.46517944335938,14.224517822265625,0.5735451115938258,0.03634596101707775,0.5735451115938258,0.03634596101707775,abs(mean_region - mean_healthy) / abs(mean_healthy),25170,116115,1219431
BraTS-GLI-00273-000,raw,case_brain_mask,T2,1074.112548828125,943.2822265625,570.9396362304688,503.17291259765625,372.34259033203125,0.8813066752901748,0.6521575429415962,0.8813066752901748,0.6521575429415962,abs(mean_region - mean_healthy) / abs(mean_healthy),25170,116115,1219431
BraTS-GLI-00273-000,raw,case_brain_mask,FLAIR,593.0097045898438,452.90362548828125,151.8620147705078,441.14768981933594,301.04161071777344,2.9049245164170476,1.982336472834923,2.9049245164170476,1.982336472834923,abs(mean_region - mean_healthy) / abs(mean_healthy),25170,116115,1219431
BraTS-GLI-00274-000,raw,case_brain_mask,T1,354.95355224609375,327.5264892578125,309.6866149902344,45.266937255859375,17.839874267578125,0.14617014447746415,0.05760621674960245,0.14617014447746415,0.05760621674960245,abs(mean_region - mean_healthy) / abs(mean_healthy),10897,45951,1348535
BraTS-GLI-00274-000,raw,case_brain_mask,T1ce,673.4929809570312,425.6720275878906,357.5129089355469,315.9800720214844,68.15911865234375,0.8838284272371544,0.19064799325786475,0.8838284272371544,0.19064799325786475,abs(mean_region - mean_healthy) / abs(mean_healthy),10897,45951,1348535
BraTS-GLI-00274-000,raw,case_brain_mask,T2,687.0953369140625,766.216796875,557.8094482421875,129.285888671875,208.4073486328125,0.23177428973153957,0.3736174589540603,0.23177428973153957,0.3736174589540603,abs(mean_region - mean_healthy) / abs(mean_healthy),10897,45951,1348535
BraTS-GLI-00274-000,raw,case_brain_mask,FLAIR,385.77203369140625,391.1087951660156,168.17462158203125,217.597412109375,222.93417358398438,1.2938778161795155,1.3256112693272382,1.2938778161795155,1.3256112693272382,abs(mean_region - mean_healthy) / abs(mean_healthy),10897,45951,1348535
BraTS-GLI-00275-000,raw,case_brain_mask,T1,732.2066650390625,735.8634643554688,632.2546997070312,99.95196533203125,103.6087646484375,0.1580881334347473,0.1638718774197279,0.1580881334347473,0.1638718774197279,abs(mean_region - mean_healthy) / abs(mean_healthy),18271,69029,1457455
BraTS-GLI-00275-000,raw,case_brain_mask,T1ce,1123.058837890625,870.7095336914062,668.8135986328125,454.2452392578125,201.89593505859375,0.6791806269884162,0.30187175540585454,0.6791806269884162,0.30187175540585454,abs(mean_region - mean_healthy) / abs(mean_healthy),18271,69029,1457455
BraTS-GLI-00275-000,raw,case_brain_mask,T2,977.4492797851562,910.87841796875,629.5535278320312,347.895751953125,281.32489013671875,0.5526071041983672,0.44686413100647093,0.5526071041983672,0.44686413100647093,abs(mean_region - mean_healthy) / abs(mean_healthy),18271,69029,1457455
BraTS-GLI-00275-000,raw,case_brain_mask,FLAIR,589.5369873046875,571.341796875,278.7114562988281,310.8255310058594,292.6303405761719,1.115223375219278,1.0499401225273648,1.115223375219278,1.0499401225273648,abs(mean_region - mean_healthy) / abs(mean_healthy),18271,69029,1457455
BraTS-GLI-00280-000,raw,case_brain_mask,T1,348.219970703125,355.1134948730469,358.39453125,10.174560546875,3.281036376953125,0.028389273997536758,0.009154817082475014,0.028389273997536758,0.009154817082475014,abs(mean_region - mean_healthy) / abs(mean_healthy),9619,30654,1465999
BraTS-GLI-00280-000,raw,case_brain_mask,T1ce,595.314453125,439.1858215332031,379.8806457519531,215.43380737304688,59.30517578125,0.5671091954332323,0.15611528632594224,0.5671091954332323,0.15611528632594224,abs(mean_region - mean_healthy) / abs(mean_healthy),9619,30654,1465999
BraTS-GLI-00280-000,raw,case_brain_mask,T2,679.6633911132812,689.0706787109375,676.354248046875,3.30914306640625,12.7164306640625,0.004892618144947185,0.018801435343659117,0.004892618144947185,0.018801435343659117,abs(mean_region - mean_healthy) / abs(mean_healthy),9619,30654,1465999
BraTS-GLI-00280-000,raw,case_brain_mask,FLAIR,358.0558166503906,323.3888244628906,179.37005615234375,178.68576049804688,144.01876831054688,0.996185006187902,0.8029142176787184,0.996185006187902,0.8029142176787184,abs(mean_region - mean_healthy) / abs(mean_healthy),9619,30654,1465999
BraTS-GLI-00281-000,raw,case_brain_mask,T1,334.97515869140625,366.0391845703125,363.6232604980469,28.648101806640625,2.415924072265625,0.07878511888211426,0.006644030607273545,0.07878511888211426,0.006644030607273545,abs(mean_region - mean_healthy) / abs(mean_healthy),15251,121148,1291658
BraTS-GLI-00281-000,raw,case_brain_mask,T1ce,414.39080810546875,264.6978454589844,272.44354248046875,141.947265625,7.745697021484375,0.5210153426013981,0.02843046655084386,0.5210153426013981,0.02843046655084386,abs(mean_region - mean_healthy) / abs(mean_healthy),15251,121148,1291658
BraTS-GLI-00281-000,raw,case_brain_mask,T2,880.3939819335938,944.525146484375,567.6080322265625,312.78594970703125,376.9171142578125,0.551059766508346,0.6640447154690102,0.551059766508346,0.6640447154690102,abs(mean_region - mean_healthy) / abs(mean_healthy),15251,121148,1291658
BraTS-GLI-00281-000,raw,case_brain_mask,FLAIR,674.630126953125,599.0590209960938,284.59307861328125,390.03704833984375,314.4659423828125,1.3705078501569774,1.104966937056554,1.3705078501569774,1.104966937056554,abs(mean_region - mean_healthy) / abs(mean_healthy),15251,121148,1291658
BraTS-GLI-00282-000,raw,case_brain_mask,T1,330.9053039550781,365.97564697265625,352.53460693359375,21.629302978515625,13.4410400390625,0.061353701319286066,0.038126866908117084,0.061353701319286066,0.038126866908117084,abs(mean_region - mean_healthy) / abs(mean_healthy),8079,52485,1552539
BraTS-GLI-00282-000,raw,case_brain_mask,T1ce,816.92138671875,461.6916809082031,407.6930847167969,409.2283020019531,53.99859619140625,1.0037656201262837,0.1324491344485675,1.0037656201262837,0.1324491344485675,abs(mean_region - mean_healthy) / abs(mean_healthy),8079,52485,1552539
BraTS-GLI-00282-000,raw,case_brain_mask,T2,846.6161499023438,787.3759155273438,616.9485473632812,229.6676025390625,170.4273681640625,0.37226378685972666,0.27624243365583095,0.37226378685972666,0.27624243365583095,abs(mean_region - mean_healthy) / abs(mean_healthy),8079,52485,1552539
BraTS-GLI-00282-000,raw,case_brain_mask,FLAIR,456.5251770019531,384.50726318359375,163.735595703125,292.7895812988281,220.77166748046875,1.7881852754223073,1.3483425307271484,1.7881852754223073,1.3483425307271484,abs(mean_region - mean_healthy) / abs(mean_healthy),8079,52485,1552539
BraTS-GLI-00283-000,raw,case_brain_mask,T1,343.2225036621094,360.1307373046875,370.6367492675781,27.41424560546875,10.506011962890625,0.0739652656128744,0.028345845315262835,0.0739652656128744,0.028345845315262835,abs(mean_region - mean_healthy) / abs(mean_healthy),15491,73803,1607716
BraTS-GLI-00283-000,raw,case_brain_mask,T1ce,713.3464965820312,456.0365295410156,428.2189636230469,285.1275329589844,27.81756591796875,0.6658451801073826,0.06496107898307846,0.6658451801073826,0.06496107898307846,abs(mean_region - mean_healthy) / abs(mean_healthy),15491,73803,1607716
BraTS-GLI-00283-000,raw,case_brain_mask,T2,754.2584838867188,756.4710083007812,523.413818359375,230.84466552734375,233.05718994140625,0.4410366280563999,0.44526373161472327,0.4410366280563999,0.44526373161472327,abs(mean_region - mean_healthy) / abs(mean_healthy),15491,73803,1607716
BraTS-GLI-00283-000,raw,case_brain_mask,FLAIR,388.0,312.3528137207031,162.95440673828125,225.04559326171875,149.39840698242188,1.3810341049761317,0.9168110882841514,1.3810341049761317,0.9168110882841514,abs(mean_region - mean_healthy) / abs(mean_healthy),15491,73803,1607716
BraTS-GLI-00284-000,raw,case_brain_mask,T1,441.0885314941406,472.3230285644531,476.0205383300781,34.9320068359375,3.697509765625,0.07338340265418389,0.007767542506876256,0.07338340265418389,0.007767542506876256,abs(mean_region - mean_healthy) / abs(mean_healthy),1412,19150,1483638
BraTS-GLI-00284-000,raw,case_brain_mask,T1ce,862.7938842773438,565.488037109375,558.91015625,303.88372802734375,6.577880859375,0.5437076507362962,0.011769120288507908,0.5437076507362962,0.011769120288507908,abs(mean_region - mean_healthy) / abs(mean_healthy),1412,19150,1483638
BraTS-GLI-00284-000,raw,case_brain_mask,T2,850.8732299804688,802.2175903320312,670.1194458007812,180.7537841796875,132.09814453125,0.26973368003623566,0.19712626660668678,0.26973368003623566,0.19712626660668678,abs(mean_region - mean_healthy) / abs(mean_healthy),1412,19150,1483638
BraTS-GLI-00284-000,raw,case_brain_mask,FLAIR,438.7988586425781,402.88494873046875,251.87669372558594,186.9221649169922,151.0082550048828,0.7421177487768668,0.5995324647599312,0.7421177487768668,0.5995324647599312,abs(mean_region - mean_healthy) / abs(mean_healthy),1412,19150,1483638
BraTS-GLI-00285-000,raw,case_brain_mask,T1,277.04144287109375,297.59320068359375,301.0005798339844,23.959136962890625,3.407379150390625,0.07959830833583506,0.011320174706208044,0.07959830833583506,0.011320174706208044,abs(mean_region - mean_healthy) / abs(mean_healthy),2124,6487,1535810
BraTS-GLI-00285-000,raw,case_brain_mask,T1ce,625.9359741210938,462.237548828125,346.1278076171875,279.80816650390625,116.1097412109375,0.808395512715841,0.33545337489715144,0.808395512715841,0.33545337489715144,abs(mean_region - mean_healthy) / abs(mean_healthy),2124,6487,1535810
BraTS-GLI-00285-000,raw,case_brain_mask,T2,556.2678833007812,519.9550170898438,402.00714111328125,154.2607421875,117.9478759765625,0.38372637301990364,0.2933974646567934,0.38372637301990364,0.2933974646567934,abs(mean_region - mean_healthy) / abs(mean_healthy),2124,6487,1535810
BraTS-GLI-00285-000,raw,case_brain_mask,FLAIR,316.5221252441406,266.63494873046875,127.3252182006836,189.19690704345703,139.30973052978516,1.485934284795447,1.094125205504947,1.485934284795447,1.094125205504947,abs(mean_region - mean_healthy) / abs(mean_healthy),2124,6487,1535810
BraTS-GLI-00286-000,raw,case_brain_mask,T1,341.7072448730469,331.30181884765625,359.3156433105469,17.6083984375,28.013824462890625,0.04900537665230883,0.07796438864945,0.04900537665230883,0.07796438864945,abs(mean_region - mean_healthy) / abs(mean_healthy),15501,77815,1682227
BraTS-GLI-00286-000,raw,case_brain_mask,T1ce,724.614013671875,434.1081848144531,412.2262878417969,312.3877258300781,21.88189697265625,0.7578064161448274,0.0530822454026853,0.7578064161448274,0.0530822454026853,abs(mean_region - mean_healthy) / abs(mean_healthy),15501,77815,1682227
BraTS-GLI-00286-000,raw,case_brain_mask,T2,813.9268188476562,771.4158935546875,562.595458984375,251.33135986328125,208.8204345703125,0.44673549323877765,0.3711733382051917,0.44673549323877765,0.3711733382051917,abs(mean_region - mean_healthy) / abs(mean_healthy),15501,77815,1682227
BraTS-GLI-00286-000,raw,case_brain_mask,FLAIR,448.0561828613281,369.34564208984375,209.8654022216797,238.19078063964844,159.48023986816406,1.1349692618130969,0.7599167760853975,1.1349692618130969,0.7599167760853975,abs(mean_region - mean_healthy) / abs(mean_healthy),15501,77815,1682227
BraTS-GLI-00288-000,raw,case_brain_mask,T1,374.53973388671875,383.9741516113281,349.90875244140625,24.6309814453125,34.065399169921875,0.07039258456227689,0.0973550930985251,0.07039258456227689,0.0973550930985251,abs(mean_region - mean_healthy) / abs(mean_healthy),3913,18374,1395615
BraTS-GLI-00288-000,raw,case_brain_mask,T1ce,773.2100830078125,494.7178649902344,415.7566223144531,357.4534606933594,78.96124267578125,0.8597661264021988,0.18992179183151953,0.8597661264021988,0.18992179183151953,abs(mean_region - mean_healthy) / abs(mean_healthy),3913,18374,1395615
BraTS-GLI-00288-000,raw,case_brain_mask,T2,681.6966552734375,685.4592895507812,624.6670532226562,57.02960205078125,60.792236328125,0.09129599801456734,0.09731942162548506,0.09129599801456734,0.09731942162548506,abs(mean_region - mean_healthy) / abs(mean_healthy),3913,18374,1395615
BraTS-GLI-00288-000,raw,case_brain_mask,FLAIR,495.9949035644531,460.36871337890625,266.11285400390625,229.88204956054688,194.255859375,0.8638517309546139,0.7299754839055934,0.8638517309546139,0.7299754839055934,abs(mean_region - mean_healthy) / abs(mean_healthy),3913,18374,1395615
BraTS-GLI-00289-000,raw,case_brain_mask,T1,117.79779052734375,120.14171600341797,140.64865112304688,22.850860595703125,20.506935119628906,0.1624676839290267,0.14580257226703408,0.1624676839290267,0.14580257226703408,abs(mean_region - mean_healthy) / abs(mean_healthy),17269,40355,1435099
BraTS-GLI-00289-000,raw,case_brain_mask,T1ce,589.2709350585938,427.1197509765625,291.6058349609375,297.66510009765625,135.513916015625,1.0207789571067067,0.4647160645251765,1.0207789571067067,0.4647160645251765,abs(mean_region - mean_healthy) / abs(mean_healthy),17269,40355,1435099
BraTS-GLI-00289-000,raw,case_brain_mask,T2,765.7215576171875,759.0718383789062,564.5903930664062,201.13116455078125,194.4814453125,0.3562426265498367,0.34446467332933417,0.3562426265498367,0.34446467332933417,abs(mean_region - mean_healthy) / abs(mean_healthy),17269,40355,1435099
BraTS-GLI-00289-000,raw,case_brain_mask,FLAIR,181.21449279785156,174.93710327148438,96.17914581298828,85.03534698486328,78.7579574584961,0.8841349781813085,0.8188673001071758,0.8841349781813085,0.8188673001071758,abs(mean_region - mean_healthy) / abs(mean_healthy),17269,40355,1435099
BraTS-GLI-00290-000,raw,case_brain_mask,T1,246.02891540527344,245.54098510742188,275.0109558105469,28.982040405273438,29.469970703125,0.10538503936999136,0.10715926067842424,0.10538503936999136,0.10715926067842424,abs(mean_region - mean_healthy) / abs(mean_healthy),8577,118394,1579464
BraTS-GLI-00290-000,raw,case_brain_mask,T1ce,719.709716796875,303.8874816894531,322.6396484375,397.070068359375,18.752166748046875,1.2306921058286897,0.05812108598202692,1.2306921058286897,0.05812108598202692,abs(mean_region - mean_healthy) / abs(mean_healthy),8577,118394,1579464
BraTS-GLI-00290-000,raw,case_brain_mask,T2,867.5555419921875,921.7149047851562,573.3421020507812,294.21343994140625,348.372802734375,0.5131551283065334,0.6076176884416548,0.5131551283065334,0.6076176884416548,abs(mean_region - mean_healthy) / abs(mean_healthy),8577,118394,1579464
BraTS-GLI-00290-000,raw,case_brain_mask,FLAIR,612.1868896484375,495.5716552734375,242.5164337158203,369.6704559326172,253.0552215576172,1.5243109519159241,1.0434559740151308,1.5243109519159241,1.0434559740151308,abs(mean_region - mean_healthy) / abs(mean_healthy),8577,118394,1579464
BraTS-GLI-00291-000,raw,case_brain_mask,T1,456.1280517578125,461.8345031738281,424.4048156738281,31.723236083984375,37.4296875,0.07474758747404256,0.08819336189805677,0.07474758747404256,0.08819336189805677,abs(mean_region - mean_healthy) / abs(mean_healthy),12057,57452,1533462
BraTS-GLI-00291-000,raw,case_brain_mask,T1ce,597.6477661132812,475.8306884765625,408.90216064453125,188.74560546875,66.92852783203125,0.4615911179614216,0.1636785868935867,0.4615911179614216,0.1636785868935867,abs(mean_region - mean_healthy) / abs(mean_healthy),12057,57452,1533462
BraTS-GLI-00291-000,raw,case_brain_mask,T2,674.57177734375,710.3626098632812,522.0045166015625,152.5672607421875,188.35809326171875,0.29227191698542254,0.36083613698976746,0.29227191698542254,0.36083613698976746,abs(mean_region - mean_healthy) / abs(mean_healthy),12057,57452,1533462
BraTS-GLI-00291-000,raw,case_brain_mask,FLAIR,618.5409545898438,551.6891479492188,302.0465087890625,316.49444580078125,249.64263916015625,1.0478334845505817,0.8265039717260793,1.0478334845505817,0.8265039717260793,abs(mean_region - mean_healthy) / abs(mean_healthy),12057,57452,1533462
BraTS-GLI-00292-000,raw,case_brain_mask,T1,371.97216796875,395.53466796875,481.0627746582031,109.09060668945312,85.52810668945312,0.22677000266121694,0.17778990850044707,0.22677000266121694,0.17778990850044707,abs(mean_region - mean_healthy) / abs(mean_healthy),2624,37429,1509188
BraTS-GLI-00292-000,raw,case_brain_mask,T1ce,794.2435302734375,504.2791442871094,590.4078979492188,203.83563232421875,86.12875366210938,0.34524543630300614,0.1458800838560553,0.34524543630300614,0.1458800838560553,abs(mean_region - mean_healthy) / abs(mean_healthy),2624,37429,1509188
BraTS-GLI-00292-000,raw,case_brain_mask,T2,875.6513061523438,807.76318359375,656.3195190429688,219.331787109375,151.44366455078125,0.3341844646479507,0.23074685447663235,0.3341844646479507,0.23074685447663235,abs(mean_region - mean_healthy) / abs(mean_healthy),2624,37429,1509188
BraTS-GLI-00292-000,raw,case_brain_mask,FLAIR,406.8727111816406,372.7944641113281,230.3563690185547,176.51634216308594,142.43809509277344,0.7662750672583658,0.6183379938641955,0.7662750672583658,0.6183379938641955,abs(mean_region - mean_healthy) / abs(mean_healthy),2624,37429,1509188
BraTS-GLI-00293-000,raw,case_brain_mask,T1,368.1261901855469,365.4976501464844,298.4686584472656,69.65753173828125,67.02899169921875,0.23338306976907783,0.22457631581126847,0.23338306976907783,0.22457631581126847,abs(mean_region - mean_healthy) / abs(mean_healthy),1276,34459,1479355
BraTS-GLI-00293-000,raw,case_brain_mask,T1ce,510.8134765625,406.28607177734375,350.2701721191406,160.54330444335938,56.015899658203125,0.4583413525395828,0.15992198056519047,0.4583413525395828,0.15992198056519047,abs(mean_region - mean_healthy) / abs(mean_healthy),1276,34459,1479355
BraTS-GLI-00293-000,raw,case_brain_mask,T2,634.4388427734375,635.2774658203125,557.60791015625,76.8309326171875,77.6695556640625,0.1377866619497172,0.13929062742725143,0.1377866619497172,0.13929062742725143,abs(mean_region - mean_healthy) / abs(mean_healthy),1276,34459,1479355
BraTS-GLI-00293-000,raw,case_brain_mask,FLAIR,276.6496887207031,269.8656005859375,147.7638397216797,128.88584899902344,122.10176086425781,0.8722421482941033,0.8263304546920435,0.8722421482941033,0.8263304546920435,abs(mean_region - mean_healthy) / abs(mean_healthy),1276,34459,1479355
BraTS-GLI-00294-000,raw,case_brain_mask,T1,261.1765441894531,257.5113830566406,293.0088806152344,31.83233642578125,35.49749755859375,0.10863949365269236,0.12114819688761383,0.10863949365269236,0.12114819688761383,abs(mean_region - mean_healthy) / abs(mean_healthy),12653,148942,1543208
BraTS-GLI-00294-000,raw,case_brain_mask,T1ce,468.16351318359375,336.7324523925781,363.01312255859375,105.150390625,26.280670166015625,0.2896600262929276,0.07239592326796307,0.2896600262929276,0.07239592326796307,abs(mean_region - mean_healthy) / abs(mean_healthy),12653,148942,1543208
BraTS-GLI-00294-000,raw,case_brain_mask,T2,639.5366821289062,687.3760986328125,344.8835144042969,294.6531677246094,342.4925842285156,0.8543556169495422,0.9930674268965537,0.8543556169495422,0.9930674268965537,abs(mean_region - mean_healthy) / abs(mean_healthy),12653,148942,1543208
BraTS-GLI-00294-000,raw,case_brain_mask,FLAIR,550.255615234375,591.4344482421875,333.2276306152344,217.02798461914062,258.2068176269531,0.6512904833805178,0.774866169261621,0.6512904833805178,0.774866169261621,abs(mean_region - mean_healthy) / abs(mean_healthy),12653,148942,1543208
BraTS-GLI-00296-000,raw,case_brain_mask,T1,314.8936767578125,330.6375427246094,316.5048828125,1.6112060546875,14.132659912109375,0.005090619899352363,0.04465226503466512,0.005090619899352363,0.04465226503466512,abs(mean_region - mean_healthy) / abs(mean_healthy),8897,33412,1415970
BraTS-GLI-00296-000,raw,case_brain_mask,T1ce,726.8289184570312,455.6036071777344,375.0195007324219,351.8094177246094,80.5841064453125,0.9381096637308656,0.21487977635277591,0.9381096637308656,0.21487977635277591,abs(mean_region - mean_healthy) / abs(mean_healthy),8897,33412,1415970
BraTS-GLI-00296-000,raw,case_brain_mask,T2,523.4219360351562,510.7682189941406,425.7925720214844,97.62936401367188,84.97564697265625,0.22928855604542053,0.19957052460832642,0.22928855604542053,0.19957052460832642,abs(mean_region - mean_healthy) / abs(mean_healthy),8897,33412,1415970
BraTS-GLI-00296-000,raw,case_brain_mask,FLAIR,310.77520751953125,288.5287170410156,138.32962036132812,172.44558715820312,150.1990966796875,1.2466280664095033,1.0858057463568203,1.2466280664095033,1.0858057463568203,abs(mean_region - mean_healthy) / abs(mean_healthy),8897,33412,1415970
BraTS-GLI-00297-000,raw,case_brain_mask,T1,341.9184875488281,352.11065673828125,352.9976806640625,11.079193115234375,0.88702392578125,0.031386022407830255,0.0025128321639750506,0.031386022407830255,0.0025128321639750506,abs(mean_region - mean_healthy) / abs(mean_healthy),18844,92405,1276897
BraTS-GLI-00297-000,raw,case_brain_mask,T1ce,935.4442749023438,534.7885131835938,432.7923889160156,502.6518859863281,101.99612426757812,1.161415724627886,0.2356698659212575,1.161415724627886,0.2356698659212575,abs(mean_region - mean_healthy) / abs(mean_healthy),18844,92405,1276897
BraTS-GLI-00297-000,raw,case_brain_mask,T2,746.5471801757812,707.45068359375,470.4716796875,276.07550048828125,236.97900390625,0.5868057789826118,0.5037051413246763,0.5868057789826118,0.5037051413246763,abs(mean_region - mean_healthy) / abs(mean_healthy),18844,92405,1276897
BraTS-GLI-00297-000,raw,case_brain_mask,FLAIR,408.802490234375,353.57958984375,178.0740966796875,230.7283935546875,175.5054931640625,1.2956875697070778,0.9855756476460172,1.2956875697070778,0.9855756476460172,abs(mean_region - mean_healthy) / abs(mean_healthy),18844,92405,1276897
BraTS-GLI-00298-000,raw,case_brain_mask,T1,122.6190185546875,129.17613220214844,148.1943359375,25.5753173828125,19.018203735351562,0.17257958761392017,0.12833286518704984,0.17257958761392017,0.12833286518704984,abs(mean_region - mean_healthy) / abs(mean_healthy),10956,27849,1355079
BraTS-GLI-00298-000,raw,case_brain_mask,T1ce,595.6220092773438,409.4156799316406,294.53350830078125,301.0885009765625,114.88217163085938,1.0222555074076232,0.3900478838337819,1.0222555074076232,0.3900478838337819,abs(mean_region - mean_healthy) / abs(mean_healthy),10956,27849,1355079
BraTS-GLI-00298-000,raw,case_brain_mask,T2,644.14501953125,627.5612182617188,505.05865478515625,139.08636474609375,122.5025634765625,0.2753865584290578,0.24255116176293048,0.2753865584290578,0.24255116176293048,abs(mean_region - mean_healthy) / abs(mean_healthy),10956,27849,1355079
BraTS-GLI-00298-000,raw,case_brain_mask,FLAIR,210.400146484375,185.55125427246094,96.26551818847656,114.13462829589844,89.28573608398438,1.1856231643861954,0.9274944732461047,1.1856231643861954,0.9274944732461047,abs(mean_region - mean_healthy) / abs(mean_healthy),10956,27849,1355079
BraTS-GLI-00299-000,raw,case_brain_mask,T1,234.6663360595703,241.49559020996094,244.86700439453125,10.200668334960938,3.3714141845703125,0.04165799455171002,0.013768348221952635,0.04165799455171002,0.013768348221952635,abs(mean_region - mean_healthy) / abs(mean_healthy),7133,59335,1458657
BraTS-GLI-00299-000,raw,case_brain_mask,T1ce,477.7594299316406,293.7839660644531,295.4938659667969,182.26556396484375,1.70989990234375,0.6168167429415404,0.005786583409267395,0.6168167429415404,0.005786583409267395,abs(mean_region - mean_healthy) / abs(mean_healthy),7133,59335,1458657
BraTS-GLI-00299-000,raw,case_brain_mask,T2,718.7259521484375,669.1253662109375,508.6427001953125,210.083251953125,160.482666015625,0.4130271640042325,0.3155115879064059,0.4130271640042325,0.3155115879064059,abs(mean_region - mean_healthy) / abs(mean_healthy),7133,59335,1458657
BraTS-GLI-00299-000,raw,case_brain_mask,FLAIR,571.2666625976562,493.5845031738281,272.67193603515625,298.5947265625,220.91256713867188,1.0950695216540416,0.8101771320910307,1.0950695216540416,0.8101771320910307,abs(mean_region - mean_healthy) / abs(mean_healthy),7133,59335,1458657
BraTS-GLI-00300-000,raw,case_brain_mask,T1,336.3405456542969,346.94891357421875,383.31573486328125,46.975189208984375,36.3668212890625,0.12254959798542892,0.09487432417047424,0.12254959798542892,0.09487432417047424,abs(mean_region - mean_healthy) / abs(mean_healthy),35912,169685,1446090
BraTS-GLI-00300-000,raw,case_brain_mask,T1ce,1009.8494262695312,508.60711669921875,461.36541748046875,548.4840087890625,47.24169921875,1.188827744793598,0.10239540595985375,1.188827744793598,0.10239540595985375,abs(mean_region - mean_healthy) / abs(mean_healthy),35912,169685,1446090
BraTS-GLI-00300-000,raw,case_brain_mask,T2,1000.335693359375,1085.5140380859375,629.5538330078125,370.7818603515625,455.960205078125,0.5889597376924576,0.7242592788287682,0.5889597376924576,0.7242592788287682,abs(mean_region - mean_healthy) / abs(mean_healthy),35912,169685,1446090
BraTS-GLI-00300-000,raw,case_brain_mask,FLAIR,573.4266357421875,546.176025390625,205.878662109375,367.5479736328125,340.29736328125,1.7852650190506345,1.6529025387801666,1.7852650190506345,1.6529025387801666,abs(mean_region - mean_healthy) / abs(mean_healthy),35912,169685,1446090
BraTS-GLI-00301-000,raw,case_brain_mask,T1,281.9381408691406,310.1573486328125,389.26666259765625,107.32852172851562,79.10931396484375,0.27571978810692493,0.2032265322617947,0.27571978810692493,0.2032265322617947,abs(mean_region - mean_healthy) / abs(mean_healthy),24023,75163,1484560
BraTS-GLI-00301-000,raw,case_brain_mask,T1ce,860.2439575195312,522.1605224609375,452.693115234375,407.55084228515625,69.4674072265625,0.9002806284653854,0.153453641968018,0.9002806284653854,0.153453641968018,abs(mean_region - mean_healthy) / abs(mean_healthy),24023,75163,1484560
BraTS-GLI-00301-000,raw,case_brain_mask,T2,895.7146606445312,867.9255981445312,506.3102111816406,389.4044494628906,361.6153869628906,0.7691025005284564,0.7142170530571421,0.7691025005284564,0.7142170530571421,abs(mean_region - mean_healthy) / abs(mean_healthy),24023,75163,1484560
BraTS-GLI-00301-000,raw,case_brain_mask,FLAIR,487.9103088378906,402.6981506347656,157.114013671875,330.7962951660156,245.58413696289062,2.105453787571538,1.563095049406485,2.105453787571538,1.563095049406485,abs(mean_region - mean_healthy) / abs(mean_healthy),24023,75163,1484560
BraTS-GLI-00303-000,raw,case_brain_mask,T1,281.8046875,313.6153564453125,318.4335632324219,36.628875732421875,4.818206787109375,0.11502831347487946,0.01513096401710836,0.11502831347487946,0.01513096401710836,abs(mean_region - mean_healthy) / abs(mean_healthy),27505,113040,1545046
BraTS-GLI-00303-000,raw,case_brain_mask,T1ce,650.55126953125,419.6791076660156,360.339599609375,290.211669921875,59.339508056640625,0.805383783065969,0.16467662205588127,0.805383783065969,0.16467662205588127,abs(mean_region - mean_healthy) / abs(mean_healthy),27505,113040,1545046
BraTS-GLI-00303-000,raw,case_brain_mask,T2,775.9193115234375,770.2556762695312,539.6798095703125,236.239501953125,230.57586669921875,0.4377401150901244,0.42724567903105526,0.4377401150901244,0.42724567903105526,abs(mean_region - mean_healthy) / abs(mean_healthy),27505,113040,1545046
BraTS-GLI-00303-000,raw,case_brain_mask,FLAIR,514.5899658203125,419.7298583984375,145.76467895507812,368.8252868652344,273.9651794433594,2.530278868030157,1.8795031924557675,2.530278868030157,1.8795031924557675,abs(mean_region - mean_healthy) / abs(mean_healthy),27505,113040,1545046
BraTS-GLI-00304-000,raw,case_brain_mask,T1,321.9399719238281,335.0814514160156,363.3178405761719,41.37786865234375,28.23638916015625,0.11388889845520432,0.07771814650053309,0.11388889845520432,0.07771814650053309,abs(mean_region - mean_healthy) / abs(mean_healthy),33860,155834,1313032
BraTS-GLI-00304-000,raw,case_brain_mask,T1ce,722.9564208984375,446.3558349609375,435.48681640625,287.4696044921875,10.8690185546875,0.6601109233672356,0.024958318243434915,0.6601109233672356,0.024958318243434915,abs(mean_region - mean_healthy) / abs(mean_healthy),33860,155834,1313032
BraTS-GLI-00304-000,raw,case_brain_mask,T2,784.1021118164062,900.5301513671875,596.9530639648438,187.1490478515625,303.57708740234375,0.313507140089969,0.5085443156720647,0.313507140089969,0.5085443156720647,abs(mean_region - mean_healthy) / abs(mean_healthy),33860,155834,1313032
BraTS-GLI-00304-000,raw,case_brain_mask,FLAIR,427.85296630859375,443.3445739746094,178.66127014160156,249.1916961669922,264.6833038330078,1.3947717710138874,1.4814811493460658,1.3947717710138874,1.4814811493460658,abs(mean_region - mean_healthy) / abs(mean_healthy),33860,155834,1313032
BraTS-GLI-00305-000,raw,case_brain_mask,T1,367.5367431640625,361.6494140625,346.8431701660156,20.693572998046875,14.806243896484375,0.05966262212440841,0.04268858426532488,0.05966262212440841,0.04268858426532488,abs(mean_region - mean_healthy) / abs(mean_healthy),3810,57981,1326335
BraTS-GLI-00305-000,raw,case_brain_mask,T1ce,701.8241577148438,407.9234313964844,416.42938232421875,285.394775390625,8.505950927734375,0.685337748738454,0.020425914425778704,0.685337748738454,0.020425914425778704,abs(mean_region - mean_healthy) / abs(mean_healthy),3810,57981,1326335
BraTS-GLI-00305-000,raw,case_brain_mask,T2,834.940673828125,764.4083251953125,596.0679931640625,238.8726806640625,168.34033203125,0.4007473701046633,0.2824180025799771,0.4007473701046633,0.2824180025799771,abs(mean_region - mean_healthy) / abs(mean_healthy),3810,57981,1326335
BraTS-GLI-00305-000,raw,case_brain_mask,FLAIR,424.3327941894531,376.318115234375,202.36854553222656,221.96424865722656,173.94956970214844,1.0968317634218478,0.8595682162198843,1.0968317634218478,0.8595682162198843,abs(mean_region - mean_healthy) / abs(mean_healthy),3810,57981,1326335
BraTS-GLI-00306-000,raw,case_brain_mask,T1,254.79107666015625,241.5440673828125,343.5272216796875,88.73614501953125,101.983154296875,0.2583089182442456,0.29687066369362247,0.2583089182442456,0.29687066369362247,abs(mean_region - mean_healthy) / abs(mean_healthy),24751,62840,1217506
BraTS-GLI-00306-000,raw,case_brain_mask,T1ce,629.4105224609375,419.9844055175781,409.8931579589844,219.51736450195312,10.09124755859375,0.5355477646785188,0.024619214452961235,0.5355477646785188,0.024619214452961235,abs(mean_region - mean_healthy) / abs(mean_healthy),24751,62840,1217506
BraTS-GLI-00306-000,raw,case_brain_mask,T2,1293.2562255859375,1395.4459228515625,555.9547119140625,737.301513671875,839.4912109375,1.3261898817863502,1.509999273227251,1.3261898817863502,1.509999273227251,abs(mean_region - mean_healthy) / abs(mean_healthy),24751,62840,1217506
BraTS-GLI-00306-000,raw,case_brain_mask,FLAIR,781.0771484375,569.156005859375,201.66885375976562,579.4082946777344,367.4871520996094,2.8730678231946714,1.8222305787356325,2.8730678231946714,1.8222305787356325,abs(mean_region - mean_healthy) / abs(mean_healthy),24751,62840,1217506
BraTS-GLI-00309-000,raw,case_brain_mask,T1,311.1424560546875,304.2904357910156,287.65093994140625,23.49151611328125,16.639495849609375,0.08166674552868282,0.057846137589534025,0.08166674552868282,0.057846137589534025,abs(mean_region - mean_healthy) / abs(mean_healthy),5988,42154,1514070
BraTS-GLI-00309-000,raw,case_brain_mask,T1ce,554.4996948242188,349.01910400390625,330.170654296875,224.32904052734375,18.84844970703125,0.6794336129147228,0.057086992625587946,0.6794336129147228,0.057086992625587946,abs(mean_region - mean_healthy) / abs(mean_healthy),5988,42154,1514070
BraTS-GLI-00309-000,raw,case_brain_mask,T2,683.3104248046875,718.9780883789062,578.8119506835938,104.49847412109375,140.1661376953125,0.18053959320929364,0.24216178938560654,0.18053959320929364,0.24216178938560654,abs(mean_region - mean_healthy) / abs(mean_healthy),5988,42154,1514070
BraTS-GLI-00309-000,raw,case_brain_mask,FLAIR,374.8086242675781,392.40045166015625,170.63059997558594,204.1780242919922,221.7698516845703,1.1966084882852563,1.2997073896259022,1.1966084882852563,1.2997073896259022,abs(mean_region - mean_healthy) / abs(mean_healthy),5988,42154,1514070
BraTS-GLI-00310-000,raw,case_brain_mask,T1,392.3316345214844,393.10076904296875,419.4985656738281,27.16693115234375,26.397796630859375,0.06476048638856802,0.0629270247645719,0.06476048638856802,0.0629270247645719,abs(mean_region - mean_healthy) / abs(mean_healthy),40108,97205,1222628
BraTS-GLI-00310-000,raw,case_brain_mask,T1ce,1117.5416259765625,752.3098754882812,526.0702514648438,591.4713745117188,226.2396240234375,1.1243201318925855,0.43005591628394263,1.1243201318925855,0.43005591628394263,abs(mean_region - mean_healthy) / abs(mean_healthy),40108,97205,1222628
BraTS-GLI-00310-000,raw,case_brain_mask,T2,885.64892578125,958.5426025390625,744.44482421875,141.2041015625,214.0977783203125,0.1896770545898888,0.2875938838650604,0.1896770545898888,0.2875938838650604,abs(mean_region - mean_healthy) / abs(mean_healthy),40108,97205,1222628
BraTS-GLI-00310-000,raw,case_brain_mask,FLAIR,467.6761779785156,475.0699157714844,222.61398315429688,245.06219482421875,252.4559326171875,1.100839180683285,1.1340524482786274,1.100839180683285,1.1340524482786274,abs(mean_region - mean_healthy) / abs(mean_healthy),40108,97205,1222628
BraTS-GLI-00311-000,raw,case_brain_mask,T1,333.4368896484375,336.4599914550781,325.920166015625,7.5167236328125,10.539825439453125,0.023063082363710317,0.03233867228377588,0.023063082363710317,0.03233867228377588,abs(mean_region - mean_healthy) / abs(mean_healthy),7693,19464,1558899
BraTS-GLI-00311-000,raw,case_brain_mask,T1ce,632.10205078125,474.93304443359375,378.7812194824219,253.32083129882812,96.15182495117188,0.6687787521381693,0.2538452806149065,0.6687787521381693,0.2538452806149065,abs(mean_region - mean_healthy) / abs(mean_healthy),7693,19464,1558899
BraTS-GLI-00311-000,raw,case_brain_mask,T2,671.6819458007812,674.3823852539062,493.7457580566406,177.93618774414062,180.63662719726562,0.3603801852283022,0.36584947667852913,0.3603801852283022,0.36584947667852913,abs(mean_region - mean_healthy) / abs(mean_healthy),7693,19464,1558899
BraTS-GLI-00311-000,raw,case_brain_mask,FLAIR,364.8080139160156,348.56097412109375,154.09527587890625,210.71273803710938,194.4656982421875,1.367418545671025,1.2619835172299885,1.367418545671025,1.2619835172299885,abs(mean_region - mean_healthy) / abs(mean_healthy),7693,19464,1558899
BraTS-GLI-00312-000,raw,case_brain_mask,T1,331.8248291015625,349.1345520019531,332.98095703125,1.1561279296875,16.153594970703125,0.003472054197919187,0.04851206842194018,0.003472054197919187,0.04851206842194018,abs(mean_region - mean_healthy) / abs(mean_healthy),12777,122547,1258808
BraTS-GLI-00312-000,raw,case_brain_mask,T1ce,353.6097717285156,204.23858642578125,215.75372314453125,137.85604858398438,11.51513671875,0.6389509602651723,0.05337167095390574,0.6389509602651723,0.05337167095390574,abs(mean_region - mean_healthy) / abs(mean_healthy),12777,122547,1258808
BraTS-GLI-00312-000,raw,case_brain_mask,T2,756.9923095703125,727.2589721679688,444.05255126953125,312.93975830078125,283.2064208984375,0.7047358638208406,0.637776812876674,0.7047358638208406,0.637776812876674,abs(mean_region - mean_healthy) / abs(mean_healthy),12777,122547,1258808
BraTS-GLI-00312-000,raw,case_brain_mask,FLAIR,634.7206420898438,533.2230834960938,261.8495178222656,372.8711242675781,271.3735656738281,1.4239901122165521,1.0363722184053328,1.4239901122165521,1.0363722184053328,abs(mean_region - mean_healthy) / abs(mean_healthy),12777,122547,1258808
BraTS-GLI-00313-000,raw,case_brain_mask,T1,373.08587646484375,372.7503967285156,366.6108093261719,6.475067138671875,6.13958740234375,0.017661964606480108,0.016746880468768145,0.017661964606480108,0.016746880468768145,abs(mean_region - mean_healthy) / abs(mean_healthy),3691,36221,1493492
BraTS-GLI-00313-000,raw,case_brain_mask,T1ce,959.1146240234375,519.7246704101562,422.40692138671875,536.7077026367188,97.3177490234375,1.2705940065441215,0.2303886231408171,1.2705940065441215,0.2303886231408171,abs(mean_region - mean_healthy) / abs(mean_healthy),3691,36221,1493492
BraTS-GLI-00313-000,raw,case_brain_mask,T2,770.599853515625,671.4829711914062,504.78472900390625,265.81512451171875,166.6982421875,0.5265910580065543,0.33023630195082626,0.5265910580065543,0.33023630195082626,abs(mean_region - mean_healthy) / abs(mean_healthy),3691,36221,1493492
BraTS-GLI-00313-000,raw,case_brain_mask,FLAIR,436.12841796875,331.73529052734375,166.59967041015625,269.52874755859375,165.1356201171875,1.617822813784887,0.991212165730194,1.617822813784887,0.991212165730194,abs(mean_region - mean_healthy) / abs(mean_healthy),3691,36221,1493492
BraTS-GLI-00314-000,raw,case_brain_mask,T1,301.577392578125,305.0528564453125,305.0614318847656,3.484039306640625,0.008575439453125,0.011420779366028451,2.8110533016721367e-05,0.011420779366028451,2.8110533016721367e-05,abs(mean_region - mean_healthy) / abs(mean_healthy),12723,22211,1573376
BraTS-GLI-00314-000,raw,case_brain_mask,T1ce,664.8965454101562,540.127685546875,363.43389892578125,301.462646484375,176.69378662109375,0.8294841163012652,0.48617860673799534,0.8294841163012652,0.48617860673799534,abs(mean_region - mean_healthy) / abs(mean_healthy),12723,22211,1573376
BraTS-GLI-00314-000,raw,case_brain_mask,T2,804.9068603515625,791.3140258789062,754.1588745117188,50.74798583984375,37.1551513671875,0.06729084222830449,0.04926700808399776,0.06729084222830449,0.04926700808399776,abs(mean_region - mean_healthy) / abs(mean_healthy),12723,22211,1573376
BraTS-GLI-00314-000,raw,case_brain_mask,FLAIR,599.04345703125,549.9700927734375,289.0538024902344,309.9896545410156,260.9162902832031,1.0724289107094123,0.9026564882917191,1.0724289107094123,0.9026564882917191,abs(mean_region - mean_healthy) / abs(mean_healthy),12723,22211,1573376
BraTS-GLI-00316-000,raw,case_brain_mask,T1,364.0436706542969,429.27459716796875,431.8517761230469,67.80810546875,2.577178955078125,0.15701708136411494,0.005967739621716441,0.15701708136411494,0.005967739621716441,abs(mean_region - mean_healthy) / abs(mean_healthy),11700,35375,1595226
BraTS-GLI-00316-000,raw,case_brain_mask,T1ce,907.4379272460938,646.9180908203125,512.7138671875,394.72406005859375,134.2042236328125,0.7698720189174106,0.2617526699033749,0.7698720189174106,0.2617526699033749,abs(mean_region - mean_healthy) / abs(mean_healthy),11700,35375,1595226
BraTS-GLI-00316-000,raw,case_brain_mask,T2,1220.40673828125,1035.8197021484375,747.744873046875,472.661865234375,288.0748291015625,0.6321164908940065,0.3852581802770897,0.6321164908940065,0.3852581802770897,abs(mean_region - mean_healthy) / abs(mean_healthy),11700,35375,1595226
BraTS-GLI-00316-000,raw,case_brain_mask,FLAIR,710.3605346679688,555.9017333984375,241.84156799316406,468.5189666748047,314.06016540527344,1.9372970931450788,1.298619455751092,1.9372970931450788,1.298619455751092,abs(mean_region - mean_healthy) / abs(mean_healthy),11700,35375,1595226
BraTS-GLI-00317-000,raw,case_brain_mask,T1,1028.5396728515625,1007.433837890625,1008.3828735351562,20.15679931640625,0.94903564453125,0.01998923211155024,0.0009411461354992586,0.01998923211155024,0.0009411461354992586,abs(mean_region - mean_healthy) / abs(mean_healthy),13407,57894,1430291
BraTS-GLI-00317-000,raw,case_brain_mask,T1ce,2226.2509765625,1306.7274169921875,1103.0750732421875,1123.1759033203125,203.65234375,1.0182225403925085,0.18462237855798846,1.0182225403925085,0.18462237855798846,abs(mean_region - mean_healthy) / abs(mean_healthy),13407,57894,1430291
BraTS-GLI-00317-000,raw,case_brain_mask,T2,2647.236328125,2826.28173828125,1854.8544921875,792.3818359375,971.42724609375,0.4271935288050623,0.5237215372878705,0.4271935288050623,0.5237215372878705,abs(mean_region - mean_healthy) / abs(mean_healthy),13407,57894,1430291
BraTS-GLI-00317-000,raw,case_brain_mask,FLAIR,1639.04345703125,1804.5970458984375,1112.2529296875,526.79052734375,692.3441162109375,0.4736247604146637,0.622470031529123,0.4736247604146637,0.622470031529123,abs(mean_region - mean_healthy) / abs(mean_healthy),13407,57894,1430291
BraTS-GLI-00318-000,raw,case_brain_mask,T1,438.9978942871094,432.243896484375,442.03131103515625,3.033416748046875,9.78741455078125,0.006862447687117841,0.02214190331418134,0.006862447687117841,0.02214190331418134,abs(mean_region - mean_healthy) / abs(mean_healthy),28203,171454,1495632
BraTS-GLI-00318-000,raw,case_brain_mask,T1ce,1011.197509765625,543.2540283203125,520.4135131835938,490.78399658203125,22.84051513671875,0.9430654357526076,0.043889166130590025,0.9430654357526076,0.043889166130590025,abs(mean_region - mean_healthy) / abs(mean_healthy),28203,171454,1495632
BraTS-GLI-00318-000,raw,case_brain_mask,T2,1086.98876953125,1097.813720703125,690.969482421875,396.019287109375,406.84423828125,0.5731357132030085,0.5888020363146069,0.5731357132030085,0.5888020363146069,abs(mean_region - mean_healthy) / abs(mean_healthy),28203,171454,1495632
BraTS-GLI-00318-000,raw,case_brain_mask,FLAIR,569.9658813476562,510.6232604980469,230.898681640625,339.06719970703125,279.7245788574219,1.468467456365826,1.2114602685033533,1.468467456365826,1.2114602685033533,abs(mean_region - mean_healthy) / abs(mean_healthy),28203,171454,1495632
BraTS-GLI-00320-000,raw,case_brain_mask,T1,315.8847351074219,323.9705810546875,356.4875183105469,40.602783203125,32.516937255859375,0.11389678773480845,0.0912147987956563,0.11389678773480845,0.0912147987956563,abs(mean_region - mean_healthy) / abs(mean_healthy),4321,39411,1398700
BraTS-GLI-00320-000,raw,case_brain_mask,T1ce,838.1314697265625,435.3106384277344,435.887939453125,402.2435302734375,0.577301025390625,0.9228140856067306,0.001324425323891549,0.9228140856067306,0.001324425323891549,abs(mean_region - mean_healthy) / abs(mean_healthy),4321,39411,1398700
BraTS-GLI-00320-000,raw,case_brain_mask,T2,875.1937255859375,805.9932250976562,682.079833984375,193.1138916015625,123.91339111328125,0.28312505659855985,0.18166992328367215,0.28312505659855985,0.18166992328367215,abs(mean_region - mean_healthy) / abs(mean_healthy),4321,39411,1398700
BraTS-GLI-00320-000,raw,case_brain_mask,FLAIR,478.8636779785156,392.478759765625,202.35781860351562,276.505859375,190.12094116210938,1.3664204392159631,0.9395285167341013,1.3664204392159631,0.9395285167341013,abs(mean_region - mean_healthy) / abs(mean_healthy),4321,39411,1398700
BraTS-GLI-00321-000,raw,case_brain_mask,T1,387.0094299316406,357.0933837890625,371.9074401855469,15.10198974609375,14.814056396484375,0.040606850291995435,0.039832643275685885,0.040606850291995435,0.039832643275685885,abs(mean_region - mean_healthy) / abs(mean_healthy),106,20752,1580006
BraTS-GLI-00321-000,raw,case_brain_mask,T1ce,601.6792602539062,406.3890686035156,431.1703186035156,170.50894165039062,24.78125,0.39545612091908117,0.05747438756977077,0.39545612091908117,0.05747438756977077,abs(mean_region - mean_healthy) / abs(mean_healthy),106,20752,1580006
BraTS-GLI-00321-000,raw,case_brain_mask,T2,695.3207397460938,691.9664306640625,615.6456298828125,79.67510986328125,76.32080078125,0.12941716142522985,0.1239687201154625,0.12941716142522985,0.1239687201154625,abs(mean_region - mean_healthy) / abs(mean_healthy),106,20752,1580006
BraTS-GLI-00321-000,raw,case_brain_mask,FLAIR,389.2735900878906,374.3481140136719,242.13784790039062,147.1357421875,132.21026611328125,0.607652803819533,0.5460123944261254,0.607652803819533,0.5460123944261254,abs(mean_region - mean_healthy) / abs(mean_healthy),106,20752,1580006
BraTS-GLI-00322-000,raw,case_brain_mask,T1,378.8421325683594,367.6018981933594,391.0878601074219,12.2457275390625,23.4859619140625,0.03131196027332301,0.0600529044998009,0.03131196027332301,0.0600529044998009,abs(mean_region - mean_healthy) / abs(mean_healthy),42419,148914,1344889
BraTS-GLI-00322-000,raw,case_brain_mask,T1ce,657.9208374023438,445.2280578613281,435.0036315917969,222.91720581054688,10.22442626953125,0.5124490685165823,0.02350423198104643,0.5124490685165823,0.02350423198104643,abs(mean_region - mean_healthy) / abs(mean_healthy),42419,148914,1344889
BraTS-GLI-00322-000,raw,case_brain_mask,T2,690.5555419921875,811.320556640625,444.8734130859375,245.68212890625,366.4471435546875,0.5522517679850445,0.82371104403108,0.5522517679850445,0.82371104403108,abs(mean_region - mean_healthy) / abs(mean_healthy),42419,148914,1344889
BraTS-GLI-00322-000,raw,case_brain_mask,FLAIR,368.65179443359375,366.1003112792969,172.51089477539062,196.14089965820312,193.58941650390625,1.1369768843502828,1.1221866117844899,1.1369768843502828,1.1221866117844899,abs(mean_region - mean_healthy) / abs(mean_healthy),42419,148914,1344889
BraTS-GLI-00324-000,raw,case_brain_mask,T1,294.1458435058594,306.48211669921875,280.770263671875,13.375579833984375,25.71185302734375,0.047638876208115404,0.091576125943993,0.047638876208115404,0.091576125943993,abs(mean_region - mean_healthy) / abs(mean_healthy),6047,83418,1469466
BraTS-GLI-00324-000,raw,case_brain_mask,T1ce,627.1829223632812,355.3631591796875,328.3040466308594,298.8788757324219,27.059112548828125,0.9103721955290951,0.08242089254310357,0.9103721955290951,0.08242089254310357,abs(mean_region - mean_healthy) / abs(mean_healthy),6047,83418,1469466
BraTS-GLI-00324-000,raw,case_brain_mask,T2,639.07080078125,687.4178466796875,501.07989501953125,137.99090576171875,186.33795166015625,0.27538703335191705,0.3718727362886773,0.27538703335191705,0.3718727362886773,abs(mean_region - mean_healthy) / abs(mean_healthy),6047,83418,1469466
BraTS-GLI-00324-000,raw,case_brain_mask,FLAIR,327.76104736328125,329.33526611328125,152.04562377929688,175.71542358398438,177.28964233398438,1.155675640089751,1.1660292346942565,1.155675640089751,1.1660292346942565,abs(mean_region - mean_healthy) / abs(mean_healthy),6047,83418,1469466
BraTS-GLI-00325-000,raw,case_brain_mask,T1,408.2003173828125,420.72332763671875,424.6460266113281,16.445709228515625,3.922698974609375,0.03872804217609724,0.009237573717367572,0.03872804217609724,0.009237573717367572,abs(mean_region - mean_healthy) / abs(mean_healthy),40965,139507,1275198
BraTS-GLI-00325-000,raw,case_brain_mask,T1ce,296.3132629394531,228.6993408203125,239.12548828125,57.187774658203125,10.4261474609375,0.23915382282854394,0.04360115492445822,0.23915382282854394,0.04360115492445822,abs(mean_region - mean_healthy) / abs(mean_healthy),40965,139507,1275198
BraTS-GLI-00325-000,raw,case_brain_mask,T2,767.4699096679688,731.2686157226562,458.6492919921875,308.82061767578125,272.61932373046875,0.6733262714401871,0.594396041791148,0.6733262714401871,0.594396041791148,abs(mean_region - mean_healthy) / abs(mean_healthy),40965,139507,1275198
BraTS-GLI-00325-000,raw,case_brain_mask,FLAIR,568.1661987304688,479.2265319824219,259.1075439453125,309.05865478515625,220.11898803710938,1.1927813836651027,0.849527515430303,1.1927813836651027,0.849527515430303,abs(mean_region - mean_healthy) / abs(mean_healthy),40965,139507,1275198
BraTS-GLI-00327-000,raw,case_brain_mask,T1,250.09567260742188,270.48797607421875,323.4521179199219,73.3564453125,52.964141845703125,0.22679228624083736,0.16374646790476616,0.22679228624083736,0.16374646790476616,abs(mean_region - mean_healthy) / abs(mean_healthy),19201,98456,1349162
BraTS-GLI-00327-000,raw,case_brain_mask,T1ce,549.7328491210938,349.2620544433594,379.16241455078125,170.5704345703125,29.900360107421875,0.44986113608438366,0.07885897694487151,0.44986113608438366,0.07885897694487151,abs(mean_region - mean_healthy) / abs(mean_healthy),19201,98456,1349162
BraTS-GLI-00327-000,raw,case_brain_mask,T2,840.2677612304688,960.4434814453125,587.1990966796875,253.06866455078125,373.244384765625,0.4309759091622517,0.6356351480718079,0.4309759091622517,0.6356351480718079,abs(mean_region - mean_healthy) / abs(mean_healthy),19201,98456,1349162
BraTS-GLI-00327-000,raw,case_brain_mask,FLAIR,420.86968994140625,455.59942626953125,205.05079650878906,215.8188934326172,250.5486297607422,1.052514289664642,1.2218856694370508,1.052514289664642,1.2218856694370508,abs(mean_region - mean_healthy) / abs(mean_healthy),19201,98456,1349162
BraTS-GLI-00328-000,raw,case_brain_mask,T1,336.4469299316406,352.8564758300781,383.4127502441406,46.9658203125,30.5562744140625,0.122494153578863,0.07969550932932092,0.122494153578863,0.07969550932932092,abs(mean_region - mean_healthy) / abs(mean_healthy),17506,57075,1429654
BraTS-GLI-00328-000,raw,case_brain_mask,T1ce,1049.24853515625,640.9053955078125,466.4230651855469,582.8254699707031,174.48233032226562,1.2495639977385133,0.3740859819032645,1.2495639977385133,0.3740859819032645,abs(mean_region - mean_healthy) / abs(mean_healthy),17506,57075,1429654
BraTS-GLI-00328-000,raw,case_brain_mask,T2,888.2110595703125,876.5747680664062,581.306640625,306.9044189453125,295.26812744140625,0.5279561551461719,0.5079386795305565,0.5279561551461719,0.5079386795305565,abs(mean_region - mean_healthy) / abs(mean_healthy),17506,57075,1429654
BraTS-GLI-00328-000,raw,case_brain_mask,FLAIR,479.9736633300781,443.5278015136719,206.6602783203125,273.3133850097656,236.86752319335938,1.3225250020526167,1.1461686063648246,1.3225250020526167,1.1461686063648246,abs(mean_region - mean_healthy) / abs(mean_healthy),17506,57075,1429654
BraTS-GLI-00329-000,raw,case_brain_mask,T1,300.35369873046875,312.97259521484375,396.32550048828125,95.9718017578125,83.3529052734375,0.24215399120059963,0.21031426231909123,0.24215399120059963,0.21031426231909123,abs(mean_region - mean_healthy) / abs(mean_healthy),5844,24992,1349902
BraTS-GLI-00329-000,raw,case_brain_mask,T1ce,931.791748046875,492.59735107421875,463.25054931640625,468.54119873046875,29.3468017578125,1.0114207083442635,0.06334973979225278,1.0114207083442635,0.06334973979225278,abs(mean_region - mean_healthy) / abs(mean_healthy),5844,24992,1349902
BraTS-GLI-00329-000,raw,case_brain_mask,T2,925.9254150390625,824.558349609375,596.6564331054688,329.26898193359375,227.90191650390625,0.5518569207740195,0.38196507044720135,0.5518569207740195,0.38196507044720135,abs(mean_region - mean_healthy) / abs(mean_healthy),5844,24992,1349902
BraTS-GLI-00329-000,raw,case_brain_mask,FLAIR,540.2225952148438,407.39105224609375,193.54055786132812,346.6820373535156,213.85049438476562,1.7912629847947086,1.1049389169271155,1.7912629847947086,1.1049389169271155,abs(mean_region - mean_healthy) / abs(mean_healthy),5844,24992,1349902
BraTS-GLI-00331-000,raw,case_brain_mask,T1,315.20196533203125,361.33697509765625,419.6811218261719,104.47915649414062,58.344146728515625,0.24894890682601384,0.13902018388304166,0.24894890682601384,0.13902018388304166,abs(mean_region - mean_healthy) / abs(mean_healthy),406,26806,1394440
BraTS-GLI-00331-000,raw,case_brain_mask,T1ce,569.362060546875,482.5910949707031,480.4621887207031,88.89987182617188,2.12890625,0.1850299022757234,0.0044309548180440726,0.1850299022757234,0.0044309548180440726,abs(mean_region - mean_healthy) / abs(mean_healthy),406,26806,1394440
BraTS-GLI-00331-000,raw,case_brain_mask,T2,830.4531860351562,771.7261962890625,802.6482543945312,27.804931640625,30.92205810546875,0.03464149020245405,0.03852504249049225,0.03464149020245405,0.03852504249049225,abs(mean_region - mean_healthy) / abs(mean_healthy),406,26806,1394440
BraTS-GLI-00331-000,raw,case_brain_mask,FLAIR,715.418701171875,615.5955200195312,481.7024841308594,233.71621704101562,133.89303588867188,0.48518790070745044,0.2779579518470959,0.48518790070745044,0.2779579518470959,abs(mean_region - mean_healthy) / abs(mean_healthy),406,26806,1394440
BraTS-GLI-00332-000,raw,case_brain_mask,T1,304.4962463378906,357.99920654296875,327.98187255859375,23.485626220703125,30.017333984375,0.07160647641130664,0.0915213202187338,0.07160647641130664,0.0915213202187338,abs(mean_region - mean_healthy) / abs(mean_healthy),6124,37115,1049301
BraTS-GLI-00332-000,raw,case_brain_mask,T1ce,572.35888671875,428.8565979003906,407.8526916503906,164.50619506835938,21.00390625,0.40334708691679616,0.05149875599694325,0.40334708691679616,0.05149875599694325,abs(mean_region - mean_healthy) / abs(mean_healthy),6124,37115,1049301
BraTS-GLI-00332-000,raw,case_brain_mask,T2,534.7117919921875,464.75726318359375,397.6618347167969,137.04995727539062,67.09542846679688,0.34463945320021366,0.16872483756099016,0.34463945320021366,0.16872483756099016,abs(mean_region - mean_healthy) / abs(mean_healthy),6124,37115,1049301
BraTS-GLI-00332-000,raw,case_brain_mask,FLAIR,276.85858154296875,238.8236541748047,135.40956115722656,141.4490203857422,103.41409301757812,1.0446014238352275,0.7637133754351518,1.0446014238352275,0.7637133754351518,abs(mean_region - mean_healthy) / abs(mean_healthy),6124,37115,1049301
BraTS-GLI-00334-000,raw,case_brain_mask,T1,334.96856689453125,355.0589294433594,418.1756591796875,83.20709228515625,63.116729736328125,0.19897641208572275,0.15093353319545377,0.19897641208572275,0.15093353319545377,abs(mean_region - mean_healthy) / abs(mean_healthy),21452,48049,1540476
BraTS-GLI-00334-000,raw,case_brain_mask,T1ce,818.75244140625,609.335693359375,481.61553955078125,337.13690185546875,127.72015380859375,0.7000125082548779,0.26519109812719616,0.7000125082548779,0.26519109812719616,abs(mean_region - mean_healthy) / abs(mean_healthy),21452,48049,1540476
BraTS-GLI-00334-000,raw,case_brain_mask,T2,827.0802001953125,780.893310546875,488.1812744140625,338.89892578125,292.7120361328125,0.6942071389116922,0.5995970174893309,0.6942071389116922,0.5995970174893309,abs(mean_region - mean_healthy) / abs(mean_healthy),21452,48049,1540476
BraTS-GLI-00334-000,raw,case_brain_mask,FLAIR,495.30230712890625,424.4069519042969,188.7623748779297,306.53993225097656,235.6445770263672,1.6239461516057538,1.248366244484663,1.6239461516057538,1.248366244484663,abs(mean_region - mean_healthy) / abs(mean_healthy),21452,48049,1540476
BraTS-GLI-00336-000,raw,case_brain_mask,T1,381.46954345703125,354.204833984375,365.8076171875,15.66192626953125,11.602783203125,0.04281465320472948,0.031718265716642595,0.04281465320472948,0.031718265716642595,abs(mean_region - mean_healthy) / abs(mean_healthy),17168,145124,1458904
BraTS-GLI-00336-000,raw,case_brain_mask,T1ce,1008.903564453125,446.3235778808594,432.15679931640625,576.7467651367188,14.166778564453125,1.3345775562227127,0.032781570455127404,1.3345775562227127,0.032781570455127404,abs(mean_region - mean_healthy) / abs(mean_healthy),17168,145124,1458904
BraTS-GLI-00336-000,raw,case_brain_mask,T2,956.34765625,1004.1629638671875,543.4627685546875,412.8848876953125,460.7001953125,0.7597298501116453,0.8477125241490038,0.7597298501116453,0.8477125241490038,abs(mean_region - mean_healthy) / abs(mean_healthy),17168,145124,1458904
BraTS-GLI-00336-000,raw,case_brain_mask,FLAIR,486.79083251953125,436.63824462890625,178.97691345214844,307.8139190673828,257.6613311767578,1.7198526509938974,1.4396344545613509,1.7198526509938974,1.4396344545613509,abs(mean_region - mean_healthy) / abs(mean_healthy),17168,145124,1458904
BraTS-GLI-00338-000,raw,case_brain_mask,T1,284.0218811035156,279.66851806640625,274.64593505859375,9.375946044921875,5.0225830078125,0.03413830262196156,0.018287483507596673,0.03413830262196156,0.018287483507596673,abs(mean_region - mean_healthy) / abs(mean_healthy),6630,113856,1400660
BraTS-GLI-00338-000,raw,case_brain_mask,T1ce,365.6775207519531,302.487548828125,299.038330078125,66.63919067382812,3.44921875,0.22284497996099148,0.011534370022394378,0.22284497996099148,0.011534370022394378,abs(mean_region - mean_healthy) / abs(mean_healthy),6630,113856,1400660
BraTS-GLI-00338-000,raw,case_brain_mask,T2,483.1434326171875,468.9281921386719,379.99072265625,103.1527099609375,88.93746948242188,0.27146112736613376,0.23405168647466465,0.27146112736613376,0.23405168647466465,abs(mean_region - mean_healthy) / abs(mean_healthy),6630,113856,1400660
BraTS-GLI-00338-000,raw,case_brain_mask,FLAIR,434.98626708984375,394.611328125,255.51864624023438,179.46762084960938,139.09268188476562,0.702366044475975,0.5443543315973621,0.702366044475975,0.5443543315973621,abs(mean_region - mean_healthy) / abs(mean_healthy),6630,113856,1400660
BraTS-GLI-00339-000,raw,case_brain_mask,T1,283.74700927734375,303.0028076171875,308.50927734375,24.76226806640625,5.5064697265625,0.08026425746288145,0.0178486357816301,0.08026425746288145,0.0178486357816301,abs(mean_region - mean_healthy) / abs(mean_healthy),6182,84444,1384325
BraTS-GLI-00339-000,raw,case_brain_mask,T1ce,686.7022094726562,355.7883605957031,363.44805908203125,323.254150390625,7.659698486328125,0.8894094831791787,0.02107508430688664,0.8894094831791787,0.02107508430688664,abs(mean_region - mean_healthy) / abs(mean_healthy),6182,84444,1384325
BraTS-GLI-00339-000,raw,case_brain_mask,T2,766.5770263671875,770.087158203125,479.94256591796875,286.63446044921875,290.14459228515625,0.5972265866874787,0.6045402364556001,0.5972265866874787,0.6045402364556001,abs(mean_region - mean_healthy) / abs(mean_healthy),6182,84444,1384325
BraTS-GLI-00339-000,raw,case_brain_mask,FLAIR,425.6958923339844,357.1224060058594,143.601806640625,282.0940856933594,213.52059936523438,1.9644187792102252,1.486893545145896,1.9644187792102252,1.486893545145896,abs(mean_region - mean_healthy) / abs(mean_healthy),6182,84444,1384325
BraTS-GLI-00340-000,raw,case_brain_mask,T1,369.2281188964844,406.0660095214844,337.4486389160156,31.77947998046875,68.61737060546875,0.09417575392377873,0.20334167245684542,0.09417575392377873,0.20334167245684542,abs(mean_region - mean_healthy) / abs(mean_healthy),10841,33006,1552511
BraTS-GLI-00340-000,raw,case_brain_mask,T1ce,792.448486328125,576.71923828125,390.9461669921875,401.5023193359375,185.7730712890625,1.0270015496633862,0.47518836856322194,1.0270015496633862,0.47518836856322194,abs(mean_region - mean_healthy) / abs(mean_healthy),10841,33006,1552511
BraTS-GLI-00340-000,raw,case_brain_mask,T2,621.040283203125,558.153564453125,581.5289306640625,39.5113525390625,23.3753662109375,0.06794391552272987,0.040196394329418114,0.06794391552272987,0.040196394329418114,abs(mean_region - mean_healthy) / abs(mean_healthy),10841,33006,1552511
BraTS-GLI-00340-000,raw,case_brain_mask,FLAIR,384.8316650390625,317.14422607421875,186.82644653320312,198.00521850585938,130.31777954101562,1.059835061791798,0.6975338982206426,1.059835061791798,0.6975338982206426,abs(mean_region - mean_healthy) / abs(mean_healthy),10841,33006,1552511
BraTS-GLI-00341-000,raw,case_brain_mask,T1,396.6092834472656,416.5089111328125,395.768798828125,0.840484619140625,20.7401123046875,0.002123675796650235,0.052404616953380764,0.002123675796650235,0.052404616953380764,abs(mean_region - mean_healthy) / abs(mean_healthy),6936,24867,1279655
BraTS-GLI-00341-000,raw,case_brain_mask,T1ce,785.4180908203125,574.92578125,467.58367919921875,317.83441162109375,107.34210205078125,0.6797380356932372,0.22956768344569842,0.6797380356932372,0.22956768344569842,abs(mean_region - mean_healthy) / abs(mean_healthy),6936,24867,1279655
BraTS-GLI-00341-000,raw,case_brain_mask,T2,719.3702392578125,702.7199096679688,528.8564453125,190.5137939453125,173.86346435546875,0.3602372546159258,0.32875360770678186,0.3602372546159258,0.32875360770678186,abs(mean_region - mean_healthy) / abs(mean_healthy),6936,24867,1279655
BraTS-GLI-00341-000,raw,case_brain_mask,FLAIR,344.8664855957031,314.3298645019531,168.84445190429688,176.02203369140625,145.48541259765625,1.0425100244998142,0.8616534979788331,1.0425100244998142,0.8616534979788331,abs(mean_region - mean_healthy) / abs(mean_healthy),6936,24867,1279655
BraTS-GLI-00343-000,raw,case_brain_mask,T1,377.4740295410156,370.626953125,351.6275329589844,25.84649658203125,18.999420166015625,0.0735053264018609,0.054032800008956675,0.0735053264018609,0.054032800008956675,abs(mean_region - mean_healthy) / abs(mean_healthy),5219,30642,1459540
BraTS-GLI-00343-000,raw,case_brain_mask,T1ce,702.5491333007812,466.6733093261719,418.3903503417969,284.1587829589844,48.282958984375,0.6791714549029291,0.11540170308643843,0.6791714549029291,0.11540170308643843,abs(mean_region - mean_healthy) / abs(mean_healthy),5219,30642,1459540
BraTS-GLI-00343-000,raw,case_brain_mask,T2,628.9843139648438,547.5142211914062,442.5677490234375,186.41656494140625,104.94647216796875,0.4212158824332543,0.23713086278776946,0.4212158824332543,0.23713086278776946,abs(mean_region - mean_healthy) / abs(mean_healthy),5219,30642,1459540
BraTS-GLI-00343-000,raw,case_brain_mask,FLAIR,342.1590270996094,282.1138610839844,144.031494140625,198.12753295898438,138.08236694335938,1.375584792347865,0.9586956503314671,1.375584792347865,0.9586956503314671,abs(mean_region - mean_healthy) / abs(mean_healthy),5219,30642,1459540
BraTS-GLI-00344-000,raw,case_brain_mask,T1,238.96054077148438,242.41976928710938,276.49444580078125,37.533905029296875,34.074676513671875,0.1357492188336422,0.12323819530980103,0.1357492188336422,0.12323819530980103,abs(mean_region - mean_healthy) / abs(mean_healthy),9124,36937,1350240
BraTS-GLI-00344-000,raw,case_brain_mask,T1ce,575.650390625,369.59283447265625,339.1558837890625,236.4945068359375,30.43695068359375,0.6973032700887033,0.08974324827731417,0.6973032700887033,0.08974324827731417,abs(mean_region - mean_healthy) / abs(mean_healthy),9124,36937,1350240
BraTS-GLI-00344-000,raw,case_brain_mask,T2,613.9509887695312,560.5792846679688,412.50750732421875,201.4434814453125,148.07177734375,0.4883389462460955,0.35895535163526116,0.4883389462460955,0.35895535163526116,abs(mean_region - mean_healthy) / abs(mean_healthy),9124,36937,1350240
BraTS-GLI-00344-000,raw,case_brain_mask,FLAIR,284.21392822265625,228.03836059570312,117.49372863769531,166.72019958496094,110.54463195800781,1.4189710507788955,0.9408555949303831,1.4189710507788955,0.9408555949303831,abs(mean_region - mean_healthy) / abs(mean_healthy),9124,36937,1350240
BraTS-GLI-00346-000,raw,case_brain_mask,T1,336.8058776855469,354.5373840332031,344.4521484375,7.646270751953125,10.085235595703125,0.022198354072221798,0.02927906137747045,0.022198354072221798,0.02927906137747045,abs(mean_region - mean_healthy) / abs(mean_healthy),2246,39610,1344419
BraTS-GLI-00346-000,raw,case_brain_mask,T1ce,803.5249633789062,402.0040283203125,401.53448486328125,401.990478515625,0.46954345703125,1.0011356276223673,0.001169372680882254,1.0011356276223673,0.001169372680882254,abs(mean_region - mean_healthy) / abs(mean_healthy),2246,39610,1344419
BraTS-GLI-00346-000,raw,case_brain_mask,T2,725.84814453125,728.054931640625,508.64794921875,217.2001953125,219.406982421875,0.42701478625069716,0.43135332160263257,0.42701478625069716,0.43135332160263257,abs(mean_region - mean_healthy) / abs(mean_healthy),2246,39610,1344419
BraTS-GLI-00346-000,raw,case_brain_mask,FLAIR,406.99822998046875,383.30999755859375,152.62486267089844,254.3733673095703,230.6851348876953,1.6666574688952867,1.5114518752106365,1.6666574688952867,1.5114518752106365,abs(mean_region - mean_healthy) / abs(mean_healthy),2246,39610,1344419
BraTS-GLI-00347-000,raw,case_brain_mask,T1,314.1150207519531,321.2272644042969,383.37542724609375,69.26040649414062,62.148162841796875,0.18065948303379772,0.16210784110037169,0.18065948303379772,0.16210784110037169,abs(mean_region - mean_healthy) / abs(mean_healthy),20640,87535,1451456
BraTS-GLI-00347-000,raw,case_brain_mask,T1ce,656.8223876953125,430.3562316894531,449.6770935058594,207.14529418945312,19.32086181640625,0.46065342705021284,0.04296607965011786,0.46065342705021284,0.04296607965011786,abs(mean_region - mean_healthy) / abs(mean_healthy),20640,87535,1451456
BraTS-GLI-00347-000,raw,case_brain_mask,T2,725.3065185546875,814.206787109375,529.3524169921875,195.9541015625,284.8543701171875,0.3701770224757319,0.5381185784240814,0.3701770224757319,0.5381185784240814,abs(mean_region - mean_healthy) / abs(mean_healthy),20640,87535,1451456
BraTS-GLI-00347-000,raw,case_brain_mask,FLAIR,393.8818664550781,404.76690673828125,181.39157104492188,212.49029541015625,223.37533569335938,1.171445256171979,1.2314537792830527,1.171445256171979,1.2314537792830527,abs(mean_region - mean_healthy) / abs(mean_healthy),20640,87535,1451456
BraTS-GLI-00348-000,raw,case_brain_mask,T1,335.0773010253906,343.5052795410156,318.6704406738281,16.4068603515625,24.8348388671875,0.05148535369917028,0.0779326718056255,0.05148535369917028,0.0779326718056255,abs(mean_region - mean_healthy) / abs(mean_healthy),1035,21929,1400622
BraTS-GLI-00348-000,raw,case_brain_mask,T1ce,548.5313720703125,376.1133728027344,359.79046630859375,188.74090576171875,16.322906494140625,0.52458562256576,0.045367812720586105,0.52458562256576,0.045367812720586105,abs(mean_region - mean_healthy) / abs(mean_healthy),1035,21929,1400622
BraTS-GLI-00348-000,raw,case_brain_mask,T2,771.638671875,688.870361328125,525.3014526367188,246.33721923828125,163.56890869140625,0.46894448511765296,0.31138103249169036,0.46894448511765296,0.31138103249169036,abs(mean_region - mean_healthy) / abs(mean_healthy),1035,21929,1400622
BraTS-GLI-00348-000,raw,case_brain_mask,FLAIR,519.1478271484375,439.7206115722656,248.72264099121094,270.42518615722656,190.9979705810547,1.0872560096641244,0.7679154974387874,1.0872560096641244,0.7679154974387874,abs(mean_region - mean_healthy) / abs(mean_healthy),1035,21929,1400622
BraTS-GLI-00349-000,raw,case_brain_mask,T1,367.83258056640625,375.88690185546875,356.177978515625,11.65460205078125,19.70892333984375,0.03272128754099821,0.05533448031228901,0.03272128754099821,0.05533448031228901,abs(mean_region - mean_healthy) / abs(mean_healthy),29128,90889,1252491
BraTS-GLI-00349-000,raw,case_brain_mask,T1ce,531.9434814453125,439.1051025390625,384.91815185546875,147.02532958984375,54.18695068359375,0.38196517592407453,0.14077525422583909,0.38196517592407453,0.14077525422583909,abs(mean_region - mean_healthy) / abs(mean_healthy),29128,90889,1252491
BraTS-GLI-00349-000,raw,case_brain_mask,T2,692.5341796875,710.2674560546875,479.3592529296875,213.1749267578125,230.908203125,0.44470806697681714,0.48170177526305025,0.44470806697681714,0.48170177526305025,abs(mean_region - mean_healthy) / abs(mean_healthy),29128,90889,1252491
BraTS-GLI-00349-000,raw,case_brain_mask,FLAIR,564.7225952148438,499.2872619628906,278.51800537109375,286.20458984375,220.76925659179688,1.0275981599911816,0.792657035934344,1.0275981599911816,0.792657035934344,abs(mean_region - mean_healthy) / abs(mean_healthy),29128,90889,1252491
BraTS-GLI-00350-000,raw,case_brain_mask,T1,393.6093444824219,403.594482421875,427.6561279296875,34.046783447265625,24.0616455078125,0.07961252329550011,0.05626400263290174,0.07961252329550011,0.05626400263290174,abs(mean_region - mean_healthy) / abs(mean_healthy),14501,60060,1359662
BraTS-GLI-00350-000,raw,case_brain_mask,T1ce,409.33673095703125,254.37857055664062,294.43096923828125,114.90576171875,40.052398681640625,0.390263843562453,0.13603323993145047,0.390263843562453,0.13603323993145047,abs(mean_region - mean_healthy) / abs(mean_healthy),14501,60060,1359662
BraTS-GLI-00350-000,raw,case_brain_mask,T2,759.3465576171875,721.5360717773438,421.695068359375,337.6514892578125,299.84100341796875,0.8007005881559438,0.711037491105871,0.8007005881559438,0.711037491105871,abs(mean_region - mean_healthy) / abs(mean_healthy),14501,60060,1359662
BraTS-GLI-00350-000,raw,case_brain_mask,FLAIR,582.75927734375,577.6112670898438,354.2780456542969,228.48123168945312,223.33322143554688,0.6449206618702086,0.6303896732383879,0.6449206618702086,0.6303896732383879,abs(mean_region - mean_healthy) / abs(mean_healthy),14501,60060,1359662
BraTS-GLI-00351-000,raw,case_brain_mask,T1,229.2880096435547,255.4130096435547,263.5149841308594,34.22697448730469,8.101974487304688,0.12988625523589906,0.030745782878446537,0.12988625523589906,0.030745782878446537,abs(mean_region - mean_healthy) / abs(mean_healthy),35561,103101,1554710
BraTS-GLI-00351-000,raw,case_brain_mask,T1ce,586.6904907226562,390.3565673828125,295.1953430175781,291.4951477050781,95.16122436523438,0.9874652652895013,0.32236695671573573,0.9874652652895013,0.32236695671573573,abs(mean_region - mean_healthy) / abs(mean_healthy),35561,103101,1554710
BraTS-GLI-00351-000,raw,case_brain_mask,T2,857.50634765625,726.9186401367188,530.6818237304688,326.82452392578125,196.23681640625,0.6158577688384785,0.3697824339013313,0.6158577688384785,0.3697824339013313,abs(mean_region - mean_healthy) / abs(mean_healthy),35561,103101,1554710
BraTS-GLI-00351-000,raw,case_brain_mask,FLAIR,400.5191650390625,389.921142578125,231.9719696044922,168.5471954345703,157.9491729736328,0.7265843184499406,0.6808976672609762,0.7265843184499406,0.6808976672609762,abs(mean_region - mean_healthy) / abs(mean_healthy),35561,103101,1554710
BraTS-GLI-00352-000,raw,case_brain_mask,T1,271.4461364746094,313.74285888671875,353.67132568359375,82.22518920898438,39.928466796875,0.2324904034842389,0.11289709936110667,0.2324904034842389,0.11289709936110667,abs(mean_region - mean_healthy) / abs(mean_healthy),12755,44170,1225455
BraTS-GLI-00352-000,raw,case_brain_mask,T1ce,766.7880859375,573.187255859375,422.6913146972656,344.0967712402344,150.49594116210938,0.81406160778742,0.35604218948737,0.81406160778742,0.35604218948737,abs(mean_region - mean_healthy) / abs(mean_healthy),12755,44170,1225455
BraTS-GLI-00352-000,raw,case_brain_mask,T2,929.5021362304688,810.99169921875,640.1727905273438,289.329345703125,170.81890869140625,0.45195508147853225,0.26683250400363595,0.45195508147853225,0.26683250400363595,abs(mean_region - mean_healthy) / abs(mean_healthy),12755,44170,1225455
BraTS-GLI-00352-000,raw,case_brain_mask,FLAIR,376.7284851074219,341.1607971191406,184.6014404296875,192.12704467773438,156.55935668945312,1.0407667688319762,0.8480939061203302,1.0407667688319762,0.8480939061203302,abs(mean_region - mean_healthy) / abs(mean_healthy),12755,44170,1225455
BraTS-GLI-00353-000,raw,case_brain_mask,T1,342.13458251953125,343.1461486816406,334.0388488769531,8.095733642578125,9.1072998046875,0.024235904505706993,0.0272641934772152,0.024235904505706993,0.0272641934772152,abs(mean_region - mean_healthy) / abs(mean_healthy),40254,79512,1449720
BraTS-GLI-00353-000,raw,case_brain_mask,T1ce,918.63037109375,664.9927978515625,422.21295166015625,496.41741943359375,242.77984619140625,1.1757512825735519,0.5750175243009181,1.1757512825735519,0.5750175243009181,abs(mean_region - mean_healthy) / abs(mean_healthy),40254,79512,1449720
BraTS-GLI-00353-000,raw,case_brain_mask,T2,754.5363159179688,759.0032958984375,523.5009765625,231.03533935546875,235.5023193359375,0.4413274276440357,0.4498603247740479,0.4413274276440357,0.4498603247740479,abs(mean_region - mean_healthy) / abs(mean_healthy),40254,79512,1449720
BraTS-GLI-00353-000,raw,case_brain_mask,FLAIR,423.7802429199219,387.222900390625,176.3830108642578,247.39723205566406,210.8398895263672,1.4026137259106997,1.1953525937292622,1.4026137259106997,1.1953525937292622,abs(mean_region - mean_healthy) / abs(mean_healthy),40254,79512,1449720
BraTS-GLI-00356-000,raw,case_brain_mask,T1,281.75958251953125,284.8919982910156,364.25433349609375,82.4947509765625,79.36233520507812,0.226475688524505,0.21787615933999369,0.226475688524505,0.21787615933999369,abs(mean_region - mean_healthy) / abs(mean_healthy),11493,34797,1288604
BraTS-GLI-00356-000,raw,case_brain_mask,T1ce,693.3917236328125,461.9001159667969,439.7077331542969,253.68399047851562,22.1923828125,0.5769377505796468,0.05047075850429158,0.5769377505796468,0.05047075850429158,abs(mean_region - mean_healthy) / abs(mean_healthy),11493,34797,1288604
BraTS-GLI-00356-000,raw,case_brain_mask,T2,900.8511352539062,907.8986206054688,529.1158447265625,371.73529052734375,378.78277587890625,0.7025593624387677,0.7158787242038732,0.7025593624387677,0.7158787242038732,abs(mean_region - mean_healthy) / abs(mean_healthy),11493,34797,1288604
BraTS-GLI-00356-000,raw,case_brain_mask,FLAIR,434.280517578125,383.0333251953125,169.33738708496094,264.94313049316406,213.69593811035156,1.5645873309727831,1.2619536759660452,1.5645873309727831,1.2619536759660452,abs(mean_region - mean_healthy) / abs(mean_healthy),11493,34797,1288604
BraTS-GLI-00359-000,raw,case_brain_mask,T1,327.68670654296875,342.68927001953125,345.11126708984375,17.424560546875,2.4219970703125,0.050489689003224626,0.0070180179590658654,0.050489689003224626,0.0070180179590658654,abs(mean_region - mean_healthy) / abs(mean_healthy),14842,77401,1397432
BraTS-GLI-00359-000,raw,case_brain_mask,T1ce,891.33447265625,467.67291259765625,397.5616455078125,493.7728271484375,70.11126708984375,1.2420031779417071,0.17635319674836689,1.2420031779417071,0.17635319674836689,abs(mean_region - mean_healthy) / abs(mean_healthy),14842,77401,1397432
BraTS-GLI-00359-000,raw,case_brain_mask,T2,725.3260498046875,681.3373413085938,472.34490966796875,252.98114013671875,208.992431640625,0.5355856175406863,0.4424572539323746,0.5355856175406863,0.4424572539323746,abs(mean_region - mean_healthy) / abs(mean_healthy),14842,77401,1397432
BraTS-GLI-00359-000,raw,case_brain_mask,FLAIR,441.44281005859375,355.7801513671875,145.90614318847656,295.5366668701172,209.87400817871094,2.0255258648592545,1.4384179006609947,2.0255258648592545,1.4384179006609947,abs(mean_region - mean_healthy) / abs(mean_healthy),14842,77401,1397432
BraTS-GLI-00360-000,raw,case_brain_mask,T1,270.9078369140625,286.2960510253906,296.67041015625,25.7625732421875,10.374359130859375,0.08683903874545122,0.03496930861893311,0.08683903874545122,0.03496930861893311,abs(mean_region - mean_healthy) / abs(mean_healthy),46087,78394,1339891
BraTS-GLI-00360-000,raw,case_brain_mask,T1ce,810.9721069335938,625.8775024414062,352.2592468261719,458.7128601074219,273.6182556152344,1.3022024666219232,0.7767525141795804,1.3022024666219232,0.7767525141795804,abs(mean_region - mean_healthy) / abs(mean_healthy),46087,78394,1339891
BraTS-GLI-00360-000,raw,case_brain_mask,T2,639.1406860351562,632.38525390625,509.3341369628906,129.80654907226562,123.05111694335938,0.25485538795080437,0.24159212590206713,0.25485538795080437,0.24159212590206713,abs(mean_region - mean_healthy) / abs(mean_healthy),46087,78394,1339891
BraTS-GLI-00360-000,raw,case_brain_mask,FLAIR,332.9515380859375,320.33477783203125,145.5425567626953,187.4089813232422,174.79222106933594,1.2876576136339928,1.2009698397310122,1.2876576136339928,1.2009698397310122,abs(mean_region - mean_healthy) / abs(mean_healthy),46087,78394,1339891
BraTS-GLI-00364-000,raw,case_brain_mask,T1,273.9458312988281,292.1514587402344,303.9950256347656,30.0491943359375,11.84356689453125,0.0988476514482183,0.038959739126654944,0.0988476514482183,0.038959739126654944,abs(mean_region - mean_healthy) / abs(mean_healthy),24927,74666,1295478
BraTS-GLI-00364-000,raw,case_brain_mask,T1ce,804.2070922851562,493.1781005859375,373.7196960449219,430.4873962402344,119.45840454101562,1.1518991393712599,0.3196470665186897,1.1518991393712599,0.3196470665186897,abs(mean_region - mean_healthy) / abs(mean_healthy),24927,74666,1295478
BraTS-GLI-00364-000,raw,case_brain_mask,T2,594.2697143554688,606.9842529296875,399.4681396484375,194.80157470703125,207.51611328125,0.4876523441355587,0.5194810115867564,0.4876523441355587,0.5194810115867564,abs(mean_region - mean_healthy) / abs(mean_healthy),24927,74666,1295478
BraTS-GLI-00364-000,raw,case_brain_mask,FLAIR,342.3506774902344,316.9471435546875,139.62368774414062,202.72698974609375,177.32345581054688,1.4519526952875608,1.270009829102142,1.4519526952875608,1.270009829102142,abs(mean_region - mean_healthy) / abs(mean_healthy),24927,74666,1295478
BraTS-GLI-00366-000,raw,case_brain_mask,T1,316.6026916503906,275.4674377441406,306.0229797363281,10.5797119140625,30.5555419921875,0.03457162570986684,0.09984721414880152,0.03457162570986684,0.09984721414880152,abs(mean_region - mean_healthy) / abs(mean_healthy),1631,102847,1245996
BraTS-GLI-00366-000,raw,case_brain_mask,T1ce,455.538330078125,228.85592651367188,357.0773620605469,98.46096801757812,128.221435546875,0.27574127760270295,0.35908587093553546,0.27574127760270295,0.35908587093553546,abs(mean_region - mean_healthy) / abs(mean_healthy),1631,102847,1245996
BraTS-GLI-00366-000,raw,case_brain_mask,T2,1109.1134033203125,1262.3846435546875,487.3295593261719,621.7838439941406,775.0550842285156,1.2759001215807184,1.5904126261090756,1.2759001215807184,1.5904126261090756,abs(mean_region - mean_healthy) / abs(mean_healthy),1631,102847,1245996
BraTS-GLI-00366-000,raw,case_brain_mask,FLAIR,575.0956420898438,274.554443359375,167.0174560546875,408.07818603515625,107.5369873046875,2.4433265580427523,0.6438667540803402,2.4433265580427523,0.6438667540803402,abs(mean_region - mean_healthy) / abs(mean_healthy),1631,102847,1245996
BraTS-GLI-00367-000,raw,case_brain_mask,T1,318.83709716796875,314.4931640625,313.0679626464844,5.769134521484375,1.425201416015625,0.01842773841409914,0.004552370686440883,0.01842773841409914,0.004552370686440883,abs(mean_region - mean_healthy) / abs(mean_healthy),15058,87782,1545046
BraTS-GLI-00367-000,raw,case_brain_mask,T1ce,609.2120971679688,384.83807373046875,371.19305419921875,238.01904296875,13.64501953125,0.6412270926842438,0.03675989994124927,0.6412270926842438,0.03675989994124927,abs(mean_region - mean_healthy) / abs(mean_healthy),15058,87782,1545046
BraTS-GLI-00367-000,raw,case_brain_mask,T2,480.883056640625,571.1793212890625,461.5741271972656,19.308929443359375,109.60519409179688,0.041832781140930815,0.23745957070283158,0.041832781140930815,0.23745957070283158,abs(mean_region - mean_healthy) / abs(mean_healthy),15058,87782,1545046
BraTS-GLI-00367-000,raw,case_brain_mask,FLAIR,223.74034118652344,261.32000732421875,129.20387268066406,94.53646850585938,132.1161346435547,0.7316844808476641,1.0225400516444927,0.7316844808476641,1.0225400516444927,abs(mean_region - mean_healthy) / abs(mean_healthy),15058,87782,1545046
BraTS-GLI-00369-000,raw,case_brain_mask,T1,381.41241455078125,370.3968505859375,392.2841491699219,10.871734619140625,21.887298583984375,0.027713927881474056,0.0557945015884485,0.027713927881474056,0.0557945015884485,abs(mean_region - mean_healthy) / abs(mean_healthy),13794,197633,1239252
BraTS-GLI-00369-000,raw,case_brain_mask,T1ce,451.1865234375,247.53829956054688,306.7712707519531,144.41525268554688,59.23297119140625,0.4707587263030152,0.1930851316233599,0.4707587263030152,0.1930851316233599,abs(mean_region - mean_healthy) / abs(mean_healthy),13794,197633,1239252
BraTS-GLI-00369-000,raw,case_brain_mask,T2,661.6010131835938,729.0501708984375,416.739013671875,244.86199951171875,312.3111572265625,0.5875667779559369,0.7494166540223778,0.5875667779559369,0.7494166540223778,abs(mean_region - mean_healthy) / abs(mean_healthy),13794,197633,1239252
BraTS-GLI-00369-000,raw,case_brain_mask,FLAIR,486.6494140625,520.0559692382812,266.8011779785156,219.84823608398438,253.25479125976562,0.8240152376751794,0.9492266607614422,0.8240152376751794,0.9492266607614422,abs(mean_region - mean_healthy) / abs(mean_healthy),13794,197633,1239252
BraTS-GLI-00370-000,raw,case_brain_mask,T1,263.7738037109375,268.62103271484375,301.17999267578125,37.40618896484375,32.5589599609375,0.12419878436318087,0.10810465752280915,0.12419878436318087,0.10810465752280915,abs(mean_region - mean_healthy) / abs(mean_healthy),31176,78083,1264693
BraTS-GLI-00370-000,raw,case_brain_mask,T1ce,726.5869750976562,478.006591796875,366.39300537109375,360.1939697265625,111.61358642578125,0.9830809116067795,0.30462804908826163,0.9830809116067795,0.30462804908826163,abs(mean_region - mean_healthy) / abs(mean_healthy),31176,78083,1264693
BraTS-GLI-00370-000,raw,case_brain_mask,T2,647.6504516601562,687.2481079101562,452.262939453125,195.38751220703125,234.98516845703125,0.43202193936848604,0.5195764409552872,0.43202193936848604,0.5195764409552872,abs(mean_region - mean_healthy) / abs(mean_healthy),31176,78083,1264693
BraTS-GLI-00370-000,raw,case_brain_mask,FLAIR,328.02203369140625,321.8542175292969,147.669921875,180.35211181640625,174.18429565429688,1.2213192065549485,1.1795516205510073,1.2213192065549485,1.1795516205510073,abs(mean_region - mean_healthy) / abs(mean_healthy),31176,78083,1264693
BraTS-GLI-00371-000,raw,case_brain_mask,T1,323.9693298339844,294.07672119140625,308.3930358886719,15.5762939453125,14.316314697265625,0.0505079302469575,0.04642230216389754,0.0505079302469575,0.04642230216389754,abs(mean_region - mean_healthy) / abs(mean_healthy),7013,83820,1320525
BraTS-GLI-00371-000,raw,case_brain_mask,T1ce,816.4703979492188,347.68646240234375,372.4560546875,444.01434326171875,24.76959228515625,1.19212545392572,0.06650339542993484,1.19212545392572,0.06650339542993484,abs(mean_region - mean_healthy) / abs(mean_healthy),7013,83820,1320525
BraTS-GLI-00371-000,raw,case_brain_mask,T2,642.5532836914062,765.89892578125,447.71453857421875,194.8387451171875,318.18438720703125,0.4351852091684724,0.7106858495601099,0.4351852091684724,0.7106858495601099,abs(mean_region - mean_healthy) / abs(mean_healthy),7013,83820,1320525
BraTS-GLI-00371-000,raw,case_brain_mask,FLAIR,355.8445739746094,379.52581787109375,139.68975830078125,216.15481567382812,239.8360595703125,1.5473920085708905,1.716919425502157,1.5473920085708905,1.716919425502157,abs(mean_region - mean_healthy) / abs(mean_healthy),7013,83820,1320525
BraTS-GLI-00373-000,raw,case_brain_mask,T1,270.2049255371094,309.7090759277344,330.9914855957031,60.78656005859375,21.28240966796875,0.18364992062920565,0.06429896415512217,0.18364992062920565,0.06429896415512217,abs(mean_region - mean_healthy) / abs(mean_healthy),8198,17892,1483698
BraTS-GLI-00373-000,raw,case_brain_mask,T1ce,920.8880004882812,625.2735595703125,400.73486328125,520.1531372070312,224.5386962890625,1.2979982149493423,0.5603173491083885,1.2979982149493423,0.5603173491083885,abs(mean_region - mean_healthy) / abs(mean_healthy),8198,17892,1483698
BraTS-GLI-00373-000,raw,case_brain_mask,T2,1169.8133544921875,994.9498291015625,620.1953735351562,549.6179809570312,374.75445556640625,0.8862013559117202,0.6042522591393743,0.8862013559117202,0.6042522591393743,abs(mean_region - mean_healthy) / abs(mean_healthy),8198,17892,1483698
BraTS-GLI-00373-000,raw,case_brain_mask,FLAIR,765.2752075195312,578.054443359375,189.05380249023438,576.2214050292969,389.0006408691406,3.047922852855931,2.0576187082470057,3.047922852855931,2.0576187082470057,abs(mean_region - mean_healthy) / abs(mean_healthy),8198,17892,1483698
BraTS-GLI-00375-000,raw,case_brain_mask,T1,351.8946533203125,280.08892822265625,324.77142333984375,27.12322998046875,44.6824951171875,0.08351482929607004,0.13758136309434876,0.08351482929607004,0.13758136309434876,abs(mean_region - mean_healthy) / abs(mean_healthy),9075,149897,1571252
BraTS-GLI-00375-000,raw,case_brain_mask,T1ce,641.0263061523438,315.72320556640625,374.044677734375,266.98162841796875,58.32147216796875,0.7137693551345322,0.15592113894315401,0.7137693551345322,0.15592113894315401,abs(mean_region - mean_healthy) / abs(mean_healthy),9075,149897,1571252
BraTS-GLI-00375-000,raw,case_brain_mask,T2,637.9970092773438,728.7642822265625,412.4703674316406,225.52664184570312,316.2939147949219,0.5467705310565856,0.7668282130530062,0.5467705310565856,0.7668282130530062,abs(mean_region - mean_healthy) / abs(mean_healthy),9075,149897,1571252
BraTS-GLI-00375-000,raw,case_brain_mask,FLAIR,345.4430847167969,364.6346435546875,173.86782836914062,171.57525634765625,190.76681518554688,0.9868142827630135,1.0971944434741994,0.9868142827630135,1.0971944434741994,abs(mean_region - mean_healthy) / abs(mean_healthy),9075,149897,1571252
BraTS-GLI-00376-000,raw,case_brain_mask,T1,531.2442626953125,466.13568115234375,412.7707824707031,118.47348022460938,53.364898681640625,0.28702002480763805,0.12928458347322164,0.28702002480763805,0.12928458347322164,abs(mean_region - mean_healthy) / abs(mean_healthy),2477,34854,1670374
BraTS-GLI-00376-000,raw,case_brain_mask,T1ce,1047.35205078125,529.7276611328125,476.94384765625,570.408203125,52.7838134765625,1.1959651139815373,0.11067091804611269,1.1959651139815373,0.11067091804611269,abs(mean_region - mean_healthy) / abs(mean_healthy),2477,34854,1670374
BraTS-GLI-00376-000,raw,case_brain_mask,T2,1003.2373657226562,1211.853515625,785.1415405273438,218.0958251953125,426.71197509765625,0.27777899135081746,0.543484140211271,0.27777899135081746,0.543484140211271,abs(mean_region - mean_healthy) / abs(mean_healthy),2477,34854,1670374
BraTS-GLI-00376-000,raw,case_brain_mask,FLAIR,511.5321044921875,600.6019287109375,235.89486694335938,275.6372375488281,364.7070617675781,1.1684749274981523,1.546057642089973,1.1684749274981523,1.546057642089973,abs(mean_region - mean_healthy) / abs(mean_healthy),2477,34854,1670374
BraTS-GLI-00377-000,raw,case_brain_mask,T1,369.60968017578125,373.9241638183594,327.32275390625,42.28692626953125,46.601409912109375,0.12919030456905797,0.1423714341761181,0.12919030456905797,0.1423714341761181,abs(mean_region - mean_healthy) / abs(mean_healthy),13986,30602,1326398
BraTS-GLI-00377-000,raw,case_brain_mask,T1ce,551.7064819335938,480.0827331542969,391.9738464355469,159.73263549804688,88.10888671875,0.40750840126348087,0.22478256526545565,0.40750840126348087,0.22478256526545565,abs(mean_region - mean_healthy) / abs(mean_healthy),13986,30602,1326398
BraTS-GLI-00377-000,raw,case_brain_mask,T2,585.1051025390625,575.2003173828125,470.2613525390625,114.84375,104.93896484375,0.2442126051395228,0.22315030626513838,0.2442126051395228,0.22315030626513838,abs(mean_region - mean_healthy) / abs(mean_healthy),13986,30602,1326398
BraTS-GLI-00377-000,raw,case_brain_mask,FLAIR,513.4178466796875,494.04083251953125,284.77777099609375,228.64007568359375,209.2630615234375,0.8028719196862102,0.7348293400551545,0.8028719196862102,0.7348293400551545,abs(mean_region - mean_healthy) / abs(mean_healthy),13986,30602,1326398
BraTS-GLI-00378-000,raw,case_brain_mask,T1,269.3111267089844,304.2840576171875,357.4154052734375,88.10427856445312,53.13134765625,0.24650386431175156,0.14865433015010177,0.24650386431175156,0.14865433015010177,abs(mean_region - mean_healthy) / abs(mean_healthy),3603,38093,1534097
BraTS-GLI-00378-000,raw,case_brain_mask,T1ce,552.2406616210938,376.4819641113281,416.6964111328125,135.54425048828125,40.214447021484375,0.32528298028724706,0.0965077834775662,0.32528298028724706,0.0965077834775662,abs(mean_region - mean_healthy) / abs(mean_healthy),3603,38093,1534097
BraTS-GLI-00378-000,raw,case_brain_mask,T2,740.450439453125,679.9586181640625,437.1536865234375,303.2967529296875,242.804931640625,0.6937989139282407,0.5554223586024987,0.6937989139282407,0.5554223586024987,abs(mean_region - mean_healthy) / abs(mean_healthy),3603,38093,1534097
BraTS-GLI-00378-000,raw,case_brain_mask,FLAIR,366.1493225097656,292.3214111328125,150.09451293945312,216.0548095703125,142.22689819335938,1.4394584141624631,0.947582262722239,1.4394584141624631,0.947582262722239,abs(mean_region - mean_healthy) / abs(mean_healthy),3603,38093,1534097
BraTS-GLI-00379-000,raw,case_brain_mask,T1,286.4190368652344,304.1439208984375,278.4756774902344,7.943359375,25.668243408203125,0.028524427865979637,0.09217409448300297,0.028524427865979637,0.09217409448300297,abs(mean_region - mean_healthy) / abs(mean_healthy),5997,22733,1389817
BraTS-GLI-00379-000,raw,case_brain_mask,T1ce,533.7468872070312,396.7022705078125,330.98516845703125,202.76171875,65.71710205078125,0.612600618013259,0.19854999049394775,0.612600618013259,0.19854999049394775,abs(mean_region - mean_healthy) / abs(mean_healthy),5997,22733,1389817
BraTS-GLI-00379-000,raw,case_brain_mask,T2,841.8734130859375,796.966796875,586.2615356445312,255.61187744140625,210.70526123046875,0.4360031520068745,0.35940488744297555,0.4360031520068745,0.35940488744297555,abs(mean_region - mean_healthy) / abs(mean_healthy),5997,22733,1389817
BraTS-GLI-00379-000,raw,case_brain_mask,FLAIR,398.1837463378906,339.31719970703125,168.03848266601562,230.145263671875,171.27871704101562,1.3695985587378787,1.019282692414214,1.3695985587378787,1.019282692414214,abs(mean_region - mean_healthy) / abs(mean_healthy),5997,22733,1389817
BraTS-GLI-00382-000,raw,case_brain_mask,T1,325.40753173828125,304.74224853515625,346.29913330078125,20.8916015625,41.556884765625,0.060328194770139405,0.12000285524691276,0.060328194770139405,0.12000285524691276,abs(mean_region - mean_healthy) / abs(mean_healthy),10532,53436,1564700
BraTS-GLI-00382-000,raw,case_brain_mask,T1ce,719.276611328125,406.0028076171875,407.6003112792969,311.6763000488281,1.597503662109375,0.7646615849497242,0.003919289602835287,0.7646615849497242,0.003919289602835287,abs(mean_region - mean_healthy) / abs(mean_healthy),10532,53436,1564700
BraTS-GLI-00382-000,raw,case_brain_mask,T2,948.9503173828125,1036.0897216796875,603.73388671875,345.2164306640625,432.3558349609375,0.571802309358994,0.7161364377122513,0.571802309358994,0.7161364377122513,abs(mean_region - mean_healthy) / abs(mean_healthy),10532,53436,1564700
BraTS-GLI-00382-000,raw,case_brain_mask,FLAIR,443.04937744140625,429.37969970703125,182.699951171875,260.34942626953125,246.67974853515625,1.425010924193447,1.350190555349915,1.425010924193447,1.350190555349915,abs(mean_region - mean_healthy) / abs(mean_healthy),10532,53436,1564700
BraTS-GLI-00383-000,raw,case_brain_mask,T1,374.5724182128906,383.8310546875,366.63287353515625,7.939544677734375,17.19818115234375,0.021655299485775804,0.04690845364332728,0.021655299485775804,0.04690845364332728,abs(mean_region - mean_healthy) / abs(mean_healthy),15618,89335,1319158
BraTS-GLI-00383-000,raw,case_brain_mask,T1ce,405.7095642089844,282.5120849609375,289.4661560058594,116.243408203125,6.954071044921875,0.40157858109247146,0.02402377929384294,0.40157858109247146,0.02402377929384294,abs(mean_region - mean_healthy) / abs(mean_healthy),15618,89335,1319158
BraTS-GLI-00383-000,raw,case_brain_mask,T2,828.997802734375,792.242431640625,561.2994995117188,267.69830322265625,230.94293212890625,0.4769259610164097,0.4114433245171362,0.4769259610164097,0.4114433245171362,abs(mean_region - mean_healthy) / abs(mean_healthy),15618,89335,1319158
BraTS-GLI-00383-000,raw,case_brain_mask,FLAIR,698.2750244140625,575.4042358398438,305.16888427734375,393.10614013671875,270.2353515625,1.2881593124004602,0.8855272129150119,1.2881593124004602,0.8855272129150119,abs(mean_region - mean_healthy) / abs(mean_healthy),15618,89335,1319158
BraTS-GLI-00386-000,raw,case_brain_mask,T1,253.49386596679688,250.93003845214844,342.9206237792969,89.4267578125,91.99058532714844,0.26077975954591437,0.26825620551289275,0.26077975954591437,0.26825620551289275,abs(mean_region - mean_healthy) / abs(mean_healthy),10918,72844,1470587
BraTS-GLI-00386-000,raw,case_brain_mask,T1ce,638.7738647460938,324.1214599609375,397.1148376464844,241.65902709960938,72.99337768554688,0.6085368870420719,0.18380924298408188,0.6085368870420719,0.18380924298408188,abs(mean_region - mean_healthy) / abs(mean_healthy),10918,72844,1470587
BraTS-GLI-00386-000,raw,case_brain_mask,T2,1109.5050048828125,1182.28125,513.29833984375,596.2066650390625,668.98291015625,1.1615207351353407,1.3033023063349298,1.1615207351353407,1.3033023063349298,abs(mean_region - mean_healthy) / abs(mean_healthy),10918,72844,1470587
BraTS-GLI-00386-000,raw,case_brain_mask,FLAIR,643.4346313476562,488.0699157714844,269.0255126953125,374.40911865234375,219.04440307617188,1.3917234648164558,0.8142142389456303,1.3917234648164558,0.8142142389456303,abs(mean_region - mean_healthy) / abs(mean_healthy),10918,72844,1470587
BraTS-GLI-00387-000,raw,case_brain_mask,T1,212.77586364746094,232.98269653320312,271.5375671386719,58.76170349121094,38.55487060546875,0.21640358684219133,0.14198724328180753,0.21640358684219133,0.14198724328180753,abs(mean_region - mean_healthy) / abs(mean_healthy),11118,19476,1214870
BraTS-GLI-00387-000,raw,case_brain_mask,T1ce,572.1673583984375,469.4846496582031,335.10504150390625,237.06231689453125,134.37960815429688,0.7074268886872831,0.40100742009496276,0.7074268886872831,0.40100742009496276,abs(mean_region - mean_healthy) / abs(mean_healthy),11118,19476,1214870
BraTS-GLI-00387-000,raw,case_brain_mask,T2,502.7194519042969,521.5654907226562,421.8732604980469,80.84619140625,99.69223022460938,0.1916362068333181,0.2363084830427903,0.1916362068333181,0.2363084830427903,abs(mean_region - mean_healthy) / abs(mean_healthy),11118,19476,1214870
BraTS-GLI-00387-000,raw,case_brain_mask,FLAIR,238.5790557861328,241.65301513671875,107.81769561767578,130.76136016845703,133.83531951904297,1.212800546508989,1.2413112592725626,1.212800546508989,1.2413112592725626,abs(mean_region - mean_healthy) / abs(mean_healthy),11118,19476,1214870
BraTS-GLI-00388-000,raw,case_brain_mask,T1,368.2899169921875,384.065673828125,401.88287353515625,33.59295654296875,17.81719970703125,0.08358892293037731,0.04433430952233057,0.08358892293037731,0.04433430952233057,abs(mean_region - mean_healthy) / abs(mean_healthy),50097,183696,1319132
BraTS-GLI-00388-000,raw,case_brain_mask,T1ce,494.3090515136719,408.4471740722656,387.0186767578125,107.29037475585938,21.428497314453125,0.2772227316125089,0.05536812200890913,0.2772227316125089,0.05536812200890913,abs(mean_region - mean_healthy) / abs(mean_healthy),50097,183696,1319132
BraTS-GLI-00388-000,raw,case_brain_mask,T2,854.7250366210938,792.7030639648438,404.9810485839844,449.7439880371094,387.7220153808594,1.1105309485706518,0.9573831090035665,1.1105309485706518,0.9573831090035665,abs(mean_region - mean_healthy) / abs(mean_healthy),50097,183696,1319132
BraTS-GLI-00388-000,raw,case_brain_mask,FLAIR,403.8114929199219,418.67755126953125,201.60211181640625,202.20938110351562,217.075439453125,1.0030122168941484,1.0767518132489102,1.0030122168941484,1.0767518132489102,abs(mean_region - mean_healthy) / abs(mean_healthy),50097,183696,1319132
BraTS-GLI-00389-000,raw,case_brain_mask,T1,330.30572509765625,308.9233093261719,336.18505859375,5.87933349609375,27.261749267578125,0.017488384286579513,0.08109149580178561,0.017488384286579513,0.08109149580178561,abs(mean_region - mean_healthy) / abs(mean_healthy),3611,16585,1365607
BraTS-GLI-00389-000,raw,case_brain_mask,T1ce,761.9853515625,429.7662353515625,396.9427490234375,365.0426025390625,32.823486328125,0.9196353968856817,0.08269073162030965,0.9196353968856817,0.08269073162030965,abs(mean_region - mean_healthy) / abs(mean_healthy),3611,16585,1365607
BraTS-GLI-00389-000,raw,case_brain_mask,T2,638.4228515625,718.59716796875,454.9888000488281,183.43405151367188,263.6083679199219,0.4031616855051954,0.5793733118081855,0.4031616855051954,0.5793733118081855,abs(mean_region - mean_healthy) / abs(mean_healthy),3611,16585,1365607
BraTS-GLI-00389-000,raw,case_brain_mask,FLAIR,376.0791931152344,339.60125732421875,161.6903076171875,214.38888549804688,177.91094970703125,1.3259229242461876,1.1003191986513328,1.3259229242461876,1.1003191986513328,abs(mean_region - mean_healthy) / abs(mean_healthy),3611,16585,1365607
BraTS-GLI-00390-000,raw,case_brain_mask,T1,397.9841613769531,359.7056884765625,349.176025390625,48.808135986328125,10.5296630859375,0.13978089111853031,0.030155744725480257,0.13978089111853031,0.030155744725480257,abs(mean_region - mean_healthy) / abs(mean_healthy),442,17056,1550902
BraTS-GLI-00390-000,raw,case_brain_mask,T1ce,629.6040649414062,421.4844665527344,420.6470031738281,208.95706176757812,0.83746337890625,0.4967515760030952,0.001990893486908254,0.4967515760030952,0.001990893486908254,abs(mean_region - mean_healthy) / abs(mean_healthy),442,17056,1550902
BraTS-GLI-00390-000,raw,case_brain_mask,T2,932.3190307617188,881.1907958984375,743.1795654296875,189.13946533203125,138.01123046875,0.25450035782762087,0.18570374763864156,0.25450035782762087,0.18570374763864156,abs(mean_region - mean_healthy) / abs(mean_healthy),442,17056,1550902
BraTS-GLI-00390-000,raw,case_brain_mask,FLAIR,411.03167724609375,362.5860595703125,191.69876098632812,219.33291625976562,170.88729858398438,1.1441540630270863,0.891436635817234,1.1441540630270863,0.891436635817234,abs(mean_region - mean_healthy) / abs(mean_healthy),442,17056,1550902
BraTS-GLI-00391-000,raw,case_brain_mask,T1,304.562255859375,314.9407043457031,322.5822448730469,18.019989013671875,7.64154052734375,0.05586168891832125,0.023688658160188263,0.05586168891832125,0.023688658160188263,abs(mean_region - mean_healthy) / abs(mean_healthy),32372,82780,1504333
BraTS-GLI-00391-000,raw,case_brain_mask,T1ce,668.1700439453125,489.0159912109375,379.9277038574219,288.2423400878906,109.08828735351562,0.7586768144606305,0.2871290675724294,0.7586768144606305,0.2871290675724294,abs(mean_region - mean_healthy) / abs(mean_healthy),32372,82780,1504333
BraTS-GLI-00391-000,raw,case_brain_mask,T2,556.1845092773438,616.2279052734375,424.46490478515625,131.7196044921875,191.76300048828125,0.31031918777562456,0.4517758672777493,0.31031918777562456,0.4517758672777493,abs(mean_region - mean_healthy) / abs(mean_healthy),32372,82780,1504333
BraTS-GLI-00391-000,raw,case_brain_mask,FLAIR,297.654296875,322.0866394042969,140.3647918701172,157.2895050048828,181.7218475341797,1.1205766268682709,1.2946398104043866,1.1205766268682709,1.2946398104043866,abs(mean_region - mean_healthy) / abs(mean_healthy),32372,82780,1504333
BraTS-GLI-00392-000,raw,case_brain_mask,T1,286.55413818359375,298.6724853515625,287.8146057128906,1.260467529296875,10.857879638671875,0.004379442544879928,0.037725255852731635,0.004379442544879928,0.037725255852731635,abs(mean_region - mean_healthy) / abs(mean_healthy),31896,47590,1162614
BraTS-GLI-00392-000,raw,case_brain_mask,T1ce,880.3360595703125,720.1029052734375,363.10772705078125,517.2283325195312,356.99517822265625,1.4244487076068089,0.983166018311502,1.4244487076068089,0.983166018311502,abs(mean_region - mean_healthy) / abs(mean_healthy),31896,47590,1162614
BraTS-GLI-00392-000,raw,case_brain_mask,T2,638.0413818359375,624.7000732421875,387.423828125,250.6175537109375,237.2762451171875,0.646882136609515,0.6124461839776972,0.646882136609515,0.6124461839776972,abs(mean_region - mean_healthy) / abs(mean_healthy),31896,47590,1162614
BraTS-GLI-00392-000,raw,case_brain_mask,FLAIR,421.5837707519531,385.0826721191406,137.0986785888672,284.48509216308594,247.98399353027344,2.075038906948203,1.8087992975769678,2.075038906948203,1.8087992975769678,abs(mean_region - mean_healthy) / abs(mean_healthy),31896,47590,1162614
BraTS-GLI-00395-000,raw,case_brain_mask,T1,292.0343322753906,319.8452453613281,323.24530029296875,31.210968017578125,3.400054931640625,0.09655505583311037,0.010518497650419152,0.09655505583311037,0.010518497650419152,abs(mean_region - mean_healthy) / abs(mean_healthy),27487,102344,1445186
BraTS-GLI-00395-000,raw,case_brain_mask,T1ce,875.5581665039062,494.62042236328125,393.2607421875,482.29742431640625,101.35968017578125,1.226406230211647,0.2577416693361543,1.226406230211647,0.2577416693361543,abs(mean_region - mean_healthy) / abs(mean_healthy),27487,102344,1445186
BraTS-GLI-00395-000,raw,case_brain_mask,T2,613.318603515625,637.4989624023438,431.0719909667969,182.24661254882812,206.42697143554688,0.42277535160679364,0.4788689030168207,0.42277535160679364,0.4788689030168207,abs(mean_region - mean_healthy) / abs(mean_healthy),27487,102344,1445186
BraTS-GLI-00395-000,raw,case_brain_mask,FLAIR,330.03277587890625,322.2705078125,141.79782104492188,188.23495483398438,180.47268676757812,1.3274883453558226,1.2727465446059567,1.3274883453558226,1.2727465446059567,abs(mean_region - mean_healthy) / abs(mean_healthy),27487,102344,1445186
BraTS-GLI-00397-000,raw,case_brain_mask,T1,357.3926086425781,353.6407165527344,380.339111328125,22.946502685546875,26.698394775390625,0.0603316934864228,0.07019629057385442,0.0603316934864228,0.07019629057385442,abs(mean_region - mean_healthy) / abs(mean_healthy),60292,159590,1255787
BraTS-GLI-00397-000,raw,case_brain_mask,T1ce,746.86474609375,524.5244140625,455.9826965332031,290.8820495605469,68.54171752929688,0.6379234382622364,0.15031648799485947,0.6379234382622364,0.15031648799485947,abs(mean_region - mean_healthy) / abs(mean_healthy),60292,159590,1255787
BraTS-GLI-00397-000,raw,case_brain_mask,T2,741.6568603515625,785.1337280273438,565.2363891601562,176.42047119140625,219.8973388671875,0.3121180351702703,0.3890360618747795,0.3121180351702703,0.3890360618747795,abs(mean_region - mean_healthy) / abs(mean_healthy),60292,159590,1255787
BraTS-GLI-00397-000,raw,case_brain_mask,FLAIR,386.6495056152344,381.65179443359375,200.1261749267578,186.52333068847656,181.52561950683594,0.9320286602026965,0.907055859001306,0.9320286602026965,0.907055859001306,abs(mean_region - mean_healthy) / abs(mean_healthy),60292,159590,1255787
BraTS-GLI-00399-000,raw,case_brain_mask,T1,259.391845703125,265.38153076171875,294.6753845214844,35.283538818359375,29.293853759765625,0.11973697387603444,0.09941058974890334,0.11973697387603444,0.09941058974890334,abs(mean_region - mean_healthy) / abs(mean_healthy),22274,65222,1401324
BraTS-GLI-00399-000,raw,case_brain_mask,T1ce,715.2855834960938,438.60552978515625,356.0185241699219,359.2670593261719,82.58700561523438,1.0091246239611384,0.2319739002564286,1.0091246239611384,0.2319739002564286,abs(mean_region - mean_healthy) / abs(mean_healthy),22274,65222,1401324
BraTS-GLI-00399-000,raw,case_brain_mask,T2,601.283203125,626.8571166992188,418.4695129394531,182.81369018554688,208.38760375976562,0.4368626256699315,0.497975592764189,0.4368626256699315,0.497975592764189,abs(mean_region - mean_healthy) / abs(mean_healthy),22274,65222,1401324
BraTS-GLI-00399-000,raw,case_brain_mask,FLAIR,337.77984619140625,298.7191467285156,127.43696594238281,210.34288024902344,171.2821807861328,1.6505640941273216,1.344054133112157,1.6505640941273216,1.344054133112157,abs(mean_region - mean_healthy) / abs(mean_healthy),22274,65222,1401324
BraTS-GLI-00400-000,raw,case_brain_mask,T1,248.0449676513672,252.53343200683594,323.822998046875,75.77803039550781,71.28956604003906,0.23401065042495395,0.2201497931586673,0.23401065042495395,0.2201497931586673,abs(mean_region - mean_healthy) / abs(mean_healthy),38535,209795,1546760
BraTS-GLI-00400-000,raw,case_brain_mask,T1ce,511.931396484375,342.56817626953125,391.9476318359375,119.9837646484375,49.37945556640625,0.30612192778514,0.12598482949139397,0.30612192778514,0.12598482949139397,abs(mean_region - mean_healthy) / abs(mean_healthy),38535,209795,1546760
BraTS-GLI-00400-000,raw,case_brain_mask,T2,966.8231201171875,963.0218505859375,614.8153686523438,352.00775146484375,348.20648193359375,0.5725422125286715,0.5663594303064537,0.5725422125286715,0.5663594303064537,abs(mean_region - mean_healthy) / abs(mean_healthy),38535,209795,1546760
BraTS-GLI-00400-000,raw,case_brain_mask,FLAIR,455.0531311035156,393.697021484375,184.13629150390625,270.9168395996094,209.56072998046875,1.4712843263374953,1.1380740226107093,1.4712843263374953,1.1380740226107093,abs(mean_region - mean_healthy) / abs(mean_healthy),38535,209795,1546760
BraTS-GLI-00401-000,raw,case_brain_mask,T1,248.05526733398438,234.4589080810547,265.7023010253906,17.64703369140625,31.243392944335938,0.06641656328644249,0.11758796526700123,0.06641656328644249,0.11758796526700123,abs(mean_region - mean_healthy) / abs(mean_healthy),29114,137477,1442681
BraTS-GLI-00401-000,raw,case_brain_mask,T1ce,639.9367065429688,326.88494873046875,314.4301452636719,325.5065612792969,12.454803466796875,1.035226953211934,0.03961071689342204,1.035226953211934,0.03961071689342204,abs(mean_region - mean_healthy) / abs(mean_healthy),29114,137477,1442681
BraTS-GLI-00401-000,raw,case_brain_mask,T2,782.5220336914062,889.2042236328125,490.0508728027344,292.4711608886719,399.1533508300781,0.5968179573193079,0.8145141106416389,0.5968179573193079,0.8145141106416389,abs(mean_region - mean_healthy) / abs(mean_healthy),29114,137477,1442681
BraTS-GLI-00401-000,raw,case_brain_mask,FLAIR,533.8707275390625,471.4979248046875,221.25967407226562,312.6110534667969,250.23825073242188,1.4128695379199327,1.130970891020528,1.4128695379199327,1.130970891020528,abs(mean_region - mean_healthy) / abs(mean_healthy),29114,137477,1442681
BraTS-GLI-00402-000,raw,case_brain_mask,T1,348.0265197753906,339.9187316894531,358.4955749511719,10.46905517578125,18.57684326171875,0.02920274588384296,0.05181889138868442,0.02920274588384296,0.05181889138868442,abs(mean_region - mean_healthy) / abs(mean_healthy),70407,231389,1439265
BraTS-GLI-00402-000,raw,case_brain_mask,T1ce,930.623291015625,525.4403076171875,406.27911376953125,524.3441772460938,119.16119384765625,1.2906008688980672,0.2932988426159964,1.2906008688980672,0.2932988426159964,abs(mean_region - mean_healthy) / abs(mean_healthy),70407,231389,1439265
BraTS-GLI-00402-000,raw,case_brain_mask,T2,712.965087890625,750.735595703125,465.308837890625,247.65625,285.4267578125,0.5322405891164564,0.6134135751781962,0.5322405891164564,0.6134135751781962,abs(mean_region - mean_healthy) / abs(mean_healthy),70407,231389,1439265
BraTS-GLI-00402-000,raw,case_brain_mask,FLAIR,392.4743347167969,369.1825866699219,163.15109252929688,229.3232421875,206.031494140625,1.405588149195634,1.2628263221935099,1.405588149195634,1.2628263221935099,abs(mean_region - mean_healthy) / abs(mean_healthy),70407,231389,1439265
BraTS-GLI-00403-000,raw,case_brain_mask,T1,277.104248046875,287.5008850097656,281.0997009277344,3.995452880859375,6.40118408203125,0.014213650415396684,0.022771934871879774,0.014213650415396684,0.022771934871879774,abs(mean_region - mean_healthy) / abs(mean_healthy),12510,35546,1292865
BraTS-GLI-00403-000,raw,case_brain_mask,T1ce,428.3763427734375,310.23052978515625,247.9701385498047,180.4062042236328,62.26039123535156,0.7275319733202403,0.25108019699253664,0.7275319733202403,0.25108019699253664,abs(mean_region - mean_healthy) / abs(mean_healthy),12510,35546,1292865
BraTS-GLI-00403-000,raw,case_brain_mask,T2,579.3496704101562,589.2520751953125,399.7242431640625,179.62542724609375,189.52783203125,0.4493733625567675,0.47414645289217633,0.4493733625567675,0.47414645289217633,abs(mean_region - mean_healthy) / abs(mean_healthy),12510,35546,1292865
BraTS-GLI-00403-000,raw,case_brain_mask,FLAIR,440.3072814941406,445.60302734375,253.90676879882812,186.4005126953125,191.69625854492188,0.7341297499752705,0.7549867987048584,0.7341297499752705,0.7549867987048584,abs(mean_region - mean_healthy) / abs(mean_healthy),12510,35546,1292865
BraTS-GLI-00404-000,raw,case_brain_mask,T1,346.6388854980469,266.246337890625,272.66851806640625,73.97036743164062,6.42218017578125,0.27128312412519046,0.02355306810380353,0.27128312412519046,0.02355306810380353,abs(mean_region - mean_healthy) / abs(mean_healthy),31592,148743,1387807
BraTS-GLI-00404-000,raw,case_brain_mask,T1ce,443.74932861328125,314.65521240234375,318.7375183105469,125.01181030273438,4.082305908203125,0.3922092729006411,0.012807735750222296,0.3922092729006411,0.012807735750222296,abs(mean_region - mean_healthy) / abs(mean_healthy),31592,148743,1387807
BraTS-GLI-00404-000,raw,case_brain_mask,T2,795.8870849609375,797.4441528320312,455.4199523925781,340.4671325683594,342.0242004394531,0.7475894079293042,0.7510083795024941,0.7475894079293042,0.7510083795024941,abs(mean_region - mean_healthy) / abs(mean_healthy),31592,148743,1387807
BraTS-GLI-00404-000,raw,case_brain_mask,FLAIR,532.2486572265625,463.2998962402344,223.23764038085938,309.0110168457031,240.062255859375,1.3842245255706351,1.0753663918406038,1.3842245255706351,1.0753663918406038,abs(mean_region - mean_healthy) / abs(mean_healthy),31592,148743,1387807
BraTS-GLI-00405-000,raw,case_brain_mask,T1,322.6544494628906,329.2349548339844,326.3860778808594,3.73162841796875,2.848876953125,0.011433172769492041,0.008728549243344028,0.011433172769492041,0.008728549243344028,abs(mean_region - mean_healthy) / abs(mean_healthy),27668,143322,1167259
BraTS-GLI-00405-000,raw,case_brain_mask,T1ce,577.7164916992188,387.5155944824219,363.267333984375,214.44915771484375,24.248260498046875,0.590334273557522,0.06675045683873643,0.590334273557522,0.06675045683873643,abs(mean_region - mean_healthy) / abs(mean_healthy),27668,143322,1167259
BraTS-GLI-00405-000,raw,case_brain_mask,T2,729.41455078125,695.8721923828125,422.5606689453125,306.8538818359375,273.3115234375,0.7261771016262053,0.6467983026429556,0.7261771016262053,0.6467983026429556,abs(mean_region - mean_healthy) / abs(mean_healthy),27668,143322,1167259
BraTS-GLI-00405-000,raw,case_brain_mask,FLAIR,461.3887634277344,474.878662109375,251.94351196289062,209.44525146484375,222.93515014648438,0.8313182976336912,0.884861643824831,0.8313182976336912,0.884861643824831,abs(mean_region - mean_healthy) / abs(mean_healthy),27668,143322,1167259
BraTS-GLI-00406-000,raw,case_brain_mask,T1,267.8252868652344,291.0172424316406,316.4295349121094,48.604248046875,25.41229248046875,0.15360212206605553,0.08030948339739273,0.15360212206605553,0.08030948339739273,abs(mean_region - mean_healthy) / abs(mean_healthy),14178,69772,1470721
BraTS-GLI-00406-000,raw,case_brain_mask,T1ce,829.9755249023438,428.8987121582031,382.9541015625,447.02142333984375,45.944610595703125,1.1672976513789541,0.1199741964069413,1.1672976513789541,0.1199741964069413,abs(mean_region - mean_healthy) / abs(mean_healthy),14178,69772,1470721
BraTS-GLI-00406-000,raw,case_brain_mask,T2,814.3547973632812,831.0558471679688,475.08184814453125,339.27294921875,355.9739990234375,0.714135786378298,0.7492898337701627,0.714135786378298,0.7492898337701627,abs(mean_region - mean_healthy) / abs(mean_healthy),14178,69772,1470721
BraTS-GLI-00406-000,raw,case_brain_mask,FLAIR,473.1349182128906,411.98822021484375,160.9381866455078,312.1967315673828,251.05003356933594,1.9398549099788618,1.5599158832472366,1.9398549099788618,1.5599158832472366,abs(mean_region - mean_healthy) / abs(mean_healthy),14178,69772,1470721
BraTS-GLI-00407-000,raw,case_brain_mask,T1,319.1868896484375,304.9324645996094,336.469482421875,17.2825927734375,31.537017822265625,0.051364517961745175,0.09372920716394605,0.051364517961745175,0.09372920716394605,abs(mean_region - mean_healthy) / abs(mean_healthy),13105,121570,1229082
BraTS-GLI-00407-000,raw,case_brain_mask,T1ce,762.3800048828125,375.90985107421875,398.2481384277344,364.1318664550781,22.338287353515625,0.9143341332181847,0.05609137921323668,0.9143341332181847,0.05609137921323668,abs(mean_region - mean_healthy) / abs(mean_healthy),13105,121570,1229082
BraTS-GLI-00407-000,raw,case_brain_mask,T2,718.7959594726562,755.9796752929688,486.0186767578125,232.77728271484375,269.96099853515625,0.47894719657211604,0.5554539597861591,0.47894719657211604,0.5554539597861591,abs(mean_region - mean_healthy) / abs(mean_healthy),13105,121570,1229082
BraTS-GLI-00407-000,raw,case_brain_mask,FLAIR,398.810302734375,376.4017639160156,154.55545043945312,244.25485229492188,221.8463134765625,1.5803703564023344,1.4353833064170745,1.5803703564023344,1.4353833064170745,abs(mean_region - mean_healthy) / abs(mean_healthy),13105,121570,1229082
BraTS-GLI-00409-000,raw,case_brain_mask,T1,255.0012969970703,276.4873962402344,306.17730712890625,51.17601013183594,29.689910888671875,0.16714501349471306,0.09696966495355543,0.16714501349471306,0.09696966495355543,abs(mean_region - mean_healthy) / abs(mean_healthy),30682,120207,1656563
BraTS-GLI-00409-000,raw,case_brain_mask,T1ce,636.4306030273438,390.5566101074219,362.5168762207031,273.9137268066406,28.03973388671875,0.7555888974390251,0.0773473891175426,0.7555888974390251,0.0773473891175426,abs(mean_region - mean_healthy) / abs(mean_healthy),30682,120207,1656563
BraTS-GLI-00409-000,raw,case_brain_mask,T2,735.7005004882812,715.5896606445312,468.17449951171875,267.5260009765625,247.4151611328125,0.5714236919259336,0.5284678285358417,0.5714236919259336,0.5284678285358417,abs(mean_region - mean_healthy) / abs(mean_healthy),30682,120207,1656563
BraTS-GLI-00409-000,raw,case_brain_mask,FLAIR,382.6473083496094,326.6356506347656,140.02047729492188,242.6268310546875,186.61517333984375,1.7327953435242778,1.3327705843108972,1.7327953435242778,1.3327705843108972,abs(mean_region - mean_healthy) / abs(mean_healthy),30682,120207,1656563
BraTS-GLI-00410-000,raw,case_brain_mask,T1,314.7570495605469,337.03778076171875,344.4992370605469,29.7421875,7.461456298828125,0.08633455259226805,0.021658847092067,0.08633455259226805,0.021658847092067,abs(mean_region - mean_healthy) / abs(mean_healthy),8105,51838,1311727
BraTS-GLI-00410-000,raw,case_brain_mask,T1ce,585.3264770507812,388.57757568359375,378.57904052734375,206.7474365234375,9.99853515625,0.5461143232743353,0.026410693899806194,0.5461143232743353,0.026410693899806194,abs(mean_region - mean_healthy) / abs(mean_healthy),8105,51838,1311727
BraTS-GLI-00410-000,raw,case_brain_mask,T2,675.2930297851562,649.4049072265625,510.5970764160156,164.69595336914062,138.80783081054688,0.3225556137633511,0.27185394750958464,0.3225556137633511,0.27185394750958464,abs(mean_region - mean_healthy) / abs(mean_healthy),8105,51838,1311727
BraTS-GLI-00410-000,raw,case_brain_mask,FLAIR,355.8704528808594,328.6382141113281,177.05718994140625,178.81326293945312,151.58102416992188,1.0099181117616745,0.8561133508336192,1.0099181117616745,0.8561133508336192,abs(mean_region - mean_healthy) / abs(mean_healthy),8105,51838,1311727
BraTS-GLI-00413-000,raw,case_brain_mask,T1,315.61981201171875,325.1944885253906,340.2757568359375,24.65594482421875,15.081268310546875,0.07245871716951763,0.04432072519882233,0.07245871716951763,0.04432072519882233,abs(mean_region - mean_healthy) / abs(mean_healthy),29507,90459,1168118
BraTS-GLI-00413-000,raw,case_brain_mask,T1ce,793.8556518554688,490.2653503417969,400.2043762207031,393.6512756347656,90.06097412109375,0.983625614872528,0.22503745454154475,0.983625614872528,0.22503745454154475,abs(mean_region - mean_healthy) / abs(mean_healthy),29507,90459,1168118
BraTS-GLI-00413-000,raw,case_brain_mask,T2,744.4946899414062,772.4603881835938,472.3732604980469,272.1214294433594,300.0871276855469,0.5760728902318647,0.6352754331800025,0.5760728902318647,0.6352754331800025,abs(mean_region - mean_healthy) / abs(mean_healthy),29507,90459,1168118
BraTS-GLI-00413-000,raw,case_brain_mask,FLAIR,384.3017578125,359.7471923828125,146.61473083496094,237.68702697753906,213.13246154785156,1.6211674340219948,1.4536906375919845,1.6211674340219948,1.4536906375919845,abs(mean_region - mean_healthy) / abs(mean_healthy),29507,90459,1168118
BraTS-GLI-00414-000,raw,case_brain_mask,T1,373.3756103515625,369.73052978515625,383.3480529785156,9.972442626953125,13.617523193359375,0.02601406880632317,0.03552260951256887,0.02601406880632317,0.03552260951256887,abs(mean_region - mean_healthy) / abs(mean_healthy),31586,106502,1575105
BraTS-GLI-00414-000,raw,case_brain_mask,T1ce,604.2791137695312,501.1617431640625,439.7124938964844,164.56661987304688,61.449249267578125,0.3742595949793244,0.13974869970841516,0.3742595949793244,0.13974869970841516,abs(mean_region - mean_healthy) / abs(mean_healthy),31586,106502,1575105
BraTS-GLI-00414-000,raw,case_brain_mask,T2,833.4281616210938,830.404296875,593.6104736328125,239.81768798828125,236.7938232421875,0.40399841081076415,0.3989043889219856,0.40399841081076415,0.3989043889219856,abs(mean_region - mean_healthy) / abs(mean_healthy),31586,106502,1575105
BraTS-GLI-00414-000,raw,case_brain_mask,FLAIR,344.1427307128906,332.14959716796875,153.8946990966797,190.24803161621094,178.25489807128906,1.236222122873078,1.158291345430331,1.236222122873078,1.158291345430331,abs(mean_region - mean_healthy) / abs(mean_healthy),31586,106502,1575105
BraTS-GLI-00416-000,raw,case_brain_mask,T1,332.0451354980469,361.228759765625,408.2101745605469,76.1650390625,46.981414794921875,0.18658290216429427,0.11509123907922941,0.18658290216429427,0.11509123907922941,abs(mean_region - mean_healthy) / abs(mean_healthy),68230,206933,1477287
BraTS-GLI-00416-000,raw,case_brain_mask,T1ce,860.094970703125,559.1306762695312,491.6856994628906,368.4092712402344,67.44497680664062,0.7492779872237053,0.13717091402153125,0.7492779872237053,0.13717091402153125,abs(mean_region - mean_healthy) / abs(mean_healthy),68230,206933,1477287
BraTS-GLI-00416-000,raw,case_brain_mask,T2,1015.4954833984375,1075.6580810546875,621.2803955078125,394.215087890625,454.377685546875,0.6345204045403808,0.7313568701543895,0.6345204045403808,0.7313568701543895,abs(mean_region - mean_healthy) / abs(mean_healthy),68230,206933,1477287
BraTS-GLI-00416-000,raw,case_brain_mask,FLAIR,566.5424194335938,548.4571533203125,220.83807373046875,345.704345703125,327.61907958984375,1.5654200376926608,1.4835262509566192,1.5654200376926608,1.4835262509566192,abs(mean_region - mean_healthy) / abs(mean_healthy),68230,206933,1477287
BraTS-GLI-00417-000,raw,case_brain_mask,T1,225.23548889160156,244.9810028076172,289.8695068359375,64.63401794433594,44.88850402832031,0.22297625800604814,0.154857627207151,0.22297625800604814,0.154857627207151,abs(mean_region - mean_healthy) / abs(mean_healthy),15211,189011,1205546
BraTS-GLI-00417-000,raw,case_brain_mask,T1ce,525.4390258789062,305.7989501953125,358.90374755859375,166.5352783203125,53.10479736328125,0.4640109763499317,0.1479638976313879,0.4640109763499317,0.1479638976313879,abs(mean_region - mean_healthy) / abs(mean_healthy),15211,189011,1205546
BraTS-GLI-00417-000,raw,case_brain_mask,T2,683.630615234375,602.4212646484375,436.9823913574219,246.64822387695312,165.43887329101562,0.564435155180456,0.3785939126222088,0.564435155180456,0.3785939126222088,abs(mean_region - mean_healthy) / abs(mean_healthy),15211,189011,1205546
BraTS-GLI-00417-000,raw,case_brain_mask,FLAIR,298.5768127441406,244.6492919921875,126.68534088134766,171.89147186279297,117.96395111083984,1.3568378998465573,0.9311570722402982,1.3568378998465573,0.9311570722402982,abs(mean_region - mean_healthy) / abs(mean_healthy),15211,189011,1205546
BraTS-GLI-00418-000,raw,case_brain_mask,T1,468.33465576171875,473.7410888671875,446.50360107421875,21.8310546875,27.23748779296875,0.04889334517118754,0.061001720316341365,0.04889334517118754,0.061001720316341365,abs(mean_region - mean_healthy) / abs(mean_healthy),25990,174308,1159670
BraTS-GLI-00418-000,raw,case_brain_mask,T1ce,522.82568359375,315.4182434082031,299.3385314941406,223.48715209960938,16.0797119140625,0.7466033556858817,0.05371748112012519,0.7466033556858817,0.05371748112012519,abs(mean_region - mean_healthy) / abs(mean_healthy),25990,174308,1159670
BraTS-GLI-00418-000,raw,case_brain_mask,T2,626.6934814453125,666.90283203125,503.5190124511719,123.17446899414062,163.38381958007812,0.24462724534376012,0.3244839132979553,0.24462724534376012,0.3244839132979553,abs(mean_region - mean_healthy) / abs(mean_healthy),25990,174308,1159670
BraTS-GLI-00418-000,raw,case_brain_mask,FLAIR,583.3536376953125,632.6738891601562,379.5455017089844,203.80813598632812,253.12838745117188,0.5369794532371972,0.6669250098114915,0.5369794532371972,0.6669250098114915,abs(mean_region - mean_healthy) / abs(mean_healthy),25990,174308,1159670
BraTS-GLI-00419-000,raw,case_brain_mask,T1,296.405517578125,331.64453125,390.341552734375,93.93603515625,58.697021484375,0.24065087228920484,0.15037348976350964,0.24065087228920484,0.15037348976350964,abs(mean_region - mean_healthy) / abs(mean_healthy),4466,32190,1467615
BraTS-GLI-00419-000,raw,case_brain_mask,T1ce,730.4429321289062,432.7934875488281,471.83447265625,258.60845947265625,39.040985107421875,0.5480914906805945,0.08274296892220669,0.5480914906805945,0.08274296892220669,abs(mean_region - mean_healthy) / abs(mean_healthy),4466,32190,1467615
BraTS-GLI-00419-000,raw,case_brain_mask,T2,663.93798828125,607.2095947265625,404.6996154785156,259.2383728027344,202.50997924804688,0.6405698520276865,0.5003957787520991,0.6405698520276865,0.5003957787520991,abs(mean_region - mean_healthy) / abs(mean_healthy),4466,32190,1467615
BraTS-GLI-00419-000,raw,case_brain_mask,FLAIR,308.4272155761719,250.37155151367188,131.07530212402344,177.35191345214844,119.29624938964844,1.353053630838387,0.9101352234669682,1.353053630838387,0.9101352234669682,abs(mean_region - mean_healthy) / abs(mean_healthy),4466,32190,1467615
BraTS-GLI-00421-000,raw,case_brain_mask,T1,259.1684875488281,263.33697509765625,275.9727478027344,16.80426025390625,12.635772705078125,0.06089101328917431,0.04578630609610116,0.06089101328917431,0.04578630609610116,abs(mean_region - mean_healthy) / abs(mean_healthy),14981,126305,1442396
BraTS-GLI-00421-000,raw,case_brain_mask,T1ce,777.0673217773438,334.41082763671875,335.9601745605469,441.1071472167969,1.549346923828125,1.3129745148923906,0.004611698174805243,1.3129745148923906,0.004611698174805243,abs(mean_region - mean_healthy) / abs(mean_healthy),14981,126305,1442396
BraTS-GLI-00421-000,raw,case_brain_mask,T2,918.0618286132812,889.4768676757812,498.9466857910156,419.1151428222656,390.5301818847656,0.8399998532063854,0.7827092413002611,0.8399998532063854,0.7827092413002611,abs(mean_region - mean_healthy) / abs(mean_healthy),14981,126305,1442396
BraTS-GLI-00421-000,raw,case_brain_mask,FLAIR,492.50030517578125,424.50396728515625,143.76068115234375,348.7396240234375,280.7432861328125,2.4258345274107094,1.9528516690548214,2.4258345274107094,1.9528516690548214,abs(mean_region - mean_healthy) / abs(mean_healthy),14981,126305,1442396
BraTS-GLI-00423-000,raw,case_brain_mask,T1,356.1766357421875,356.0247802734375,356.30975341796875,0.13311767578125,0.28497314453125,0.00037360098763588,0.000799790468258562,0.00037360098763588,0.000799790468258562,abs(mean_region - mean_healthy) / abs(mean_healthy),32673,58458,1502008
BraTS-GLI-00423-000,raw,case_brain_mask,T1ce,835.870361328125,645.8208618164062,422.103271484375,413.76708984375,223.71759033203125,0.9802508480654276,0.5300067671716981,0.9802508480654276,0.5300067671716981,abs(mean_region - mean_healthy) / abs(mean_healthy),32673,58458,1502008
BraTS-GLI-00423-000,raw,case_brain_mask,T2,746.1544189453125,772.9827270507812,585.7069091796875,160.447509765625,187.27581787109375,0.2739382227714198,0.31974322811623157,0.2739382227714198,0.31974322811623157,abs(mean_region - mean_healthy) / abs(mean_healthy),32673,58458,1502008
BraTS-GLI-00423-000,raw,case_brain_mask,FLAIR,401.2401123046875,387.1349792480469,175.21762084960938,226.02249145507812,211.9173583984375,1.2899529759571098,1.2094523220374496,1.2899529759571098,1.2094523220374496,abs(mean_region - mean_healthy) / abs(mean_healthy),32673,58458,1502008
BraTS-GLI-00425-000,raw,case_brain_mask,T1,313.0090637207031,324.6210021972656,321.26092529296875,8.251861572265625,3.360076904296875,0.025685855087233134,0.010459027661807008,0.025685855087233134,0.010459027661807008,abs(mean_region - mean_healthy) / abs(mean_healthy),1988,25776,1709279
BraTS-GLI-00425-000,raw,case_brain_mask,T1ce,671.7877197265625,403.5824279785156,385.4565124511719,286.3312072753906,18.12591552734375,0.7428366054955731,0.04702454088031492,0.7428366054955731,0.04702454088031492,abs(mean_region - mean_healthy) / abs(mean_healthy),1988,25776,1709279
BraTS-GLI-00425-000,raw,case_brain_mask,T2,697.9723510742188,720.8243408203125,631.250244140625,66.72210693359375,89.5740966796875,0.10569834634191431,0.14189950421584768,0.10569834634191431,0.14189950421584768,abs(mean_region - mean_healthy) / abs(mean_healthy),1988,25776,1709279
BraTS-GLI-00425-000,raw,case_brain_mask,FLAIR,129.55885314941406,114.87379455566406,59.346351623535156,70.2125015258789,55.527442932128906,1.18309718466391,0.9356504892561622,1.18309718466391,0.9356504892561622,abs(mean_region - mean_healthy) / abs(mean_healthy),1988,25776,1709279
BraTS-GLI-00426-000,raw,case_brain_mask,T1,294.7199401855469,307.1710510253906,356.05084228515625,61.330902099609375,48.879791259765625,0.17225321447348324,0.13728317828446104,0.17225321447348324,0.13728317828446104,abs(mean_region - mean_healthy) / abs(mean_healthy),36031,147051,1245769
BraTS-GLI-00426-000,raw,case_brain_mask,T1ce,930.0533447265625,462.5198059082031,416.7666320800781,513.2867126464844,45.753173828125,1.231592630352088,0.10978127879329341,1.231592630352088,0.10978127879329341,abs(mean_region - mean_healthy) / abs(mean_healthy),36031,147051,1245769
BraTS-GLI-00426-000,raw,case_brain_mask,T2,1009.0863037109375,963.3985595703125,525.376708984375,483.7095947265625,438.0218505859375,0.9206909755509324,0.8337290997019903,0.9206909755509324,0.8337290997019903,abs(mean_region - mean_healthy) / abs(mean_healthy),36031,147051,1245769
BraTS-GLI-00426-000,raw,case_brain_mask,FLAIR,582.5427856445312,443.29913330078125,162.5801544189453,419.96263122558594,280.71897888183594,2.5831112827178377,1.7266497247779955,2.5831112827178377,1.7266497247779955,abs(mean_region - mean_healthy) / abs(mean_healthy),36031,147051,1245769
BraTS-GLI-00429-000,raw,case_brain_mask,T1,200.7586669921875,204.66734313964844,194.72828674316406,6.0303802490234375,9.939056396484375,0.030968178018107757,0.05104064007708056,0.030968178018107757,0.05104064007708056,abs(mean_region - mean_healthy) / abs(mean_healthy),42422,139567,1583739
BraTS-GLI-00429-000,raw,case_brain_mask,T1ce,373.12017822265625,287.8109130859375,243.06869506835938,130.05148315429688,44.742218017578125,0.5350400351543496,0.18407231751910733,0.5350400351543496,0.18407231751910733,abs(mean_region - mean_healthy) / abs(mean_healthy),42422,139567,1583739
BraTS-GLI-00429-000,raw,case_brain_mask,T2,320.4151611328125,345.46453857421875,256.54949951171875,63.86566162109375,88.9150390625,0.24894089344413814,0.3465804424944454,0.24894089344413814,0.3465804424944454,abs(mean_region - mean_healthy) / abs(mean_healthy),42422,139567,1583739
BraTS-GLI-00429-000,raw,case_brain_mask,FLAIR,278.03228759765625,292.27655029296875,191.0357666015625,86.99652099609375,101.24078369140625,0.4553938905981923,0.5299572194905318,0.4553938905981923,0.5299572194905318,abs(mean_region - mean_healthy) / abs(mean_healthy),42422,139567,1583739
BraTS-GLI-00430-000,raw,case_brain_mask,T1,256.44415283203125,266.6846008300781,319.70599365234375,63.2618408203125,53.021392822265625,0.19787505419465173,0.16584422524127718,0.19787505419465173,0.16584422524127718,abs(mean_region - mean_healthy) / abs(mean_healthy),10911,66852,1364278
BraTS-GLI-00430-000,raw,case_brain_mask,T1ce,559.6398315429688,332.6338195800781,377.3901672363281,182.24966430664062,44.75634765625,0.4829210724838859,0.1185943661012843,0.4829210724838859,0.1185943661012843,abs(mean_region - mean_healthy) / abs(mean_healthy),10911,66852,1364278
BraTS-GLI-00430-000,raw,case_brain_mask,T2,729.9246826171875,721.5237426757812,456.6212463378906,273.3034362792969,264.9024963378906,0.5985342085397791,0.580136159809498,0.5985342085397791,0.580136159809498,abs(mean_region - mean_healthy) / abs(mean_healthy),10911,66852,1364278
BraTS-GLI-00430-000,raw,case_brain_mask,FLAIR,368.9573059082031,328.2041015625,140.79470825195312,228.16259765625,187.40939331054688,1.6205338999527696,1.331082649606237,1.6205338999527696,1.331082649606237,abs(mean_region - mean_healthy) / abs(mean_healthy),10911,66852,1364278
BraTS-GLI-00431-000,raw,case_brain_mask,T1,402.85693359375,420.7526550292969,361.46075439453125,41.39617919921875,59.291900634765625,0.11452468544907418,0.16403413071519524,0.11452468544907418,0.16403413071519524,abs(mean_region - mean_healthy) / abs(mean_healthy),3865,17486,1542604
BraTS-GLI-00431-000,raw,case_brain_mask,T1ce,733.7482299804688,534.4032592773438,393.6464538574219,340.1017761230469,140.75680541992188,0.8639777465040526,0.3575716332272709,0.8639777465040526,0.3575716332272709,abs(mean_region - mean_healthy) / abs(mean_healthy),3865,17486,1542604
BraTS-GLI-00431-000,raw,case_brain_mask,T2,833.2372436523438,746.6758422851562,688.982421875,144.25482177734375,57.69342041015625,0.20937373320028688,0.08373714419759666,0.20937373320028688,0.08373714419759666,abs(mean_region - mean_healthy) / abs(mean_healthy),3865,17486,1542604
BraTS-GLI-00431-000,raw,case_brain_mask,FLAIR,428.4481201171875,350.1476745605469,192.89002990722656,235.55809020996094,157.2576446533203,1.2212040732393283,0.8152709848661219,1.2212040732393283,0.8152709848661219,abs(mean_region - mean_healthy) / abs(mean_healthy),3865,17486,1542604
BraTS-GLI-00432-000,raw,case_brain_mask,T1,423.085693359375,375.6525573730469,352.2845153808594,70.80117797851562,23.3680419921875,0.20097726379478117,0.06633286724772448,0.20097726379478117,0.06633286724772448,abs(mean_region - mean_healthy) / abs(mean_healthy),2252,176116,1325880
BraTS-GLI-00432-000,raw,case_brain_mask,T1ce,619.7051391601562,427.15863037109375,426.578857421875,193.12628173828125,0.57977294921875,0.4527328965750512,0.0013591225611197372,0.4527328965750512,0.0013591225611197372,abs(mean_region - mean_healthy) / abs(mean_healthy),2252,176116,1325880
BraTS-GLI-00432-000,raw,case_brain_mask,T2,479.67449951171875,539.7418823242188,414.9833984375,64.69110107421875,124.75848388671875,0.15588840738640242,0.3006348792661604,0.15588840738640242,0.3006348792661604,abs(mean_region - mean_healthy) / abs(mean_healthy),2252,176116,1325880
BraTS-GLI-00432-000,raw,case_brain_mask,FLAIR,276.02618408203125,305.0612487792969,162.60618591308594,113.41999816894531,142.45506286621094,0.6975134281150228,0.8760740685619063,0.6975134281150228,0.8760740685619063,abs(mean_region - mean_healthy) / abs(mean_healthy),2252,176116,1325880
BraTS-GLI-00433-000,raw,case_brain_mask,T1,302.5776672363281,304.5267028808594,331.066650390625,28.488983154296875,26.539947509765625,0.08605210799904724,0.0801649682275493,0.08605210799904724,0.0801649682275493,abs(mean_region - mean_healthy) / abs(mean_healthy),18772,33635,1513142
BraTS-GLI-00433-000,raw,case_brain_mask,T1ce,724.0623779296875,573.3771362304688,398.02508544921875,326.03729248046875,175.35205078125,0.8191375478570573,0.44055527450824944,0.8191375478570573,0.44055527450824944,abs(mean_region - mean_healthy) / abs(mean_healthy),18772,33635,1513142
BraTS-GLI-00433-000,raw,case_brain_mask,T2,706.6867065429688,713.2000122070312,467.3289489746094,239.35775756835938,245.87106323242188,0.5121826030541156,0.5261199071273036,0.5121826030541156,0.5261199071273036,abs(mean_region - mean_healthy) / abs(mean_healthy),18772,33635,1513142
BraTS-GLI-00433-000,raw,case_brain_mask,FLAIR,399.9113464355469,370.2795715332031,173.45474243164062,226.45660400390625,196.8248291015625,1.3055659408860147,1.1347330510673823,1.3055659408860147,1.1347330510673823,abs(mean_region - mean_healthy) / abs(mean_healthy),18772,33635,1513142
BraTS-GLI-00436-000,raw,case_brain_mask,T1,437.8019714355469,439.4859924316406,394.3642578125,43.437713623046875,45.121734619140625,0.11014617263742822,0.11441638973426871,0.11014617263742822,0.11441638973426871,abs(mean_region - mean_healthy) / abs(mean_healthy),44471,113358,1263724
BraTS-GLI-00436-000,raw,case_brain_mask,T1ce,579.2144165039062,505.5331115722656,417.2335205078125,161.98089599609375,88.29959106445312,0.3882259886476708,0.21163110518297812,0.3882259886476708,0.21163110518297812,abs(mean_region - mean_healthy) / abs(mean_healthy),44471,113358,1263724
BraTS-GLI-00436-000,raw,case_brain_mask,T2,721.6029663085938,707.775146484375,397.3778991699219,324.2250671386719,310.3972473144531,0.8159111712451595,0.7811135142715243,0.8159111712451595,0.7811135142715243,abs(mean_region - mean_healthy) / abs(mean_healthy),44471,113358,1263724
BraTS-GLI-00436-000,raw,case_brain_mask,FLAIR,528.6609497070312,528.9428100585938,295.1087646484375,233.55218505859375,233.83404541015625,0.79141053413586,0.792365640812879,0.79141053413586,0.792365640812879,abs(mean_region - mean_healthy) / abs(mean_healthy),44471,113358,1263724
BraTS-GLI-00440-000,raw,case_brain_mask,T1,298.7397155761719,309.9289855957031,334.6400451660156,35.90032958984375,24.7110595703125,0.10728043492832283,0.07384370139578869,0.10728043492832283,0.07384370139578869,abs(mean_region - mean_healthy) / abs(mean_healthy),7884,94051,1435355
BraTS-GLI-00440-000,raw,case_brain_mask,T1ce,722.7647094726562,363.2723388671875,391.9208068847656,330.8439025878906,28.648468017578125,0.8441600873851204,0.07309759398918945,0.8441600873851204,0.07309759398918945,abs(mean_region - mean_healthy) / abs(mean_healthy),7884,94051,1435355
BraTS-GLI-00440-000,raw,case_brain_mask,T2,745.0147094726562,772.02099609375,569.17138671875,175.84332275390625,202.849609375,0.3089461748378391,0.3563946011840472,0.3089461748378391,0.3563946011840472,abs(mean_region - mean_healthy) / abs(mean_healthy),7884,94051,1435355
BraTS-GLI-00440-000,raw,case_brain_mask,FLAIR,430.64410400390625,398.0564880371094,176.25570678710938,254.38839721679688,221.80078125,1.4432916916787275,1.2584034031754914,1.4432916916787275,1.2584034031754914,abs(mean_region - mean_healthy) / abs(mean_healthy),7884,94051,1435355
BraTS-GLI-00441-000,raw,case_brain_mask,T1,269.15301513671875,287.6113586425781,303.1919860839844,34.038970947265625,15.58062744140625,0.11226870270191379,0.05138865193188321,0.11226870270191379,0.05138865193188321,abs(mean_region - mean_healthy) / abs(mean_healthy),21325,44235,1439028
BraTS-GLI-00441-000,raw,case_brain_mask,T1ce,525.3464965820312,424.3730163574219,325.4036865234375,199.94281005859375,98.96932983398438,0.614445436051299,0.3041432347966224,0.614445436051299,0.3041432347966224,abs(mean_region - mean_healthy) / abs(mean_healthy),21325,44235,1439028
BraTS-GLI-00441-000,raw,case_brain_mask,T2,816.4301147460938,716.7008666992188,400.0074157714844,416.4226989746094,316.6934509277344,1.0410374471969857,0.7917189493023162,1.0410374471969857,0.7917189493023162,abs(mean_region - mean_healthy) / abs(mean_healthy),21325,44235,1439028
BraTS-GLI-00441-000,raw,case_brain_mask,FLAIR,317.97515869140625,292.37774658203125,139.71295166015625,178.26220703125,152.664794921875,1.2759175503274929,1.0927032398057366,1.2759175503274929,1.0927032398057366,abs(mean_region - mean_healthy) / abs(mean_healthy),21325,44235,1439028
BraTS-GLI-00442-000,raw,case_brain_mask,T1,536.0709838867188,516.7039794921875,618.9160766601562,82.8450927734375,102.21209716796875,0.13385513141053423,0.16514694160076393,0.13385513141053423,0.16514694160076393,abs(mean_region - mean_healthy) / abs(mean_healthy),12998,44986,1497733
BraTS-GLI-00442-000,raw,case_brain_mask,T1ce,780.0354614257812,558.2116088867188,555.7930908203125,224.24237060546875,2.41851806640625,0.40346376072164264,0.004351471989039452,0.40346376072164264,0.004351471989039452,abs(mean_region - mean_healthy) / abs(mean_healthy),12998,44986,1497733
BraTS-GLI-00442-000,raw,case_brain_mask,T2,438.2091979980469,516.0090942382812,259.8899230957031,178.31927490234375,256.1191711425781,0.6861338553579801,0.9854909651432062,0.6861338553579801,0.9854909651432062,abs(mean_region - mean_healthy) / abs(mean_healthy),12998,44986,1497733
BraTS-GLI-00442-000,raw,case_brain_mask,FLAIR,494.7010192871094,578.6615600585938,187.7934112548828,306.90760803222656,390.86814880371094,1.6342831517963954,2.0813730694374826,1.6342831517963954,2.0813730694374826,abs(mean_region - mean_healthy) / abs(mean_healthy),12998,44986,1497733
BraTS-GLI-00443-000,raw,case_brain_mask,T1,1181.2197265625,1218.37939453125,1347.7672119140625,166.5474853515625,129.3878173828125,0.12357288697878047,0.09600160638947391,0.12357288697878047,0.09600160638947391,abs(mean_region - mean_healthy) / abs(mean_healthy),34918,104055,1351531
BraTS-GLI-00443-000,raw,case_brain_mask,T1ce,3762.0458984375,2674.867919921875,2541.021728515625,1221.024169921875,133.84619140625,0.4805248834433046,0.05267416248519772,0.4805248834433046,0.05267416248519772,abs(mean_region - mean_healthy) / abs(mean_healthy),34918,104055,1351531
BraTS-GLI-00443-000,raw,case_brain_mask,T2,1638.064453125,1737.5382080078125,1278.059814453125,360.004638671875,459.4783935546875,0.2816805869339684,0.3595124331104142,0.2816805869339684,0.3595124331104142,abs(mean_region - mean_healthy) / abs(mean_healthy),34918,104055,1351531
BraTS-GLI-00443-000,raw,case_brain_mask,FLAIR,1064.488525390625,1150.6619873046875,884.2623291015625,180.2261962890625,266.399658203125,0.20381530498102052,0.3012676775157833,0.20381530498102052,0.3012676775157833,abs(mean_region - mean_healthy) / abs(mean_healthy),34918,104055,1351531
BraTS-GLI-00444-000,raw,case_brain_mask,T1,410.7916564941406,411.77288818359375,349.7248840332031,61.0667724609375,62.048004150390625,0.17461374711654712,0.17741947165675448,0.17461374711654712,0.17741947165675448,abs(mean_region - mean_healthy) / abs(mean_healthy),16741,20466,1608434
BraTS-GLI-00444-000,raw,case_brain_mask,T1ce,677.4591064453125,638.2802734375,377.04510498046875,300.41400146484375,261.23516845703125,0.7967587895893926,0.692848587626044,0.7967587895893926,0.692848587626044,abs(mean_region - mean_healthy) / abs(mean_healthy),16741,20466,1608434
BraTS-GLI-00444-000,raw,case_brain_mask,T2,243.1686248779297,233.6909942626953,178.76132202148438,64.40730285644531,54.92967224121094,0.36029775416801035,0.3072794026137781,0.36029775416801035,0.3072794026137781,abs(mean_region - mean_healthy) / abs(mean_healthy),16741,20466,1608434
BraTS-GLI-00444-000,raw,case_brain_mask,FLAIR,522.758544921875,510.1642150878906,302.0799560546875,220.6785888671875,208.08425903320312,0.7305303925138171,0.6888383517757539,0.7305303925138171,0.6888383517757539,abs(mean_region - mean_healthy) / abs(mean_healthy),16741,20466,1608434
BraTS-GLI-00445-000,raw,case_brain_mask,T1,201.3404998779297,206.87649536132812,227.66990661621094,26.32940673828125,20.793411254882812,0.115647285711174,0.0913313997617384,0.115647285711174,0.0913313997617384,abs(mean_region - mean_healthy) / abs(mean_healthy),40256,153071,1394728
BraTS-GLI-00445-000,raw,case_brain_mask,T1ce,3177.811279296875,2128.511962890625,1963.2122802734375,1214.5989990234375,165.2996826171875,0.6186794017273911,0.08419857815588055,0.6186794017273911,0.08419857815588055,abs(mean_region - mean_healthy) / abs(mean_healthy),40256,153071,1394728
BraTS-GLI-00445-000,raw,case_brain_mask,T2,1202.2972412109375,1159.397705078125,771.081787109375,431.2154541015625,388.31591796875,0.5592343916176511,0.5035988716896888,0.5592343916176511,0.5035988716896888,abs(mean_region - mean_healthy) / abs(mean_healthy),40256,153071,1394728
BraTS-GLI-00445-000,raw,case_brain_mask,FLAIR,696.9800415039062,756.0767822265625,471.7002258300781,225.27981567382812,284.3765563964844,0.4775910702128459,0.6028755994255685,0.4775910702128459,0.6028755994255685,abs(mean_region - mean_healthy) / abs(mean_healthy),40256,153071,1394728
BraTS-GLI-00446-000,raw,case_brain_mask,T1,1968.6387939453125,1959.8839111328125,1820.1544189453125,148.484375,139.7294921875,0.08157789990479994,0.07676793283751505,0.08157789990479994,0.07676793283751505,abs(mean_region - mean_healthy) / abs(mean_healthy),74521,216245,1322069
BraTS-GLI-00446-000,raw,case_brain_mask,T1ce,2284.5634765625,1640.1898193359375,1438.594482421875,845.968994140625,201.5953369140625,0.5880524390142492,0.14013353963006767,0.5880524390142492,0.14013353963006767,abs(mean_region - mean_healthy) / abs(mean_healthy),74521,216245,1322069
BraTS-GLI-00446-000,raw,case_brain_mask,T2,3888.000732421875,3771.634521484375,2438.2958984375,1449.704833984375,1333.338623046875,0.5945565650638914,0.5468321641771617,0.5945565650638914,0.5468321641771617,abs(mean_region - mean_healthy) / abs(mean_healthy),74521,216245,1322069
BraTS-GLI-00446-000,raw,case_brain_mask,FLAIR,3529.968505859375,3477.12890625,1788.606689453125,1741.36181640625,1688.522216796875,0.9735856556248705,0.94404333090868,0.9735856556248705,0.94404333090868,abs(mean_region - mean_healthy) / abs(mean_healthy),74521,216245,1322069
BraTS-GLI-00448-000,raw,case_brain_mask,T1,3760.683837890625,3984.093505859375,4392.98876953125,632.304931640625,408.895263671875,0.14393502119243853,0.09307905963882211,0.14393502119243853,0.09307905963882211,abs(mean_region - mean_healthy) / abs(mean_healthy),23747,89503,1316742
BraTS-GLI-00448-000,raw,case_brain_mask,T1ce,8019.9306640625,5229.7333984375,4769.32177734375,3250.60888671875,460.41162109375,0.6815662768153925,0.0965360784170394,0.6815662768153925,0.0965360784170394,abs(mean_region - mean_healthy) / abs(mean_healthy),23747,89503,1316742
BraTS-GLI-00448-000,raw,case_brain_mask,T2,874.26708984375,860.3894653320312,555.075439453125,319.191650390625,305.31402587890625,0.5750419271029197,0.5500405966073904,0.5750419271029197,0.5500405966073904,abs(mean_region - mean_healthy) / abs(mean_healthy),23747,89503,1316742
BraTS-GLI-00448-000,raw,case_brain_mask,FLAIR,441.8844909667969,457.81732177734375,317.21337890625,124.67111206054688,140.60394287109375,0.39301971590987805,0.4432472027374614,0.39301971590987805,0.4432472027374614,abs(mean_region - mean_healthy) / abs(mean_healthy),23747,89503,1316742
BraTS-GLI-00449-000,raw,case_brain_mask,T1,445.15936279296875,426.0653991699219,429.47650146484375,15.682861328125,3.411102294921875,0.036516226789206005,0.007942465497617224,0.036516226789206005,0.007942465497617224,abs(mean_region - mean_healthy) / abs(mean_healthy),64617,220576,1307821
BraTS-GLI-00449-000,raw,case_brain_mask,T1ce,649.4796142578125,449.2123107910156,440.5325012207031,208.94711303710938,8.6798095703125,0.4743057832466908,0.01970299477623329,0.4743057832466908,0.01970299477623329,abs(mean_region - mean_healthy) / abs(mean_healthy),64617,220576,1307821
BraTS-GLI-00449-000,raw,case_brain_mask,T2,850.08154296875,851.242431640625,516.9366455078125,333.1448974609375,334.3057861328125,0.6444598198947044,0.6467055277236292,0.6444598198947044,0.6467055277236292,abs(mean_region - mean_healthy) / abs(mean_healthy),64617,220576,1307821
BraTS-GLI-00449-000,raw,case_brain_mask,FLAIR,655.1515502929688,644.9774169921875,381.32666015625,273.82489013671875,263.6507568359375,0.7180848305348438,0.6914039441352084,0.7180848305348438,0.6914039441352084,abs(mean_region - mean_healthy) / abs(mean_healthy),64617,220576,1307821
BraTS-GLI-00451-000,raw,case_brain_mask,T1,1017.4908447265625,1009.3208618164062,885.8146362304688,131.67620849609375,123.5062255859375,0.14864984513739127,0.13942671585503583,0.14864984513739127,0.13942671585503583,abs(mean_region - mean_healthy) / abs(mean_healthy),68524,146440,1227360
BraTS-GLI-00451-000,raw,case_brain_mask,T1ce,1488.28466796875,1298.411376953125,1043.36865234375,444.916015625,255.042724609375,0.42642264038273714,0.24444162093279778,0.42642264038273714,0.24444162093279778,abs(mean_region - mean_healthy) / abs(mean_healthy),68524,146440,1227360
BraTS-GLI-00451-000,raw,case_brain_mask,T2,712.835693359375,699.6358642578125,372.7320251464844,340.1036682128906,326.9038391113281,0.9124616219366427,0.8770478978372044,0.9124616219366427,0.8770478978372044,abs(mean_region - mean_healthy) / abs(mean_healthy),68524,146440,1227360
BraTS-GLI-00451-000,raw,case_brain_mask,FLAIR,417.5256042480469,404.9536437988281,155.49420166015625,262.0314025878906,249.45944213867188,1.6851522422718956,1.6043006071948807,1.6851522422718956,1.6043006071948807,abs(mean_region - mean_healthy) / abs(mean_healthy),68524,146440,1227360
BraTS-GLI-00452-000,raw,case_brain_mask,T1,1519.3507080078125,1694.3983154296875,1798.42626953125,279.0755615234375,104.0279541015625,0.15517764962150882,0.05784388043257221,0.15517764962150882,0.05784388043257221,abs(mean_region - mean_healthy) / abs(mean_healthy),12306,157089,1582071
BraTS-GLI-00452-000,raw,case_brain_mask,T1ce,3624.871826171875,1930.6395263671875,2091.427978515625,1533.44384765625,160.7884521484375,0.7332042333796261,0.07687974618306287,0.7332042333796261,0.07687974618306287,abs(mean_region - mean_healthy) / abs(mean_healthy),12306,157089,1582071
BraTS-GLI-00452-000,raw,case_brain_mask,T2,1330.3114013671875,1579.67724609375,1197.5054931640625,132.805908203125,382.1717529296875,0.11090212860086657,0.319139874607096,0.11090212860086657,0.319139874607096,abs(mean_region - mean_healthy) / abs(mean_healthy),12306,157089,1582071
BraTS-GLI-00452-000,raw,case_brain_mask,FLAIR,645.0061645507812,776.1071166992188,554.7506103515625,90.25555419921875,221.35650634765625,0.16269572762077905,0.3990198518346394,0.16269572762077905,0.3990198518346394,abs(mean_region - mean_healthy) / abs(mean_healthy),12306,157089,1582071
BraTS-GLI-00453-000,raw,case_brain_mask,T1,1202.9456787109375,1327.7027587890625,1337.677734375,134.7320556640625,9.9749755859375,0.10072086288183082,0.0074569347531213,0.10072086288183082,0.0074569347531213,abs(mean_region - mean_healthy) / abs(mean_healthy),40569,71632,1266301
BraTS-GLI-00453-000,raw,case_brain_mask,T1ce,1262.031005859375,1074.8668212890625,734.0704345703125,527.9605712890625,340.79638671875,0.7192233148554794,0.4642557044518962,0.7192233148554794,0.4642557044518962,abs(mean_region - mean_healthy) / abs(mean_healthy),40569,71632,1266301
BraTS-GLI-00453-000,raw,case_brain_mask,T2,1061.431884765625,1080.5791015625,736.1669921875,325.264892578125,344.412109375,0.4418357465493112,0.4678450854629992,0.4418357465493112,0.4678450854629992,abs(mean_region - mean_healthy) / abs(mean_healthy),40569,71632,1266301
BraTS-GLI-00453-000,raw,case_brain_mask,FLAIR,1665.0155029296875,1755.78955078125,918.3722534179688,746.6432495117188,837.4172973632812,0.8130071947762855,0.9118495188052645,0.8130071947762855,0.9118495188052645,abs(mean_region - mean_healthy) / abs(mean_healthy),40569,71632,1266301
BraTS-GLI-00454-000,raw,case_brain_mask,T1,1919.8787841796875,2095.298095703125,2224.440185546875,304.5614013671875,129.14208984375,0.136915977038201,0.0580559956985315,0.136915977038201,0.0580559956985315,abs(mean_region - mean_healthy) / abs(mean_healthy),38201,157414,1159209
BraTS-GLI-00454-000,raw,case_brain_mask,T1ce,4311.48046875,2669.42333984375,2555.48095703125,1755.99951171875,113.9423828125,0.6871503021328429,0.044587451336310875,0.6871503021328429,0.044587451336310875,abs(mean_region - mean_healthy) / abs(mean_healthy),38201,157414,1159209
BraTS-GLI-00454-000,raw,case_brain_mask,T2,1437.3236083984375,1620.6318359375,1259.0379638671875,178.28564453125,361.5938720703125,0.14160466137465644,0.28719854559401997,0.14160466137465644,0.28719854559401997,abs(mean_region - mean_healthy) / abs(mean_healthy),38201,157414,1159209
BraTS-GLI-00454-000,raw,case_brain_mask,FLAIR,704.3409423828125,790.5444946289062,587.562744140625,116.7781982421875,202.98175048828125,0.1987501750353291,0.34546395684968817,0.1987501750353291,0.34546395684968817,abs(mean_region - mean_healthy) / abs(mean_healthy),38201,157414,1159209
BraTS-GLI-00455-000,raw,case_brain_mask,T1,677.9780883789062,673.4328002929688,637.068115234375,40.90997314453125,36.36468505859375,0.06421601107674432,0.05708131389563472,0.06421601107674432,0.05708131389563472,abs(mean_region - mean_healthy) / abs(mean_healthy),21135,113630,1236480
BraTS-GLI-00455-000,raw,case_brain_mask,T1ce,924.3612670898438,730.3379516601562,672.992431640625,251.36883544921875,57.34552001953125,0.3735091564647024,0.08520975470665249,0.3735091564647024,0.08520975470665249,abs(mean_region - mean_healthy) / abs(mean_healthy),21135,113630,1236480
BraTS-GLI-00455-000,raw,case_brain_mask,T2,832.8732299804688,825.2551879882812,407.5865783691406,425.2866516113281,417.6686096191406,1.0434265360577133,1.0247359255310633,1.0434265360577133,1.0247359255310633,abs(mean_region - mean_healthy) / abs(mean_healthy),21135,113630,1236480
BraTS-GLI-00455-000,raw,case_brain_mask,FLAIR,703.3607177734375,749.9862060546875,443.24627685546875,260.11444091796875,306.73992919921875,0.5868395393263177,0.6920304697770507,0.5868395393263177,0.6920304697770507,abs(mean_region - mean_healthy) / abs(mean_healthy),21135,113630,1236480
BraTS-GLI-00456-000,raw,case_brain_mask,T1,345.18603515625,375.1618347167969,402.54736328125,57.361328125,27.385528564453125,0.14249584858148243,0.068030574939624,0.14249584858148243,0.068030574939624,abs(mean_region - mean_healthy) / abs(mean_healthy),29216,192199,1263479
BraTS-GLI-00456-000,raw,case_brain_mask,T1ce,564.7546997070312,374.5216979980469,424.5641784667969,140.19052124023438,50.04248046875,0.33019865629383993,0.11786788195241861,0.33019865629383993,0.11786788195241861,abs(mean_region - mean_healthy) / abs(mean_healthy),29216,192199,1263479
BraTS-GLI-00456-000,raw,case_brain_mask,T2,767.0693969726562,827.7449951171875,502.05828857421875,265.0111083984375,325.68670654296875,0.5278492844945059,0.6487029772337337,0.5278492844945059,0.6487029772337337,abs(mean_region - mean_healthy) / abs(mean_healthy),29216,192199,1263479
BraTS-GLI-00456-000,raw,case_brain_mask,FLAIR,578.5739135742188,635.0223999023438,382.68316650390625,195.8907470703125,252.3392333984375,0.511887546191068,0.6593946519878129,0.511887546191068,0.6593946519878129,abs(mean_region - mean_healthy) / abs(mean_healthy),29216,192199,1263479
BraTS-GLI-00457-000,raw,case_brain_mask,T1,655.6707153320312,631.8948974609375,470.0523376464844,185.61837768554688,161.84255981445312,0.39488874497449306,0.34430753099705086,0.39488874497449306,0.34430753099705086,abs(mean_region - mean_healthy) / abs(mean_healthy),35658,83563,1538006
BraTS-GLI-00457-000,raw,case_brain_mask,T1ce,2199.671875,1846.6201171875,1383.881103515625,815.790771484375,462.739013671875,0.5894948412923134,0.334377723994011,0.5894948412923134,0.334377723994011,abs(mean_region - mean_healthy) / abs(mean_healthy),35658,83563,1538006
BraTS-GLI-00457-000,raw,case_brain_mask,T2,990.1753540039062,942.800048828125,641.9421997070312,348.233154296875,300.85784912109375,0.5424680827273876,0.46866812815608455,0.5424680827273876,0.46866812815608455,abs(mean_region - mean_healthy) / abs(mean_healthy),35658,83563,1538006
BraTS-GLI-00457-000,raw,case_brain_mask,FLAIR,544.6438598632812,513.0476684570312,208.71324157714844,335.9306182861328,304.3344268798828,1.6095318904908098,1.4581462325062355,1.6095318904908098,1.4581462325062355,abs(mean_region - mean_healthy) / abs(mean_healthy),35658,83563,1538006
BraTS-GLI-00459-000,raw,case_brain_mask,T1,170.51100158691406,165.54905700683594,158.39273071289062,12.118270874023438,7.1563262939453125,0.07650774640655403,0.04518090105357911,0.07650774640655403,0.04518090105357911,abs(mean_region - mean_healthy) / abs(mean_healthy),15769,79454,1224099
BraTS-GLI-00459-000,raw,case_brain_mask,T1ce,216.05023193359375,183.44964599609375,167.381591796875,48.66864013671875,16.06805419921875,0.2907645913403686,0.0959965431486519,0.2907645913403686,0.0959965431486519,abs(mean_region - mean_healthy) / abs(mean_healthy),15769,79454,1224099
BraTS-GLI-00459-000,raw,case_brain_mask,T2,574.504150390625,529.9837646484375,436.1941223144531,138.31002807617188,93.78964233398438,0.31708365840029346,0.21501812504105972,0.31708365840029346,0.21501812504105972,abs(mean_region - mean_healthy) / abs(mean_healthy),15769,79454,1224099
BraTS-GLI-00459-000,raw,case_brain_mask,FLAIR,170.5092315673828,153.39491271972656,77.93770599365234,92.57152557373047,75.45720672607422,1.1877630268110533,0.9681733092351967,1.1877630268110533,0.9681733092351967,abs(mean_region - mean_healthy) / abs(mean_healthy),15769,79454,1224099
BraTS-GLI-00464-000,raw,case_brain_mask,T1,2197.96826171875,2206.064697265625,2335.41357421875,137.4453125,129.348876953125,0.05885266490582022,0.05538585472870483,0.05885266490582022,0.05538585472870483,abs(mean_region - mean_healthy) / abs(mean_healthy),9168,12993,1729956
BraTS-GLI-00464-000,raw,case_brain_mask,T1ce,3341.107177734375,3160.41552734375,2683.697998046875,657.4091796875,476.717529296875,0.2449639192509534,0.17763456605170086,0.2449639192509534,0.17763456605170086,abs(mean_region - mean_healthy) / abs(mean_healthy),9168,12993,1729956
BraTS-GLI-00464-000,raw,case_brain_mask,T2,587.1388549804688,591.3739624023438,715.9472045898438,128.808349609375,124.5732421875,0.1799131958105312,0.17399780512987167,0.1799131958105312,0.17399780512987167,abs(mean_region - mean_healthy) / abs(mean_healthy),9168,12993,1729956
BraTS-GLI-00464-000,raw,case_brain_mask,FLAIR,1367.352294921875,1374.766357421875,933.5247802734375,433.8275146484375,441.2415771484375,0.46471987012638877,0.4726618794406229,0.46471987012638877,0.4726618794406229,abs(mean_region - mean_healthy) / abs(mean_healthy),9168,12993,1729956
BraTS-GLI-00464-001,raw,case_brain_mask,T1,1238.0230712890625,1230.093994140625,1105.5457763671875,132.477294921875,124.5482177734375,0.11982976892842383,0.11265767590619515,0.11982976892842383,0.11265767590619515,abs(mean_region - mean_healthy) / abs(mean_healthy),5896,10719,1746731
BraTS-GLI-00464-001,raw,case_brain_mask,T1ce,5087.88720703125,4517.591796875,3649.32666015625,1438.560546875,868.26513671875,0.3941988977258085,0.23792475094065005,0.3941988977258085,0.23792475094065005,abs(mean_region - mean_healthy) / abs(mean_healthy),5896,10719,1746731
BraTS-GLI-00464-001,raw,case_brain_mask,T2,1644.3271484375,1619.989501953125,1382.5662841796875,261.7608642578125,237.4232177734375,0.18932970321428172,0.1717264629480726,0.18932970321428172,0.1717264629480726,abs(mean_region - mean_healthy) / abs(mean_healthy),5896,10719,1746731
BraTS-GLI-00464-001,raw,case_brain_mask,FLAIR,806.640625,754.3988037109375,540.4251098632812,266.21551513671875,213.97369384765625,0.4926038969656072,0.3959358844406547,0.4926038969656072,0.3959358844406547,abs(mean_region - mean_healthy) / abs(mean_healthy),5896,10719,1746731
BraTS-GLI-00466-000,raw,case_brain_mask,T1,511.5093994140625,544.47216796875,630.709228515625,119.1998291015625,86.237060546875,0.1889933169078554,0.13673029765211148,0.1889933169078554,0.13673029765211148,abs(mean_region - mean_healthy) / abs(mean_healthy),29651,138631,1420290
BraTS-GLI-00466-000,raw,case_brain_mask,T1ce,2682.29541015625,1652.76171875,1933.829345703125,748.466064453125,281.067626953125,0.387038321719639,0.14534251824114866,0.387038321719639,0.14534251824114866,abs(mean_region - mean_healthy) / abs(mean_healthy),29651,138631,1420290
BraTS-GLI-00466-000,raw,case_brain_mask,T2,759.0325927734375,725.4131469726562,552.1322631835938,206.90032958984375,173.2808837890625,0.3747296497343893,0.3138394463491867,0.3747296497343893,0.3138394463491867,abs(mean_region - mean_healthy) / abs(mean_healthy),29651,138631,1420290
BraTS-GLI-00466-000,raw,case_brain_mask,FLAIR,1725.2606201171875,1667.7298583984375,921.8023071289062,803.4583129882812,745.9275512695312,0.8716167303711515,0.8092055590453405,0.8716167303711515,0.8092055590453405,abs(mean_region - mean_healthy) / abs(mean_healthy),29651,138631,1420290
BraTS-GLI-00468-000,raw,case_brain_mask,T1,3964.656494140625,4242.85986328125,4067.198486328125,102.5419921875,175.661376953125,0.02521194687994564,0.043189772405652235,0.02521194687994564,0.043189772405652235,abs(mean_region - mean_healthy) / abs(mean_healthy),52092,174309,1240855
BraTS-GLI-00468-000,raw,case_brain_mask,T1ce,7092.0849609375,5703.82958984375,4811.15966796875,2280.92529296875,892.669921875,0.4740905416534942,0.18554152916980227,0.4740905416534942,0.18554152916980227,abs(mean_region - mean_healthy) / abs(mean_healthy),52092,174309,1240855
BraTS-GLI-00468-000,raw,case_brain_mask,T2,630.8649291992188,668.9411010742188,650.9285278320312,20.0635986328125,18.0125732421875,0.030823043967109408,0.027672121395846322,0.030823043967109408,0.027672121395846322,abs(mean_region - mean_healthy) / abs(mean_healthy),52092,174309,1240855
BraTS-GLI-00468-000,raw,case_brain_mask,FLAIR,1884.7181396484375,1922.13232421875,1116.7801513671875,767.93798828125,805.3521728515625,0.6876357780366377,0.7211376132228283,0.6876357780366377,0.7211376132228283,abs(mean_region - mean_healthy) / abs(mean_healthy),52092,174309,1240855
BraTS-GLI-00469-000,raw,case_brain_mask,T1,1159.166259765625,1139.4058837890625,1058.0577392578125,101.1085205078125,81.34814453125,0.09556049424933681,0.07688440952977921,0.09556049424933681,0.07688440952977921,abs(mean_region - mean_healthy) / abs(mean_healthy),7981,81746,1401063
BraTS-GLI-00469-000,raw,case_brain_mask,T1ce,5144.23974609375,2903.022216796875,3096.70166015625,2047.5380859375,193.679443359375,0.6611996603619179,0.06254378516708728,0.6611996603619179,0.06254378516708728,abs(mean_region - mean_healthy) / abs(mean_healthy),7981,81746,1401063
BraTS-GLI-00469-000,raw,case_brain_mask,T2,608.5928955078125,612.3534545898438,543.1654052734375,65.427490234375,69.18804931640625,0.12045592300090951,0.12737933720498265,0.12045592300090951,0.12737933720498265,abs(mean_region - mean_healthy) / abs(mean_healthy),7981,81746,1401063
BraTS-GLI-00469-000,raw,case_brain_mask,FLAIR,1128.734375,1188.9874267578125,750.3544311523438,378.37994384765625,438.63299560546875,0.5042682872766752,0.5845677421160101,0.5042682872766752,0.5845677421160101,abs(mean_region - mean_healthy) / abs(mean_healthy),7981,81746,1401063
BraTS-GLI-00469-001,raw,case_brain_mask,T1,283.6064453125,309.78582763671875,316.20111083984375,32.59466552734375,6.415283203125,0.10308207153596304,0.020288616906138413,0.10308207153596304,0.020288616906138413,abs(mean_region - mean_healthy) / abs(mean_healthy),9591,76718,1287547
BraTS-GLI-00469-001,raw,case_brain_mask,T1ce,709.1136474609375,426.982177734375,428.2780456542969,280.8356018066406,1.295867919921875,0.6557319588436928,0.003025763129982831,0.6557319588436928,0.003025763129982831,abs(mean_region - mean_healthy) / abs(mean_healthy),9591,76718,1287547
BraTS-GLI-00469-001,raw,case_brain_mask,T2,385.53656005859375,353.0373840332031,229.72842407226562,155.80813598632812,123.3089599609375,0.6782275054362258,0.5367596998887183,0.6782275054362258,0.5367596998887183,abs(mean_region - mean_healthy) / abs(mean_healthy),9591,76718,1287547
BraTS-GLI-00469-001,raw,case_brain_mask,FLAIR,1092.3577880859375,675.02001953125,333.952880859375,758.4049072265625,341.067138671875,2.270993755990148,1.0213031784429965,2.270993755990148,1.0213031784429965,abs(mean_region - mean_healthy) / abs(mean_healthy),9591,76718,1287547
BraTS-GLI-00470-000,raw,case_brain_mask,T1,1152.2952880859375,1195.42919921875,1261.8795166015625,109.584228515625,66.4503173828125,0.08684206936867661,0.05265979557364837,0.08684206936867661,0.05265979557364837,abs(mean_region - mean_healthy) / abs(mean_healthy),26383,104795,1486222
BraTS-GLI-00470-000,raw,case_brain_mask,T1ce,4763.59423828125,3339.414794921875,3326.3623046875,1437.23193359375,13.052490234375,0.4320731784293031,0.003923953267502301,0.4320731784293031,0.003923953267502301,abs(mean_region - mean_healthy) / abs(mean_healthy),26383,104795,1486222
BraTS-GLI-00470-000,raw,case_brain_mask,T2,762.6703491210938,791.8726196289062,658.2150268554688,104.455322265625,133.6575927734375,0.15869483072218185,0.20306068278624412,0.15869483072218185,0.20306068278624412,abs(mean_region - mean_healthy) / abs(mean_healthy),26383,104795,1486222
BraTS-GLI-00470-000,raw,case_brain_mask,FLAIR,1503.2088623046875,1495.977783203125,1085.466796875,417.7420654296875,410.510986328125,0.38485015537310235,0.37818843239605654,0.38485015537310235,0.37818843239605654,abs(mean_region - mean_healthy) / abs(mean_healthy),26383,104795,1486222
BraTS-GLI-00472-000,raw,case_brain_mask,T1,2241.65966796875,2242.572265625,2385.816650390625,144.156982421875,143.244384765625,0.06042248988340008,0.06003998033217342,0.06042248988340008,0.06003998033217342,abs(mean_region - mean_healthy) / abs(mean_healthy),11140,80450,1589203
BraTS-GLI-00472-000,raw,case_brain_mask,T1ce,4179.12451171875,2873.29248046875,3068.367431640625,1110.757080078125,195.074951171875,0.3620026300058251,0.06357613796844741,0.3620026300058251,0.06357613796844741,abs(mean_region - mean_healthy) / abs(mean_healthy),11140,80450,1589203
BraTS-GLI-00472-000,raw,case_brain_mask,T2,651.3174438476562,729.4436645507812,644.1593017578125,7.15814208984375,85.28436279296875,0.011112378677619453,0.13239638480767216,0.011112378677619453,0.13239638480767216,abs(mean_region - mean_healthy) / abs(mean_healthy),11140,80450,1589203
BraTS-GLI-00472-000,raw,case_brain_mask,FLAIR,915.67919921875,1069.5283203125,733.1763916015625,182.5028076171875,336.3519287109375,0.24892073682095162,0.4587599008421491,0.24892073682095162,0.4587599008421491,abs(mean_region - mean_healthy) / abs(mean_healthy),11140,80450,1589203
BraTS-GLI-00477-000,raw,case_brain_mask,T1,913.2373657226562,868.9653930664062,829.6812744140625,83.55609130859375,39.28411865234375,0.10070866233253574,0.047348445558310304,0.10070866233253574,0.047348445558310304,abs(mean_region - mean_healthy) / abs(mean_healthy),46160,193116,1476634
BraTS-GLI-00477-000,raw,case_brain_mask,T1ce,6134.46533203125,3756.052490234375,3358.074951171875,2776.390380859375,397.9775390625,0.8267803492267175,0.11851359628635355,0.8267803492267175,0.11851359628635355,abs(mean_region - mean_healthy) / abs(mean_healthy),46160,193116,1476634
BraTS-GLI-00477-000,raw,case_brain_mask,T2,942.2582397460938,999.4363403320312,744.6989135742188,197.559326171875,254.7374267578125,0.26528751764075953,0.3420676760963539,0.26528751764075953,0.3420676760963539,abs(mean_region - mean_healthy) / abs(mean_healthy),46160,193116,1476634
BraTS-GLI-00477-000,raw,case_brain_mask,FLAIR,1448.9580078125,1558.0389404296875,1144.67138671875,304.28662109375,413.3675537109375,0.2658287999720171,0.361123339420472,0.2658287999720171,0.361123339420472,abs(mean_region - mean_healthy) / abs(mean_healthy),46160,193116,1476634
BraTS-GLI-00477-001,raw,case_brain_mask,T1,1035.1610107421875,1032.0152587890625,1007.28564453125,27.8753662109375,24.7296142578125,0.027673745140991825,0.02455074624767502,0.027673745140991825,0.02455074624767502,abs(mean_region - mean_healthy) / abs(mean_healthy),58905,193014,1491435
BraTS-GLI-00477-001,raw,case_brain_mask,T1ce,1830.9495849609375,1346.325439453125,1178.9505615234375,651.9990234375,167.3748779296875,0.553033388096434,0.141969378014805,0.553033388096434,0.141969378014805,abs(mean_region - mean_healthy) / abs(mean_healthy),58905,193014,1491435
BraTS-GLI-00477-001,raw,case_brain_mask,T2,2621.05126953125,2695.833740234375,2031.7913818359375,589.2598876953125,664.0423583984375,0.2900198775146167,0.3268260532724601,0.2900198775146167,0.3268260532724601,abs(mean_region - mean_healthy) / abs(mean_healthy),58905,193014,1491435
BraTS-GLI-00477-001,raw,case_brain_mask,FLAIR,976.6810913085938,858.61865234375,613.98583984375,362.69525146484375,244.6328125,0.5907225019344813,0.39843396479999493,0.5907225019344813,0.39843396479999493,abs(mean_region - mean_healthy) / abs(mean_healthy),58905,193014,1491435
BraTS-GLI-00478-000,raw,case_brain_mask,T1,3430.702392578125,3529.352294921875,3928.537353515625,497.8349609375,399.18505859375,0.12672272556909517,0.10161162353121618,0.12672272556909517,0.10161162353121618,abs(mean_region - mean_healthy) / abs(mean_healthy),22742,81208,1411667
BraTS-GLI-00478-000,raw,case_brain_mask,T1ce,7329.39599609375,5084.56298828125,5116.8193359375,2212.57666015625,32.25634765625,0.43241250372402745,0.006303984084351107,0.43241250372402745,0.006303984084351107,abs(mean_region - mean_healthy) / abs(mean_healthy),22742,81208,1411667
BraTS-GLI-00478-000,raw,case_brain_mask,T2,885.6610717773438,1019.9287719726562,713.0084228515625,172.65264892578125,306.92034912109375,0.2421467171948471,0.4304582376371028,0.2421467171948471,0.4304582376371028,abs(mean_region - mean_healthy) / abs(mean_healthy),22742,81208,1411667
BraTS-GLI-00478-000,raw,case_brain_mask,FLAIR,1806.2149658203125,1951.3167724609375,1387.06494140625,419.1500244140625,564.2518310546875,0.3021848594840232,0.40679553942343266,0.3021848594840232,0.40679553942343266,abs(mean_region - mean_healthy) / abs(mean_healthy),22742,81208,1411667
BraTS-GLI-00478-001,raw,case_brain_mask,T1,710.8348999023438,1000.0865478515625,1356.39599609375,645.5610961914062,356.3094482421875,0.4759385150432035,0.26268836627969555,0.4759385150432035,0.26268836627969555,abs(mean_region - mean_healthy) / abs(mean_healthy),12272,126241,1268826
BraTS-GLI-00478-001,raw,case_brain_mask,T1ce,3622.54443359375,1680.4891357421875,2257.705810546875,1364.838623046875,577.2166748046875,0.6045245650124255,0.25566514118368266,0.6045245650124255,0.25566514118368266,abs(mean_region - mean_healthy) / abs(mean_healthy),12272,126241,1268826
BraTS-GLI-00478-001,raw,case_brain_mask,T2,1481.77880859375,1500.50439453125,923.7891845703125,557.9896240234375,576.7152099609375,0.6040226854171047,0.6242930958638452,0.6040226854171047,0.6242930958638452,abs(mean_region - mean_healthy) / abs(mean_healthy),12272,126241,1268826
BraTS-GLI-00478-001,raw,case_brain_mask,FLAIR,675.185302734375,791.1076049804688,491.9007873535156,183.28451538085938,299.2068176269531,0.37260463917317904,0.6082665962718238,0.37260463917317904,0.6082665962718238,abs(mean_region - mean_healthy) / abs(mean_healthy),12272,126241,1268826
BraTS-GLI-00479-000,raw,case_brain_mask,T1,2450.8603515625,2493.87060546875,2407.860595703125,42.999755859375,86.010009765625,0.017858075312212392,0.035720510530846995,0.017858075312212392,0.035720510530846995,abs(mean_region - mean_healthy) / abs(mean_healthy),21451,45021,1433511
BraTS-GLI-00479-000,raw,case_brain_mask,T1ce,5522.12744140625,4185.8857421875,3178.34130859375,2343.7861328125,1007.54443359375,0.7374243057141975,0.317003221419142,0.7374243057141975,0.317003221419142,abs(mean_region - mean_healthy) / abs(mean_healthy),21451,45021,1433511
BraTS-GLI-00479-000,raw,case_brain_mask,T2,372.4239807128906,417.3580322265625,354.2763366699219,18.14764404296875,63.081695556640625,0.051224544697369534,0.17805788596999533,0.051224544697369534,0.17805788596999533,abs(mean_region - mean_healthy) / abs(mean_healthy),21451,45021,1433511
BraTS-GLI-00479-000,raw,case_brain_mask,FLAIR,1118.2913818359375,1264.0882568359375,782.8063354492188,335.48504638671875,481.28192138671875,0.42856710682367993,0.6148160785011172,0.42856710682367993,0.6148160785011172,abs(mean_region - mean_healthy) / abs(mean_healthy),21451,45021,1433511
BraTS-GLI-00479-001,raw,case_brain_mask,T1,488.329345703125,554.1697387695312,669.85986328125,181.530517578125,115.69012451171875,0.27099775270742993,0.17270795110042986,0.27099775270742993,0.17270795110042986,abs(mean_region - mean_healthy) / abs(mean_healthy),9751,77802,1247908
BraTS-GLI-00479-001,raw,case_brain_mask,T1ce,3507.629150390625,1694.6451416015625,1813.2171630859375,1694.4119873046875,118.572021484375,0.9344782422095245,0.06539317181543537,0.9344782422095245,0.06539317181543537,abs(mean_region - mean_healthy) / abs(mean_healthy),9751,77802,1247908
BraTS-GLI-00479-001,raw,case_brain_mask,T2,1480.6497802734375,1405.000244140625,921.2749633789062,559.3748168945312,483.72528076171875,0.607174664600615,0.5250607039049318,0.607174664600615,0.5250607039049318,abs(mean_region - mean_healthy) / abs(mean_healthy),9751,77802,1247908
BraTS-GLI-00479-001,raw,case_brain_mask,FLAIR,948.9033203125,920.8719482421875,463.1969299316406,485.7063903808594,457.6750183105469,1.0485958757380813,0.9880786955520006,1.0485958757380813,0.9880786955520006,abs(mean_region - mean_healthy) / abs(mean_healthy),9751,77802,1247908
BraTS-GLI-00480-000,raw,case_brain_mask,T1,2033.7537841796875,1932.454833984375,1652.039794921875,381.7139892578125,280.4150390625,0.23105617094161085,0.16973867089912373,0.23105617094161085,0.16973867089912373,abs(mean_region - mean_healthy) / abs(mean_healthy),45292,84681,1474059
BraTS-GLI-00480-000,raw,case_brain_mask,T1ce,3891.2578125,3040.124267578125,2032.3699951171875,1858.8878173828125,1007.7542724609375,0.914640455157688,0.4958517764393731,0.914640455157688,0.4958517764393731,abs(mean_region - mean_healthy) / abs(mean_healthy),45292,84681,1474059
BraTS-GLI-00480-000,raw,case_brain_mask,T2,858.0369262695312,971.3665161132812,707.1187133789062,150.918212890625,264.247802734375,0.21342698196951293,0.3736965204494299,0.21342698196951293,0.3736965204494299,abs(mean_region - mean_healthy) / abs(mean_healthy),45292,84681,1474059
BraTS-GLI-00480-000,raw,case_brain_mask,FLAIR,1964.873291015625,2196.61083984375,949.4678955078125,1015.4053955078125,1247.1429443359375,1.0694467925792626,1.313517761091771,1.0694467925792626,1.313517761091771,abs(mean_region - mean_healthy) / abs(mean_healthy),45292,84681,1474059
BraTS-GLI-00480-001,raw,case_brain_mask,T1,1185.2921142578125,1203.4814453125,1136.5572509765625,48.73486328125,66.9241943359375,0.04287937386293177,0.05888325843544997,0.04287937386293177,0.05888325843544997,abs(mean_region - mean_healthy) / abs(mean_healthy),41764,107398,1521006
BraTS-GLI-00480-001,raw,case_brain_mask,T1ce,5225.6416015625,3267.734375,2514.74267578125,2710.89892578125,752.99169921875,1.0780025136922053,0.29943091453077586,1.0780025136922053,0.29943091453077586,abs(mean_region - mean_healthy) / abs(mean_healthy),41764,107398,1521006
BraTS-GLI-00480-001,raw,case_brain_mask,T2,1308.582275390625,1358.3203125,956.7583618164062,351.82391357421875,401.56195068359375,0.3677249424883843,0.4197109392608058,0.3677249424883843,0.4197109392608058,abs(mean_region - mean_healthy) / abs(mean_healthy),41764,107398,1521006
BraTS-GLI-00480-001,raw,case_brain_mask,FLAIR,909.513916015625,794.1296997070312,509.9913024902344,399.5226135253906,284.1383972167969,0.7833910334834405,0.5571436136839564,0.7833910334834405,0.5571436136839564,abs(mean_region - mean_healthy) / abs(mean_healthy),41764,107398,1521006
BraTS-GLI-00481-000,raw,case_brain_mask,T1,993.5861206054688,896.0798950195312,790.1113891601562,203.4747314453125,105.968505859375,0.25752664021410276,0.1341184386318156,0.25752664021410276,0.1341184386318156,abs(mean_region - mean_healthy) / abs(mean_healthy),31479,148597,1323326
BraTS-GLI-00481-000,raw,case_brain_mask,T1ce,4759.57470703125,2852.654296875,2821.9814453125,1937.59326171875,30.6728515625,0.6866073711920474,0.010869260537998809,0.6866073711920474,0.010869260537998809,abs(mean_region - mean_healthy) / abs(mean_healthy),31479,148597,1323326
BraTS-GLI-00481-000,raw,case_brain_mask,T2,958.0958862304688,1023.15380859375,653.8259887695312,304.2698974609375,369.32781982421875,0.46536831310966803,0.5648717337150757,0.46536831310966803,0.5648717337150757,abs(mean_region - mean_healthy) / abs(mean_healthy),31479,148597,1323326
BraTS-GLI-00481-000,raw,case_brain_mask,FLAIR,2427.767578125,2563.22802734375,1115.4122314453125,1312.3553466796875,1447.8157958984375,1.1765653178997175,1.2980096103325027,1.1765653178997175,1.2980096103325027,abs(mean_region - mean_healthy) / abs(mean_healthy),31479,148597,1323326
BraTS-GLI-00481-001,raw,case_brain_mask,T1,211.96676635742188,226.120361328125,262.1530456542969,50.186279296875,36.032684326171875,0.19143885653366016,0.13744903949614393,0.19143885653366016,0.13744903949614393,abs(mean_region - mean_healthy) / abs(mean_healthy),53644,165600,1205847
BraTS-GLI-00481-001,raw,case_brain_mask,T1ce,1311.8006591796875,966.1030883789062,804.274658203125,507.5260009765625,161.82843017578125,0.6310356739455831,0.2012104055812615,0.6310356739455831,0.2012104055812615,abs(mean_region - mean_healthy) / abs(mean_healthy),53644,165600,1205847
BraTS-GLI-00481-001,raw,case_brain_mask,T2,276.80859375,292.2508239746094,188.72662353515625,88.08197021484375,103.52420043945312,0.46671724722736707,0.5485405212061588,0.46671724722736707,0.5485405212061588,abs(mean_region - mean_healthy) / abs(mean_healthy),53644,165600,1205847
BraTS-GLI-00481-001,raw,case_brain_mask,FLAIR,821.9812622070312,611.07763671875,303.4999694824219,518.4812927246094,307.5776672363281,1.7083405102439024,1.0134355787938305,1.7083405102439024,1.0134355787938305,abs(mean_region - mean_healthy) / abs(mean_healthy),53644,165600,1205847
BraTS-GLI-00483-000,raw,case_brain_mask,T1,953.177001953125,889.8919677734375,842.7511596679688,110.42584228515625,47.14080810546875,0.1310301872840642,0.05593680597727272,0.1310301872840642,0.05593680597727272,abs(mean_region - mean_healthy) / abs(mean_healthy),30438,174946,1485823
BraTS-GLI-00483-000,raw,case_brain_mask,T1ce,5875.01416015625,3121.422119140625,2851.161865234375,3023.852294921875,270.26025390625,1.0605684411654068,0.09478951623254603,1.0605684411654068,0.09478951623254603,abs(mean_region - mean_healthy) / abs(mean_healthy),30438,174946,1485823
BraTS-GLI-00483-000,raw,case_brain_mask,T2,912.0664672851562,932.1146240234375,627.7406616210938,284.3258056640625,304.37396240234375,0.45293514192598605,0.4848721470683778,0.45293514192598605,0.4848721470683778,abs(mean_region - mean_healthy) / abs(mean_healthy),30438,174946,1485823
BraTS-GLI-00483-000,raw,case_brain_mask,FLAIR,2325.7578125,2329.769775390625,1266.608642578125,1059.149169921875,1063.1611328125,0.8362087027655397,0.8393761869873896,0.8362087027655397,0.8393761869873896,abs(mean_region - mean_healthy) / abs(mean_healthy),30438,174946,1485823
BraTS-GLI-00483-001,raw,case_brain_mask,T1,421.03692626953125,435.85595703125,424.65838623046875,3.6214599609375,11.19757080078125,0.008527936992093397,0.026368420273476367,0.008527936992093397,0.026368420273476367,abs(mean_region - mean_healthy) / abs(mean_healthy),25746,182662,1430161
BraTS-GLI-00483-001,raw,case_brain_mask,T1ce,2031.0035400390625,1181.6068115234375,1325.4180908203125,705.58544921875,143.811279296875,0.5323493425248611,0.10850257763410259,0.5323493425248611,0.10850257763410259,abs(mean_region - mean_healthy) / abs(mean_healthy),25746,182662,1430161
BraTS-GLI-00483-001,raw,case_brain_mask,T2,665.9071655273438,668.1743774414062,386.19110107421875,279.716064453125,281.9832763671875,0.7242944326657822,0.7301651321918875,0.7242944326657822,0.7301651321918875,abs(mean_region - mean_healthy) / abs(mean_healthy),25746,182662,1430161
BraTS-GLI-00483-001,raw,case_brain_mask,FLAIR,520.1786499023438,550.9324951171875,335.0592041015625,185.11944580078125,215.873291015625,0.5524977184171553,0.6442840201762967,0.5524977184171553,0.6442840201762967,abs(mean_region - mean_healthy) / abs(mean_healthy),25746,182662,1430161
BraTS-GLI-00488-000,raw,case_brain_mask,T1,2933.0615234375,2661.91455078125,2324.97314453125,608.08837890625,336.94140625,0.26154640983126276,0.1449227089106582,0.26154640983126276,0.1449227089106582,abs(mean_region - mean_healthy) / abs(mean_healthy),22898,55818,1460708
BraTS-GLI-00488-000,raw,case_brain_mask,T1ce,4528.9306640625,3556.218017578125,2977.593017578125,1551.337646484375,578.625,0.5210039240843537,0.19432642291411414,0.5210039240843537,0.19432642291411414,abs(mean_region - mean_healthy) / abs(mean_healthy),22898,55818,1460708
BraTS-GLI-00488-000,raw,case_brain_mask,T2,920.671875,929.4487915039062,740.4093017578125,180.2625732421875,189.03948974609375,0.2434634097845941,0.2553175511130038,0.2434634097845941,0.2553175511130038,abs(mean_region - mean_healthy) / abs(mean_healthy),22898,55818,1460708
BraTS-GLI-00488-000,raw,case_brain_mask,FLAIR,1473.7613525390625,1506.5157470703125,1075.133544921875,398.6278076171875,431.3822021484375,0.3707705052084055,0.40123592477042846,0.3707705052084055,0.40123592477042846,abs(mean_region - mean_healthy) / abs(mean_healthy),22898,55818,1460708
BraTS-GLI-00491-000,raw,case_brain_mask,T1,1151.903564453125,1148.6114501953125,1019.9283447265625,131.9752197265625,128.68310546875,0.12939656046321996,0.12616877071226928,0.12939656046321996,0.12616877071226928,abs(mean_region - mean_healthy) / abs(mean_healthy),20614,99834,1543291
BraTS-GLI-00491-000,raw,case_brain_mask,T1ce,4970.15771484375,3484.0478515625,3402.775146484375,1567.382568359375,81.272705078125,0.46061890688802587,0.023884242002323613,0.46061890688802587,0.023884242002323613,abs(mean_region - mean_healthy) / abs(mean_healthy),20614,99834,1543291
BraTS-GLI-00491-000,raw,case_brain_mask,T2,1037.12548828125,1178.488525390625,746.5857543945312,290.53973388671875,431.90277099609375,0.38915788598503553,0.578503900528292,0.38915788598503553,0.578503900528292,abs(mean_region - mean_healthy) / abs(mean_healthy),20614,99834,1543291
BraTS-GLI-00491-000,raw,case_brain_mask,FLAIR,2324.043212890625,2546.658935546875,1216.541259765625,1107.501953125,1330.11767578125,0.9103694134783129,1.0933601019315253,0.9103694134783129,1.0933601019315253,abs(mean_region - mean_healthy) / abs(mean_healthy),20614,99834,1543291
BraTS-GLI-00491-001,raw,case_brain_mask,T1,1630.990478515625,1816.7449951171875,1834.0802001953125,203.0897216796875,17.335205078125,0.11073110197583526,0.00945171594801523,0.11073110197583526,0.00945171594801523,abs(mean_region - mean_healthy) / abs(mean_healthy),22332,97063,1502778
BraTS-GLI-00491-001,raw,case_brain_mask,T1ce,2964.475830078125,2065.646728515625,1976.5257568359375,987.9500732421875,89.1209716796875,0.4998417398940037,0.04508970923928366,0.4998417398940037,0.04508970923928366,abs(mean_region - mean_healthy) / abs(mean_healthy),22332,97063,1502778
BraTS-GLI-00491-001,raw,case_brain_mask,T2,886.87890625,894.6878051757812,650.7123413085938,236.16656494140625,243.9754638671875,0.362935432370118,0.37493597151784247,0.362935432370118,0.37493597151784247,abs(mean_region - mean_healthy) / abs(mean_healthy),22332,97063,1502778
BraTS-GLI-00491-001,raw,case_brain_mask,FLAIR,779.4595947265625,748.00439453125,347.77032470703125,431.68927001953125,400.23406982421875,1.2413056530432693,1.1508574521457058,1.2413056530432693,1.1508574521457058,abs(mean_region - mean_healthy) / abs(mean_healthy),22332,97063,1502778
BraTS-GLI-00493-000,raw,case_brain_mask,T1,903.597900390625,880.5358276367188,802.4279174804688,101.16998291015625,78.10791015625,0.12607983933038913,0.09733947243697583,0.12607983933038913,0.09733947243697583,abs(mean_region - mean_healthy) / abs(mean_healthy),5322,34451,1316228
BraTS-GLI-00493-000,raw,case_brain_mask,T1ce,4537.759765625,3361.188232421875,2737.8896484375,1799.8701171875,623.298583984375,0.6573932292028924,0.2276565764219491,0.6573932292028924,0.2276565764219491,abs(mean_region - mean_healthy) / abs(mean_healthy),5322,34451,1316228
BraTS-GLI-00493-000,raw,case_brain_mask,T2,661.8611450195312,699.0820922851562,790.8312377929688,128.9700927734375,91.7491455078125,0.16308168748286156,0.11601608677454829,0.16308168748286156,0.11601608677454829,abs(mean_region - mean_healthy) / abs(mean_healthy),5322,34451,1316228
BraTS-GLI-00493-000,raw,case_brain_mask,FLAIR,1715.737548828125,1513.1802978515625,1179.725830078125,536.01171875,333.4544677734375,0.4543527869644964,0.2826542059788206,0.4543527869644964,0.2826542059788206,abs(mean_region - mean_healthy) / abs(mean_healthy),5322,34451,1316228
BraTS-GLI-00494-000,raw,case_brain_mask,T1,1918.30322265625,1859.868408203125,1862.4466552734375,55.8565673828125,2.5782470703125,0.029990962277849427,0.0013843333783613637,0.029990962277849427,0.0013843333783613637,abs(mean_region - mean_healthy) / abs(mean_healthy),21589,174350,1377615
BraTS-GLI-00494-000,raw,case_brain_mask,T1ce,4703.701171875,2687.400634765625,2709.226318359375,1994.474853515625,21.82568359375,0.7361787533215085,0.008056057718709514,0.7361787533215085,0.008056057718709514,abs(mean_region - mean_healthy) / abs(mean_healthy),21589,174350,1377615
BraTS-GLI-00494-000,raw,case_brain_mask,T2,642.4823608398438,624.4773559570312,614.5387573242188,27.943603515625,9.9385986328125,0.04547085628463055,0.01617245212667537,0.04547085628463055,0.01617245212667537,abs(mean_region - mean_healthy) / abs(mean_healthy),21589,174350,1377615
BraTS-GLI-00494-000,raw,case_brain_mask,FLAIR,1327.875732421875,1445.016845703125,999.4761962890625,328.3995361328125,445.5406494140625,0.3285716431788184,0.445774147566798,0.3285716431788184,0.445774147566798,abs(mean_region - mean_healthy) / abs(mean_healthy),21589,174350,1377615
BraTS-GLI-00494-001,raw,case_brain_mask,T1,1231.0997314453125,1350.403076171875,1459.6134033203125,228.513671875,109.2103271484375,0.15655766886983882,0.07482140606547395,0.15655766886983882,0.07482140606547395,abs(mean_region - mean_healthy) / abs(mean_healthy),32375,118353,1208061
BraTS-GLI-00494-001,raw,case_brain_mask,T1ce,1961.7122802734375,1498.6781005859375,1353.729736328125,607.9825439453125,144.9483642578125,0.4491166350488929,0.10707333994965082,0.4491166350488929,0.10707333994965082,abs(mean_region - mean_healthy) / abs(mean_healthy),32375,118353,1208061
BraTS-GLI-00494-001,raw,case_brain_mask,T2,1528.6368408203125,1381.7659912109375,1043.4486083984375,485.188232421875,338.3173828125,0.4649852695348149,0.3242300388245998,0.4649852695348149,0.3242300388245998,abs(mean_region - mean_healthy) / abs(mean_healthy),32375,118353,1208061
BraTS-GLI-00494-001,raw,case_brain_mask,FLAIR,1357.00830078125,1451.3480224609375,635.253173828125,721.755126953125,816.0948486328125,1.1361692576893825,1.2846765388276773,1.1361692576893825,1.2846765388276773,abs(mean_region - mean_healthy) / abs(mean_healthy),32375,118353,1208061
BraTS-GLI-00495-000,raw,case_brain_mask,T1,2665.0771484375,2687.2294921875,2905.844970703125,240.767822265625,218.615478515625,0.08285638934391142,0.07523301508501563,0.08285638934391142,0.07523301508501563,abs(mean_region - mean_healthy) / abs(mean_healthy),32047,99302,1373658
BraTS-GLI-00495-000,raw,case_brain_mask,T1ce,4726.53271484375,3236.994873046875,3159.35791015625,1567.1748046875,77.636962890625,0.496042186182696,0.024573652336460153,0.496042186182696,0.024573652336460153,abs(mean_region - mean_healthy) / abs(mean_healthy),32047,99302,1373658
BraTS-GLI-00495-000,raw,case_brain_mask,T2,883.2503662109375,953.0677490234375,625.5025634765625,257.747802734375,327.565185546875,0.4120651421503451,0.5236832023937003,0.4120651421503451,0.5236832023937003,abs(mean_region - mean_healthy) / abs(mean_healthy),32047,99302,1373658
BraTS-GLI-00495-000,raw,case_brain_mask,FLAIR,1375.38916015625,1380.9307861328125,772.1026611328125,603.2864990234375,608.828125,0.7813552904199403,0.7885326079652937,0.7813552904199403,0.7885326079652937,abs(mean_region - mean_healthy) / abs(mean_healthy),32047,99302,1373658
BraTS-GLI-00495-001,raw,case_brain_mask,T1,626.2119140625,708.5059814453125,869.373046875,243.1611328125,160.8670654296875,0.27969711470415776,0.1850380179232969,0.27969711470415776,0.1850380179232969,abs(mean_region - mean_healthy) / abs(mean_healthy),33222,97215,1174919
BraTS-GLI-00495-001,raw,case_brain_mask,T1ce,194.2768096923828,134.36602783203125,124.55670928955078,69.72010040283203,9.809318542480469,0.5597458442865344,0.07875383508789746,0.5597458442865344,0.07875383508789746,abs(mean_region - mean_healthy) / abs(mean_healthy),33222,97215,1174919
BraTS-GLI-00495-001,raw,case_brain_mask,T2,547.071044921875,552.2608642578125,343.7383117675781,203.33273315429688,208.52255249023438,0.5915335189397863,0.6066316885597228,0.5915335189397863,0.6066316885597228,abs(mean_region - mean_healthy) / abs(mean_healthy),33222,97215,1174919
BraTS-GLI-00495-001,raw,case_brain_mask,FLAIR,794.2860717773438,818.360595703125,371.1244201660156,423.1616516113281,447.2361755371094,1.1402150562391842,1.205084201511306,1.1402150562391842,1.205084201511306,abs(mean_region - mean_healthy) / abs(mean_healthy),33222,97215,1174919
BraTS-GLI-00496-000,raw,case_brain_mask,T1,2206.650146484375,2594.809814453125,2631.798095703125,425.14794921875,36.98828125,0.16154276800825987,0.014054376477583862,0.16154276800825987,0.014054376477583862,abs(mean_region - mean_healthy) / abs(mean_healthy),666,45528,1521232
BraTS-GLI-00496-000,raw,case_brain_mask,T1ce,6223.40966796875,3141.534423828125,3363.397216796875,2860.012451171875,221.86279296875,0.85033442879982,0.065963898602509,0.85033442879982,0.065963898602509,abs(mean_region - mean_healthy) / abs(mean_healthy),666,45528,1521232
BraTS-GLI-00496-000,raw,case_brain_mask,T2,686.9714965820312,659.8316650390625,638.1689453125,48.80255126953125,21.6627197265625,0.07647277672785144,0.03394511733245598,0.07647277672785144,0.03394511733245598,abs(mean_region - mean_healthy) / abs(mean_healthy),666,45528,1521232
BraTS-GLI-00496-000,raw,case_brain_mask,FLAIR,1124.507568359375,1031.9957275390625,649.7763061523438,474.73126220703125,382.21942138671875,0.7306072223811249,0.5882323159027366,0.7306072223811249,0.5882323159027366,abs(mean_region - mean_healthy) / abs(mean_healthy),666,45528,1521232
BraTS-GLI-00498-000,raw,case_brain_mask,T1,840.0181884765625,820.6316528320312,818.3296508789062,21.68853759765625,2.302001953125,0.026503423863918685,0.002813049668495567,0.026503423863918685,0.002813049668495567,abs(mean_region - mean_healthy) / abs(mean_healthy),11657,120263,1504272
BraTS-GLI-00498-000,raw,case_brain_mask,T1ce,2513.51611328125,2084.026611328125,2106.896728515625,406.619384765625,22.8701171875,0.19299445448002625,0.010854882860638697,0.19299445448002625,0.010854882860638697,abs(mean_region - mean_healthy) / abs(mean_healthy),11657,120263,1504272
BraTS-GLI-00498-000,raw,case_brain_mask,T2,736.7706909179688,681.161376953125,594.5955810546875,142.17510986328125,86.5657958984375,0.23911228807165452,0.14558768792880697,0.23911228807165452,0.14558768792880697,abs(mean_region - mean_healthy) / abs(mean_healthy),11657,120263,1504272
BraTS-GLI-00498-000,raw,case_brain_mask,FLAIR,1742.568359375,1659.5313720703125,903.04052734375,839.52783203125,756.4908447265625,0.9296679458015915,0.8377152761368791,0.9296679458015915,0.8377152761368791,abs(mean_region - mean_healthy) / abs(mean_healthy),11657,120263,1504272
BraTS-GLI-00498-001,raw,case_brain_mask,T1,202.06495666503906,234.4725341796875,276.2832336425781,74.21827697753906,41.810699462890625,0.26863112900131214,0.15133274253254272,0.26863112900131214,0.15133274253254272,abs(mean_region - mean_healthy) / abs(mean_healthy),17581,102466,1204547
BraTS-GLI-00498-001,raw,case_brain_mask,T1ce,411.1856689453125,308.5284423828125,307.3686828613281,103.81698608398438,1.159759521484375,0.33776045470065746,0.0037731870101015137,0.33776045470065746,0.0037731870101015137,abs(mean_region - mean_healthy) / abs(mean_healthy),17581,102466,1204547
BraTS-GLI-00498-001,raw,case_brain_mask,T2,467.35400390625,432.51568603515625,313.281005859375,154.072998046875,119.23468017578125,0.4918044668052266,0.38059977446989907,0.4918044668052266,0.38059977446989907,abs(mean_region - mean_healthy) / abs(mean_healthy),17581,102466,1204547
BraTS-GLI-00498-001,raw,case_brain_mask,FLAIR,156.2175750732422,143.6107177734375,85.02964782714844,71.18792724609375,58.58106994628906,0.8372130082298744,0.6889487542671578,0.8372130082298744,0.6889487542671578,abs(mean_region - mean_healthy) / abs(mean_healthy),17581,102466,1204547
BraTS-GLI-00499-000,raw,case_brain_mask,T1,3380.8349609375,3457.3984375,3326.64111328125,54.19384765625,130.75732421875,0.016290860904678597,0.03930611080850162,0.016290860904678597,0.03930611080850162,abs(mean_region - mean_healthy) / abs(mean_healthy),39560,105926,1643830
BraTS-GLI-00499-000,raw,case_brain_mask,T1ce,7064.42236328125,5133.9521484375,4232.65283203125,2831.76953125,901.29931640625,0.6690294818937546,0.2129395800159959,0.6690294818937546,0.2129395800159959,abs(mean_region - mean_healthy) / abs(mean_healthy),39560,105926,1643830
BraTS-GLI-00499-000,raw,case_brain_mask,T2,831.090576171875,878.82666015625,663.3308715820312,167.75970458984375,215.49578857421875,0.25290501584788316,0.32486922862532464,0.25290501584788316,0.32486922862532464,abs(mean_region - mean_healthy) / abs(mean_healthy),39560,105926,1643830
BraTS-GLI-00499-000,raw,case_brain_mask,FLAIR,1525.3712158203125,1633.8724365234375,984.2488403320312,541.1223754882812,649.6235961914062,0.549782080825959,0.660019671419942,0.549782080825959,0.660019671419942,abs(mean_region - mean_healthy) / abs(mean_healthy),39560,105926,1643830
BraTS-GLI-00499-001,raw,case_brain_mask,T1,178.3824005126953,187.35787963867188,183.79335021972656,5.41094970703125,3.5645294189453125,0.029440399778133498,0.01939422408201323,0.029440399778133498,0.01939422408201323,abs(mean_region - mean_healthy) / abs(mean_healthy),52657,144798,1656365
BraTS-GLI-00499-001,raw,case_brain_mask,T1ce,211.90020751953125,165.05477905273438,148.3988800048828,63.50132751464844,16.655899047851562,0.42790974913394925,0.11223736356570567,0.42790974913394925,0.11223736356570567,abs(mean_region - mean_healthy) / abs(mean_healthy),52657,144798,1656365
BraTS-GLI-00499-001,raw,case_brain_mask,T2,326.7197570800781,307.5529479980469,194.73480224609375,131.98495483398438,112.81814575195312,0.6777676784614493,0.5793424927167388,0.6777676784614493,0.5793424927167388,abs(mean_region - mean_healthy) / abs(mean_healthy),52657,144798,1656365
BraTS-GLI-00499-001,raw,case_brain_mask,FLAIR,180.60987854003906,176.5821990966797,94.14472961425781,86.46514892578125,82.43746948242188,0.9184279277242353,0.8756461441887988,0.9184279277242353,0.8756461441887988,abs(mean_region - mean_healthy) / abs(mean_healthy),52657,144798,1656365
BraTS-GLI-00500-000,raw,case_brain_mask,T1,1931.780029296875,2132.691650390625,2154.481689453125,222.70166015625,21.7900390625,0.10336669893573273,0.010113819564663368,0.10336669893573273,0.010113819564663368,abs(mean_region - mean_healthy) / abs(mean_healthy),16854,55083,1498364
BraTS-GLI-00500-000,raw,case_brain_mask,T1ce,4019.834228515625,2971.495361328125,2572.537109375,1447.297119140625,398.958251953125,0.5625952348233558,0.15508357508205284,0.5625952348233558,0.15508357508205284,abs(mean_region - mean_healthy) / abs(mean_healthy),16854,55083,1498364
BraTS-GLI-00500-000,raw,case_brain_mask,T2,938.6018676757812,882.0433349609375,636.0662231445312,302.53564453125,245.97711181640625,0.4756354504026318,0.3867161985121063,0.4756354504026318,0.3867161985121063,abs(mean_region - mean_healthy) / abs(mean_healthy),16854,55083,1498364
BraTS-GLI-00500-000,raw,case_brain_mask,FLAIR,1695.353515625,1660.9473876953125,876.0363159179688,819.3171997070312,784.9110717773438,0.9352548345538582,0.8959800610033638,0.9352548345538582,0.8959800610033638,abs(mean_region - mean_healthy) / abs(mean_healthy),16854,55083,1498364
BraTS-GLI-00500-001,raw,case_brain_mask,T1,147.8319091796875,156.22691345214844,151.9771728515625,4.145263671875,4.2497406005859375,0.027275567732291724,0.027963019187998043,0.027275567732291724,0.027963019187998043,abs(mean_region - mean_healthy) / abs(mean_healthy),6612,61602,1471918
BraTS-GLI-00500-001,raw,case_brain_mask,T1ce,206.4301300048828,140.4851531982422,146.83485412597656,59.59527587890625,6.349700927734375,0.40586600663475064,0.04324382630766035,0.40586600663475064,0.04324382630766035,abs(mean_region - mean_healthy) / abs(mean_healthy),6612,61602,1471918
BraTS-GLI-00500-001,raw,case_brain_mask,T2,273.1170959472656,276.3963317871094,193.77976989746094,79.33732604980469,82.61656188964844,0.40942006532356934,0.4263425533705877,0.40942006532356934,0.4263425533705877,abs(mean_region - mean_healthy) / abs(mean_healthy),6612,61602,1471918
BraTS-GLI-00500-001,raw,case_brain_mask,FLAIR,163.5447998046875,181.7195281982422,91.33857727050781,72.20622253417969,90.38095092773438,0.7905336900566575,0.9895156420059256,0.7905336900566575,0.9895156420059256,abs(mean_region - mean_healthy) / abs(mean_healthy),6612,61602,1471918
BraTS-GLI-00501-000,raw,case_brain_mask,T1,2777.05517578125,2687.556884765625,2857.34326171875,80.2880859375,169.786376953125,0.028098859179140095,0.05942106404499509,0.028098859179140095,0.05942106404499509,abs(mean_region - mean_healthy) / abs(mean_healthy),8537,194150,1233906
BraTS-GLI-00501-000,raw,case_brain_mask,T1ce,4426.84033203125,3195.52587890625,3376.58251953125,1050.2578125,181.056640625,0.311041654224343,0.053621269309341496,0.311041654224343,0.053621269309341496,abs(mean_region - mean_healthy) / abs(mean_healthy),8537,194150,1233906
BraTS-GLI-00501-000,raw,case_brain_mask,T2,785.37109375,727.890380859375,649.0343627929688,136.33673095703125,78.85601806640625,0.2100608824012611,0.12149744695653351,0.2100608824012611,0.12149744695653351,abs(mean_region - mean_healthy) / abs(mean_healthy),8537,194150,1233906
BraTS-GLI-00501-000,raw,case_brain_mask,FLAIR,1634.15625,1540.41162109375,1193.5137939453125,440.6424560546875,346.8978271484375,0.3691976232617199,0.29065254956268444,0.3691976232617199,0.29065254956268444,abs(mean_region - mean_healthy) / abs(mean_healthy),8537,194150,1233906
BraTS-GLI-00502-000,raw,case_brain_mask,T1,2026.0177001953125,2029.2216796875,2049.5185546875,23.5008544921875,20.296875,0.01146652438858783,0.009903240423746622,0.01146652438858783,0.009903240423746622,abs(mean_region - mean_healthy) / abs(mean_healthy),30331,95547,1516430
BraTS-GLI-00502-000,raw,case_brain_mask,T1ce,3665.449951171875,2794.653564453125,2382.996337890625,1282.45361328125,411.6572265625,0.5381685204000142,0.17274773780260602,0.5381685204000142,0.17274773780260602,abs(mean_region - mean_healthy) / abs(mean_healthy),30331,95547,1516430
BraTS-GLI-00502-000,raw,case_brain_mask,T2,660.7639770507812,694.9296264648438,726.4384765625,65.67449951171875,31.50885009765625,0.0904061412364745,0.04337442345669221,0.0904061412364745,0.04337442345669221,abs(mean_region - mean_healthy) / abs(mean_healthy),30331,95547,1516430
BraTS-GLI-00502-000,raw,case_brain_mask,FLAIR,1409.4290771484375,1417.4075927734375,909.6055908203125,499.823486328125,507.802001953125,0.5494947385683586,0.5582661398278921,0.5494947385683586,0.5582661398278921,abs(mean_region - mean_healthy) / abs(mean_healthy),30331,95547,1516430
BraTS-GLI-00502-001,raw,case_brain_mask,T1,231.51026916503906,246.80076599121094,214.90213012695312,16.608139038085938,31.898635864257812,0.07728233791016731,0.14843331634457851,0.07728233791016731,0.14843331634457851,abs(mean_region - mean_healthy) / abs(mean_healthy),33106,76681,1361515
BraTS-GLI-00502-001,raw,case_brain_mask,T1ce,680.3161010742188,625.8228759765625,520.2881469726562,160.0279541015625,105.53472900390625,0.30757562906766117,0.20283900299856847,0.30757562906766117,0.20283900299856847,abs(mean_region - mean_healthy) / abs(mean_healthy),33106,76681,1361515
BraTS-GLI-00502-001,raw,case_brain_mask,T2,553.25048828125,518.7264404296875,450.7524108886719,102.49807739257812,67.97402954101562,0.22739329821996979,0.15080125563167326,0.22739329821996979,0.15080125563167326,abs(mean_region - mean_healthy) / abs(mean_healthy),33106,76681,1361515
BraTS-GLI-00502-001,raw,case_brain_mask,FLAIR,336.6087646484375,320.85955810546875,192.01654052734375,144.59222412109375,128.843017578125,0.7530196290590048,0.6709995775586706,0.7530196290590048,0.6709995775586706,abs(mean_region - mean_healthy) / abs(mean_healthy),33106,76681,1361515
BraTS-GLI-00504-000,raw,case_brain_mask,T1,1816.6632080078125,1863.6239013671875,2212.115966796875,395.4527587890625,348.4920654296875,0.178766739504021,0.15753788257959234,0.178766739504021,0.15753788257959234,abs(mean_region - mean_healthy) / abs(mean_healthy),13597,107860,1474087
BraTS-GLI-00504-000,raw,case_brain_mask,T1ce,4534.14453125,3276.5234375,3510.198974609375,1023.945556640625,233.675537109375,0.2917058446108664,0.06657045335596085,0.2917058446108664,0.06657045335596085,abs(mean_region - mean_healthy) / abs(mean_healthy),13597,107860,1474087
BraTS-GLI-00504-000,raw,case_brain_mask,T2,994.2481689453125,1024.8665771484375,596.5256958007812,397.72247314453125,428.34088134765625,0.6667315020028185,0.7180593968758509,0.6667315020028185,0.7180593968758509,abs(mean_region - mean_healthy) / abs(mean_healthy),13597,107860,1474087
BraTS-GLI-00504-000,raw,case_brain_mask,FLAIR,2189.436279296875,2181.327392578125,1084.0718994140625,1105.3643798828125,1097.2554931640625,1.0196412068980467,1.012161180229029,1.0196412068980467,1.012161180229029,abs(mean_region - mean_healthy) / abs(mean_healthy),13597,107860,1474087
BraTS-GLI-00505-000,raw,case_brain_mask,T1,1514.2879638671875,1517.025390625,1397.6884765625,116.5994873046875,119.3369140625,0.08342308694670958,0.08538162549354299,0.08342308694670958,0.08538162549354299,abs(mean_region - mean_healthy) / abs(mean_healthy),35305,86824,1369005
BraTS-GLI-00505-000,raw,case_brain_mask,T1ce,5312.91552734375,4015.680419921875,3735.904541015625,1577.010986328125,279.77587890625,0.42212293408851564,0.07488839070555894,0.42212293408851564,0.07488839070555894,abs(mean_region - mean_healthy) / abs(mean_healthy),35305,86824,1369005
BraTS-GLI-00505-000,raw,case_brain_mask,T2,969.9165649414062,1073.28466796875,839.3318481445312,130.584716796875,233.95281982421875,0.15558174884648077,0.2787369743462094,0.15558174884648077,0.2787369743462094,abs(mean_region - mean_healthy) / abs(mean_healthy),35305,86824,1369005
BraTS-GLI-00505-000,raw,case_brain_mask,FLAIR,1722.3453369140625,1860.5401611328125,1276.5667724609375,445.778564453125,583.973388671875,0.3492011339083837,0.45745620305164597,0.3492011339083837,0.45745620305164597,abs(mean_region - mean_healthy) / abs(mean_healthy),35305,86824,1369005
BraTS-GLI-00506-000,raw,case_brain_mask,T1,848.6290893554688,808.9853515625,837.1571044921875,11.47198486328125,28.1717529296875,0.013703502964643727,0.03365169187302812,0.013703502964643727,0.03365169187302812,abs(mean_region - mean_healthy) / abs(mean_healthy),23737,88284,1528835
BraTS-GLI-00506-000,raw,case_brain_mask,T1ce,4517.48193359375,2824.54345703125,2929.109130859375,1588.372802734375,104.565673828125,0.5422716367922967,0.03569879753761388,0.5422716367922967,0.03569879753761388,abs(mean_region - mean_healthy) / abs(mean_healthy),23737,88284,1528835
BraTS-GLI-00506-000,raw,case_brain_mask,T2,931.8047485351562,1138.1739501953125,603.201416015625,328.60333251953125,534.9725341796875,0.54476551910319,0.8868887240241987,0.54476551910319,0.8868887240241987,abs(mean_region - mean_healthy) / abs(mean_healthy),23737,88284,1528835
BraTS-GLI-00506-000,raw,case_brain_mask,FLAIR,2224.605224609375,2087.67236328125,1098.97216796875,1125.633056640625,988.7001953125,1.024259839738392,0.8996589942217849,1.024259839738392,0.8996589942217849,abs(mean_region - mean_healthy) / abs(mean_healthy),23737,88284,1528835
BraTS-GLI-00507-000,raw,case_brain_mask,T1,807.5504150390625,808.2010498046875,817.0902709960938,9.53985595703125,8.88922119140625,0.011675400253391166,0.010879117653144529,0.011675400253391166,0.010879117653144529,abs(mean_region - mean_healthy) / abs(mean_healthy),30446,161571,1203129
BraTS-GLI-00507-000,raw,case_brain_mask,T1ce,5190.54052734375,2876.874755859375,2976.12646484375,2214.4140625,99.251708984375,0.7440591280842157,0.03334929148905835,0.7440591280842157,0.03334929148905835,abs(mean_region - mean_healthy) / abs(mean_healthy),30446,161571,1203129
BraTS-GLI-00507-000,raw,case_brain_mask,T2,908.021728515625,919.0017700195312,607.3572998046875,300.6644287109375,311.64447021484375,0.4950371532664948,0.5131155422270575,0.4950371532664948,0.5131155422270575,abs(mean_region - mean_healthy) / abs(mean_healthy),30446,161571,1203129
BraTS-GLI-00507-000,raw,case_brain_mask,FLAIR,1985.1163330078125,2171.52099609375,1092.2803955078125,892.8359375,1079.2406005859375,0.8174054401891112,0.9880618612441426,0.8174054401891112,0.9880618612441426,abs(mean_region - mean_healthy) / abs(mean_healthy),30446,161571,1203129
BraTS-GLI-00510-000,raw,case_brain_mask,T1,2626.080810546875,2696.39990234375,2742.18017578125,116.099365234375,45.7802734375,0.04233834314016152,0.016694845160733156,0.04233834314016152,0.016694845160733156,abs(mean_region - mean_healthy) / abs(mean_healthy),36255,100941,1436961
BraTS-GLI-00510-000,raw,case_brain_mask,T1ce,5585.53955078125,3928.50244140625,3422.22998046875,2163.3095703125,506.2724609375,0.6321344803414372,0.1479364226913104,0.6321344803414372,0.1479364226913104,abs(mean_region - mean_healthy) / abs(mean_healthy),36255,100941,1436961
BraTS-GLI-00510-000,raw,case_brain_mask,T2,538.7304077148438,601.3568115234375,583.5897216796875,44.85931396484375,17.76708984375,0.07686789588365214,0.030444487254869354,0.07686789588365214,0.030444487254869354,abs(mean_region - mean_healthy) / abs(mean_healthy),36255,100941,1436961
BraTS-GLI-00510-000,raw,case_brain_mask,FLAIR,1215.2650146484375,1351.958984375,835.9122924804688,379.35272216796875,516.0466918945312,0.4538188103949104,0.6173454996854096,0.4538188103949104,0.6173454996854096,abs(mean_region - mean_healthy) / abs(mean_healthy),36255,100941,1436961
BraTS-GLI-00510-001,raw,case_brain_mask,T1,1501.827392578125,1543.609130859375,1453.909912109375,47.91748046875,89.69921875,0.03295766819501899,0.061695169695804436,0.03295766819501899,0.061695169695804436,abs(mean_region - mean_healthy) / abs(mean_healthy),12096,45293,1454897
BraTS-GLI-00510-001,raw,case_brain_mask,T1ce,1693.6964111328125,1245.716064453125,1236.470703125,457.2257080078125,9.245361328125,0.3697828883872792,0.007477218267087682,0.3697828883872792,0.007477218267087682,abs(mean_region - mean_healthy) / abs(mean_healthy),12096,45293,1454897
BraTS-GLI-00510-001,raw,case_brain_mask,T2,1061.3837890625,979.0009765625,697.2371215820312,364.14666748046875,281.76385498046875,0.5222709121600121,0.40411482157052464,0.5222709121600121,0.40411482157052464,abs(mean_region - mean_healthy) / abs(mean_healthy),12096,45293,1454897
BraTS-GLI-00510-001,raw,case_brain_mask,FLAIR,696.676513671875,691.9585571289062,444.5685119628906,252.10800170898438,247.39004516601562,0.5670847010640928,0.5564722613253049,0.5670847010640928,0.5564722613253049,abs(mean_region - mean_healthy) / abs(mean_healthy),12096,45293,1454897
BraTS-GLI-00511-000,raw,case_brain_mask,T1,2025.68408203125,2155.826904296875,2439.0947265625,413.41064453125,283.267822265625,0.16949347642347776,0.11613645799843292,0.16949347642347776,0.11613645799843292,abs(mean_region - mean_healthy) / abs(mean_healthy),19033,90377,1603569
BraTS-GLI-00511-000,raw,case_brain_mask,T1ce,4767.21337890625,2829.32958984375,2714.6943359375,2052.51904296875,114.63525390625,0.7560774028210905,0.04222768375381811,0.7560774028210905,0.04222768375381811,abs(mean_region - mean_healthy) / abs(mean_healthy),19033,90377,1603569
BraTS-GLI-00511-000,raw,case_brain_mask,T2,1223.1597900390625,1239.862548828125,878.8954467773438,344.26434326171875,360.96710205078125,0.3917011341042178,0.4107053954760416,0.3917011341042178,0.4107053954760416,abs(mean_region - mean_healthy) / abs(mean_healthy),19033,90377,1603569
BraTS-GLI-00511-000,raw,case_brain_mask,FLAIR,2658.5849609375,2733.657958984375,1218.3118896484375,1440.2730712890625,1515.3460693359375,1.1821874870684184,1.2438079954823504,1.1821874870684184,1.2438079954823504,abs(mean_region - mean_healthy) / abs(mean_healthy),19033,90377,1603569
BraTS-GLI-00511-001,raw,case_brain_mask,T1,720.3607177734375,772.721923828125,852.0145263671875,131.65380859375,79.2926025390625,0.1545206149889186,0.09306484817477191,0.1545206149889186,0.09306484817477191,abs(mean_region - mean_healthy) / abs(mean_healthy),38039,144999,1503198
BraTS-GLI-00511-001,raw,case_brain_mask,T1ce,1201.5577392578125,787.614013671875,727.9107055664062,473.64703369140625,59.70330810546875,0.6506938695493552,0.0820200989611934,0.6506938695493552,0.0820200989611934,abs(mean_region - mean_healthy) / abs(mean_healthy),38039,144999,1503198
BraTS-GLI-00511-001,raw,case_brain_mask,T2,1391.1248779296875,1323.1929931640625,840.883056640625,550.2418212890625,482.3099365234375,0.6543618841451146,0.5735755200613659,0.6543618841451146,0.5735755200613659,abs(mean_region - mean_healthy) / abs(mean_healthy),38039,144999,1503198
BraTS-GLI-00511-001,raw,case_brain_mask,FLAIR,886.398681640625,917.1907958984375,558.8226928710938,327.57598876953125,358.36810302734375,0.5861894889889426,0.6412912496200476,0.5861894889889426,0.6412912496200476,abs(mean_region - mean_healthy) / abs(mean_healthy),38039,144999,1503198
BraTS-GLI-00512-000,raw,case_brain_mask,T1,1996.1864013671875,2043.47802734375,2068.5625,72.3760986328125,25.08447265625,0.03498859649288455,0.012126523929661298,0.03498859649288455,0.012126523929661298,abs(mean_region - mean_healthy) / abs(mean_healthy),41068,163802,1233892
BraTS-GLI-00512-000,raw,case_brain_mask,T1ce,4740.966796875,2989.280517578125,2649.642578125,2091.32421875,339.637939453125,0.7892854062716301,0.12818254894343797,0.7892854062716301,0.12818254894343797,abs(mean_region - mean_healthy) / abs(mean_healthy),41068,163802,1233892
BraTS-GLI-00512-000,raw,case_brain_mask,T2,911.1371459960938,1024.7452392578125,795.6642456054688,115.472900390625,229.08099365234375,0.14512767292032172,0.2879116347348526,0.14512767292032172,0.2879116347348526,abs(mean_region - mean_healthy) / abs(mean_healthy),41068,163802,1233892
BraTS-GLI-00512-000,raw,case_brain_mask,FLAIR,1798.5633544921875,2026.2684326171875,1100.8045654296875,697.7587890625,925.4638671875,0.633862550152249,0.8407158693298614,0.633862550152249,0.8407158693298614,abs(mean_region - mean_healthy) / abs(mean_healthy),41068,163802,1233892
BraTS-GLI-00513-000,raw,case_brain_mask,T1,1807.2379150390625,1699.680908203125,2046.5599365234375,239.322021484375,346.8790283203125,0.11693868193810128,0.16949370606246106,0.11693868193810128,0.16949370606246106,abs(mean_region - mean_healthy) / abs(mean_healthy),52904,182435,1517228
BraTS-GLI-00513-000,raw,case_brain_mask,T1ce,4168.97314453125,2707.275146484375,2543.46826171875,1625.5048828125,163.806884765625,0.6390899022715009,0.06440296001764631,0.6390899022715009,0.06440296001764631,abs(mean_region - mean_healthy) / abs(mean_healthy),52904,182435,1517228
BraTS-GLI-00513-000,raw,case_brain_mask,T2,738.4126586914062,701.7255249023438,488.892333984375,249.52032470703125,212.83319091796875,0.5103788858243907,0.4353375500561048,0.5103788858243907,0.4353375500561048,abs(mean_region - mean_healthy) / abs(mean_healthy),52904,182435,1517228
BraTS-GLI-00513-000,raw,case_brain_mask,FLAIR,1664.8123779296875,1564.7197265625,961.0543823242188,703.7579956054688,603.6653442382812,0.7322769746947065,0.6281281843576572,0.7322769746947065,0.6281281843576572,abs(mean_region - mean_healthy) / abs(mean_healthy),52904,182435,1517228
BraTS-GLI-00514-000,raw,case_brain_mask,T1,2591.800537109375,3144.47705078125,2918.5634765625,326.762939453125,225.91357421875,0.11196019619829828,0.07740574293927376,0.11196019619829828,0.07740574293927376,abs(mean_region - mean_healthy) / abs(mean_healthy),9032,40350,1436418
BraTS-GLI-00514-000,raw,case_brain_mask,T1ce,6314.685546875,4231.408203125,3643.171630859375,2671.513916015625,588.236572265625,0.7332934560059282,0.16146276702502427,0.7332934560059282,0.16146276702502427,abs(mean_region - mean_healthy) / abs(mean_healthy),9032,40350,1436418
BraTS-GLI-00514-000,raw,case_brain_mask,T2,815.8278198242188,764.7137451171875,779.0128173828125,36.81500244140625,14.299072265625,0.0472585323629086,0.01835537483666117,0.0472585323629086,0.01835537483666117,abs(mean_region - mean_healthy) / abs(mean_healthy),9032,40350,1436418
BraTS-GLI-00514-000,raw,case_brain_mask,FLAIR,1766.140380859375,1699.1397705078125,1167.6417236328125,598.4986572265625,531.498046875,0.5125704615663186,0.4551893240174585,0.5125704615663186,0.4551893240174585,abs(mean_region - mean_healthy) / abs(mean_healthy),9032,40350,1436418
BraTS-GLI-00514-001,raw,case_brain_mask,T1,1038.4654541015625,1107.98681640625,1113.1783447265625,74.712890625,5.1915283203125,0.0671167301977584,0.004663698629160568,0.0671167301977584,0.004663698629160568,abs(mean_region - mean_healthy) / abs(mean_healthy),7397,120053,1354994
BraTS-GLI-00514-001,raw,case_brain_mask,T1ce,2143.8740234375,1316.1429443359375,1453.35205078125,690.52197265625,137.2091064453125,0.4751236785918867,0.09440871973969121,0.4751236785918867,0.09440871973969121,abs(mean_region - mean_healthy) / abs(mean_healthy),7397,120053,1354994
BraTS-GLI-00514-001,raw,case_brain_mask,T2,1364.776611328125,1317.0318603515625,1068.8609619140625,295.9156494140625,248.1708984375,0.2768513959796526,0.23218258246899393,0.2768513959796526,0.23218258246899393,abs(mean_region - mean_healthy) / abs(mean_healthy),7397,120053,1354994
BraTS-GLI-00514-001,raw,case_brain_mask,FLAIR,862.8545532226562,955.4342041015625,526.4523315429688,336.4022216796875,428.98187255859375,0.6389984458682761,0.8148541603022238,0.6389984458682761,0.8148541603022238,abs(mean_region - mean_healthy) / abs(mean_healthy),7397,120053,1354994
BraTS-GLI-00516-000,raw,case_brain_mask,T1,1015.8358154296875,1020.7859497070312,974.9552001953125,40.880615234375,45.83074951171875,0.04193076279421393,0.047008056885626634,0.04193076279421393,0.047008056885626634,abs(mean_region - mean_healthy) / abs(mean_healthy),64203,172508,1176816
BraTS-GLI-00516-000,raw,case_brain_mask,T1ce,5789.36669921875,3900.5458984375,3246.65087890625,2542.7158203125,653.89501953125,0.7831811658077337,0.20140601620570237,0.7831811658077337,0.20140601620570237,abs(mean_region - mean_healthy) / abs(mean_healthy),64203,172508,1176816
BraTS-GLI-00516-000,raw,case_brain_mask,T2,733.0159301757812,780.7474365234375,619.8408203125,113.17510986328125,160.9066162109375,0.18258737752415644,0.25959344873384516,0.18258737752415644,0.25959344873384516,abs(mean_region - mean_healthy) / abs(mean_healthy),64203,172508,1176816
BraTS-GLI-00516-000,raw,case_brain_mask,FLAIR,981.2012329101562,1062.0819091796875,703.3182373046875,277.88299560546875,358.763671875,0.39510278685562633,0.510101477319688,0.39510278685562633,0.510101477319688,abs(mean_region - mean_healthy) / abs(mean_healthy),64203,172508,1176816
BraTS-GLI-00517-000,raw,case_brain_mask,T1,1015.3408203125,1092.11279296875,1025.549560546875,10.208740234375,66.563232421875,0.00995440944748802,0.06490493973434118,0.00995440944748802,0.06490493973434118,abs(mean_region - mean_healthy) / abs(mean_healthy),13165,142604,1581378
BraTS-GLI-00517-000,raw,case_brain_mask,T1ce,6062.296875,3227.726806640625,3335.695068359375,2726.601806640625,107.96826171875,0.8174013963397662,0.03236754544588903,0.8174013963397662,0.03236754544588903,abs(mean_region - mean_healthy) / abs(mean_healthy),13165,142604,1581378
BraTS-GLI-00517-000,raw,case_brain_mask,T2,845.0611572265625,1148.8575439453125,557.1235961914062,287.93756103515625,591.7339477539062,0.5168288742454052,1.0621232914906178,0.5168288742454052,1.0621232914906178,abs(mean_region - mean_healthy) / abs(mean_healthy),13165,142604,1581378
BraTS-GLI-00517-000,raw,case_brain_mask,FLAIR,1856.4691162109375,2637.9638671875,1047.79833984375,808.6707763671875,1590.16552734375,0.771780929227067,1.5176255457523238,0.771780929227067,1.5176255457523238,abs(mean_region - mean_healthy) / abs(mean_healthy),13165,142604,1581378
BraTS-GLI-00517-001,raw,case_brain_mask,T1,725.2935791015625,617.8121948242188,782.9722290039062,57.67864990234375,165.1600341796875,0.07366627801821563,0.21093983676765057,0.07366627801821563,0.21093983676765057,abs(mean_region - mean_healthy) / abs(mean_healthy),16834,161682,1440789
BraTS-GLI-00517-001,raw,case_brain_mask,T1ce,1392.545166015625,673.4663696289062,796.8380737304688,595.7070922851562,123.3717041015625,0.7475886405581754,0.15482656786715376,0.7475886405581754,0.15482656786715376,abs(mean_region - mean_healthy) / abs(mean_healthy),16834,161682,1440789
BraTS-GLI-00517-001,raw,case_brain_mask,T2,1130.1492919921875,1222.859375,646.1029052734375,484.04638671875,576.7564697265625,0.74917847105779,0.8926696738540019,0.74917847105779,0.8926696738540019,abs(mean_region - mean_healthy) / abs(mean_healthy),16834,161682,1440789
BraTS-GLI-00517-001,raw,case_brain_mask,FLAIR,1777.3255615234375,1860.9434814453125,921.7172241210938,855.6083374023438,939.2262573242188,0.9282763899939178,1.0189961006965242,0.9282763899939178,1.0189961006965242,abs(mean_region - mean_healthy) / abs(mean_healthy),16834,161682,1440789
BraTS-GLI-00518-000,raw,case_brain_mask,T1,3078.712158203125,2993.397216796875,3189.308349609375,110.59619140625,195.9111328125,0.03467717112388828,0.061427466816275415,0.03467717112388828,0.061427466816275415,abs(mean_region - mean_healthy) / abs(mean_healthy),10279,56315,1533637
BraTS-GLI-00518-000,raw,case_brain_mask,T1ce,7691.22509765625,4442.787109375,4354.423828125,3336.80126953125,88.36328125,0.7663014445169581,0.020292760819299697,0.7663014445169581,0.020292760819299697,abs(mean_region - mean_healthy) / abs(mean_healthy),10279,56315,1533637
BraTS-GLI-00518-000,raw,case_brain_mask,T2,1134.8642578125,1154.8680419921875,865.40576171875,269.45849609375,289.4622802734375,0.3113666536707458,0.3344815727810123,0.3113666536707458,0.3344815727810123,abs(mean_region - mean_healthy) / abs(mean_healthy),10279,56315,1533637
BraTS-GLI-00518-000,raw,case_brain_mask,FLAIR,1812.189697265625,1816.6461181640625,1083.912109375,728.277587890625,732.7340087890625,0.6718972706288527,0.6760086933723509,0.6718972706288527,0.6760086933723509,abs(mean_region - mean_healthy) / abs(mean_healthy),10279,56315,1533637
BraTS-GLI-00518-001,raw,case_brain_mask,T1,223.3162384033203,275.020263671875,349.6480712890625,126.33183288574219,74.6278076171875,0.3613113963992114,0.21343692056430905,0.3613113963992114,0.21343692056430905,abs(mean_region - mean_healthy) / abs(mean_healthy),12500,71796,1399036
BraTS-GLI-00518-001,raw,case_brain_mask,T1ce,618.7647705078125,361.96343994140625,390.579833984375,228.1849365234375,28.61639404296875,0.5842209880517435,0.07326644018214606,0.5842209880517435,0.07326644018214606,abs(mean_region - mean_healthy) / abs(mean_healthy),12500,71796,1399036
BraTS-GLI-00518-001,raw,case_brain_mask,T2,936.1393432617188,829.125732421875,493.9510803222656,442.1882629394531,335.1746520996094,0.8952065914117625,0.6785583946510114,0.8952065914117625,0.6785583946510114,abs(mean_region - mean_healthy) / abs(mean_healthy),12500,71796,1399036
BraTS-GLI-00518-001,raw,case_brain_mask,FLAIR,597.995849609375,605.8048706054688,371.6769714355469,226.31887817382812,234.12789916992188,0.6089128344425139,0.6299230707397281,0.6089128344425139,0.6299230707397281,abs(mean_region - mean_healthy) / abs(mean_healthy),12500,71796,1399036
BraTS-GLI-00519-000,raw,case_brain_mask,T1,2546.741943359375,2641.71533203125,2658.13037109375,111.388427734375,16.4150390625,0.04190480231733014,0.006175407813329204,0.04190480231733014,0.006175407813329204,abs(mean_region - mean_healthy) / abs(mean_healthy),13436,63558,1538821
BraTS-GLI-00519-000,raw,case_brain_mask,T1ce,6775.203125,4530.42138671875,4106.66455078125,2668.53857421875,423.7568359375,0.6498068057959807,0.10318759438408104,0.6498068057959807,0.10318759438408104,abs(mean_region - mean_healthy) / abs(mean_healthy),13436,63558,1538821
BraTS-GLI-00519-000,raw,case_brain_mask,T2,998.7120361328125,1126.8875732421875,870.9918212890625,127.72021484375,255.895751953125,0.1466376741112504,0.29379811118593613,0.1466376741112504,0.29379811118593613,abs(mean_region - mean_healthy) / abs(mean_healthy),13436,63558,1538821
BraTS-GLI-00519-000,raw,case_brain_mask,FLAIR,2147.12451171875,2343.646728515625,1531.325439453125,615.799072265625,812.3212890625,0.40213468437221445,0.5304694013002229,0.40213468437221445,0.5304694013002229,abs(mean_region - mean_healthy) / abs(mean_healthy),13436,63558,1538821
BraTS-GLI-00520-000,raw,case_brain_mask,T1,1959.5830078125,2140.238525390625,2302.545166015625,342.962158203125,162.306640625,0.1489491555974966,0.0704901007027189,0.1489491555974966,0.0704901007027189,abs(mean_region - mean_healthy) / abs(mean_healthy),6279,41030,1394978
BraTS-GLI-00520-000,raw,case_brain_mask,T1ce,4515.72412109375,2743.0234375,2835.108642578125,1680.615478515625,92.085205078125,0.5927869758766444,0.03248030911238262,0.5927869758766444,0.03248030911238262,abs(mean_region - mean_healthy) / abs(mean_healthy),6279,41030,1394978
BraTS-GLI-00520-000,raw,case_brain_mask,T2,882.1866455078125,898.6966552734375,677.1437377929688,205.04290771484375,221.55291748046875,0.3028055880471481,0.32718742729952965,0.3028055880471481,0.32718742729952965,abs(mean_region - mean_healthy) / abs(mean_healthy),6279,41030,1394978
BraTS-GLI-00520-000,raw,case_brain_mask,FLAIR,2298.887939453125,2267.42431640625,1142.72021484375,1156.167724609375,1124.7041015625,1.011767980990398,0.9842340119241582,1.011767980990398,0.9842340119241582,abs(mean_region - mean_healthy) / abs(mean_healthy),6279,41030,1394978
BraTS-GLI-00520-001,raw,case_brain_mask,T1,1130.0279541015625,1247.8203125,1506.49072265625,376.4627685546875,258.67041015625,0.2498938512484876,0.17170395161820937,0.2498938512484876,0.17170395161820937,abs(mean_region - mean_healthy) / abs(mean_healthy),8034,51036,1352182
BraTS-GLI-00520-001,raw,case_brain_mask,T1ce,6419.4990234375,2389.156494140625,2476.49853515625,3943.00048828125,87.342041015625,1.5921675027489866,0.0352683596520336,1.5921675027489866,0.0352683596520336,abs(mean_region - mean_healthy) / abs(mean_healthy),8034,51036,1352182
BraTS-GLI-00520-001,raw,case_brain_mask,T2,3163.197265625,2859.73388671875,1993.8828125,1169.314453125,865.85107421875,0.5864509417476108,0.43425374289330254,0.5864509417476108,0.43425374289330254,abs(mean_region - mean_healthy) / abs(mean_healthy),8034,51036,1352182
BraTS-GLI-00520-001,raw,case_brain_mask,FLAIR,1288.29345703125,1360.744384765625,1054.081787109375,234.211669921875,306.66259765625,0.22219496891617616,0.29092865601749524,0.22219496891617616,0.29092865601749524,abs(mean_region - mean_healthy) / abs(mean_healthy),8034,51036,1352182
BraTS-GLI-00523-000,raw,case_brain_mask,T1,1931.2923583984375,1846.0257568359375,2152.239501953125,220.9471435546875,306.2137451171875,0.10265918052065362,0.1422767981162427,0.10265918052065362,0.1422767981162427,abs(mean_region - mean_healthy) / abs(mean_healthy),1317,55808,1315621
BraTS-GLI-00523-000,raw,case_brain_mask,T1ce,2896.8974609375,2127.771484375,2499.962890625,396.9345703125,372.19140625,0.15877618495899548,0.1488787724192781,0.15877618495899548,0.1488787724192781,abs(mean_region - mean_healthy) / abs(mean_healthy),1317,55808,1315621
BraTS-GLI-00523-000,raw,case_brain_mask,T2,938.77294921875,910.0477905273438,630.6697998046875,308.1031494140625,279.37799072265625,0.48853322215441286,0.4429861566372403,0.48853322215441286,0.4429861566372403,abs(mean_region - mean_healthy) / abs(mean_healthy),1317,55808,1315621
BraTS-GLI-00523-000,raw,case_brain_mask,FLAIR,2007.2459716796875,1749.88720703125,1076.6785888671875,930.5673828125,673.2086181640625,0.8642945001735232,0.6252642386734649,0.8642945001735232,0.6252642386734649,abs(mean_region - mean_healthy) / abs(mean_healthy),1317,55808,1315621
BraTS-GLI-00524-000,raw,case_brain_mask,T1,2956.75537109375,2774.9345703125,3128.421875,171.66650390625,353.4873046875,0.05487319510136401,0.11299221102892333,0.05487319510136401,0.11299221102892333,abs(mean_region - mean_healthy) / abs(mean_healthy),19821,79757,1293599
BraTS-GLI-00524-000,raw,case_brain_mask,T1ce,6228.87841796875,4011.661376953125,4130.6845703125,2098.19384765625,119.023193359375,0.5079530552238499,0.028814399001754448,0.5079530552238499,0.028814399001754448,abs(mean_region - mean_healthy) / abs(mean_healthy),19821,79757,1293599
BraTS-GLI-00524-000,raw,case_brain_mask,T2,722.419677734375,874.2435302734375,648.284912109375,74.134765625,225.9586181640625,0.1143552228969543,0.3485483218001224,0.1143552228969543,0.3485483218001224,abs(mean_region - mean_healthy) / abs(mean_healthy),19821,79757,1293599
BraTS-GLI-00524-000,raw,case_brain_mask,FLAIR,1622.394287109375,1831.2081298828125,1281.059326171875,341.3349609375,550.1488037109375,0.2664474267226125,0.42944834206462507,0.2664474267226125,0.42944834206462507,abs(mean_region - mean_healthy) / abs(mean_healthy),19821,79757,1293599
BraTS-GLI-00525-000,raw,case_brain_mask,T1,662.4923095703125,617.1515502929688,765.1788940429688,102.68658447265625,148.02734375,0.13419944704707168,0.19345455670878384,0.13419944704707168,0.19345455670878384,abs(mean_region - mean_healthy) / abs(mean_healthy),1231,95198,1534541
BraTS-GLI-00525-000,raw,case_brain_mask,T1ce,1743.10400390625,1265.044921875,1961.1356201171875,218.0316162109375,696.0906982421875,0.11117620524270985,0.35494266235427036,0.11117620524270985,0.35494266235427036,abs(mean_region - mean_healthy) / abs(mean_healthy),1231,95198,1534541
BraTS-GLI-00525-000,raw,case_brain_mask,T2,779.315185546875,873.0444946289062,489.85821533203125,289.45697021484375,383.186279296875,0.5908994912306342,0.7822391608501393,0.5908994912306342,0.7822391608501393,abs(mean_region - mean_healthy) / abs(mean_healthy),1231,95198,1534541
BraTS-GLI-00525-000,raw,case_brain_mask,FLAIR,1808.575927734375,1717.8814697265625,949.4541625976562,859.1217651367188,768.4273071289062,0.9048586008472564,0.8093358662271066,0.9048586008472564,0.8093358662271066,abs(mean_region - mean_healthy) / abs(mean_healthy),1231,95198,1534541
BraTS-GLI-00525-001,raw,case_brain_mask,T1,208.0811309814453,213.9246368408203,271.0115966796875,62.93046569824219,57.08695983886719,0.23220580399229412,0.2106439744212831,0.23220580399229412,0.2106439744212831,abs(mean_region - mean_healthy) / abs(mean_healthy),12841,103083,1396587
BraTS-GLI-00525-001,raw,case_brain_mask,T1ce,323.97686767578125,323.0401916503906,389.6732177734375,65.69635009765625,66.63302612304688,0.16859344471513873,0.1709971922211714,0.16859344471513873,0.1709971922211714,abs(mean_region - mean_healthy) / abs(mean_healthy),12841,103083,1396587
BraTS-GLI-00525-001,raw,case_brain_mask,T2,685.2681274414062,663.3209228515625,353.937744140625,331.33038330078125,309.3831787109375,0.9361261656488903,0.874117507478984,0.9361261656488903,0.874117507478984,abs(mean_region - mean_healthy) / abs(mean_healthy),12841,103083,1396587
BraTS-GLI-00525-001,raw,case_brain_mask,FLAIR,459.7955627441406,417.69879150390625,292.16845703125,167.62710571289062,125.53033447265625,0.5737344387418297,0.4296505370503759,0.5737344387418297,0.4296505370503759,abs(mean_region - mean_healthy) / abs(mean_healthy),12841,103083,1396587
BraTS-GLI-00526-000,raw,case_brain_mask,T1,2590.5693359375,2513.48046875,2678.080810546875,87.511474609375,164.600341796875,0.03267693576113739,0.06146205190995074,0.03267693576113739,0.06146205190995074,abs(mean_region - mean_healthy) / abs(mean_healthy),33037,162816,1666129
BraTS-GLI-00526-000,raw,case_brain_mask,T1ce,5437.15869140625,3337.210205078125,3279.449951171875,2157.708740234375,57.76025390625,0.6579483670617817,0.017612787133894213,0.6579483670617817,0.017612787133894213,abs(mean_region - mean_healthy) / abs(mean_healthy),33037,162816,1666129
BraTS-GLI-00526-000,raw,case_brain_mask,T2,747.9902954101562,824.6048583984375,621.7080078125,126.28228759765625,202.8968505859375,0.20312153938950314,0.3263539282690547,0.20312153938950314,0.3263539282690547,abs(mean_region - mean_healthy) / abs(mean_healthy),33037,162816,1666129
BraTS-GLI-00526-000,raw,case_brain_mask,FLAIR,1048.1529541015625,1198.0623779296875,797.1115112304688,251.04144287109375,400.95086669921875,0.31493892552570374,0.5030047377941979,0.31493892552570374,0.5030047377941979,abs(mean_region - mean_healthy) / abs(mean_healthy),33037,162816,1666129
BraTS-GLI-00528-000,raw,case_brain_mask,T1,1466.4854736328125,1408.197509765625,1446.3447265625,20.1407470703125,38.147216796875,0.013925274314222883,0.026374913322039596,0.013925274314222883,0.026374913322039596,abs(mean_region - mean_healthy) / abs(mean_healthy),53410,226720,1697788
BraTS-GLI-00528-000,raw,case_brain_mask,T1ce,4633.595703125,3131.835693359375,3266.564697265625,1367.031005859375,134.72900390625,0.41849194262207295,0.041244860087733426,0.41849194262207295,0.041244860087733426,abs(mean_region - mean_healthy) / abs(mean_healthy),53410,226720,1697788
BraTS-GLI-00528-000,raw,case_brain_mask,T2,708.6777954101562,794.3242797851562,584.8165893554688,123.8612060546875,209.5076904296875,0.2117949598372303,0.35824512204858566,0.2117949598372303,0.35824512204858566,abs(mean_region - mean_healthy) / abs(mean_healthy),53410,226720,1697788
BraTS-GLI-00528-000,raw,case_brain_mask,FLAIR,1463.0308837890625,1593.587890625,1148.35400390625,314.6768798828125,445.23388671875,0.27402428067686896,0.3877148381111042,0.27402428067686896,0.3877148381111042,abs(mean_region - mean_healthy) / abs(mean_healthy),53410,226720,1697788
BraTS-GLI-00529-000,raw,case_brain_mask,T1,2237.488525390625,2176.929443359375,2265.058349609375,27.56982421875,88.12890625,0.012171794260180805,0.038908007056506266,0.012171794260180805,0.038908007056506266,abs(mean_region - mean_healthy) / abs(mean_healthy),13106,55142,1554464
BraTS-GLI-00529-000,raw,case_brain_mask,T1ce,3523.572509765625,2770.9052734375,2630.3623046875,893.210205078125,140.54296875,0.33957687254199104,0.053431030584471975,0.33957687254199104,0.053431030584471975,abs(mean_region - mean_healthy) / abs(mean_healthy),13106,55142,1554464
BraTS-GLI-00529-000,raw,case_brain_mask,T2,870.618896484375,884.9552612304688,760.4771728515625,110.1417236328125,124.47808837890625,0.1448323862500881,0.1636841878003393,0.1448323862500881,0.1636841878003393,abs(mean_region - mean_healthy) / abs(mean_healthy),13106,55142,1554464
BraTS-GLI-00529-000,raw,case_brain_mask,FLAIR,1912.16455078125,1910.7620849609375,1080.530517578125,831.634033203125,830.2315673828125,0.7696534430763968,0.7683555011881326,0.7696534430763968,0.7683555011881326,abs(mean_region - mean_healthy) / abs(mean_healthy),13106,55142,1554464
BraTS-GLI-00530-000,raw,case_brain_mask,T1,1126.3900146484375,1108.1978759765625,941.2808227539062,185.10919189453125,166.91705322265625,0.1966567122370103,0.17732970776383913,0.1966567122370103,0.17732970776383913,abs(mean_region - mean_healthy) / abs(mean_healthy),2769,8224,1709233
BraTS-GLI-00530-000,raw,case_brain_mask,T1ce,3438.605712890625,3040.0361328125,3133.095458984375,305.51025390625,93.059326171875,0.0975106752748875,0.029702039848489372,0.0975106752748875,0.029702039848489372,abs(mean_region - mean_healthy) / abs(mean_healthy),2769,8224,1709233
BraTS-GLI-00530-000,raw,case_brain_mask,T2,657.9071655273438,705.2113037109375,541.3593139648438,116.5478515625,163.85198974609375,0.21528742289279001,0.30266772090067784,0.21528742289279001,0.30266772090067784,abs(mean_region - mean_healthy) / abs(mean_healthy),2769,8224,1709233
BraTS-GLI-00530-000,raw,case_brain_mask,FLAIR,1377.3109130859375,1490.2724609375,934.5809326171875,442.72998046875,555.6915283203125,0.4737203221436747,0.5945889852087627,0.4737203221436747,0.5945889852087627,abs(mean_region - mean_healthy) / abs(mean_healthy),2769,8224,1709233
BraTS-GLI-00532-000,raw,case_brain_mask,T1,951.2661743164062,891.6632080078125,850.5150756835938,100.7510986328125,41.14813232421875,0.11845892155625193,0.048380250392559256,0.11845892155625193,0.048380250392559256,abs(mean_region - mean_healthy) / abs(mean_healthy),27841,169057,1357653
BraTS-GLI-00532-000,raw,case_brain_mask,T1ce,3051.052734375,1951.552734375,2308.722412109375,742.330322265625,357.169677734375,0.3215329475609809,0.15470447025636366,0.3215329475609809,0.15470447025636366,abs(mean_region - mean_healthy) / abs(mean_healthy),27841,169057,1357653
BraTS-GLI-00532-000,raw,case_brain_mask,T2,1376.2064208984375,1417.4879150390625,634.3638305664062,741.8425903320312,783.1240844726562,1.1694276290463472,1.2345030513064184,1.1694276290463472,1.2345030513064184,abs(mean_region - mean_healthy) / abs(mean_healthy),27841,169057,1357653
BraTS-GLI-00532-000,raw,case_brain_mask,FLAIR,2937.02392578125,2761.78125,1134.2259521484375,1802.7979736328125,1627.5552978515625,1.5894522341143524,1.4349480319760506,1.5894522341143524,1.4349480319760506,abs(mean_region - mean_healthy) / abs(mean_healthy),27841,169057,1357653
BraTS-GLI-00533-000,raw,case_brain_mask,T1,3182.658447265625,3190.92041015625,2956.793701171875,225.86474609375,234.126708984375,0.07638840207358137,0.07918263248855774,0.07638840207358137,0.07918263248855774,abs(mean_region - mean_healthy) / abs(mean_healthy),26030,76259,1483790
BraTS-GLI-00533-000,raw,case_brain_mask,T1ce,5506.44873046875,4214.75390625,3372.840087890625,2133.608642578125,841.913818359375,0.6325851765811062,0.2496156937241303,0.6325851765811062,0.2496156937241303,abs(mean_region - mean_healthy) / abs(mean_healthy),26030,76259,1483790
BraTS-GLI-00533-000,raw,case_brain_mask,T2,828.2424926757812,942.1390991210938,729.2564697265625,98.98602294921875,212.88262939453125,0.1357355430611866,0.2919173682125198,0.1357355430611866,0.2919173682125198,abs(mean_region - mean_healthy) / abs(mean_healthy),26030,76259,1483790
BraTS-GLI-00533-000,raw,case_brain_mask,FLAIR,2333.78564453125,2553.3505859375,1372.6256103515625,961.1600341796875,1180.7249755859375,0.7002346648140356,0.8601944817884648,0.7002346648140356,0.8601944817884648,abs(mean_region - mean_healthy) / abs(mean_healthy),26030,76259,1483790
BraTS-GLI-00537-000,raw,case_brain_mask,T1,1974.8072509765625,2194.69677734375,2193.985595703125,219.1783447265625,0.711181640625,0.09989962794460397,0.00032415055140646063,0.09989962794460397,0.00032415055140646063,abs(mean_region - mean_healthy) / abs(mean_healthy),21698,93399,1580062
BraTS-GLI-00537-000,raw,case_brain_mask,T1ce,4266.10400390625,3040.579345703125,2624.902099609375,1641.201904296875,415.67724609375,0.6252430917484925,0.15835914267263873,0.6252430917484925,0.15835914267263873,abs(mean_region - mean_healthy) / abs(mean_healthy),21698,93399,1580062
BraTS-GLI-00537-000,raw,case_brain_mask,T2,739.5905151367188,719.3561401367188,562.5587158203125,177.03179931640625,156.79742431640625,0.31469035024772807,0.2787218825465484,0.31469035024772807,0.2787218825465484,abs(mean_region - mean_healthy) / abs(mean_healthy),21698,93399,1580062
BraTS-GLI-00537-000,raw,case_brain_mask,FLAIR,1218.284423828125,1206.1700439453125,888.0564575195312,330.22796630859375,318.11358642578125,0.3718546985525759,0.3582132461649094,0.3718546985525759,0.3582132461649094,abs(mean_region - mean_healthy) / abs(mean_healthy),21698,93399,1580062
BraTS-GLI-00538-000,raw,case_brain_mask,T1,2422.7392578125,2071.258544921875,2271.511962890625,151.227294921875,200.25341796875,0.06657561016294622,0.08815864553665674,0.06657561016294622,0.08815864553665674,abs(mean_region - mean_healthy) / abs(mean_healthy),10542,211565,1209748
BraTS-GLI-00538-000,raw,case_brain_mask,T1ce,4066.543701171875,2586.8515625,2932.568359375,1133.975341796875,345.716796875,0.38668334471103416,0.1178887427363093,0.38668334471103416,0.1178887427363093,abs(mean_region - mean_healthy) / abs(mean_healthy),10542,211565,1209748
BraTS-GLI-00538-000,raw,case_brain_mask,T2,845.5806274414062,893.090087890625,599.45556640625,246.12506103515625,293.634521484375,0.41058099186680624,0.4898353404985807,0.41058099186680624,0.4898353404985807,abs(mean_region - mean_healthy) / abs(mean_healthy),10542,211565,1209748
BraTS-GLI-00538-000,raw,case_brain_mask,FLAIR,1804.152099609375,1730.348388671875,1046.07421875,758.077880859375,684.274169921875,0.7246884277152299,0.6541353927444501,0.7246884277152299,0.6541353927444501,abs(mean_region - mean_healthy) / abs(mean_healthy),10542,211565,1209748
BraTS-GLI-00539-000,raw,case_brain_mask,T1,2190.865478515625,2288.87060546875,2294.738525390625,103.873046875,5.867919921875,0.045265744103598064,0.0025571191911183543,0.045265744103598064,0.0025571191911183543,abs(mean_region - mean_healthy) / abs(mean_healthy),31773,131085,1354942
BraTS-GLI-00539-000,raw,case_brain_mask,T1ce,4018.516357421875,2847.06884765625,2785.048828125,1233.467529296875,62.02001953125,0.442889013952151,0.02226891640280656,0.442889013952151,0.02226891640280656,abs(mean_region - mean_healthy) / abs(mean_healthy),31773,131085,1354942
BraTS-GLI-00539-000,raw,case_brain_mask,T2,747.7163696289062,879.8822631835938,669.6429443359375,78.07342529296875,210.23931884765625,0.11658963325655818,0.31395734193263775,0.11658963325655818,0.31395734193263775,abs(mean_region - mean_healthy) / abs(mean_healthy),31773,131085,1354942
BraTS-GLI-00539-000,raw,case_brain_mask,FLAIR,788.9589233398438,955.2338256835938,722.902587890625,66.05633544921875,232.33123779296875,0.0913765375248775,0.3213866455657514,0.0913765375248775,0.3213866455657514,abs(mean_region - mean_healthy) / abs(mean_healthy),31773,131085,1354942
BraTS-GLI-00542-000,raw,case_brain_mask,T1,2465.29296875,2415.268798828125,2390.7705078125,74.5224609375,24.498291015625,0.031170896869430743,0.010247027448084247,0.031170896869430743,0.010247027448084247,abs(mean_region - mean_healthy) / abs(mean_healthy),43011,86504,1345169
BraTS-GLI-00542-000,raw,case_brain_mask,T1ce,5232.1015625,3985.150390625,3204.162109375,2027.939453125,780.98828125,0.6329078816553908,0.24374181286424945,0.6329078816553908,0.24374181286424945,abs(mean_region - mean_healthy) / abs(mean_healthy),43011,86504,1345169
BraTS-GLI-00542-000,raw,case_brain_mask,T2,663.2989501953125,709.2545166015625,712.9368286132812,49.63787841796875,3.68231201171875,0.0696245114935616,0.00516499059093516,0.0696245114935616,0.00516499059093516,abs(mean_region - mean_healthy) / abs(mean_healthy),43011,86504,1345169
BraTS-GLI-00542-000,raw,case_brain_mask,FLAIR,1045.4425048828125,1176.4681396484375,879.7218627929688,165.72064208984375,296.74627685546875,0.1883784513024476,0.33731829275374525,0.1883784513024476,0.33731829275374525,abs(mean_region - mean_healthy) / abs(mean_healthy),43011,86504,1345169
BraTS-GLI-00543-000,raw,case_brain_mask,T1,1952.274169921875,1941.8193359375,2455.60009765625,503.325927734375,513.78076171875,0.20497064168338117,0.20922818915389707,0.20497064168338117,0.20922818915389707,abs(mean_region - mean_healthy) / abs(mean_healthy),9759,120390,1443982
BraTS-GLI-00543-000,raw,case_brain_mask,T1ce,3038.3994140625,2376.944091796875,2969.051513671875,69.347900390625,592.107421875,0.023356920575911905,0.19942645627685018,0.023356920575911905,0.19942645627685018,abs(mean_region - mean_healthy) / abs(mean_healthy),9759,120390,1443982
BraTS-GLI-00543-000,raw,case_brain_mask,T2,1200.9359130859375,1263.3765869140625,711.5135498046875,489.42236328125,551.863037109375,0.6878609176390216,0.7756184506406982,0.6878609176390216,0.7756184506406982,abs(mean_region - mean_healthy) / abs(mean_healthy),9759,120390,1443982
BraTS-GLI-00543-000,raw,case_brain_mask,FLAIR,1649.8785400390625,1665.36474609375,783.7178955078125,866.16064453125,881.6468505859375,1.1051944194409629,1.1249543434435316,1.1051944194409629,1.1249543434435316,abs(mean_region - mean_healthy) / abs(mean_healthy),9759,120390,1443982
BraTS-GLI-00544-000,raw,case_brain_mask,T1,2305.40185546875,2372.18994140625,2285.10009765625,20.3017578125,87.08984375,0.008884406347591875,0.0381120476251019,0.008884406347591875,0.0381120476251019,abs(mean_region - mean_healthy) / abs(mean_healthy),10473,28250,1563021
BraTS-GLI-00544-000,raw,case_brain_mask,T1ce,4706.6298828125,3538.233154296875,3081.187744140625,1625.442138671875,457.04541015625,0.5275375191800354,0.14833416464978336,0.5275375191800354,0.14833416464978336,abs(mean_region - mean_healthy) / abs(mean_healthy),10473,28250,1563021
BraTS-GLI-00544-000,raw,case_brain_mask,T2,732.7551879882812,782.3038330078125,487.64044189453125,245.11474609375,294.66339111328125,0.5026546714244106,0.6042636455017654,0.5026546714244106,0.6042636455017654,abs(mean_region - mean_healthy) / abs(mean_healthy),10473,28250,1563021
BraTS-GLI-00544-000,raw,case_brain_mask,FLAIR,1813.4749755859375,1611.753662109375,988.7686767578125,824.706298828125,622.9849853515625,0.8340740541380715,0.6300614086950446,0.8340740541380715,0.6300614086950446,abs(mean_region - mean_healthy) / abs(mean_healthy),10473,28250,1563021
BraTS-GLI-00544-001,raw,case_brain_mask,T1,814.3662109375,837.7438354492188,911.7996826171875,97.4334716796875,74.05584716796875,0.10685841806834039,0.0812194263496586,0.10685841806834039,0.0812194263496586,abs(mean_region - mean_healthy) / abs(mean_healthy),14539,52300,1410290
BraTS-GLI-00544-001,raw,case_brain_mask,T1ce,2047.095947265625,1112.0433349609375,1346.4036865234375,700.6922607421875,234.3603515625,0.5204176635548674,0.17406395563847885,0.5204176635548674,0.17406395563847885,abs(mean_region - mean_healthy) / abs(mean_healthy),14539,52300,1410290
BraTS-GLI-00544-001,raw,case_brain_mask,T2,901.7777099609375,882.3212280273438,680.4197387695312,221.35797119140625,201.9014892578125,0.32532561679017313,0.2967307938816273,0.32532561679017313,0.2967307938816273,abs(mean_region - mean_healthy) / abs(mean_healthy),14539,52300,1410290
BraTS-GLI-00544-001,raw,case_brain_mask,FLAIR,525.1574096679688,405.29779052734375,270.23944091796875,254.91796875,135.058349609375,0.9433040857547527,0.49977290195168805,0.9433040857547527,0.49977290195168805,abs(mean_region - mean_healthy) / abs(mean_healthy),14539,52300,1410290
BraTS-GLI-00545-000,raw,case_brain_mask,T1,1788.037841796875,1764.7535400390625,1841.9124755859375,53.8746337890625,77.158935546875,0.029249290888224342,0.041890663410773465,0.029249290888224342,0.041890663410773465,abs(mean_region - mean_healthy) / abs(mean_healthy),14413,73286,1384824
BraTS-GLI-00545-000,raw,case_brain_mask,T1ce,4178.20751953125,2416.040283203125,2280.48486328125,1897.72265625,135.555419921875,0.8321575322887621,0.05944149075685274,0.8321575322887621,0.05944149075685274,abs(mean_region - mean_healthy) / abs(mean_healthy),14413,73286,1384824
BraTS-GLI-00545-000,raw,case_brain_mask,T2,659.8731079101562,847.8153686523438,682.2047729492188,22.3316650390625,165.610595703125,0.03273454822445929,0.24275789655821206,0.03273454822445929,0.24275789655821206,abs(mean_region - mean_healthy) / abs(mean_healthy),14413,73286,1384824
BraTS-GLI-00545-000,raw,case_brain_mask,FLAIR,1562.8304443359375,1938.020751953125,1023.5469360351562,539.2835083007812,914.4738159179688,0.5268771653889824,0.8934361324555408,0.5268771653889824,0.8934361324555408,abs(mean_region - mean_healthy) / abs(mean_healthy),14413,73286,1384824
BraTS-GLI-00545-001,raw,case_brain_mask,T1,771.69287109375,770.583251953125,751.3786010742188,20.31427001953125,19.20465087890625,0.02703599755235067,0.02555921988122906,0.02703599755235067,0.02555921988122906,abs(mean_region - mean_healthy) / abs(mean_healthy),17718,79736,1333018
BraTS-GLI-00545-001,raw,case_brain_mask,T1ce,1576.804931640625,1139.6488037109375,966.6875,610.117431640625,172.9613037109375,0.6311423615600957,0.1789216305278981,0.6311423615600957,0.1789216305278981,abs(mean_region - mean_healthy) / abs(mean_healthy),17718,79736,1333018
BraTS-GLI-00545-001,raw,case_brain_mask,T2,1339.5263671875,1603.2904052734375,1104.601318359375,234.925048828125,498.6890869140625,0.21267858812358725,0.4514652287892863,0.21267858812358725,0.4514652287892863,abs(mean_region - mean_healthy) / abs(mean_healthy),17718,79736,1333018
BraTS-GLI-00545-001,raw,case_brain_mask,FLAIR,712.7875366210938,830.7373046875,459.99127197265625,252.7962646484375,370.74603271484375,0.5495675245409107,0.8059849290724855,0.5495675245409107,0.8059849290724855,abs(mean_region - mean_healthy) / abs(mean_healthy),17718,79736,1333018
BraTS-GLI-00547-000,raw,case_brain_mask,T1,1903.0401611328125,2063.252197265625,2045.75048828125,142.7103271484375,17.501708984375,0.0697594002621192,0.008555153272420415,0.0697594002621192,0.008555153272420415,abs(mean_region - mean_healthy) / abs(mean_healthy),5908,33760,1581642
BraTS-GLI-00547-000,raw,case_brain_mask,T1ce,3935.30810546875,2610.755126953125,2451.58544921875,1483.72265625,159.169677734375,0.6052094397618569,0.06492520086750303,0.6052094397618569,0.06492520086750303,abs(mean_region - mean_healthy) / abs(mean_healthy),5908,33760,1581642
BraTS-GLI-00547-000,raw,case_brain_mask,T2,717.9334716796875,726.5547485351562,775.1192016601562,57.18572998046875,48.564453125,0.07377669119535152,0.06265417373351645,0.07377669119535152,0.06265417373351645,abs(mean_region - mean_healthy) / abs(mean_healthy),5908,33760,1581642
BraTS-GLI-00547-000,raw,case_brain_mask,FLAIR,1555.06787109375,1613.624755859375,846.534912109375,708.532958984375,767.08984375,0.8369801987479405,0.9061526379799083,0.8369801987479405,0.9061526379799083,abs(mean_region - mean_healthy) / abs(mean_healthy),5908,33760,1581642
BraTS-GLI-00547-001,raw,case_brain_mask,T1,1082.6517333984375,1150.6005859375,1069.023193359375,13.6285400390625,81.577392578125,0.012748591540128517,0.07631021766868347,0.012748591540128517,0.07631021766868347,abs(mean_region - mean_healthy) / abs(mean_healthy),10268,63086,1460221
BraTS-GLI-00547-001,raw,case_brain_mask,T1ce,1274.8262939453125,801.1876831054688,701.217529296875,573.6087646484375,99.97015380859375,0.8180182905918034,0.14256653553546478,0.8180182905918034,0.14256653553546478,abs(mean_region - mean_healthy) / abs(mean_healthy),10268,63086,1460221
BraTS-GLI-00547-001,raw,case_brain_mask,T2,1765.8138427734375,1679.07958984375,1252.3211669921875,513.49267578125,426.7584228515625,0.4100327370610141,0.3407739436973238,0.4100327370610141,0.3407739436973238,abs(mean_region - mean_healthy) / abs(mean_healthy),10268,63086,1460221
BraTS-GLI-00547-001,raw,case_brain_mask,FLAIR,993.5956420898438,1069.4984130859375,601.7611083984375,391.83453369140625,467.7373046875,0.6511463240525095,0.7772807151534994,0.6511463240525095,0.7772807151534994,abs(mean_region - mean_healthy) / abs(mean_healthy),10268,63086,1460221
BraTS-GLI-00548-000,raw,case_brain_mask,T1,828.5303955078125,874.30322265625,905.76708984375,77.2366943359375,31.4638671875,0.08527213585256367,0.03473726031813289,0.08527213585256367,0.03473726031813289,abs(mean_region - mean_healthy) / abs(mean_healthy),33064,224828,1366813
BraTS-GLI-00548-000,raw,case_brain_mask,T1ce,4108.72412109375,1991.272705078125,2150.36376953125,1958.3603515625,159.091064453125,0.9107111918972648,0.07398332631311245,0.9107111918972648,0.07398332631311245,abs(mean_region - mean_healthy) / abs(mean_healthy),33064,224828,1366813
BraTS-GLI-00548-000,raw,case_brain_mask,T2,825.7586059570312,930.3981323242188,657.6676635742188,168.0909423828125,272.73046875,0.2555864484339866,0.4146934445093361,0.2555864484339866,0.4146934445093361,abs(mean_region - mean_healthy) / abs(mean_healthy),33064,224828,1366813
BraTS-GLI-00548-000,raw,case_brain_mask,FLAIR,1783.240234375,2086.56787109375,1114.4503173828125,668.7899169921875,972.1175537109375,0.6001074310452719,0.872284334750668,0.6001074310452719,0.872284334750668,abs(mean_region - mean_healthy) / abs(mean_healthy),33064,224828,1366813
BraTS-GLI-00548-001,raw,case_brain_mask,T1,369.3606262207031,479.816650390625,648.2507934570312,278.8901672363281,168.43414306640625,0.43021955399243816,0.2598286724311904,0.43021955399243816,0.2598286724311904,abs(mean_region - mean_healthy) / abs(mean_healthy),43527,206475,1191758
BraTS-GLI-00548-001,raw,case_brain_mask,T1ce,1377.629638671875,734.081787109375,714.8041381835938,662.8255004882812,19.27764892578125,0.9272826849780184,0.02696913447475018,0.9272826849780184,0.02696913447475018,abs(mean_region - mean_healthy) / abs(mean_healthy),43527,206475,1191758
BraTS-GLI-00548-001,raw,case_brain_mask,T2,1212.241455078125,1154.828857421875,672.7908935546875,539.4505615234375,482.0379638671875,0.801810141444176,0.7164751611311833,0.801810141444176,0.7164751611311833,abs(mean_region - mean_healthy) / abs(mean_healthy),43527,206475,1191758
BraTS-GLI-00548-001,raw,case_brain_mask,FLAIR,1595.3240966796875,1638.14453125,805.7276000976562,789.5964965820312,832.4169311523438,0.9799794576806481,1.033124508892897,0.9799794576806481,1.033124508892897,abs(mean_region - mean_healthy) / abs(mean_healthy),43527,206475,1191758
BraTS-GLI-00549-000,raw,case_brain_mask,T1,884.9832763671875,801.0592651367188,759.7820434570312,125.20123291015625,41.2772216796875,0.16478572241650627,0.05432771415849063,0.16478572241650627,0.05432771415849063,abs(mean_region - mean_healthy) / abs(mean_healthy),7359,107095,1384058
BraTS-GLI-00549-000,raw,case_brain_mask,T1ce,4449.55517578125,2161.265380859375,2409.042236328125,2040.512939453125,247.77685546875,0.8470224841567268,0.10285284821174942,0.8470224841567268,0.10285284821174942,abs(mean_region - mean_healthy) / abs(mean_healthy),7359,107095,1384058
BraTS-GLI-00549-000,raw,case_brain_mask,T2,952.480224609375,993.8472290039062,643.7305908203125,308.7496337890625,350.11663818359375,0.47962554241149186,0.5438869042054325,0.47962554241149186,0.5438869042054325,abs(mean_region - mean_healthy) / abs(mean_healthy),7359,107095,1384058
BraTS-GLI-00549-000,raw,case_brain_mask,FLAIR,2314.623779296875,2550.7333984375,1291.5137939453125,1023.1099853515625,1259.2196044921875,0.7921789067588424,0.9749950874667217,0.7921789067588424,0.9749950874667217,abs(mean_region - mean_healthy) / abs(mean_healthy),7359,107095,1384058
BraTS-GLI-00549-001,raw,case_brain_mask,T1,916.293212890625,882.1842651367188,953.6405029296875,37.3472900390625,71.45623779296875,0.03916286055838396,0.07492995271640351,0.03916286055838396,0.07492995271640351,abs(mean_region - mean_healthy) / abs(mean_healthy),12243,163568,1301152
BraTS-GLI-00549-001,raw,case_brain_mask,T1ce,1737.83447265625,1265.3958740234375,1233.5926513671875,504.2418212890625,31.80322265625,0.4087587752166103,0.02578097609531199,0.4087587752166103,0.02578097609531199,abs(mean_region - mean_healthy) / abs(mean_healthy),12243,163568,1301152
BraTS-GLI-00549-001,raw,case_brain_mask,T2,2043.129150390625,2003.22412109375,996.9010009765625,1046.2281494140625,1006.3231201171875,1.0494804884228015,1.0094514090480349,1.0494804884228015,1.0094514090480349,abs(mean_region - mean_healthy) / abs(mean_healthy),12243,163568,1301152
BraTS-GLI-00549-001,raw,case_brain_mask,FLAIR,1173.466796875,1178.532470703125,637.6582641601562,535.8085327148438,540.8742065429688,0.8402753682186551,0.8482195510401495,0.8402753682186551,0.8482195510401495,abs(mean_region - mean_healthy) / abs(mean_healthy),12243,163568,1301152
BraTS-GLI-00550-000,raw,case_brain_mask,T1,1699.09716796875,1769.8033447265625,1946.744384765625,247.647216796875,176.9410400390625,0.12721095729611676,0.0908907411901255,0.12721095729611676,0.0908907411901255,abs(mean_region - mean_healthy) / abs(mean_healthy),9895,30840,1381102
BraTS-GLI-00550-000,raw,case_brain_mask,T1ce,3332.062744140625,2717.4423828125,2444.686279296875,887.37646484375,272.756103515625,0.36298173404031686,0.11157100435564819,0.36298173404031686,0.11157100435564819,abs(mean_region - mean_healthy) / abs(mean_healthy),9895,30840,1381102
BraTS-GLI-00550-000,raw,case_brain_mask,T2,648.7877807617188,624.4998779296875,658.9559936523438,10.168212890625,34.45611572265625,0.015430792023404239,0.05228894805505757,0.015430792023404239,0.05228894805505757,abs(mean_region - mean_healthy) / abs(mean_healthy),9895,30840,1381102
BraTS-GLI-00550-000,raw,case_brain_mask,FLAIR,1403.909912109375,1299.53955078125,992.0092163085938,411.90069580078125,307.53033447265625,0.4152186179615567,0.3100075376487126,0.4152186179615567,0.3100075376487126,abs(mean_region - mean_healthy) / abs(mean_healthy),9895,30840,1381102
BraTS-GLI-00550-001,raw,case_brain_mask,T1,503.53424072265625,473.5278015136719,500.08734130859375,3.4468994140625,26.559539794921875,0.006892594811624093,0.0531098022305918,0.006892594811624093,0.0531098022305918,abs(mean_region - mean_healthy) / abs(mean_healthy),6004,40469,1261630
BraTS-GLI-00550-001,raw,case_brain_mask,T1ce,239.0838165283203,161.0164794921875,178.5690155029297,60.514801025390625,17.552536010742188,0.33888746519072227,0.09829552994569885,0.33888746519072227,0.09829552994569885,abs(mean_region - mean_healthy) / abs(mean_healthy),6004,40469,1261630
BraTS-GLI-00550-001,raw,case_brain_mask,T2,781.417724609375,704.7735595703125,548.4923706054688,232.92535400390625,156.28118896484375,0.42466471091801156,0.28492864685123764,0.42466471091801156,0.28492864685123764,abs(mean_region - mean_healthy) / abs(mean_healthy),6004,40469,1261630
BraTS-GLI-00550-001,raw,case_brain_mask,FLAIR,792.3108520507812,619.2726440429688,401.39892578125,390.91192626953125,217.87371826171875,0.973873872503999,0.5427860023234172,0.973873872503999,0.5427860023234172,abs(mean_region - mean_healthy) / abs(mean_healthy),6004,40469,1261630
BraTS-GLI-00551-000,raw,case_brain_mask,T1,2560.667236328125,2544.2841796875,3051.26171875,490.594482421875,506.9775390625,0.160784137069322,0.16615340989831306,0.160784137069322,0.16615340989831306,abs(mean_region - mean_healthy) / abs(mean_healthy),19960,110130,1480314
BraTS-GLI-00551-000,raw,case_brain_mask,T1ce,5092.34521484375,3060.76123046875,3491.4638671875,1600.88134765625,430.70263671875,0.4585129357061964,0.12335875526780019,0.4585129357061964,0.12335875526780019,abs(mean_region - mean_healthy) / abs(mean_healthy),19960,110130,1480314
BraTS-GLI-00551-000,raw,case_brain_mask,T2,777.6300659179688,845.7537841796875,715.7005615234375,61.92950439453125,130.05322265625,0.08652990890870386,0.18171457401042024,0.08652990890870386,0.18171457401042024,abs(mean_region - mean_healthy) / abs(mean_healthy),19960,110130,1480314
BraTS-GLI-00551-000,raw,case_brain_mask,FLAIR,1228.97119140625,1310.2008056640625,813.2191772460938,415.75201416015625,496.98162841796875,0.5112422650534011,0.6111287612534668,0.5112422650534011,0.6111287612534668,abs(mean_region - mean_healthy) / abs(mean_healthy),19960,110130,1480314
BraTS-GLI-00552-000,raw,case_brain_mask,T1,669.886962890625,670.1365356445312,683.696044921875,13.80908203125,13.55950927734375,0.02019769184539885,0.019832657184514175,0.02019769184539885,0.019832657184514175,abs(mean_region - mean_healthy) / abs(mean_healthy),24519,146010,1482810
BraTS-GLI-00552-000,raw,case_brain_mask,T1ce,3549.647216796875,1807.4361572265625,1727.2955322265625,1822.3516845703125,80.140625,1.0550317826742817,0.04639659137929633,1.0550317826742817,0.04639659137929633,abs(mean_region - mean_healthy) / abs(mean_healthy),24519,146010,1482810
BraTS-GLI-00552-000,raw,case_brain_mask,T2,865.0492553710938,828.8820190429688,759.8360595703125,105.21319580078125,69.04595947265625,0.1384682846721954,0.09086954824400116,0.1384682846721954,0.09086954824400116,abs(mean_region - mean_healthy) / abs(mean_healthy),24519,146010,1482810
BraTS-GLI-00552-000,raw,case_brain_mask,FLAIR,1830.9119873046875,1774.0726318359375,947.0796508789062,883.8323364257812,826.9929809570312,0.9332185900157073,0.8732031991074536,0.9332185900157073,0.8732031991074536,abs(mean_region - mean_healthy) / abs(mean_healthy),24519,146010,1482810
BraTS-GLI-00552-001,raw,case_brain_mask,T1,453.527587890625,464.7220153808594,442.3086242675781,11.218963623046875,22.41339111328125,0.02536455996449184,0.05067364704994332,0.02536455996449184,0.05067364704994332,abs(mean_region - mean_healthy) / abs(mean_healthy),16757,96851,1398098
BraTS-GLI-00552-001,raw,case_brain_mask,T1ce,1835.198486328125,1003.0580444335938,1081.454833984375,753.74365234375,78.39678955078125,0.6969719202851519,0.0724919683071239,0.6969719202851519,0.0724919683071239,abs(mean_region - mean_healthy) / abs(mean_healthy),16757,96851,1398098
BraTS-GLI-00552-001,raw,case_brain_mask,T2,881.3594360351562,819.556884765625,679.9630737304688,201.3963623046875,139.59381103515625,0.2961872049900745,0.20529616449508842,0.2961872049900745,0.20529616449508842,abs(mean_region - mean_healthy) / abs(mean_healthy),16757,96851,1398098
BraTS-GLI-00552-001,raw,case_brain_mask,FLAIR,589.912841796875,619.5121459960938,363.0350036621094,226.87783813476562,256.4771423339844,0.6249475555969516,0.7064804763914653,0.6249475555969516,0.7064804763914653,abs(mean_region - mean_healthy) / abs(mean_healthy),16757,96851,1398098
BraTS-GLI-00554-000,raw,case_brain_mask,T1,705.4745483398438,736.1320190429688,704.8726196289062,0.6019287109375,31.2593994140625,0.0008539538835462172,0.04434758641996849,0.0008539538835462172,0.04434758641996849,abs(mean_region - mean_healthy) / abs(mean_healthy),20141,142355,1438345
BraTS-GLI-00554-000,raw,case_brain_mask,T1ce,2787.04345703125,1508.6785888671875,1637.8385009765625,1149.2049560546875,129.159912109375,0.7016595075579632,0.07885998041465218,0.7016595075579632,0.07885998041465218,abs(mean_region - mean_healthy) / abs(mean_healthy),20141,142355,1438345
BraTS-GLI-00554-000,raw,case_brain_mask,T2,814.6304321289062,959.4221801757812,668.7088623046875,145.92156982421875,290.71331787109375,0.21821390151956996,0.4347382459822021,0.21821390151956996,0.4347382459822021,abs(mean_region - mean_healthy) / abs(mean_healthy),20141,142355,1438345
BraTS-GLI-00554-000,raw,case_brain_mask,FLAIR,1729.7685546875,1866.001220703125,879.9080810546875,849.8604736328125,986.0931396484375,0.9658514246330606,1.1206774444740557,0.9658514246330606,1.1206774444740557,abs(mean_region - mean_healthy) / abs(mean_healthy),20141,142355,1438345
BraTS-GLI-00555-000,raw,case_brain_mask,T1,2054.135498046875,2021.4091796875,1905.095947265625,149.03955078125,116.313232421875,0.07823204442546096,0.06105373988581458,0.07823204442546096,0.06105373988581458,abs(mean_region - mean_healthy) / abs(mean_healthy),17130,44554,1289908
BraTS-GLI-00555-000,raw,case_brain_mask,T1ce,3669.3037109375,3065.78662109375,2684.549072265625,984.754638671875,381.237548828125,0.3668231096408275,0.14201176382534128,0.3668231096408275,0.14201176382534128,abs(mean_region - mean_healthy) / abs(mean_healthy),17130,44554,1289908
BraTS-GLI-00555-000,raw,case_brain_mask,T2,847.7095336914062,876.6323852539062,860.707763671875,12.99822998046875,15.92462158203125,0.015101792419086423,0.018501775229835322,0.015101792419086423,0.018501775229835322,abs(mean_region - mean_healthy) / abs(mean_healthy),17130,44554,1289908
BraTS-GLI-00555-000,raw,case_brain_mask,FLAIR,1327.1134033203125,1257.976806640625,905.8153076171875,421.298095703125,352.1614990234375,0.4651037492525712,0.388778480626281,0.4651037492525712,0.388778480626281,abs(mean_region - mean_healthy) / abs(mean_healthy),17130,44554,1289908
BraTS-GLI-00555-001,raw,case_brain_mask,T1,1271.683349609375,1285.1947021484375,1168.802734375,102.880615234375,116.3919677734375,0.08802222326198517,0.09958221721279287,0.08802222326198517,0.09958221721279287,abs(mean_region - mean_healthy) / abs(mean_healthy),13745,31609,1214705
BraTS-GLI-00555-001,raw,case_brain_mask,T1ce,2494.061767578125,2035.8563232421875,1449.91845703125,1044.143310546875,585.9378662109375,0.7201393329972422,0.40411780632868294,0.7201393329972422,0.40411780632868294,abs(mean_region - mean_healthy) / abs(mean_healthy),13745,31609,1214705
BraTS-GLI-00555-001,raw,case_brain_mask,T2,2726.995361328125,2623.603271484375,2200.297119140625,526.6982421875,423.30615234375,0.23937596318501464,0.1923859049131881,0.23937596318501464,0.1923859049131881,abs(mean_region - mean_healthy) / abs(mean_healthy),13745,31609,1214705
BraTS-GLI-00555-001,raw,case_brain_mask,FLAIR,1632.0972900390625,1370.9158935546875,564.4730834960938,1067.6242065429688,806.4428100585938,1.8913642435004732,1.4286647736395999,1.8913642435004732,1.4286647736395999,abs(mean_region - mean_healthy) / abs(mean_healthy),13745,31609,1214705
BraTS-GLI-00556-000,raw,case_brain_mask,T1,2822.53125,2585.593505859375,2738.384765625,84.146484375,152.791259765625,0.03072851026316409,0.05579612539611555,0.03072851026316409,0.05579612539611555,abs(mean_region - mean_healthy) / abs(mean_healthy),26497,118042,1532887
BraTS-GLI-00556-000,raw,case_brain_mask,T1ce,4361.2421875,3187.29150390625,3364.2421875,997.0,176.95068359375,0.29635202950144324,0.05259748666466956,0.29635202950144324,0.05259748666466956,abs(mean_region - mean_healthy) / abs(mean_healthy),26497,118042,1532887
BraTS-GLI-00556-000,raw,case_brain_mask,T2,601.2334594726562,705.2117309570312,551.42822265625,49.80523681640625,153.78350830078125,0.09032043477298386,0.278882186261705,0.09032043477298386,0.278882186261705,abs(mean_region - mean_healthy) / abs(mean_healthy),26497,118042,1532887
BraTS-GLI-00556-000,raw,case_brain_mask,FLAIR,1834.6402587890625,2059.5546875,1312.496826171875,522.1434326171875,747.057861328125,0.39782452970961424,0.5691883183497282,0.39782452970961424,0.5691883183497282,abs(mean_region - mean_healthy) / abs(mean_healthy),26497,118042,1532887
BraTS-GLI-00556-001,raw,case_brain_mask,T1,544.52587890625,545.5286254882812,611.2066040039062,66.68072509765625,65.677978515625,0.10909686620014022,0.10745626451903528,0.10909686620014022,0.10745626451903528,abs(mean_region - mean_healthy) / abs(mean_healthy),26482,91019,1283602
BraTS-GLI-00556-001,raw,case_brain_mask,T1ce,5677.55810546875,4198.04443359375,3945.10302734375,1732.455078125,252.94140625,0.43914064249203333,0.0641152853288869,0.43914064249203333,0.0641152853288869,abs(mean_region - mean_healthy) / abs(mean_healthy),26482,91019,1283602
BraTS-GLI-00556-001,raw,case_brain_mask,T2,1412.57373046875,1507.3369140625,1087.162353515625,325.411376953125,420.174560546875,0.2993217856567806,0.38648740842444573,0.2993217856567806,0.38648740842444573,abs(mean_region - mean_healthy) / abs(mean_healthy),26482,91019,1283602
BraTS-GLI-00556-001,raw,case_brain_mask,FLAIR,580.7335815429688,635.830810546875,484.5724182128906,96.16116333007812,151.25839233398438,0.19844539168102415,0.3121481674335227,0.19844539168102415,0.3121481674335227,abs(mean_region - mean_healthy) / abs(mean_healthy),26482,91019,1283602
BraTS-GLI-00557-000,raw,case_brain_mask,T1,699.5565795898438,689.69677734375,704.2791137695312,4.7225341796875,14.58233642578125,0.006705486627895237,0.020705337047029315,0.006705486627895237,0.020705337047029315,abs(mean_region - mean_healthy) / abs(mean_healthy),5273,45507,1428830
BraTS-GLI-00557-000,raw,case_brain_mask,T1ce,2802.839111328125,1592.706298828125,1952.478271484375,850.36083984375,359.77197265625,0.43552896452837947,0.18426426450458408,0.43552896452837947,0.18426426450458408,abs(mean_region - mean_healthy) / abs(mean_healthy),5273,45507,1428830
BraTS-GLI-00557-000,raw,case_brain_mask,T2,805.6444091796875,814.207763671875,598.6978149414062,206.94659423828125,215.50994873046875,0.3456611817742058,0.3599644818338955,0.3456611817742058,0.3599644818338955,abs(mean_region - mean_healthy) / abs(mean_healthy),5273,45507,1428830
BraTS-GLI-00557-000,raw,case_brain_mask,FLAIR,1910.2691650390625,1857.892333984375,901.9262084960938,1008.3429565429688,955.9661254882812,1.1179883088488118,1.0599161178410546,1.1179883088488118,1.0599161178410546,abs(mean_region - mean_healthy) / abs(mean_healthy),5273,45507,1428830
BraTS-GLI-00558-000,raw,case_brain_mask,T1,1872.8089599609375,1822.351806640625,2071.180908203125,198.3719482421875,248.8291015625,0.09577721939040429,0.12013875783471485,0.09577721939040429,0.12013875783471485,abs(mean_region - mean_healthy) / abs(mean_healthy),40110,189258,1542413
BraTS-GLI-00558-000,raw,case_brain_mask,T1ce,4818.2890625,2678.40283203125,2598.8701171875,2219.4189453125,79.53271484375,0.8539937916229371,0.03060280477957105,0.8539937916229371,0.03060280477957105,abs(mean_region - mean_healthy) / abs(mean_healthy),40110,189258,1542413
BraTS-GLI-00558-000,raw,case_brain_mask,T2,842.8782958984375,921.5868530273438,698.6991577148438,144.17913818359375,222.8876953125,0.20635367395481646,0.31900381280188395,0.20635367395481646,0.31900381280188395,abs(mean_region - mean_healthy) / abs(mean_healthy),40110,189258,1542413
BraTS-GLI-00558-000,raw,case_brain_mask,FLAIR,1956.1796875,2117.389404296875,1008.7884521484375,947.3912353515625,1108.6009521484375,0.9391376688877474,1.098942944665383,0.9391376688877474,1.098942944665383,abs(mean_region - mean_healthy) / abs(mean_healthy),40110,189258,1542413
BraTS-GLI-00558-001,raw,case_brain_mask,T1,384.35589599609375,384.0912170410156,439.7375183105469,55.381622314453125,55.64630126953125,0.12594245432417728,0.1265443564681995,0.12594245432417728,0.1265443564681995,abs(mean_region - mean_healthy) / abs(mean_healthy),79831,246036,1406648
BraTS-GLI-00558-001,raw,case_brain_mask,T1ce,774.6436157226562,538.1456298828125,442.9324645996094,331.7111511230469,95.21316528320312,0.748897806402379,0.21496090915185334,0.748897806402379,0.21496090915185334,abs(mean_region - mean_healthy) / abs(mean_healthy),79831,246036,1406648
BraTS-GLI-00558-001,raw,case_brain_mask,T2,955.1886596679688,912.0012817382812,452.38116455078125,502.8074951171875,459.6201171875,1.1114686784461507,1.0160018877972232,1.1114686784461507,1.0160018877972232,abs(mean_region - mean_healthy) / abs(mean_healthy),79831,246036,1406648
BraTS-GLI-00558-001,raw,case_brain_mask,FLAIR,526.802490234375,537.5206298828125,360.6378479003906,166.16464233398438,176.88278198242188,0.46075209050127097,0.4904720428325024,0.46075209050127097,0.4904720428325024,abs(mean_region - mean_healthy) / abs(mean_healthy),79831,246036,1406648
BraTS-GLI-00559-000,raw,case_brain_mask,T1,696.3352661132812,698.6346435546875,671.9201049804688,24.4151611328125,26.71453857421875,0.03633640510507152,0.03975850458440335,0.03633640510507152,0.03975850458440335,abs(mean_region - mean_healthy) / abs(mean_healthy),45584,158833,1364668
BraTS-GLI-00559-000,raw,case_brain_mask,T1ce,2458.116455078125,1843.774169921875,1828.7056884765625,629.4107666015625,15.0684814453125,0.34418374184962747,0.008239970783852912,0.34418374184962747,0.008239970783852912,abs(mean_region - mean_healthy) / abs(mean_healthy),45584,158833,1364668
BraTS-GLI-00559-000,raw,case_brain_mask,T2,620.9691162109375,655.0103149414062,496.0782165527344,124.89089965820312,158.93209838867188,0.25175646801440815,0.32037709596098946,0.25175646801440815,0.32037709596098946,abs(mean_region - mean_healthy) / abs(mean_healthy),45584,158833,1364668
BraTS-GLI-00559-000,raw,case_brain_mask,FLAIR,1249.686767578125,1317.230224609375,740.8195190429688,508.86724853515625,576.4107055664062,0.6868977334621783,0.7780717040380432,0.6868977334621783,0.7780717040380432,abs(mean_region - mean_healthy) / abs(mean_healthy),45584,158833,1364668
BraTS-GLI-00559-001,raw,case_brain_mask,T1,444.5276184082031,448.48980712890625,412.16033935546875,32.367279052734375,36.3294677734375,0.07853079484394332,0.088144016550086,0.07853079484394332,0.088144016550086,abs(mean_region - mean_healthy) / abs(mean_healthy),67825,205436,1162837
BraTS-GLI-00559-001,raw,case_brain_mask,T1ce,435.8988952636719,355.678955078125,291.0589599609375,144.83993530273438,64.6199951171875,0.49763091066556786,0.2220168557115027,0.49763091066556786,0.2220168557115027,abs(mean_region - mean_healthy) / abs(mean_healthy),67825,205436,1162837
BraTS-GLI-00559-001,raw,case_brain_mask,T2,652.0910034179688,515.9676513671875,376.1097412109375,275.98126220703125,139.85791015625,0.7337785544146538,0.3718539958735396,0.7337785544146538,0.3718539958735396,abs(mean_region - mean_healthy) / abs(mean_healthy),67825,205436,1162837
BraTS-GLI-00559-001,raw,case_brain_mask,FLAIR,365.0793151855469,341.88177490234375,241.2445526123047,123.83476257324219,100.63722229003906,0.5133163059323147,0.4171585273130269,0.5133163059323147,0.4171585273130269,abs(mean_region - mean_healthy) / abs(mean_healthy),67825,205436,1162837
BraTS-GLI-00561-000,raw,case_brain_mask,T1,2088.48046875,2201.609375,2184.447021484375,95.966552734375,17.162353515625,0.04393173731865734,0.00785661238145425,0.04393173731865734,0.00785661238145425,abs(mean_region - mean_healthy) / abs(mean_healthy),27934,142810,1040377
BraTS-GLI-00561-000,raw,case_brain_mask,T1ce,4212.32373046875,2630.083251953125,2504.170654296875,1708.153076171875,125.91259765625,0.6821232703293909,0.05028115693321386,0.6821232703293909,0.05028115693321386,abs(mean_region - mean_healthy) / abs(mean_healthy),27934,142810,1040377
BraTS-GLI-00561-000,raw,case_brain_mask,T2,449.7564697265625,396.56414794921875,288.3858337402344,161.37063598632812,108.17831420898438,0.5595650587042493,0.3751166026637313,0.5595650587042493,0.3751166026637313,abs(mean_region - mean_healthy) / abs(mean_healthy),27934,142810,1040377
BraTS-GLI-00561-000,raw,case_brain_mask,FLAIR,1508.7752685546875,1826.4324951171875,883.3014526367188,625.4738159179688,943.1310424804688,0.708109121807605,1.0677340557576966,0.708109121807605,1.0677340557576966,abs(mean_region - mean_healthy) / abs(mean_healthy),27934,142810,1040377
BraTS-GLI-00563-000,raw,case_brain_mask,T1,1756.478759765625,1833.225341796875,2022.8594970703125,266.3807373046875,189.6341552734375,0.13168523947930347,0.09374558912672026,0.13168523947930347,0.09374558912672026,abs(mean_region - mean_healthy) / abs(mean_healthy),27543,116530,1153016
BraTS-GLI-00563-000,raw,case_brain_mask,T1ce,3586.34765625,2311.12451171875,2296.174072265625,1290.173583984375,14.950439453125,0.5618796935161655,0.006511021805229891,0.5618796935161655,0.006511021805229891,abs(mean_region - mean_healthy) / abs(mean_healthy),27543,116530,1153016
BraTS-GLI-00563-000,raw,case_brain_mask,T2,482.8290710449219,583.6737060546875,296.8835144042969,185.945556640625,286.7901916503906,0.6263249645697867,0.9660024141988527,0.6263249645697867,0.9660024141988527,abs(mean_region - mean_healthy) / abs(mean_healthy),27543,116530,1153016
BraTS-GLI-00563-000,raw,case_brain_mask,FLAIR,1233.3009033203125,1486.2213134765625,897.1654052734375,336.135498046875,589.055908203125,0.37466390932052024,0.6565744786197958,0.37466390932052024,0.6565744786197958,abs(mean_region - mean_healthy) / abs(mean_healthy),27543,116530,1153016
BraTS-GLI-00565-000,raw,case_brain_mask,T1,1993.29052734375,2251.590576171875,2216.177978515625,222.887451171875,35.41259765625,0.1005729022364724,0.01597913073749114,0.1005729022364724,0.01597913073749114,abs(mean_region - mean_healthy) / abs(mean_healthy),22483,83290,1387812
BraTS-GLI-00565-000,raw,case_brain_mask,T1ce,3903.98779296875,2945.448974609375,2690.4228515625,1213.56494140625,255.026123046875,0.4510684782139192,0.09479034973954562,0.4510684782139192,0.09479034973954562,abs(mean_region - mean_healthy) / abs(mean_healthy),22483,83290,1387812
BraTS-GLI-00565-000,raw,case_brain_mask,T2,386.3053283691406,372.19378662109375,236.6597442626953,149.6455841064453,135.53404235839844,0.6323237801708127,0.5726958033384585,0.6323237801708127,0.5726958033384585,abs(mean_region - mean_healthy) / abs(mean_healthy),22483,83290,1387812
BraTS-GLI-00565-000,raw,case_brain_mask,FLAIR,1409.5736083984375,1520.3419189453125,817.3740234375,592.1995849609375,702.9678955078125,0.7245148095977137,0.8600320971193238,0.7245148095977137,0.8600320971193238,abs(mean_region - mean_healthy) / abs(mean_healthy),22483,83290,1387812
BraTS-GLI-00567-000,raw,case_brain_mask,T1,4036.75634765625,4207.6103515625,4031.767822265625,4.988525390625,175.842529296875,0.001237304728480553,0.04361424988953393,0.001237304728480553,0.04361424988953393,abs(mean_region - mean_healthy) / abs(mean_healthy),20120,42636,1433135
BraTS-GLI-00567-000,raw,case_brain_mask,T1ce,6341.65625,5550.1982421875,4646.849609375,1694.806640625,903.3486328125,0.3647216465120228,0.19440022999453174,0.3647216465120228,0.19440022999453174,abs(mean_region - mean_healthy) / abs(mean_healthy),20120,42636,1433135
BraTS-GLI-00567-000,raw,case_brain_mask,T2,1989.80419921875,2095.792236328125,1550.690673828125,439.113525390625,545.1015625,0.28317286793671353,0.3515217907091236,0.28317286793671353,0.3515217907091236,abs(mean_region - mean_healthy) / abs(mean_healthy),20120,42636,1433135
BraTS-GLI-00567-000,raw,case_brain_mask,FLAIR,1093.164794921875,1149.8450927734375,824.83056640625,268.334228515625,325.0145263671875,0.32532042269571226,0.3940379268232763,0.32532042269571226,0.3940379268232763,abs(mean_region - mean_healthy) / abs(mean_healthy),20120,42636,1433135
BraTS-GLI-00568-000,raw,case_brain_mask,T1,1011.6339111328125,1089.1197509765625,1090.897216796875,79.2633056640625,1.7774658203125,0.07265882105446908,0.0016293614035715923,0.07265882105446908,0.0016293614035715923,abs(mean_region - mean_healthy) / abs(mean_healthy),42721,224832,1616039
BraTS-GLI-00568-000,raw,case_brain_mask,T1ce,7510.6064453125,5265.2861328125,5069.01123046875,2441.59521484375,196.27490234375,0.48167090263439144,0.03872054991000676,0.48167090263439144,0.03872054991000676,abs(mean_region - mean_healthy) / abs(mean_healthy),42721,224832,1616039
BraTS-GLI-00568-000,raw,case_brain_mask,T2,1945.215087890625,2061.4375,1528.142333984375,417.07275390625,533.295166015625,0.27292794959668626,0.3489826530917099,0.27292794959668626,0.3489826530917099,abs(mean_region - mean_healthy) / abs(mean_healthy),42721,224832,1616039
BraTS-GLI-00568-000,raw,case_brain_mask,FLAIR,1301.50244140625,1383.5291748046875,975.7781982421875,325.7242431640625,407.7509765625,0.33380971592810477,0.41787260393503534,0.33380971592810477,0.41787260393503534,abs(mean_region - mean_healthy) / abs(mean_healthy),42721,224832,1616039
BraTS-GLI-00569-000,raw,case_brain_mask,T1,2775.893798828125,2689.500732421875,2765.7509765625,10.142822265625,76.250244140625,0.003667294109837511,0.027569453933772085,0.003667294109837511,0.027569453933772085,abs(mean_region - mean_healthy) / abs(mean_healthy),31532,147861,1154515
BraTS-GLI-00569-000,raw,case_brain_mask,T1ce,4808.7509765625,3322.356689453125,3309.422119140625,1499.328857421875,12.9345703125,0.45304853942633755,0.003908407524591873,0.45304853942633755,0.003908407524591873,abs(mean_region - mean_healthy) / abs(mean_healthy),31532,147861,1154515
BraTS-GLI-00569-000,raw,case_brain_mask,T2,1442.009521484375,1427.449462890625,1226.497802734375,215.51171875,200.95166015625,0.17571308996195062,0.1638418427723596,0.17571308996195062,0.1638418427723596,abs(mean_region - mean_healthy) / abs(mean_healthy),31532,147861,1154515
BraTS-GLI-00569-000,raw,case_brain_mask,FLAIR,1066.7183837890625,1100.7059326171875,779.5986328125,287.1197509765625,321.1072998046875,0.36829175795337393,0.4118879719507108,0.36829175795337393,0.4118879719507108,abs(mean_region - mean_healthy) / abs(mean_healthy),31532,147861,1154515
BraTS-GLI-00570-000,raw,case_brain_mask,T1,1418.2376708984375,1433.2261962890625,1343.1632080078125,75.074462890625,90.06298828125,0.055893775561330246,0.06705290000820671,0.055893775561330246,0.06705290000820671,abs(mean_region - mean_healthy) / abs(mean_healthy),14685,59342,943555
BraTS-GLI-00570-000,raw,case_brain_mask,T1ce,1187.658203125,931.2772827148438,820.3510131835938,367.30718994140625,110.92626953125,0.44774393404595364,0.13521805635464584,0.44774393404595364,0.13521805635464584,abs(mean_region - mean_healthy) / abs(mean_healthy),14685,59342,943555
BraTS-GLI-00570-000,raw,case_brain_mask,T2,1742.4114990234375,1834.960205078125,1270.2532958984375,472.158203125,564.7069091796875,0.37170397797790966,0.444562443571757,0.37170397797790966,0.444562443571757,abs(mean_region - mean_healthy) / abs(mean_healthy),14685,59342,943555
BraTS-GLI-00570-000,raw,case_brain_mask,FLAIR,818.0458984375,774.4588623046875,606.574462890625,211.471435546875,167.8843994140625,0.3486322759766539,0.27677459188441755,0.3486322759766539,0.27677459188441755,abs(mean_region - mean_healthy) / abs(mean_healthy),14685,59342,943555
BraTS-GLI-00571-000,raw,case_brain_mask,T1,350.70703125,356.7887878417969,342.103515625,8.603515625,14.685272216796875,0.02514886644553172,0.04292639960150037,0.02514886644553172,0.04292639960150037,abs(mean_region - mean_healthy) / abs(mean_healthy),19747,46230,1008533
BraTS-GLI-00571-000,raw,case_brain_mask,T1ce,530.6124267578125,444.9554748535156,361.3319396972656,169.28048706054688,83.62353515625,0.46849023975675935,0.2314313404630441,0.46849023975675935,0.2314313404630441,abs(mean_region - mean_healthy) / abs(mean_healthy),19747,46230,1008533
BraTS-GLI-00571-000,raw,case_brain_mask,T2,471.6023254394531,459.98779296875,314.14410400390625,157.45822143554688,145.84368896484375,0.5012292748094643,0.46425728544957906,0.5012292748094643,0.46425728544957906,abs(mean_region - mean_healthy) / abs(mean_healthy),19747,46230,1008533
BraTS-GLI-00571-000,raw,case_brain_mask,FLAIR,305.45587158203125,305.0509033203125,180.7620849609375,124.69378662109375,124.288818359375,0.6898226840437249,0.6875823455246917,0.6898226840437249,0.6875823455246917,abs(mean_region - mean_healthy) / abs(mean_healthy),19747,46230,1008533
BraTS-GLI-00572-000,raw,case_brain_mask,T1,952.4905395507812,1018.8424682617188,979.7484130859375,27.25787353515625,39.09405517578125,0.02782129898970845,0.039902136766566176,0.02782129898970845,0.039902136766566176,abs(mean_region - mean_healthy) / abs(mean_healthy),16658,83463,1280802
BraTS-GLI-00572-000,raw,case_brain_mask,T1ce,6535.39990234375,5175.92724609375,4826.6904296875,1708.70947265625,349.23681640625,0.35401265060350656,0.07235533778139176,0.35401265060350656,0.07235533778139176,abs(mean_region - mean_healthy) / abs(mean_healthy),16658,83463,1280802
BraTS-GLI-00572-000,raw,case_brain_mask,T2,2295.198486328125,2279.29833984375,1717.3345947265625,577.8638916015625,561.9637451171875,0.3364888201612052,0.32723020129147545,0.3364888201612052,0.32723020129147545,abs(mean_region - mean_healthy) / abs(mean_healthy),16658,83463,1280802
BraTS-GLI-00572-000,raw,case_brain_mask,FLAIR,1261.1180419921875,1320.540771484375,950.1283569335938,310.98968505859375,370.41241455078125,0.3273133390758586,0.38985513046493575,0.3273133390758586,0.38985513046493575,abs(mean_region - mean_healthy) / abs(mean_healthy),16658,83463,1280802
BraTS-GLI-00574-000,raw,case_brain_mask,T1,2010.950927734375,1992.123046875,2041.4906005859375,30.5396728515625,49.3675537109375,0.014959497164864326,0.02418211168680781,0.014959497164864326,0.02418211168680781,abs(mean_region - mean_healthy) / abs(mean_healthy),16124,98996,1425907
BraTS-GLI-00574-000,raw,case_brain_mask,T1ce,4337.53466796875,2580.93212890625,2620.16162109375,1717.373046875,39.2294921875,0.655445463000907,0.014972165026646026,0.655445463000907,0.014972165026646026,abs(mean_region - mean_healthy) / abs(mean_healthy),16124,98996,1425907
BraTS-GLI-00574-000,raw,case_brain_mask,T2,3710.880126953125,4222.037109375,3405.753173828125,305.126953125,816.283935546875,0.08959162263131126,0.2396779490127753,0.08959162263131126,0.2396779490127753,abs(mean_region - mean_healthy) / abs(mean_healthy),16124,98996,1425907
BraTS-GLI-00574-000,raw,case_brain_mask,FLAIR,983.3785400390625,1117.92236328125,760.2432861328125,223.13525390625,357.6790771484375,0.2935050634136989,0.47047975782577567,0.2935050634136989,0.47047975782577567,abs(mean_region - mean_healthy) / abs(mean_healthy),16124,98996,1425907
BraTS-GLI-00575-000,raw,case_brain_mask,T1,345.8292541503906,357.3837585449219,339.7192687988281,6.1099853515625,17.66448974609375,0.0179853953329349,0.05199731474917941,0.0179853953329349,0.05199731474917941,abs(mean_region - mean_healthy) / abs(mean_healthy),46521,120374,1227482
BraTS-GLI-00575-000,raw,case_brain_mask,T1ce,564.6971435546875,460.2056579589844,383.3685302734375,181.32861328125,76.83712768554688,0.47298773624407153,0.20042627815784153,0.47298773624407153,0.20042627815784153,abs(mean_region - mean_healthy) / abs(mean_healthy),46521,120374,1227482
BraTS-GLI-00575-000,raw,case_brain_mask,T2,600.1384887695312,621.2750244140625,364.4283447265625,235.71014404296875,256.8466796875,0.6467942119590795,0.704793365840456,0.6467942119590795,0.704793365840456,abs(mean_region - mean_healthy) / abs(mean_healthy),46521,120374,1227482
BraTS-GLI-00575-000,raw,case_brain_mask,FLAIR,395.88494873046875,385.5283508300781,174.2401580810547,221.64479064941406,211.28819274902344,1.2720649079433641,1.2126262686856286,1.2720649079433641,1.2126262686856286,abs(mean_region - mean_healthy) / abs(mean_healthy),46521,120374,1227482
BraTS-GLI-00576-000,raw,case_brain_mask,T1,1785.1099853515625,1701.70361328125,1824.3665771484375,39.256591796875,122.6629638671875,0.021517929723441173,0.06723591925199317,0.021517929723441173,0.06723591925199317,abs(mean_region - mean_healthy) / abs(mean_healthy),8988,79080,1213635
BraTS-GLI-00576-000,raw,case_brain_mask,T1ce,2288.349853515625,1776.7841796875,1995.64111328125,292.708740234375,218.85693359375,0.14667403787502695,0.10966748085977422,0.14667403787502695,0.10966748085977422,abs(mean_region - mean_healthy) / abs(mean_healthy),8988,79080,1213635
BraTS-GLI-00576-000,raw,case_brain_mask,T2,1999.9429931640625,2154.837158203125,1584.1090087890625,415.833984375,570.7281494140625,0.26250338964543557,0.36028338090845347,0.26250338964543557,0.36028338090845347,abs(mean_region - mean_healthy) / abs(mean_healthy),8988,79080,1213635
BraTS-GLI-00576-000,raw,case_brain_mask,FLAIR,952.1199340820312,1036.01416015625,719.777587890625,232.34234619140625,316.236572265625,0.3227974170080886,0.43935318018498687,0.3227974170080886,0.43935318018498687,abs(mean_region - mean_healthy) / abs(mean_healthy),8988,79080,1213635
BraTS-GLI-00577-000,raw,case_brain_mask,T1,1819.5950927734375,1901.403564453125,2219.740478515625,400.1453857421875,318.3369140625,0.18026674271839696,0.1434117713956259,0.18026674271839696,0.1434117713956259,abs(mean_region - mean_healthy) / abs(mean_healthy),28232,111967,1444218
BraTS-GLI-00577-000,raw,case_brain_mask,T1ce,3793.0263671875,2532.187744140625,2727.9453125,1065.0810546875,195.757568359375,0.39043343347356785,0.07176007798337233,0.39043343347356785,0.07176007798337233,abs(mean_region - mean_healthy) / abs(mean_healthy),28232,111967,1444218
BraTS-GLI-00577-000,raw,case_brain_mask,T2,2262.765380859375,2396.6865234375,1706.7186279296875,556.0467529296875,689.9678955078125,0.32579872500963597,0.40426575547767296,0.32579872500963597,0.40426575547767296,abs(mean_region - mean_healthy) / abs(mean_healthy),28232,111967,1444218
BraTS-GLI-00577-000,raw,case_brain_mask,FLAIR,984.2381591796875,1079.37744140625,762.200927734375,222.0372314453125,317.176513671875,0.29131062868857055,0.41613241617886115,0.29131062868857055,0.41613241617886115,abs(mean_region - mean_healthy) / abs(mean_healthy),28232,111967,1444218
BraTS-GLI-00578-000,raw,case_brain_mask,T1,304.93804931640625,288.5946350097656,275.5928039550781,29.345245361328125,13.0018310546875,0.10648044847394283,0.047177687037165204,0.10648044847394283,0.047177687037165204,abs(mean_region - mean_healthy) / abs(mean_healthy),58784,173764,987489
BraTS-GLI-00578-000,raw,case_brain_mask,T1ce,519.9527587890625,377.9754638671875,304.7712707519531,215.18148803710938,73.20419311523438,0.7060425594125013,0.2401938769839422,0.7060425594125013,0.2401938769839422,abs(mean_region - mean_healthy) / abs(mean_healthy),58784,173764,987489
BraTS-GLI-00578-000,raw,case_brain_mask,T2,958.5377197265625,991.4540405273438,463.21844482421875,495.31927490234375,528.235595703125,1.0692995506478733,1.1403595897472927,1.0692995506478733,1.1403595897472927,abs(mean_region - mean_healthy) / abs(mean_healthy),58784,173764,987489
BraTS-GLI-00578-000,raw,case_brain_mask,FLAIR,441.1873779296875,413.2548522949219,240.2764434814453,200.9109344482422,172.97840881347656,0.8361657578128626,0.7199141385111868,0.8361657578128626,0.7199141385111868,abs(mean_region - mean_healthy) / abs(mean_healthy),58784,173764,987489
BraTS-GLI-00579-000,raw,case_brain_mask,T1,2166.21826171875,2092.213134765625,2183.059814453125,16.841552734375,90.8466796875,0.007714654735007319,0.041614379544729914,0.007714654735007319,0.041614379544729914,abs(mean_region - mean_healthy) / abs(mean_healthy),38973,107675,1434919
BraTS-GLI-00579-000,raw,case_brain_mask,T1ce,4993.66015625,3233.408203125,2733.7451171875,2259.9150390625,499.6630859375,0.8266736444645284,0.18277603233602027,0.8266736444645284,0.18277603233602027,abs(mean_region - mean_healthy) / abs(mean_healthy),38973,107675,1434919
BraTS-GLI-00579-000,raw,case_brain_mask,T2,2253.25341796875,2440.20263671875,1757.1876220703125,496.0657958984375,683.0150146484375,0.2823066755466752,0.388697829457569,0.2823066755466752,0.388697829457569,abs(mean_region - mean_healthy) / abs(mean_healthy),38973,107675,1434919
BraTS-GLI-00579-000,raw,case_brain_mask,FLAIR,1091.5718994140625,1215.3223876953125,794.1470336914062,297.42486572265625,421.17535400390625,0.37452115679403414,0.5303493385175431,0.37452115679403414,0.5303493385175431,abs(mean_region - mean_healthy) / abs(mean_healthy),38973,107675,1434919
BraTS-GLI-00580-000,raw,case_brain_mask,T1,6926.92431640625,7131.8525390625,7094.642578125,167.71826171875,37.2099609375,0.02364012843097661,0.005244797116662358,0.02364012843097661,0.005244797116662358,abs(mean_region - mean_healthy) / abs(mean_healthy),33164,157326,1445555
BraTS-GLI-00580-000,raw,case_brain_mask,T1ce,1457.2802734375,998.8101196289062,999.3800659179688,457.90020751953125,0.5699462890625,0.45818425155291886,0.0005702998373686617,0.45818425155291886,0.0005702998373686617,abs(mean_region - mean_healthy) / abs(mean_healthy),33164,157326,1445555
BraTS-GLI-00580-000,raw,case_brain_mask,T2,14395.8134765625,13189.8388671875,9771.4521484375,4624.361328125,3418.38671875,0.4732522104060507,0.3498340540199663,0.4732522104060507,0.3498340540199663,abs(mean_region - mean_healthy) / abs(mean_healthy),33164,157326,1445555
BraTS-GLI-00580-000,raw,case_brain_mask,FLAIR,15531.859375,15714.2529296875,8519.33984375,7012.51953125,7194.9130859375,0.8231294513265085,0.8445388044022998,0.8231294513265085,0.8445388044022998,abs(mean_region - mean_healthy) / abs(mean_healthy),33164,157326,1445555
BraTS-GLI-00581-000,raw,case_brain_mask,T1,255.797119140625,267.7782897949219,261.016845703125,5.2197265625,6.761444091796875,0.019997661639190926,0.025904244124868466,0.019997661639190926,0.025904244124868466,abs(mean_region - mean_healthy) / abs(mean_healthy),47126,138460,1134056
BraTS-GLI-00581-000,raw,case_brain_mask,T1ce,98.73443603515625,69.83715057373047,60.47743606567383,38.25699996948242,9.35971450805664,0.6325830335786436,0.1547637452403358,0.6325830335786436,0.1547637452403358,abs(mean_region - mean_healthy) / abs(mean_healthy),47126,138460,1134056
BraTS-GLI-00581-000,raw,case_brain_mask,T2,700.1409912109375,675.70751953125,477.45660400390625,222.68438720703125,198.25091552734375,0.4663971245546106,0.41522289955742614,0.4663971245546106,0.41522289955742614,abs(mean_region - mean_healthy) / abs(mean_healthy),47126,138460,1134056
BraTS-GLI-00581-000,raw,case_brain_mask,FLAIR,247.73492431640625,260.22735595703125,166.0672607421875,81.66766357421875,94.16009521484375,0.4917746171595158,0.5669997493426677,0.4917746171595158,0.5669997493426677,abs(mean_region - mean_healthy) / abs(mean_healthy),47126,138460,1134056
BraTS-GLI-00582-000,raw,case_brain_mask,T1,1193.6156005859375,1158.3499755859375,1086.5572509765625,107.058349609375,71.792724609375,0.09852987453091351,0.06607357738844412,0.09852987453091351,0.06607357738844412,abs(mean_region - mean_healthy) / abs(mean_healthy),9109,51782,1486466
BraTS-GLI-00582-000,raw,case_brain_mask,T1ce,3511.737060546875,2608.173095703125,2468.77587890625,1042.961181640625,139.397216796875,0.4224608602797479,0.056464103521066726,0.4224608602797479,0.056464103521066726,abs(mean_region - mean_healthy) / abs(mean_healthy),9109,51782,1486466
BraTS-GLI-00582-000,raw,case_brain_mask,T2,1410.521484375,1387.222412109375,941.547607421875,468.973876953125,445.6748046875,0.49808833165351984,0.47334282533820776,0.49808833165351984,0.47334282533820776,abs(mean_region - mean_healthy) / abs(mean_healthy),9109,51782,1486466
BraTS-GLI-00582-000,raw,case_brain_mask,FLAIR,745.47021484375,684.5465087890625,421.8290710449219,323.6411437988281,262.7174377441406,0.7672329054920982,0.6228054341853624,0.7672329054920982,0.6228054341853624,abs(mean_region - mean_healthy) / abs(mean_healthy),9109,51782,1486466
BraTS-GLI-00583-000,raw,case_brain_mask,T1,719.4019775390625,742.4066162109375,710.42822265625,8.9737548828125,31.9783935546875,0.012631472957620054,0.045012842303930635,0.012631472957620054,0.045012842303930635,abs(mean_region - mean_healthy) / abs(mean_healthy),39127,158379,1455378
BraTS-GLI-00583-000,raw,case_brain_mask,T1ce,493.6193542480469,344.02325439453125,344.8750305175781,148.74432373046875,0.851776123046875,0.4312991970083706,0.0024698109392511103,0.4312991970083706,0.0024698109392511103,abs(mean_region - mean_healthy) / abs(mean_healthy),39127,158379,1455378
BraTS-GLI-00583-000,raw,case_brain_mask,T2,655.1331176757812,661.50244140625,402.3311767578125,252.80194091796875,259.1712646484375,0.6283429063468913,0.6441739532515731,0.6283429063468913,0.6441739532515731,abs(mean_region - mean_healthy) / abs(mean_healthy),39127,158379,1455378
BraTS-GLI-00583-000,raw,case_brain_mask,FLAIR,463.79205322265625,485.534912109375,262.91851806640625,200.87353515625,222.61639404296875,0.7640144050466413,0.8467124935899029,0.7640144050466413,0.8467124935899029,abs(mean_region - mean_healthy) / abs(mean_healthy),39127,158379,1455378
BraTS-GLI-00584-000,raw,case_brain_mask,T1,373.60577392578125,393.1472473144531,394.8254699707031,21.219696044921875,1.67822265625,0.0537444963884838,0.004250543047221669,0.0537444963884838,0.004250543047221669,abs(mean_region - mean_healthy) / abs(mean_healthy),7220,12470,1306485
BraTS-GLI-00584-000,raw,case_brain_mask,T1ce,543.0196533203125,490.3800354003906,396.40289306640625,146.61676025390625,93.97714233398438,0.36986803784336836,0.2370748144823482,0.36986803784336836,0.2370748144823482,abs(mean_region - mean_healthy) / abs(mean_healthy),7220,12470,1306485
BraTS-GLI-00584-000,raw,case_brain_mask,T2,1305.3326416015625,1237.9814453125,1029.2906494140625,276.0419921875,208.6907958984375,0.268186631584228,0.20275205649370032,0.268186631584228,0.20275205649370032,abs(mean_region - mean_healthy) / abs(mean_healthy),7220,12470,1306485
BraTS-GLI-00584-000,raw,case_brain_mask,FLAIR,785.4476318359375,795.9154052734375,561.61962890625,223.8280029296875,234.2957763671875,0.39854020659069705,0.41717875285711925,0.39854020659069705,0.41717875285711925,abs(mean_region - mean_healthy) / abs(mean_healthy),7220,12470,1306485
BraTS-GLI-00586-000,raw,case_brain_mask,T1,1990.5032958984375,1871.1083984375,2181.367431640625,190.8641357421875,310.259033203125,0.08749747198647637,0.1422314410231093,0.08749747198647637,0.1422314410231093,abs(mean_region - mean_healthy) / abs(mean_healthy),32177,105016,1305564
BraTS-GLI-00586-000,raw,case_brain_mask,T1ce,3888.17626953125,2611.184326171875,2720.950439453125,1167.225830078125,109.76611328125,0.4289772474917705,0.04034109246889169,0.4289772474917705,0.04034109246889169,abs(mean_region - mean_healthy) / abs(mean_healthy),32177,105016,1305564
BraTS-GLI-00586-000,raw,case_brain_mask,T2,4237.01416015625,4583.06591796875,3080.75146484375,1156.2626953125,1502.314453125,0.37531839504331566,0.4876454560742032,0.37531839504331566,0.4876454560742032,abs(mean_region - mean_healthy) / abs(mean_healthy),32177,105016,1305564
BraTS-GLI-00586-000,raw,case_brain_mask,FLAIR,1093.51904296875,1112.72509765625,788.4845581054688,305.03448486328125,324.24053955078125,0.38686171051491847,0.41121989798994946,0.38686171051491847,0.41121989798994946,abs(mean_region - mean_healthy) / abs(mean_healthy),32177,105016,1305564
BraTS-GLI-00587-000,raw,case_brain_mask,T1,1193.995849609375,1185.8626708984375,1098.198974609375,95.796875,87.6636962890625,0.08723089095405008,0.07982496643674625,0.08723089095405008,0.07982496643674625,abs(mean_region - mean_healthy) / abs(mean_healthy),57055,150203,1343521
BraTS-GLI-00587-000,raw,case_brain_mask,T1ce,3661.618896484375,2959.397216796875,2567.3837890625,1094.235107421875,392.013427734375,0.4262062852011087,0.1526898430240232,0.4262062852011087,0.1526898430240232,abs(mean_region - mean_healthy) / abs(mean_healthy),57055,150203,1343521
BraTS-GLI-00587-000,raw,case_brain_mask,T2,3402.343994140625,3793.913330078125,3149.5478515625,252.796142578125,644.365478515625,0.08026426474286208,0.20458983602867103,0.08026426474286208,0.20458983602867103,abs(mean_region - mean_healthy) / abs(mean_healthy),57055,150203,1343521
BraTS-GLI-00587-000,raw,case_brain_mask,FLAIR,1016.7809448242188,1133.4375,851.9729614257812,164.8079833984375,281.46453857421875,0.19344273921866073,0.3303679240045205,0.19344273921866073,0.3303679240045205,abs(mean_region - mean_healthy) / abs(mean_healthy),57055,150203,1343521
BraTS-GLI-00588-000,raw,case_brain_mask,T1,428.750244140625,457.9798583984375,405.0525817871094,23.697662353515625,52.927276611328125,0.058505150736135346,0.13066766881922023,0.058505150736135346,0.13066766881922023,abs(mean_region - mean_healthy) / abs(mean_healthy),5942,95788,1361553
BraTS-GLI-00588-000,raw,case_brain_mask,T1ce,402.0516662597656,281.1837463378906,267.1729431152344,134.87872314453125,14.01080322265625,0.5048367606833477,0.05244095101581169,0.5048367606833477,0.05244095101581169,abs(mean_region - mean_healthy) / abs(mean_healthy),5942,95788,1361553
BraTS-GLI-00588-000,raw,case_brain_mask,T2,727.9246215820312,675.8563232421875,517.4031982421875,210.52142333984375,158.453125,0.40688079249425574,0.30624689901091573,0.40688079249425574,0.30624689901091573,abs(mean_region - mean_healthy) / abs(mean_healthy),5942,95788,1361553
BraTS-GLI-00588-000,raw,case_brain_mask,FLAIR,533.0350341796875,569.064208984375,306.5662841796875,226.46875,262.4979248046875,0.7387268649127117,0.8562517744150553,0.7387268649127117,0.8562517744150553,abs(mean_region - mean_healthy) / abs(mean_healthy),5942,95788,1361553
BraTS-GLI-00589-000,raw,case_brain_mask,T1,293.5692138671875,313.66412353515625,267.716064453125,25.8531494140625,45.94805908203125,0.09656928681838287,0.17162981674592934,0.09656928681838287,0.17162981674592934,abs(mean_region - mean_healthy) / abs(mean_healthy),43764,98512,872614
BraTS-GLI-00589-000,raw,case_brain_mask,T1ce,495.3485107421875,404.8226318359375,270.5281677246094,224.82034301757812,134.29446411132812,0.8310422715258227,0.49641582701301695,0.8310422715258227,0.49641582701301695,abs(mean_region - mean_healthy) / abs(mean_healthy),43764,98512,872614
BraTS-GLI-00589-000,raw,case_brain_mask,T2,635.7159423828125,602.345458984375,369.4951171875,266.2208251953125,232.850341796875,0.7204988992052606,0.6301851660971078,0.7204988992052606,0.6301851660971078,abs(mean_region - mean_healthy) / abs(mean_healthy),43764,98512,872614
BraTS-GLI-00589-000,raw,case_brain_mask,FLAIR,327.66534423828125,321.0736083984375,179.2203369140625,148.44500732421875,141.853271484375,0.8282821574841657,0.7915020913747903,0.8282821574841657,0.7915020913747903,abs(mean_region - mean_healthy) / abs(mean_healthy),43764,98512,872614
BraTS-GLI-00590-000,raw,case_brain_mask,T1,1962.847412109375,1902.57421875,2069.694580078125,106.84716796875,167.120361328125,0.05162460635361804,0.08074638786647288,0.05162460635361804,0.08074638786647288,abs(mean_region - mean_healthy) / abs(mean_healthy),12469,107935,1163532
BraTS-GLI-00590-000,raw,case_brain_mask,T1ce,4047.10107421875,2365.114013671875,2643.407958984375,1403.693115234375,278.2939453125,0.5310164518736217,0.10527846992615678,0.5310164518736217,0.10527846992615678,abs(mean_region - mean_healthy) / abs(mean_healthy),12469,107935,1163532
BraTS-GLI-00590-000,raw,case_brain_mask,T2,2232.7685546875,2610.014404296875,2012.6112060546875,220.1573486328125,597.4031982421875,0.10938891126636721,0.2968299075573937,0.10938891126636721,0.2968299075573937,abs(mean_region - mean_healthy) / abs(mean_healthy),12469,107935,1163532
BraTS-GLI-00590-000,raw,case_brain_mask,FLAIR,1021.4828491210938,1188.6953125,804.2528076171875,217.23004150390625,384.4425048828125,0.27010168873082074,0.47801201468208177,0.27010168873082074,0.47801201468208177,abs(mean_region - mean_healthy) / abs(mean_healthy),12469,107935,1163532
BraTS-GLI-00591-000,raw,case_brain_mask,T1,2030.0048828125,2037.049072265625,2036.7254638671875,6.7205810546875,0.3236083984375,0.003299699038439351,0.000158886607045731,0.003299699038439351,0.000158886607045731,abs(mean_region - mean_healthy) / abs(mean_healthy),38523,147383,1278536
BraTS-GLI-00591-000,raw,case_brain_mask,T1ce,3918.53564453125,2620.025634765625,2485.093505859375,1433.442138671875,134.93212890625,0.5768161782613381,0.0542966003444562,0.5768161782613381,0.0542966003444562,abs(mean_region - mean_healthy) / abs(mean_healthy),38523,147383,1278536
BraTS-GLI-00591-000,raw,case_brain_mask,T2,1981.3017578125,2163.99853515625,1752.43212890625,228.86962890625,411.56640625,0.13060113720301111,0.23485440574915276,0.13060113720301111,0.23485440574915276,abs(mean_region - mean_healthy) / abs(mean_healthy),38523,147383,1278536
BraTS-GLI-00591-000,raw,case_brain_mask,FLAIR,965.4398803710938,1061.3267822265625,778.6708984375,186.76898193359375,282.6558837890625,0.23985612189741384,0.3629978779947301,0.23985612189741384,0.3629978779947301,abs(mean_region - mean_healthy) / abs(mean_healthy),38523,147383,1278536
BraTS-GLI-00593-000,raw,case_brain_mask,T1,1205.91748046875,1231.7894287109375,1149.7874755859375,56.1300048828125,82.001953125,0.04881772160042739,0.07131922626241113,0.04881772160042739,0.07131922626241113,abs(mean_region - mean_healthy) / abs(mean_healthy),43762,85112,1456812
BraTS-GLI-00593-000,raw,case_brain_mask,T1ce,3852.410888671875,3222.23291015625,2665.862548828125,1186.54833984375,556.370361328125,0.4450898416969546,0.20870181831868917,0.4450898416969546,0.20870181831868917,abs(mean_region - mean_healthy) / abs(mean_healthy),43762,85112,1456812
BraTS-GLI-00593-000,raw,case_brain_mask,T2,1993.5264892578125,2056.802490234375,1549.2725830078125,444.25390625,507.5299072265625,0.286749995528553,0.32759238935296076,0.286749995528553,0.32759238935296076,abs(mean_region - mean_healthy) / abs(mean_healthy),43762,85112,1456812
BraTS-GLI-00593-000,raw,case_brain_mask,FLAIR,1127.124755859375,1161.1883544921875,793.512451171875,333.6123046875,367.6759033203125,0.42042478879167516,0.46335240584734544,0.42042478879167516,0.46335240584734544,abs(mean_region - mean_healthy) / abs(mean_healthy),43762,85112,1456812
BraTS-GLI-00594-000,raw,case_brain_mask,T1,1113.97216796875,1102.265380859375,1106.9078369140625,7.0643310546875,4.6424560546875,0.006382040870161403,0.004194076417084694,0.006382040870161403,0.004194076417084694,abs(mean_region - mean_healthy) / abs(mean_healthy),30930,77740,1467905
BraTS-GLI-00594-000,raw,case_brain_mask,T1ce,1025.525146484375,732.1029052734375,600.0506591796875,425.4744873046875,132.05224609375,0.7090642778167127,0.22006849600711204,0.7090642778167127,0.22006849600711204,abs(mean_region - mean_healthy) / abs(mean_healthy),30930,77740,1467905
BraTS-GLI-00594-000,raw,case_brain_mask,T2,2188.477294921875,2163.363037109375,1721.4267578125,467.050537109375,441.936279296875,0.271315950556548,0.25672673977629157,0.271315950556548,0.25672673977629157,abs(mean_region - mean_healthy) / abs(mean_healthy),30930,77740,1467905
BraTS-GLI-00594-000,raw,case_brain_mask,FLAIR,1306.89501953125,1307.1334228515625,943.4947509765625,363.4002685546875,363.638671875,0.3851640596606931,0.3854167407912089,0.3851640596606931,0.3854167407912089,abs(mean_region - mean_healthy) / abs(mean_healthy),30930,77740,1467905
BraTS-GLI-00596-000,raw,case_brain_mask,T1,1094.0662841796875,951.9655151367188,1099.4097900390625,5.343505859375,147.44427490234375,0.004860340437013157,0.13411220842148858,0.004860340437013157,0.13411220842148858,abs(mean_region - mean_healthy) / abs(mean_healthy),28376,78584,1480221
BraTS-GLI-00596-000,raw,case_brain_mask,T1ce,4804.873046875,3148.593994140625,2892.177490234375,1912.695556640625,256.41650390625,0.6613340858570975,0.08865863342483543,0.6613340858570975,0.08865863342483543,abs(mean_region - mean_healthy) / abs(mean_healthy),28376,78584,1480221
BraTS-GLI-00596-000,raw,case_brain_mask,T2,4157.548828125,5168.11474609375,3796.039794921875,361.509033203125,1372.074951171875,0.09523320426902034,0.36144904302830505,0.09523320426902034,0.36144904302830505,abs(mean_region - mean_healthy) / abs(mean_healthy),28376,78584,1480221
BraTS-GLI-00596-000,raw,case_brain_mask,FLAIR,1130.553955078125,1270.29736328125,869.6721801757812,260.88177490234375,400.62518310546875,0.2999771417887754,0.46066229579114853,0.2999771417887754,0.46066229579114853,abs(mean_region - mean_healthy) / abs(mean_healthy),28376,78584,1480221
BraTS-GLI-00597-000,raw,case_brain_mask,T1,2445.953857421875,2329.19140625,2543.2705078125,97.316650390625,214.0791015625,0.03826437262244995,0.08417472734610217,0.03826437262244995,0.08417472734610217,abs(mean_region - mean_healthy) / abs(mean_healthy),282,78549,1594567
BraTS-GLI-00597-000,raw,case_brain_mask,T1ce,3190.865234375,2238.77294921875,2856.48388671875,334.38134765625,617.7109375,0.11706047046544157,0.21624870364998489,0.11706047046544157,0.21624870364998489,abs(mean_region - mean_healthy) / abs(mean_healthy),282,78549,1594567
BraTS-GLI-00597-000,raw,case_brain_mask,T2,2021.7943115234375,3014.626708984375,2011.70166015625,10.0926513671875,1002.925048828125,0.0050169722315602195,0.4985456187127803,0.0050169722315602195,0.4985456187127803,abs(mean_region - mean_healthy) / abs(mean_healthy),282,78549,1594567
BraTS-GLI-00597-000,raw,case_brain_mask,FLAIR,789.5780029296875,1158.05029296875,802.4143676757812,12.83636474609375,355.63592529296875,0.015997177098504217,0.4432073248178239,0.015997177098504217,0.4432073248178239,abs(mean_region - mean_healthy) / abs(mean_healthy),282,78549,1594567
BraTS-GLI-00598-000,raw,case_brain_mask,T1,2060.705322265625,2246.2822265625,2610.902587890625,550.197265625,364.620361328125,0.21073067535220072,0.13965299319064428,0.21073067535220072,0.13965299319064428,abs(mean_region - mean_healthy) / abs(mean_healthy),30508,98011,1691362
BraTS-GLI-00598-000,raw,case_brain_mask,T1ce,4769.8310546875,3321.260498046875,3252.62744140625,1517.20361328125,68.633056640625,0.4664547786712695,0.021100804773064325,0.4664547786712695,0.021100804773064325,abs(mean_region - mean_healthy) / abs(mean_healthy),30508,98011,1691362
BraTS-GLI-00598-000,raw,case_brain_mask,T2,2162.781982421875,2260.222412109375,1862.50146484375,300.280517578125,397.720947265625,0.16122431216628133,0.21354128024752497,0.16122431216628133,0.21354128024752497,abs(mean_region - mean_healthy) / abs(mean_healthy),30508,98011,1691362
BraTS-GLI-00598-000,raw,case_brain_mask,FLAIR,1147.652587890625,1218.74560546875,896.8602905273438,250.79229736328125,321.88531494140625,0.27963362857309493,0.3589024046901902,0.27963362857309493,0.3589024046901902,abs(mean_region - mean_healthy) / abs(mean_healthy),30508,98011,1691362
BraTS-GLI-00599-000,raw,case_brain_mask,T1,2822.3046875,2807.670654296875,3081.8623046875,259.5576171875,274.191650390625,0.08422102986000184,0.08896946822496923,0.08422102986000184,0.08896946822496923,abs(mean_region - mean_healthy) / abs(mean_healthy),24882,111614,1116546
BraTS-GLI-00599-000,raw,case_brain_mask,T1ce,5855.2919921875,3674.300048828125,3752.18212890625,2103.10986328125,77.882080078125,0.5605031395142592,0.020756476472219485,0.5605031395142592,0.020756476472219485,abs(mean_region - mean_healthy) / abs(mean_healthy),24882,111614,1116546
BraTS-GLI-00599-000,raw,case_brain_mask,T2,2148.480224609375,2457.654296875,1735.9014892578125,412.5787353515625,721.7528076171875,0.23767404884706977,0.415779819352407,0.23767404884706977,0.415779819352407,abs(mean_region - mean_healthy) / abs(mean_healthy),24882,111614,1116546
BraTS-GLI-00599-000,raw,case_brain_mask,FLAIR,1343.9139404296875,1542.415771484375,1027.02783203125,316.8861083984375,515.387939453125,0.3085467584375994,0.5018247056010094,0.3085467584375994,0.5018247056010094,abs(mean_region - mean_healthy) / abs(mean_healthy),24882,111614,1116546
BraTS-GLI-00601-000,raw,case_brain_mask,T1,1913.6253662109375,1950.5770263671875,2151.302001953125,237.6766357421875,200.7249755859375,0.11048036748276417,0.09330395053958171,0.11048036748276417,0.09330395053958171,abs(mean_region - mean_healthy) / abs(mean_healthy),29782,85980,1484242
BraTS-GLI-00601-000,raw,case_brain_mask,T1ce,4206.42041015625,2986.72314453125,2892.47412109375,1313.9462890625,94.2490234375,0.45426380117988713,0.032584223571846864,0.45426380117988713,0.032584223571846864,abs(mean_region - mean_healthy) / abs(mean_healthy),29782,85980,1484242
BraTS-GLI-00601-000,raw,case_brain_mask,T2,1141.1866455078125,1098.476806640625,841.4521484375,299.7344970703125,257.024658203125,0.35621098315203326,0.3054536834689844,0.35621098315203326,0.3054536834689844,abs(mean_region - mean_healthy) / abs(mean_healthy),29782,85980,1484242
BraTS-GLI-00601-000,raw,case_brain_mask,FLAIR,1243.1763916015625,1307.43701171875,953.43701171875,289.7393798828125,354.0,0.3038893774015576,0.3712882924083766,0.3038893774015576,0.3712882924083766,abs(mean_region - mean_healthy) / abs(mean_healthy),29782,85980,1484242
BraTS-GLI-00602-000,raw,case_brain_mask,T1,2362.49560546875,2443.930908203125,2355.447998046875,7.047607421875,88.48291015625,0.0029920454315777037,0.0375652148676683,0.0029920454315777037,0.0375652148676683,abs(mean_region - mean_healthy) / abs(mean_healthy),21449,36091,1203833
BraTS-GLI-00602-000,raw,case_brain_mask,T1ce,5535.08056640625,4578.40478515625,3131.425048828125,2403.655517578125,1446.979736328125,0.767591585331939,0.46208346480131435,0.767591585331939,0.46208346480131435,abs(mean_region - mean_healthy) / abs(mean_healthy),21449,36091,1203833
BraTS-GLI-00602-000,raw,case_brain_mask,T2,928.4231567382812,950.870849609375,890.9527587890625,37.47039794921875,59.9180908203125,0.04205654854264844,0.06725170356029887,0.04205654854264844,0.06725170356029887,abs(mean_region - mean_healthy) / abs(mean_healthy),21449,36091,1203833
BraTS-GLI-00602-000,raw,case_brain_mask,FLAIR,1032.5286865234375,1101.1512451171875,796.7194213867188,235.80926513671875,304.43182373046875,0.2959752941961478,0.38210669347132803,0.2959752941961478,0.38210669347132803,abs(mean_region - mean_healthy) / abs(mean_healthy),21449,36091,1203833
BraTS-GLI-00604-000,raw,case_brain_mask,T1,2177.287353515625,2117.0830078125,2474.988037109375,297.70068359375,357.905029296875,0.12028368587245579,0.14460879161051815,0.12028368587245579,0.14460879161051815,abs(mean_region - mean_healthy) / abs(mean_healthy),63077,149786,1487395
BraTS-GLI-00604-000,raw,case_brain_mask,T1ce,3546.32470703125,3010.33349609375,3278.214111328125,268.110595703125,267.880615234375,0.08178556573734702,0.08171541154334386,0.08178556573734702,0.08171541154334386,abs(mean_region - mean_healthy) / abs(mean_healthy),63077,149786,1487395
BraTS-GLI-00604-000,raw,case_brain_mask,T2,1136.4744873046875,1235.8583984375,644.0917358398438,492.38275146484375,591.7666625976562,0.7644605947673219,0.9187614584528712,0.7644605947673219,0.9187614584528712,abs(mean_region - mean_healthy) / abs(mean_healthy),63077,149786,1487395
BraTS-GLI-00604-000,raw,case_brain_mask,FLAIR,1532.213134765625,1525.095703125,1168.7208251953125,363.4923095703125,356.3748779296875,0.3110172264702881,0.30492729336805596,0.3110172264702881,0.30492729336805596,abs(mean_region - mean_healthy) / abs(mean_healthy),63077,149786,1487395
BraTS-GLI-00605-000,raw,case_brain_mask,T1,2021.748291015625,2173.281982421875,2589.217041015625,567.46875,415.93505859375,0.21916615757225566,0.16064124868829024,0.21916615757225566,0.16064124868829024,abs(mean_region - mean_healthy) / abs(mean_healthy),57240,252294,1291110
BraTS-GLI-00605-000,raw,case_brain_mask,T1ce,5909.3740234375,3347.552001953125,3441.944580078125,2467.429443359375,94.392578125,0.7168707647533853,0.02742420045672481,0.7168707647533853,0.02742420045672481,abs(mean_region - mean_healthy) / abs(mean_healthy),57240,252294,1291110
BraTS-GLI-00605-000,raw,case_brain_mask,T2,1010.4205322265625,1188.8175048828125,841.3327026367188,169.08782958984375,347.48480224609375,0.20097617632112255,0.41301711101575367,0.20097617632112255,0.41301711101575367,abs(mean_region - mean_healthy) / abs(mean_healthy),57240,252294,1291110
BraTS-GLI-00605-000,raw,case_brain_mask,FLAIR,1322.8367919921875,1560.1732177734375,1157.7235107421875,165.11328125,402.44970703125,0.1426189238777314,0.34762160679733417,0.1426189238777314,0.34762160679733417,abs(mean_region - mean_healthy) / abs(mean_healthy),57240,252294,1291110
BraTS-GLI-00606-000,raw,case_brain_mask,T1,2260.029541015625,2217.92822265625,2347.9541015625,87.924560546875,130.02587890625,0.03744730805783792,0.05537837337608997,0.03744730805783792,0.05537837337608997,abs(mean_region - mean_healthy) / abs(mean_healthy),84287,177191,1541579
BraTS-GLI-00606-000,raw,case_brain_mask,T1ce,4848.2353515625,3685.56787109375,3145.230712890625,1703.004638671875,540.337158203125,0.5414561900633128,0.17179571469545013,0.5414561900633128,0.17179571469545013,abs(mean_region - mean_healthy) / abs(mean_healthy),84287,177191,1541579
BraTS-GLI-00606-000,raw,case_brain_mask,T2,869.9419555664062,967.622802734375,723.104248046875,146.83770751953125,244.5185546875,0.20306575146826208,0.3381511799273086,0.20306575146826208,0.3381511799273086,abs(mean_region - mean_healthy) / abs(mean_healthy),84287,177191,1541579
BraTS-GLI-00606-000,raw,case_brain_mask,FLAIR,1281.2177734375,1412.8843994140625,1044.4053955078125,236.8123779296875,368.47900390625,0.2267437327959649,0.3528122369830228,0.2267437327959649,0.3528122369830228,abs(mean_region - mean_healthy) / abs(mean_healthy),84287,177191,1541579
BraTS-GLI-00607-000,raw,case_brain_mask,T1,1584.1884765625,1530.3033447265625,1420.1087646484375,164.0797119140625,110.194580078125,0.11554024311277461,0.07759587351424087,0.11554024311277461,0.07759587351424087,abs(mean_region - mean_healthy) / abs(mean_healthy),5145,91128,1467546
BraTS-GLI-00607-000,raw,case_brain_mask,T1ce,4031.7783203125,2074.919921875,2152.362548828125,1879.415771484375,77.442626953125,0.8731873598653914,0.03598028919212026,0.8731873598653914,0.03598028919212026,abs(mean_region - mean_healthy) / abs(mean_healthy),5145,91128,1467546
BraTS-GLI-00607-000,raw,case_brain_mask,T2,1196.8404541015625,1285.1776123046875,970.5625,226.2779541015625,314.6151123046875,0.23314104357170456,0.3241574986718398,0.23314104357170456,0.3241574986718398,abs(mean_region - mean_healthy) / abs(mean_healthy),5145,91128,1467546
BraTS-GLI-00607-000,raw,case_brain_mask,FLAIR,2076.354248046875,2028.22998046875,953.3683471679688,1122.9859008789062,1074.8616333007812,1.1779139764969075,1.1274358294920477,1.1779139764969075,1.1274358294920477,abs(mean_region - mean_healthy) / abs(mean_healthy),5145,91128,1467546
BraTS-GLI-00607-001,raw,case_brain_mask,T1,535.0000610351562,645.2280883789062,719.6062622070312,184.606201171875,74.378173828125,0.2565377913828711,0.10335954220299204,0.2565377913828711,0.10335954220299204,abs(mean_region - mean_healthy) / abs(mean_healthy),5789,97705,1359585
BraTS-GLI-00607-001,raw,case_brain_mask,T1ce,1453.8572998046875,729.5989990234375,843.4033203125,610.4539794921875,113.8043212890625,0.7237984067527746,0.13493463749573031,0.7237984067527746,0.13493463749573031,abs(mean_region - mean_healthy) / abs(mean_healthy),5789,97705,1359585
BraTS-GLI-00607-001,raw,case_brain_mask,T2,1443.1640625,1492.5162353515625,1133.8426513671875,309.3214111328125,358.673583984375,0.2728080574141683,0.3163345315612236,0.2728080574141683,0.3163345315612236,abs(mean_region - mean_healthy) / abs(mean_healthy),5789,97705,1359585
BraTS-GLI-00607-001,raw,case_brain_mask,FLAIR,433.9470520019531,482.47991943359375,333.45416259765625,100.49288940429688,149.0257568359375,0.3013694254749819,0.44691526917824403,0.3013694254749819,0.44691526917824403,abs(mean_region - mean_healthy) / abs(mean_healthy),5789,97705,1359585
BraTS-GLI-00608-000,raw,case_brain_mask,T1,796.3580932617188,786.37255859375,759.2649536132812,37.0931396484375,27.10760498046875,0.048854012649884884,0.035702431478584415,0.048854012649884884,0.035702431478584415,abs(mean_region - mean_healthy) / abs(mean_healthy),44157,107636,1432886
BraTS-GLI-00608-000,raw,case_brain_mask,T1ce,3987.79296875,2807.772216796875,2831.11767578125,1156.67529296875,23.345458984375,0.4085578296033082,0.008246022121963827,0.4085578296033082,0.008246022121963827,abs(mean_region - mean_healthy) / abs(mean_healthy),44157,107636,1432886
BraTS-GLI-00608-000,raw,case_brain_mask,T2,599.187744140625,670.7413330078125,546.4514770507812,52.73626708984375,124.28985595703125,0.09650677014263613,0.22744902553439544,0.09650677014263613,0.22744902553439544,abs(mean_region - mean_healthy) / abs(mean_healthy),44157,107636,1432886
BraTS-GLI-00608-000,raw,case_brain_mask,FLAIR,1140.26806640625,1268.2684326171875,676.7562255859375,463.5118408203125,591.51220703125,0.6849022192873108,0.8740402890555119,0.6849022192873108,0.8740402890555119,abs(mean_region - mean_healthy) / abs(mean_healthy),44157,107636,1432886
BraTS-GLI-00608-001,raw,case_brain_mask,T1,404.74700927734375,414.5539245605469,410.487548828125,5.74053955078125,4.066375732421875,0.01398468617908035,0.009906209686580542,0.01398468617908035,0.009906209686580542,abs(mean_region - mean_healthy) / abs(mean_healthy),61122,115676,1287213
BraTS-GLI-00608-001,raw,case_brain_mask,T1ce,1860.822509765625,1439.90673828125,1139.262939453125,721.5595703125,300.643798828125,0.6333564845520796,0.2638932492374777,0.6333564845520796,0.2638932492374777,abs(mean_region - mean_healthy) / abs(mean_healthy),61122,115676,1287213
BraTS-GLI-00608-001,raw,case_brain_mask,T2,636.6983642578125,648.3619995117188,453.4292907714844,183.26907348632812,194.93270874023438,0.4041844609873044,0.42990762332218846,0.4041844609873044,0.42990762332218846,abs(mean_region - mean_healthy) / abs(mean_healthy),61122,115676,1287213
BraTS-GLI-00608-001,raw,case_brain_mask,FLAIR,480.9683837890625,486.89422607421875,325.1866149902344,155.78176879882812,161.70761108398438,0.4790534469061907,0.497276344196518,0.4790534469061907,0.497276344196518,abs(mean_region - mean_healthy) / abs(mean_healthy),61122,115676,1287213
BraTS-GLI-00610-000,raw,case_brain_mask,T1,2559.85009765625,2169.146240234375,2497.431884765625,62.418212890625,328.28564453125,0.024992959075831902,0.13144928858072077,0.024992959075831902,0.13144928858072077,abs(mean_region - mean_healthy) / abs(mean_healthy),7356,70246,1479291
BraTS-GLI-00610-000,raw,case_brain_mask,T1ce,5486.8330078125,3315.118896484375,3784.3662109375,1702.466796875,469.247314453125,0.44986840648628673,0.12399627528036683,0.44986840648628673,0.12399627528036683,abs(mean_region - mean_healthy) / abs(mean_healthy),7356,70246,1479291
BraTS-GLI-00610-000,raw,case_brain_mask,T2,727.0455322265625,781.521484375,577.7423095703125,149.30322265625,203.7791748046875,0.25842528785418556,0.3527163779233086,0.25842528785418556,0.3527163779233086,abs(mean_region - mean_healthy) / abs(mean_healthy),7356,70246,1479291
BraTS-GLI-00610-000,raw,case_brain_mask,FLAIR,1738.2496337890625,1780.89013671875,1247.051513671875,491.1981201171875,533.838623046875,0.39388759384195887,0.4280806503935161,0.39388759384195887,0.4280806503935161,abs(mean_region - mean_healthy) / abs(mean_healthy),7356,70246,1479291
BraTS-GLI-00610-001,raw,case_brain_mask,T1,512.908203125,511.7347106933594,504.9070129394531,8.001190185546875,6.82769775390625,0.01584685888786883,0.013522683541583144,0.01584685888786883,0.013522683541583144,abs(mean_region - mean_healthy) / abs(mean_healthy),7178,73176,1434885
BraTS-GLI-00610-001,raw,case_brain_mask,T1ce,548.3063354492188,487.78948974609375,485.4303894042969,62.875946044921875,2.359100341796875,0.12952618422196646,0.004859811815020234,0.12952618422196646,0.004859811815020234,abs(mean_region - mean_healthy) / abs(mean_healthy),7178,73176,1434885
BraTS-GLI-00610-001,raw,case_brain_mask,T2,591.8683471679688,544.268798828125,394.7481384277344,197.12020874023438,149.52066040039062,0.4993569052037992,0.37877483348224333,0.4993569052037992,0.37877483348224333,abs(mean_region - mean_healthy) / abs(mean_healthy),7178,73176,1434885
BraTS-GLI-00610-001,raw,case_brain_mask,FLAIR,433.5806884765625,453.6358947753906,322.9962463378906,110.58444213867188,130.6396484375,0.3423706727012178,0.4044618162554005,0.3423706727012178,0.4044618162554005,abs(mean_region - mean_healthy) / abs(mean_healthy),7178,73176,1434885
BraTS-GLI-00611-000,raw,case_brain_mask,T1,2278.3603515625,2111.897705078125,2149.328125,129.0322265625,37.430419921875,0.06003374964560146,0.017414939806771012,0.06003374964560146,0.017414939806771012,abs(mean_region - mean_healthy) / abs(mean_healthy),13721,89468,1271206
BraTS-GLI-00611-000,raw,case_brain_mask,T1ce,3724.709228515625,2766.83642578125,2787.816162109375,936.89306640625,20.979736328125,0.33606701874393274,0.007525509254617019,0.33606701874393274,0.007525509254617019,abs(mean_region - mean_healthy) / abs(mean_healthy),13721,89468,1271206
BraTS-GLI-00611-000,raw,case_brain_mask,T2,1018.3678588867188,990.7510375976562,896.3775024414062,121.9903564453125,94.37353515625,0.13609261289250918,0.1052832482957357,0.13609261289250918,0.1052832482957357,abs(mean_region - mean_healthy) / abs(mean_healthy),13721,89468,1271206
BraTS-GLI-00611-000,raw,case_brain_mask,FLAIR,1693.8966064453125,1542.865478515625,1045.4615478515625,648.43505859375,497.4039306640625,0.6202380756387385,0.4757744860977759,0.6202380756387385,0.4757744860977759,abs(mean_region - mean_healthy) / abs(mean_healthy),13721,89468,1271206
BraTS-GLI-00611-001,raw,case_brain_mask,T1,461.6127014160156,481.02703857421875,477.2655029296875,15.652801513671875,3.76153564453125,0.032796842465226114,0.00788143207803857,0.032796842465226114,0.00788143207803857,abs(mean_region - mean_healthy) / abs(mean_healthy),13021,88316,1128957
BraTS-GLI-00611-001,raw,case_brain_mask,T1ce,678.9107666015625,496.02056884765625,479.7450256347656,199.16574096679688,16.275543212890625,0.4151491528302445,0.033925402751922115,0.4151491528302445,0.033925402751922115,abs(mean_region - mean_healthy) / abs(mean_healthy),13021,88316,1128957
BraTS-GLI-00611-001,raw,case_brain_mask,T2,1511.7471923828125,1442.1165771484375,1230.7152099609375,281.031982421875,211.4013671875,0.22834850836920662,0.1717711502031488,0.22834850836920662,0.1717711502031488,abs(mean_region - mean_healthy) / abs(mean_healthy),13021,88316,1128957
BraTS-GLI-00611-001,raw,case_brain_mask,FLAIR,1167.5797119140625,1124.9393310546875,711.429931640625,456.1497802734375,413.5093994140625,0.6411731640549798,0.581237000333217,0.6411731640549798,0.581237000333217,abs(mean_region - mean_healthy) / abs(mean_healthy),13021,88316,1128957
BraTS-GLI-00612-000,raw,case_brain_mask,T1,1347.419189453125,1537.4080810546875,2120.259521484375,772.84033203125,582.8514404296875,0.36450270554153263,0.2748962730853053,0.36450270554153263,0.2748962730853053,abs(mean_region - mean_healthy) / abs(mean_healthy),22243,149953,1302724
BraTS-GLI-00612-000,raw,case_brain_mask,T1ce,2874.611083984375,2015.137451171875,2595.310546875,279.300537109375,580.173095703125,0.10761738607569693,0.22354669517361167,0.10761738607569693,0.22354669517361167,abs(mean_region - mean_healthy) / abs(mean_healthy),22243,149953,1302724
BraTS-GLI-00612-000,raw,case_brain_mask,T2,1100.381103515625,1086.9375,731.690673828125,368.6904296875,355.246826171875,0.5038883819012647,0.48551503918078215,0.5038883819012647,0.48551503918078215,abs(mean_region - mean_healthy) / abs(mean_healthy),22243,149953,1302724
BraTS-GLI-00612-000,raw,case_brain_mask,FLAIR,1987.708251953125,1881.5467529296875,1035.2471923828125,952.4610595703125,846.299560546875,0.9200324971450031,0.8174854921354197,0.9200324971450031,0.8174854921354197,abs(mean_region - mean_healthy) / abs(mean_healthy),22243,149953,1302724
BraTS-GLI-00613-000,raw,case_brain_mask,T1,2341.02392578125,2498.68603515625,2504.552490234375,163.528564453125,5.866455078125,0.06529252834218781,0.002342316681722258,0.06529252834218781,0.002342316681722258,abs(mean_region - mean_healthy) / abs(mean_healthy),20788,77497,1267273
BraTS-GLI-00613-000,raw,case_brain_mask,T1ce,4176.6748046875,3317.259521484375,3185.82666015625,990.84814453125,131.432861328125,0.3110175945613606,0.04125549671986197,0.3110175945613606,0.04125549671986197,abs(mean_region - mean_healthy) / abs(mean_healthy),20788,77497,1267273
BraTS-GLI-00613-000,raw,case_brain_mask,T2,706.5669555664062,697.3545532226562,797.5831298828125,91.01617431640625,100.22857666015625,0.11411496921929518,0.1256653669127664,0.11411496921929518,0.1256653669127664,abs(mean_region - mean_healthy) / abs(mean_healthy),20788,77497,1267273
BraTS-GLI-00613-000,raw,case_brain_mask,FLAIR,1706.94091796875,1785.1146240234375,1250.2877197265625,456.6531982421875,534.826904296875,0.3652384895390778,0.42776306274034387,0.3652384895390778,0.42776306274034387,abs(mean_region - mean_healthy) / abs(mean_healthy),20788,77497,1267273
BraTS-GLI-00615-000,raw,case_brain_mask,T1,1687.581787109375,1936.087890625,1658.8157958984375,28.7659912109375,277.2720947265625,0.017341281221256662,0.1671506236027781,0.017341281221256662,0.1671506236027781,abs(mean_region - mean_healthy) / abs(mean_healthy),4845,26577,1448471
BraTS-GLI-00615-000,raw,case_brain_mask,T1ce,2802.578857421875,2299.523681640625,1979.7847900390625,822.7940673828125,319.7388916015625,0.4155977313910863,0.16150184262970008,0.4155977313910863,0.16150184262970008,abs(mean_region - mean_healthy) / abs(mean_healthy),4845,26577,1448471
BraTS-GLI-00615-000,raw,case_brain_mask,T2,699.7657470703125,682.47265625,686.3262939453125,13.439453125,3.8536376953125,0.019581725548855157,0.0056148769605781175,0.019581725548855157,0.0056148769605781175,abs(mean_region - mean_healthy) / abs(mean_healthy),4845,26577,1448471
BraTS-GLI-00615-000,raw,case_brain_mask,FLAIR,1610.783447265625,1473.09375,1012.5343017578125,598.2491455078125,460.5594482421875,0.5908433368323628,0.45485811931766873,0.5908433368323628,0.45485811931766873,abs(mean_region - mean_healthy) / abs(mean_healthy),4845,26577,1448471
BraTS-GLI-00616-000,raw,case_brain_mask,T1,2092.98828125,2146.013916015625,2523.42578125,430.4375,377.411865234375,0.17057664354478427,0.14956329131559434,0.17057664354478427,0.14956329131559434,abs(mean_region - mean_healthy) / abs(mean_healthy),18926,132715,1403083
BraTS-GLI-00616-000,raw,case_brain_mask,T1ce,4990.369140625,2806.427734375,3116.72119140625,1873.64794921875,310.29345703125,0.6011599479558737,0.09955765625966917,0.6011599479558737,0.09955765625966917,abs(mean_region - mean_healthy) / abs(mean_healthy),18926,132715,1403083
BraTS-GLI-00616-000,raw,case_brain_mask,T2,1083.900634765625,1162.6622314453125,686.1134643554688,397.78717041015625,476.54876708984375,0.5797687861785883,0.694562622433756,0.5797687861785883,0.694562622433756,abs(mean_region - mean_healthy) / abs(mean_healthy),18926,132715,1403083
BraTS-GLI-00616-000,raw,case_brain_mask,FLAIR,1507.79736328125,1510.4638671875,971.2142944335938,536.5830688476562,539.2495727539062,0.5524867909410129,0.5552323270410608,0.5524867909410129,0.5552323270410608,abs(mean_region - mean_healthy) / abs(mean_healthy),18926,132715,1403083
BraTS-GLI-00618-000,raw,case_brain_mask,T1,2004.885986328125,2075.621337890625,2108.220947265625,103.3349609375,32.599609375,0.04901524248277964,0.01546308958616595,0.04901524248277964,0.01546308958616595,abs(mean_region - mean_healthy) / abs(mean_healthy),32576,101365,1553721
BraTS-GLI-00618-000,raw,case_brain_mask,T1ce,5471.2587890625,3901.300537109375,3394.727294921875,2076.531494140625,506.5732421875,0.6116931681808078,0.14922354527424805,0.6116931681808078,0.14922354527424805,abs(mean_region - mean_healthy) / abs(mean_healthy),32576,101365,1553721
BraTS-GLI-00618-000,raw,case_brain_mask,T2,805.3917236328125,876.7553100585938,736.4043579101562,68.98736572265625,140.3509521484375,0.09368136538251304,0.19058951870781946,0.09368136538251304,0.19058951870781946,abs(mean_region - mean_healthy) / abs(mean_healthy),32576,101365,1553721
BraTS-GLI-00618-000,raw,case_brain_mask,FLAIR,2138.302490234375,2236.02734375,969.9683837890625,1168.3341064453125,1266.0589599609375,1.204507410727511,1.3052579662599244,1.204507410727511,1.3052579662599244,abs(mean_region - mean_healthy) / abs(mean_healthy),32576,101365,1553721
BraTS-GLI-00619-000,raw,case_brain_mask,T1,2262.8828125,2545.68017578125,2620.78271484375,357.89990234375,75.1025390625,0.13656221872826563,0.028656530217911477,0.13656221872826563,0.028656530217911477,abs(mean_region - mean_healthy) / abs(mean_healthy),39664,128899,1335921
BraTS-GLI-00619-000,raw,case_brain_mask,T1ce,6515.89892578125,4527.01904296875,4004.356201171875,2511.542724609375,522.662841796875,0.6272026259488034,0.13052356372390592,0.6272026259488034,0.13052356372390592,abs(mean_region - mean_healthy) / abs(mean_healthy),39664,128899,1335921
BraTS-GLI-00619-000,raw,case_brain_mask,T2,734.3220825195312,774.6699829101562,618.260986328125,116.06109619140625,156.40899658203125,0.1877218500890658,0.25298215485170766,0.1877218500890658,0.25298215485170766,abs(mean_region - mean_healthy) / abs(mean_healthy),39664,128899,1335921
BraTS-GLI-00619-000,raw,case_brain_mask,FLAIR,1593.6298828125,1836.85791015625,1231.8670654296875,361.7628173828125,604.9908447265625,0.29367033792451136,0.49111698957187044,0.29367033792451136,0.49111698957187044,abs(mean_region - mean_healthy) / abs(mean_healthy),39664,128899,1335921
BraTS-GLI-00619-001,raw,case_brain_mask,T1,502.2561950683594,534.0458374023438,492.8639221191406,9.39227294921875,41.181915283203125,0.01905652357112141,0.08355635995050205,0.01905652357112141,0.08355635995050205,abs(mean_region - mean_healthy) / abs(mean_healthy),11239,24056,1208433
BraTS-GLI-00619-001,raw,case_brain_mask,T1ce,1090.926025390625,774.9114379882812,443.43231201171875,647.4937133789062,331.4791259765625,1.4601861340266848,0.7475303828734122,1.4601861340266848,0.7475303828734122,abs(mean_region - mean_healthy) / abs(mean_healthy),11239,24056,1208433
BraTS-GLI-00619-001,raw,case_brain_mask,T2,941.5542602539062,868.4185180664062,650.2976684570312,291.256591796875,218.120849609375,0.4478819561016463,0.3354169331821731,0.4478819561016463,0.3354169331821731,abs(mean_region - mean_healthy) / abs(mean_healthy),11239,24056,1208433
BraTS-GLI-00619-001,raw,case_brain_mask,FLAIR,570.6240844726562,613.4918823242188,427.679931640625,142.94415283203125,185.81195068359375,0.3342316116720336,0.43446497470853884,0.3342316116720336,0.43446497470853884,abs(mean_region - mean_healthy) / abs(mean_healthy),11239,24056,1208433
BraTS-GLI-00620-000,raw,case_brain_mask,T1,1626.03564453125,1779.491943359375,1857.75634765625,231.720703125,78.264404296875,0.12473148236976254,0.042128454786664334,0.12473148236976254,0.042128454786664334,abs(mean_region - mean_healthy) / abs(mean_healthy),16884,104718,1379082
BraTS-GLI-00620-000,raw,case_brain_mask,T1ce,4057.21533203125,2386.594970703125,2354.138671875,1703.07666015625,32.456298828125,0.7234393965414965,0.013786910353192806,0.7234393965414965,0.013786910353192806,abs(mean_region - mean_healthy) / abs(mean_healthy),16884,104718,1379082
BraTS-GLI-00620-000,raw,case_brain_mask,T2,775.0787963867188,864.6443481445312,674.1884765625,100.89031982421875,190.45587158203125,0.14964705469104203,0.28249648014322776,0.14964705469104203,0.28249648014322776,abs(mean_region - mean_healthy) / abs(mean_healthy),16884,104718,1379082
BraTS-GLI-00620-000,raw,case_brain_mask,FLAIR,1671.189697265625,1824.848876953125,976.1820068359375,695.0076904296875,848.6668701171875,0.7119652744700654,0.8693736046907277,0.7119652744700654,0.8693736046907277,abs(mean_region - mean_healthy) / abs(mean_healthy),16884,104718,1379082
BraTS-GLI-00620-001,raw,case_brain_mask,T1,601.6626586914062,630.4467163085938,673.1778564453125,71.51519775390625,42.73114013671875,0.10623522011187245,0.06347674649068041,0.10623522011187245,0.06347674649068041,abs(mean_region - mean_healthy) / abs(mean_healthy),29264,144593,1227157
BraTS-GLI-00620-001,raw,case_brain_mask,T1ce,1585.9189453125,1025.8709716796875,899.8108520507812,686.1080932617188,126.06011962890625,0.7625025767337578,0.14009624282881175,0.7625025767337578,0.14009624282881175,abs(mean_region - mean_healthy) / abs(mean_healthy),29264,144593,1227157
BraTS-GLI-00620-001,raw,case_brain_mask,T2,1332.4140625,1260.8905029296875,791.9945068359375,540.4195556640625,468.89599609375,0.6823526564888296,0.592044505418372,0.6823526564888296,0.592044505418372,abs(mean_region - mean_healthy) / abs(mean_healthy),29264,144593,1227157
BraTS-GLI-00620-001,raw,case_brain_mask,FLAIR,1023.5293579101562,1120.8050537109375,811.2691650390625,212.26019287109375,309.535888671875,0.2616396653765011,0.3815452404837436,0.2616396653765011,0.3815452404837436,abs(mean_region - mean_healthy) / abs(mean_healthy),29264,144593,1227157
BraTS-GLI-00622-000,raw,case_brain_mask,T1,2557.09130859375,2774.690185546875,2475.988037109375,81.103271484375,298.7021484375,0.032755922188969895,0.12063957658948295,0.032755922188969895,0.12063957658948295,abs(mean_region - mean_healthy) / abs(mean_healthy),6645,35134,1360161
BraTS-GLI-00622-000,raw,case_brain_mask,T1ce,5320.9404296875,3804.197021484375,3159.271728515625,2161.668701171875,644.92529296875,0.684230065321899,0.2041373292292798,0.684230065321899,0.2041373292292798,abs(mean_region - mean_healthy) / abs(mean_healthy),6645,35134,1360161
BraTS-GLI-00622-000,raw,case_brain_mask,T2,1119.9697265625,1045.6995849609375,785.2286987304688,334.74102783203125,260.47088623046875,0.42629749571459785,0.33171340610906,0.42629749571459785,0.33171340610906,abs(mean_region - mean_healthy) / abs(mean_healthy),6645,35134,1360161
BraTS-GLI-00622-000,raw,case_brain_mask,FLAIR,1876.2156982421875,1841.9000244140625,1028.0379638671875,848.177734375,813.862060546875,0.8250451483176708,0.7916653753576925,0.8250451483176708,0.7916653753576925,abs(mean_region - mean_healthy) / abs(mean_healthy),6645,35134,1360161
BraTS-GLI-00623-000,raw,case_brain_mask,T1,2365.360595703125,2371.537841796875,2507.380126953125,142.01953125,135.84228515625,0.056640606553174225,0.054176980863815206,0.056640606553174225,0.054176980863815206,abs(mean_region - mean_healthy) / abs(mean_healthy),19086,165827,1448806
BraTS-GLI-00623-000,raw,case_brain_mask,T1ce,5765.5185546875,3156.117431640625,3312.401123046875,2453.117431640625,156.28369140625,0.7405858591740099,0.0471813906591404,0.7405858591740099,0.0471813906591404,abs(mean_region - mean_healthy) / abs(mean_healthy),19086,165827,1448806
BraTS-GLI-00623-000,raw,case_brain_mask,T2,1030.784423828125,1160.8162841796875,791.2683715820312,239.51605224609375,369.54791259765625,0.3026988830189366,0.4670323317217855,0.3026988830189366,0.4670323317217855,abs(mean_region - mean_healthy) / abs(mean_healthy),19086,165827,1448806
BraTS-GLI-00623-000,raw,case_brain_mask,FLAIR,1187.3319091796875,1562.120361328125,1157.6702880859375,29.66162109375,404.4500732421875,0.0256218211687818,0.3493655122745656,0.0256218211687818,0.3493655122745656,abs(mean_region - mean_healthy) / abs(mean_healthy),19086,165827,1448806
BraTS-GLI-00624-000,raw,case_brain_mask,T1,1058.4478759765625,1047.9542236328125,1059.08251953125,0.6346435546875,11.1282958984375,0.0005992390045002284,0.010507487087373403,0.0005992390045002284,0.010507487087373403,abs(mean_region - mean_healthy) / abs(mean_healthy),14367,75870,1558107
BraTS-GLI-00624-000,raw,case_brain_mask,T1ce,1718.43701171875,1194.9366455078125,1190.3028564453125,528.1341552734375,4.6337890625,0.44369729301552946,0.003892949628246898,0.44369729301552946,0.003892949628246898,abs(mean_region - mean_healthy) / abs(mean_healthy),14367,75870,1558107
BraTS-GLI-00624-000,raw,case_brain_mask,T2,304.87847900390625,316.3703308105469,264.8697509765625,40.00872802734375,51.500579833984375,0.15105057440433806,0.19443737778324677,0.15105057440433806,0.19443737778324677,abs(mean_region - mean_healthy) / abs(mean_healthy),14367,75870,1558107
BraTS-GLI-00624-000,raw,case_brain_mask,FLAIR,677.0245971679688,730.5482788085938,512.7442626953125,164.28033447265625,217.80401611328125,0.320394290926033,0.4247809911482261,0.320394290926033,0.4247809911482261,abs(mean_region - mean_healthy) / abs(mean_healthy),14367,75870,1558107
BraTS-GLI-00625-000,raw,case_brain_mask,T1,2031.8773193359375,1746.5740966796875,2015.6473388671875,16.22998046875,269.0732421875,0.008051994094299948,0.13349222207626937,0.008051994094299948,0.13349222207626937,abs(mean_region - mean_healthy) / abs(mean_healthy),28868,153686,1819247
BraTS-GLI-00625-000,raw,case_brain_mask,T1ce,4379.7841796875,2408.056396484375,2659.1396484375,1720.64453125,251.083251953125,0.647068134334744,0.0944227401147061,0.647068134334744,0.0944227401147061,abs(mean_region - mean_healthy) / abs(mean_healthy),28868,153686,1819247
BraTS-GLI-00625-000,raw,case_brain_mask,T2,813.2232055664062,992.29296875,809.2628784179688,3.9603271484375,183.03009033203125,0.004893746215296022,0.226168894203868,0.004893746215296022,0.226168894203868,abs(mean_region - mean_healthy) / abs(mean_healthy),28868,153686,1819247
BraTS-GLI-00625-000,raw,case_brain_mask,FLAIR,1493.05615234375,1649.8389892578125,1016.2341918945312,476.82196044921875,633.6047973632812,0.4692047996931648,0.6234830538245059,0.4692047996931648,0.6234830538245059,abs(mean_region - mean_healthy) / abs(mean_healthy),28868,153686,1819247
BraTS-GLI-00626-000,raw,case_brain_mask,T1,1519.1949462890625,1525.4508056640625,1757.975341796875,238.7803955078125,232.5245361328125,0.13582693103291682,0.13226837180500084,0.13582693103291682,0.13226837180500084,abs(mean_region - mean_healthy) / abs(mean_healthy),8147,20190,1714165
BraTS-GLI-00626-000,raw,case_brain_mask,T1ce,4520.681640625,2960.37109375,2213.41455078125,2307.26708984375,746.95654296875,1.0424016996858423,0.3374679825363501,1.0424016996858423,0.3374679825363501,abs(mean_region - mean_healthy) / abs(mean_healthy),8147,20190,1714165
BraTS-GLI-00626-000,raw,case_brain_mask,T2,909.8621826171875,875.810302734375,704.763427734375,205.0987548828125,171.046875,0.2910178746677447,0.24270112248853454,0.2910178746677447,0.24270112248853454,abs(mean_region - mean_healthy) / abs(mean_healthy),8147,20190,1714165
BraTS-GLI-00626-000,raw,case_brain_mask,FLAIR,1272.1715087890625,1243.977783203125,702.7996215820312,569.3718872070312,541.1781616210938,0.8101482552386005,0.7700319479439661,0.8101482552386005,0.7700319479439661,abs(mean_region - mean_healthy) / abs(mean_healthy),8147,20190,1714165
BraTS-GLI-00628-000,raw,case_brain_mask,T1,949.788330078125,1465.237548828125,1834.157958984375,884.36962890625,368.92041015625,0.48216655745176407,0.20113884322184095,0.48216655745176407,0.20113884322184095,abs(mean_region - mean_healthy) / abs(mean_healthy),7801,55153,1405596
BraTS-GLI-00628-000,raw,case_brain_mask,T1ce,4473.6767578125,2198.2900390625,2356.521728515625,2117.155029296875,158.231689453125,0.8984237249662335,0.06714628918477882,0.8984237249662335,0.06714628918477882,abs(mean_region - mean_healthy) / abs(mean_healthy),7801,55153,1405596
BraTS-GLI-00628-000,raw,case_brain_mask,T2,639.286376953125,714.6136474609375,535.7216796875,103.564697265625,178.8919677734375,0.19331810003664013,0.3339270642879148,0.19331810003664013,0.3339270642879148,abs(mean_region - mean_healthy) / abs(mean_healthy),7801,55153,1405596
BraTS-GLI-00628-000,raw,case_brain_mask,FLAIR,1068.5203857421875,1142.1983642578125,751.4866333007812,317.03375244140625,390.71173095703125,0.4218754378223438,0.5199184039254222,0.4218754378223438,0.5199184039254222,abs(mean_region - mean_healthy) / abs(mean_healthy),7801,55153,1405596
BraTS-GLI-00630-000,raw,case_brain_mask,T1,2706.437744140625,2513.751953125,2228.073974609375,478.36376953125,285.677978515625,0.21469833362023652,0.1282174567681084,0.21469833362023652,0.1282174567681084,abs(mean_region - mean_healthy) / abs(mean_healthy),19303,61558,1480823
BraTS-GLI-00630-000,raw,case_brain_mask,T1ce,5653.93505859375,3780.48046875,3086.708740234375,2567.226318359375,693.771728515625,0.8317034532271563,0.2247609952544297,0.8317034532271563,0.2247609952544297,abs(mean_region - mean_healthy) / abs(mean_healthy),19303,61558,1480823
BraTS-GLI-00630-000,raw,case_brain_mask,T2,821.9273071289062,859.2200317382812,666.8700561523438,155.0572509765625,192.3499755859375,0.23251493982380925,0.2884369658097168,0.23251493982380925,0.2884369658097168,abs(mean_region - mean_healthy) / abs(mean_healthy),19303,61558,1480823
BraTS-GLI-00630-000,raw,case_brain_mask,FLAIR,1243.7698974609375,1349.6014404296875,942.5941162109375,301.17578125,407.00732421875,0.3195179940870771,0.43179489158583745,0.3195179940870771,0.43179489158583745,abs(mean_region - mean_healthy) / abs(mean_healthy),19303,61558,1480823
BraTS-GLI-00630-001,raw,case_brain_mask,T1,1182.4044189453125,1235.3035888671875,1205.560791015625,23.1563720703125,29.7427978515625,0.01920796714930021,0.02467133808035153,0.01920796714930021,0.02467133808035153,abs(mean_region - mean_healthy) / abs(mean_healthy),36472,115439,1343472
BraTS-GLI-00630-001,raw,case_brain_mask,T1ce,1482.8441162109375,916.6714477539062,766.599853515625,716.2442626953125,150.07159423828125,0.9343130701246786,0.19576261794214192,0.9343130701246786,0.19576261794214192,abs(mean_region - mean_healthy) / abs(mean_healthy),36472,115439,1343472
BraTS-GLI-00630-001,raw,case_brain_mask,T2,2118.45458984375,2057.004150390625,1319.5380859375,798.91650390625,737.466064453125,0.6054516443446489,0.5588819847736135,0.6054516443446489,0.5588819847736135,abs(mean_region - mean_healthy) / abs(mean_healthy),36472,115439,1343472
BraTS-GLI-00630-001,raw,case_brain_mask,FLAIR,1278.6859130859375,1233.5943603515625,701.4915161132812,577.1943969726562,532.1028442382812,0.8228102317910959,0.7585306907009749,0.8228102317910959,0.7585306907009749,abs(mean_region - mean_healthy) / abs(mean_healthy),36472,115439,1343472
BraTS-GLI-00631-000,raw,case_brain_mask,T1,2524.373779296875,2216.3154296875,2559.8974609375,35.523681640625,343.58203125,0.01387699397444432,0.1342171069321548,0.01387699397444432,0.1342171069321548,abs(mean_region - mean_healthy) / abs(mean_healthy),25556,127510,1498514
BraTS-GLI-00631-000,raw,case_brain_mask,T1ce,5076.51025390625,3026.36279296875,3333.102783203125,1743.407470703125,306.739990234375,0.5230584185668896,0.09202836221558,0.5230584185668896,0.09202836221558,abs(mean_region - mean_healthy) / abs(mean_healthy),25556,127510,1498514
BraTS-GLI-00631-000,raw,case_brain_mask,T2,516.44384765625,629.3975219726562,370.6100158691406,145.83383178710938,258.7875061035156,0.3934967365766016,0.6982744529896661,0.3934967365766016,0.6982744529896661,abs(mean_region - mean_healthy) / abs(mean_healthy),25556,127510,1498514
BraTS-GLI-00631-000,raw,case_brain_mask,FLAIR,1153.9322509765625,1181.9722900390625,862.4755859375,291.4566650390625,319.4967041015625,0.3379303365697625,0.37044144705183,0.3379303365697625,0.37044144705183,abs(mean_region - mean_healthy) / abs(mean_healthy),25556,127510,1498514
BraTS-GLI-00636-000,raw,case_brain_mask,T1,2640.9619140625,2646.493408203125,2944.3125,303.3505859375,297.819091796875,0.10302934418051753,0.10115063934173937,0.10302934418051753,0.10115063934173937,abs(mean_region - mean_healthy) / abs(mean_healthy),9735,31924,1482884
BraTS-GLI-00636-000,raw,case_brain_mask,T1ce,5384.708984375,3874.97265625,3846.504638671875,1538.204345703125,28.468017578125,0.39989665688645515,0.007401009553430427,0.39989665688645515,0.007401009553430427,abs(mean_region - mean_healthy) / abs(mean_healthy),9735,31924,1482884
BraTS-GLI-00636-000,raw,case_brain_mask,T2,475.634521484375,509.6282958984375,399.0816955566406,76.55282592773438,110.54660034179688,0.19182244332443815,0.27700243226541893,0.19182244332443815,0.27700243226541893,abs(mean_region - mean_healthy) / abs(mean_healthy),9735,31924,1482884
BraTS-GLI-00636-000,raw,case_brain_mask,FLAIR,1382.822021484375,1521.038818359375,1061.3570556640625,321.4649658203125,459.6817626953125,0.3028810748510835,0.4331075581418753,0.3028810748510835,0.4331075581418753,abs(mean_region - mean_healthy) / abs(mean_healthy),9735,31924,1482884
BraTS-GLI-00636-001,raw,case_brain_mask,T1,1813.378173828125,1890.0137939453125,1757.2427978515625,56.1353759765625,132.77099609375,0.03194514499942447,0.07555643207420072,0.03194514499942447,0.07555643207420072,abs(mean_region - mean_healthy) / abs(mean_healthy),5395,18151,1436051
BraTS-GLI-00636-001,raw,case_brain_mask,T1ce,5183.40869140625,3936.767333984375,3448.32666015625,1735.08203125,488.440673828125,0.5031663766945387,0.14164570876414384,0.5031663766945387,0.14164570876414384,abs(mean_region - mean_healthy) / abs(mean_healthy),5395,18151,1436051
BraTS-GLI-00636-001,raw,case_brain_mask,T2,2572.380859375,2324.461669921875,1958.8577880859375,613.5230712890625,365.6038818359375,0.3132044985708511,0.18664136011281388,0.3132044985708511,0.18664136011281388,abs(mean_region - mean_healthy) / abs(mean_healthy),5395,18151,1436051
BraTS-GLI-00636-001,raw,case_brain_mask,FLAIR,2099.50927734375,1848.603759765625,1096.6947021484375,1002.8145751953125,751.9090576171875,0.9143972093881617,0.6856138323128479,0.9143972093881617,0.6856138323128479,abs(mean_region - mean_healthy) / abs(mean_healthy),5395,18151,1436051
BraTS-GLI-00638-000,raw,case_brain_mask,T1,3521.07568359375,2752.37548828125,2865.5205078125,655.55517578125,113.14501953125,0.22877350694017265,0.0394849798571581,0.22877350694017265,0.0394849798571581,abs(mean_region - mean_healthy) / abs(mean_healthy),8510,142363,1497706
BraTS-GLI-00638-000,raw,case_brain_mask,T1ce,6224.87890625,3327.239013671875,3596.0146484375,2628.8642578125,268.775634765625,0.7310493740493422,0.07474264179719356,0.7310493740493422,0.07474264179719356,abs(mean_region - mean_healthy) / abs(mean_healthy),8510,142363,1497706
BraTS-GLI-00638-000,raw,case_brain_mask,T2,585.761474609375,646.97900390625,563.9176635742188,21.84381103515625,83.06134033203125,0.03873581631883273,0.14729338287716062,0.03873581631883273,0.14729338287716062,abs(mean_region - mean_healthy) / abs(mean_healthy),8510,142363,1497706
BraTS-GLI-00638-000,raw,case_brain_mask,FLAIR,1300.837890625,1432.934814453125,1051.9327392578125,248.9051513671875,381.0020751953125,0.23661698327100425,0.36219243015872593,0.23661698327100425,0.36219243015872593,abs(mean_region - mean_healthy) / abs(mean_healthy),8510,142363,1497706
BraTS-GLI-00639-000,raw,case_brain_mask,T1,739.7395629882812,794.730224609375,868.2691040039062,128.529541015625,73.53887939453125,0.1480296148082758,0.08469595319632657,0.1480296148082758,0.08469595319632657,abs(mean_region - mean_healthy) / abs(mean_healthy),6651,44969,1391384
BraTS-GLI-00639-000,raw,case_brain_mask,T1ce,4237.705078125,2167.822265625,2424.26904296875,1813.43603515625,256.44677734375,0.7480341509189605,0.10578313413172423,0.7480341509189605,0.10578313413172423,abs(mean_region - mean_healthy) / abs(mean_healthy),6651,44969,1391384
BraTS-GLI-00639-000,raw,case_brain_mask,T2,958.0873413085938,906.103515625,671.6722412109375,286.41510009765625,234.4312744140625,0.4264209275364531,0.34902629590797657,0.4264209275364531,0.34902629590797657,abs(mean_region - mean_healthy) / abs(mean_healthy),6651,44969,1391384
BraTS-GLI-00639-000,raw,case_brain_mask,FLAIR,2545.468017578125,2393.519775390625,1286.49072265625,1258.977294921875,1107.029052734375,0.9786135824768581,0.8605029428029329,0.9786135824768581,0.8605029428029329,abs(mean_region - mean_healthy) / abs(mean_healthy),6651,44969,1391384
BraTS-GLI-00640-000,raw,case_brain_mask,T1,3019.757568359375,2830.6875,3055.462158203125,35.70458984375,224.774658203125,0.011685495677926306,0.07356486402545134,0.011685495677926306,0.07356486402545134,abs(mean_region - mean_healthy) / abs(mean_healthy),37353,106459,1463807
BraTS-GLI-00640-000,raw,case_brain_mask,T1ce,5252.3310546875,3928.605224609375,3945.956787109375,1306.374267578125,17.3515625,0.3310665417943196,0.004397301703020156,0.3310665417943196,0.004397301703020156,abs(mean_region - mean_healthy) / abs(mean_healthy),37353,106459,1463807
BraTS-GLI-00640-000,raw,case_brain_mask,T2,579.2464599609375,656.541259765625,505.5486145019531,73.69784545898438,150.99264526367188,0.1457779595174811,0.2986708714698466,0.1457779595174811,0.2986708714698466,abs(mean_region - mean_healthy) / abs(mean_healthy),37353,106459,1463807
BraTS-GLI-00640-000,raw,case_brain_mask,FLAIR,1407.6494140625,1549.5552978515625,1257.134765625,150.5146484375,292.4205322265625,0.11972833188068727,0.2326087387148044,0.11972833188068727,0.2326087387148044,abs(mean_region - mean_healthy) / abs(mean_healthy),37353,106459,1463807
BraTS-GLI-00641-000,raw,case_brain_mask,T1,2586.727783203125,2501.791015625,2598.100341796875,11.37255859375,96.309326171875,0.004377259188490239,0.037069132636065316,0.004377259188490239,0.037069132636065316,abs(mean_region - mean_healthy) / abs(mean_healthy),23527,33041,1598336
BraTS-GLI-00641-000,raw,case_brain_mask,T1ce,5403.2001953125,4731.076171875,3531.756591796875,1871.443603515625,1199.319580078125,0.5298903123342026,0.33958160731228065,0.5298903123342026,0.33958160731228065,abs(mean_region - mean_healthy) / abs(mean_healthy),23527,33041,1598336
BraTS-GLI-00641-000,raw,case_brain_mask,T2,623.0007934570312,699.4115600585938,608.2626953125,14.73809814453125,91.14886474609375,0.024229824150171546,0.14985115057773724,0.024229824150171546,0.14985115057773724,abs(mean_region - mean_healthy) / abs(mean_healthy),23527,33041,1598336
BraTS-GLI-00641-000,raw,case_brain_mask,FLAIR,1431.658447265625,1625.345703125,981.5278930664062,450.13055419921875,643.8178100585938,0.45860189748959557,0.6559342985630624,0.45860189748959557,0.6559342985630624,abs(mean_region - mean_healthy) / abs(mean_healthy),23527,33041,1598336
BraTS-GLI-00641-001,raw,case_brain_mask,T1,579.3367919921875,577.8941650390625,512.1731567382812,67.16363525390625,65.72100830078125,0.1311346258004432,0.12831794762403853,0.1311346258004432,0.12831794762403853,abs(mean_region - mean_healthy) / abs(mean_healthy),24639,35530,1525003
BraTS-GLI-00641-001,raw,case_brain_mask,T1ce,779.8905639648438,737.1417236328125,560.939208984375,218.95135498046875,176.2025146484375,0.3903299171703429,0.31412051756457915,0.3903299171703429,0.31412051756457915,abs(mean_region - mean_healthy) / abs(mean_healthy),24639,35530,1525003
BraTS-GLI-00641-001,raw,case_brain_mask,T2,763.6339721679688,838.0797119140625,654.6165161132812,109.0174560546875,183.46319580078125,0.16653636651572362,0.28026056673619426,0.16653636651572362,0.28026056673619426,abs(mean_region - mean_healthy) / abs(mean_healthy),24639,35530,1525003
BraTS-GLI-00641-001,raw,case_brain_mask,FLAIR,464.2559814453125,494.6448059082031,284.9808349609375,179.275146484375,209.66397094726562,0.6290779045157487,0.7357125294969551,0.6290779045157487,0.7357125294969551,abs(mean_region - mean_healthy) / abs(mean_healthy),24639,35530,1525003
BraTS-GLI-00642-000,raw,case_brain_mask,T1,2283.591552734375,2352.956787109375,2121.7216796875,161.869873046875,231.235107421875,0.07629175616978952,0.10898465601573751,0.07629175616978952,0.10898465601573751,abs(mean_region - mean_healthy) / abs(mean_healthy),5530,19538,1340054
BraTS-GLI-00642-000,raw,case_brain_mask,T1ce,4067.0908203125,3107.576416015625,2730.23876953125,1336.85205078125,377.337646484375,0.48964657073226303,0.13820683036786538,0.48964657073226303,0.13820683036786538,abs(mean_region - mean_healthy) / abs(mean_healthy),5530,19538,1340054
BraTS-GLI-00642-000,raw,case_brain_mask,T2,623.6395874023438,607.2333984375,616.8988647460938,6.74072265625,9.66546630859375,0.010926787260379187,0.01566782962483147,0.010926787260379187,0.01566782962483147,abs(mean_region - mean_healthy) / abs(mean_healthy),5530,19538,1340054
BraTS-GLI-00642-000,raw,case_brain_mask,FLAIR,1230.60888671875,1210.2225341796875,837.4985961914062,393.11029052734375,372.72393798828125,0.4693862083053573,0.4450442540241548,0.4693862083053573,0.4450442540241548,abs(mean_region - mean_healthy) / abs(mean_healthy),5530,19538,1340054
BraTS-GLI-00645-000,raw,case_brain_mask,T1,2104.29345703125,2195.582763671875,2446.497802734375,342.204345703125,250.9150390625,0.13987519029064885,0.10256090922381374,0.13987519029064885,0.10256090922381374,abs(mean_region - mean_healthy) / abs(mean_healthy),9477,17702,1498277
BraTS-GLI-00645-000,raw,case_brain_mask,T1ce,4511.5625,3641.079345703125,2932.08447265625,1579.47802734375,708.994873046875,0.5386877636280583,0.24180574593220314,0.5386877636280583,0.24180574593220314,abs(mean_region - mean_healthy) / abs(mean_healthy),9477,17702,1498277
BraTS-GLI-00645-000,raw,case_brain_mask,T2,724.5223999023438,731.46044921875,749.3732299804688,24.850830078125,17.91278076171875,0.03316215349562553,0.02390368383213478,0.03316215349562553,0.02390368383213478,abs(mean_region - mean_healthy) / abs(mean_healthy),9477,17702,1498277
BraTS-GLI-00645-000,raw,case_brain_mask,FLAIR,1473.843505859375,1483.8441162109375,1055.6099853515625,418.2335205078125,428.234130859375,0.3962007998328314,0.4056745737553392,0.3962007998328314,0.4056745737553392,abs(mean_region - mean_healthy) / abs(mean_healthy),9477,17702,1498277
BraTS-GLI-00645-001,raw,case_brain_mask,T1,252.15109252929688,274.6707763671875,275.2336730957031,23.08258056640625,0.562896728515625,0.08386539447293598,0.0020451593810612585,0.08386539447293598,0.0020451593810612585,abs(mean_region - mean_healthy) / abs(mean_healthy),10280,20044,1500989
BraTS-GLI-00645-001,raw,case_brain_mask,T1ce,1255.5599365234375,1081.36474609375,826.6019287109375,428.9580078125,254.7628173828125,0.5189414552678917,0.30820496363964206,0.5189414552678917,0.30820496363964206,abs(mean_region - mean_healthy) / abs(mean_healthy),10280,20044,1500989
BraTS-GLI-00645-001,raw,case_brain_mask,T2,864.5709838867188,822.9814453125,733.0640869140625,131.50689697265625,89.9173583984375,0.17939345184164351,0.1226596146279071,0.17939345184164351,0.1226596146279071,abs(mean_region - mean_healthy) / abs(mean_healthy),10280,20044,1500989
BraTS-GLI-00645-001,raw,case_brain_mask,FLAIR,416.9117736816406,403.3812561035156,272.07427978515625,144.83749389648438,131.30697631835938,0.5323454095361585,0.48261444051986857,0.5323454095361585,0.48261444051986857,abs(mean_region - mean_healthy) / abs(mean_healthy),10280,20044,1500989
BraTS-GLI-00646-000,raw,case_brain_mask,T1,1951.645751953125,2025.6148681640625,2211.803955078125,260.158203125,186.1890869140625,0.11762263220829204,0.08417974228076916,0.11762263220829204,0.08417974228076916,abs(mean_region - mean_healthy) / abs(mean_healthy),55416,125195,1440422
BraTS-GLI-00646-000,raw,case_brain_mask,T1ce,5105.365234375,3642.805419921875,3064.002685546875,2041.362548828125,578.802734375,0.666240456791171,0.18890412110448038,0.666240456791171,0.18890412110448038,abs(mean_region - mean_healthy) / abs(mean_healthy),55416,125195,1440422
BraTS-GLI-00646-000,raw,case_brain_mask,T2,951.46728515625,962.2459716796875,774.2897338867188,177.17755126953125,187.95623779296875,0.2288259078163794,0.2427466484018596,0.2288259078163794,0.2427466484018596,abs(mean_region - mean_healthy) / abs(mean_healthy),55416,125195,1440422
BraTS-GLI-00646-000,raw,case_brain_mask,FLAIR,1307.836669921875,1397.3170166015625,1050.1092529296875,257.7274169921875,347.207763671875,0.245429145846641,0.33063965744821705,0.245429145846641,0.33063965744821705,abs(mean_region - mean_healthy) / abs(mean_healthy),55416,125195,1440422
BraTS-GLI-00646-001,raw,case_brain_mask,T1,156.78717041015625,159.26544189453125,153.10140991210938,3.685760498046875,6.164031982421875,0.02407398142291931,0.04026110527630313,0.02407398142291931,0.04026110527630313,abs(mean_region - mean_healthy) / abs(mean_healthy),47434,164161,1365576
BraTS-GLI-00646-001,raw,case_brain_mask,T1ce,358.0494079589844,245.10464477539062,214.99691772460938,143.052490234375,30.10772705078125,0.6653699585480181,0.1400379473781405,0.6653699585480181,0.1400379473781405,abs(mean_region - mean_healthy) / abs(mean_healthy),47434,164161,1365576
BraTS-GLI-00646-001,raw,case_brain_mask,T2,118.87061309814453,115.54827117919922,78.22053527832031,40.65007781982422,37.327735900878906,0.5196854978706703,0.47721146075082793,0.5196854978706703,0.47721146075082793,abs(mean_region - mean_healthy) / abs(mean_healthy),47434,164161,1365576
BraTS-GLI-00646-001,raw,case_brain_mask,FLAIR,207.85174560546875,209.91583251953125,121.1798324584961,86.67191314697266,88.73600006103516,0.7152338090305386,0.7322670634276301,0.7152338090305386,0.7322670634276301,abs(mean_region - mean_healthy) / abs(mean_healthy),47434,164161,1365576
BraTS-GLI-00649-000,raw,case_brain_mask,T1,2056.3525390625,1962.970458984375,2280.5693359375,224.216796875,317.598876953125,0.09831614998139428,0.13926297786625547,0.09831614998139428,0.13926297786625547,abs(mean_region - mean_healthy) / abs(mean_healthy),28232,156968,1387951
BraTS-GLI-00649-000,raw,case_brain_mask,T1ce,5076.1943359375,2898.998779296875,3207.596923828125,1868.597412109375,308.59814453125,0.5825536862902607,0.09620851742274143,0.5825536862902607,0.09620851742274143,abs(mean_region - mean_healthy) / abs(mean_healthy),28232,156968,1387951
BraTS-GLI-00649-000,raw,case_brain_mask,T2,802.829833984375,914.6880493164062,668.2496337890625,134.5802001953125,246.43841552734375,0.20139210467235907,0.36878196869335467,0.20139210467235907,0.36878196869335467,abs(mean_region - mean_healthy) / abs(mean_healthy),28232,156968,1387951
BraTS-GLI-00649-000,raw,case_brain_mask,FLAIR,1621.213623046875,1581.538818359375,1003.0982055664062,618.1154174804688,578.4406127929688,0.6162062837421244,0.5766540200980106,0.6162062837421244,0.5766540200980106,abs(mean_region - mean_healthy) / abs(mean_healthy),28232,156968,1387951
BraTS-GLI-00649-001,raw,case_brain_mask,T1,1569.571533203125,1606.514404296875,1673.8214111328125,104.2498779296875,67.3070068359375,0.062282557288553884,0.040211581945522684,0.062282557288553884,0.040211581945522684,abs(mean_region - mean_healthy) / abs(mean_healthy),22917,114495,1335250
BraTS-GLI-00649-001,raw,case_brain_mask,T1ce,5270.51318359375,3224.832763671875,3304.1875,1966.32568359375,79.354736328125,0.5951011205005012,0.024016414422040215,0.5951011205005012,0.024016414422040215,abs(mean_region - mean_healthy) / abs(mean_healthy),22917,114495,1335250
BraTS-GLI-00649-001,raw,case_brain_mask,T2,2194.27392578125,2194.640869140625,1683.9560546875,510.31787109375,510.684814453125,0.3030470241032817,0.30326492964681034,0.3030470241032817,0.30326492964681034,abs(mean_region - mean_healthy) / abs(mean_healthy),22917,114495,1335250
BraTS-GLI-00649-001,raw,case_brain_mask,FLAIR,1961.5498046875,1922.9217529296875,983.1541748046875,978.3956298828125,939.767578125,0.9951599199354259,0.9558699970039728,0.9951599199354259,0.9558699970039728,abs(mean_region - mean_healthy) / abs(mean_healthy),22917,114495,1335250
BraTS-GLI-00650-000,raw,case_brain_mask,T1,926.073486328125,928.9671630859375,953.8379516601562,27.76446533203125,24.87078857421875,0.029108157505902506,0.026074438043622722,0.029108157505902506,0.026074438043622722,abs(mean_region - mean_healthy) / abs(mean_healthy),18012,85611,1403484
BraTS-GLI-00650-000,raw,case_brain_mask,T1ce,9332.876953125,5085.2265625,4806.77099609375,4526.10595703125,278.45556640625,0.9416104825275462,0.05792985907432214,0.9416104825275462,0.05792985907432214,abs(mean_region - mean_healthy) / abs(mean_healthy),18012,85611,1403484
BraTS-GLI-00650-000,raw,case_brain_mask,T2,942.73828125,991.3318481445312,729.2945556640625,213.4437255859375,262.03729248046875,0.2926714918248434,0.3593024114129983,0.2926714918248434,0.3593024114129983,abs(mean_region - mean_healthy) / abs(mean_healthy),18012,85611,1403484
BraTS-GLI-00650-000,raw,case_brain_mask,FLAIR,1912.348388671875,1960.2261962890625,1213.827880859375,698.5205078125,746.3983154296875,0.575469157388242,0.6149128119394052,0.575469157388242,0.6149128119394052,abs(mean_region - mean_healthy) / abs(mean_healthy),18012,85611,1403484
BraTS-GLI-00651-000,raw,case_brain_mask,T1,2756.77685546875,2710.983154296875,3274.26953125,517.49267578125,563.286376953125,0.15804828247712693,0.1720342114713086,0.15804828247712693,0.1720342114713086,abs(mean_region - mean_healthy) / abs(mean_healthy),10544,20108,1575568
BraTS-GLI-00651-000,raw,case_brain_mask,T1ce,8515.79296875,6232.2138671875,4456.0703125,4059.72265625,1776.1435546875,0.9110544429386178,0.3985896608734223,0.9110544429386178,0.3985896608734223,abs(mean_region - mean_healthy) / abs(mean_healthy),10544,20108,1575568
BraTS-GLI-00651-000,raw,case_brain_mask,T2,919.4938354492188,1090.7298583984375,717.8494873046875,201.64434814453125,372.88037109375,0.280900595056,0.5194408823690959,0.280900595056,0.5194408823690959,abs(mean_region - mean_healthy) / abs(mean_healthy),10544,20108,1575568
BraTS-GLI-00651-000,raw,case_brain_mask,FLAIR,1826.497314453125,1975.764892578125,1133.9622802734375,692.5350341796875,841.8026123046875,0.6107214024902957,0.7423550385659211,0.6107214024902957,0.7423550385659211,abs(mean_region - mean_healthy) / abs(mean_healthy),10544,20108,1575568
BraTS-GLI-00652-000,raw,case_brain_mask,T1,883.2485961914062,870.78173828125,946.9844360351562,63.73583984375,76.20269775390625,0.06730399932505739,0.08046879637531579,0.06730399932505739,0.08046879637531579,abs(mean_region - mean_healthy) / abs(mean_healthy),25787,181575,1443910
BraTS-GLI-00652-000,raw,case_brain_mask,T1ce,1486.29345703125,1003.3787231445312,1051.0072021484375,435.2862548828125,47.62847900390625,0.41416105807173664,0.045316986321830656,0.41416105807173664,0.045316986321830656,abs(mean_region - mean_healthy) / abs(mean_healthy),25787,181575,1443910
BraTS-GLI-00652-000,raw,case_brain_mask,T2,234.5953369140625,278.70562744140625,106.3999252319336,128.1954116821289,172.30570220947266,1.204844941410296,1.619415632425265,1.204844941410296,1.619415632425265,abs(mean_region - mean_healthy) / abs(mean_healthy),25787,181575,1443910
BraTS-GLI-00652-000,raw,case_brain_mask,FLAIR,547.0942993164062,679.9774780273438,291.12896728515625,255.96533203125,388.8485107421875,0.8792162951635657,1.3356572324914562,0.8792162951635657,1.3356572324914562,abs(mean_region - mean_healthy) / abs(mean_healthy),25787,181575,1443910
BraTS-GLI-00654-000,raw,case_brain_mask,T1,1539.237060546875,1743.39892578125,1773.850830078125,234.61376953125,30.451904296875,0.13226240084737959,0.01716711674990947,0.13226240084737959,0.01716711674990947,abs(mean_region - mean_healthy) / abs(mean_healthy),25474,97433,1297985
BraTS-GLI-00654-000,raw,case_brain_mask,T1ce,3484.1171875,2535.147216796875,2303.65869140625,1180.45849609375,231.488525390625,0.5124276875291576,0.10048733619011707,0.5124276875291576,0.10048733619011707,abs(mean_region - mean_healthy) / abs(mean_healthy),25474,97433,1297985
BraTS-GLI-00654-000,raw,case_brain_mask,T2,796.0235595703125,838.7637329101562,735.5078125,60.5157470703125,103.25592041015625,0.08227750411599129,0.14038725171278346,0.08227750411599129,0.14038725171278346,abs(mean_region - mean_healthy) / abs(mean_healthy),25474,97433,1297985
BraTS-GLI-00654-000,raw,case_brain_mask,FLAIR,1621.072021484375,1675.195068359375,902.5562744140625,718.5157470703125,772.6387939453125,0.7960896926197442,0.8560560885213588,0.7960896926197442,0.8560560885213588,abs(mean_region - mean_healthy) / abs(mean_healthy),25474,97433,1297985
BraTS-GLI-00654-001,raw,case_brain_mask,T1,103.6724624633789,134.09495544433594,135.58380126953125,31.911338806152344,1.4888458251953125,0.23536247329955592,0.010981000763030605,0.23536247329955592,0.010981000763030605,abs(mean_region - mean_healthy) / abs(mean_healthy),20044,102252,1145651
BraTS-GLI-00654-001,raw,case_brain_mask,T1ce,260.0208435058594,197.47596740722656,214.07205200195312,45.94879150390625,16.596084594726562,0.21464171092958473,0.0775256949215171,0.21464171092958473,0.0775256949215171,abs(mean_region - mean_healthy) / abs(mean_healthy),20044,102252,1145651
BraTS-GLI-00654-001,raw,case_brain_mask,T2,459.3083190917969,420.1336364746094,337.7300109863281,121.57830810546875,82.40362548828125,0.3599866880364104,0.24399260595060676,0.3599866880364104,0.24399260595060676,abs(mean_region - mean_healthy) / abs(mean_healthy),20044,102252,1145651
BraTS-GLI-00654-001,raw,case_brain_mask,FLAIR,322.0052490234375,324.3601379394531,195.56533813476562,126.43991088867188,128.7947998046875,0.646535383491839,0.6585768267172887,0.646535383491839,0.6585768267172887,abs(mean_region - mean_healthy) / abs(mean_healthy),20044,102252,1145651
BraTS-GLI-00655-000,raw,case_brain_mask,T1,2669.993896484375,2511.07763671875,2537.742431640625,132.25146484375,26.664794921875,0.052113824947258636,0.010507289703406376,0.052113824947258636,0.010507289703406376,abs(mean_region - mean_healthy) / abs(mean_healthy),29598,145081,1632225
BraTS-GLI-00655-000,raw,case_brain_mask,T1ce,5089.95556640625,3439.43603515625,3455.087890625,1634.86767578125,15.65185546875,0.47317687061370656,0.004530088948307099,0.47317687061370656,0.004530088948307099,abs(mean_region - mean_healthy) / abs(mean_healthy),29598,145081,1632225
BraTS-GLI-00655-000,raw,case_brain_mask,T2,656.3792114257812,734.3307495117188,538.127197265625,118.25201416015625,196.20355224609375,0.21974732881190145,0.3646044155416395,0.21974732881190145,0.3646044155416395,abs(mean_region - mean_healthy) / abs(mean_healthy),29598,145081,1632225
BraTS-GLI-00655-000,raw,case_brain_mask,FLAIR,1449.9730224609375,1662.6126708984375,1172.07373046875,277.8992919921875,490.5389404296875,0.23710052087000247,0.418522254767629,0.23710052087000247,0.418522254767629,abs(mean_region - mean_healthy) / abs(mean_healthy),29598,145081,1632225
BraTS-GLI-00655-001,raw,case_brain_mask,T1,1330.4007568359375,1437.7698974609375,1597.3861083984375,266.9853515625,159.6162109375,0.16713889657534545,0.09992337487993654,0.16713889657534545,0.09992337487993654,abs(mean_region - mean_healthy) / abs(mean_healthy),34159,148517,1585631
BraTS-GLI-00655-001,raw,case_brain_mask,T1ce,3371.43994140625,2038.44140625,1994.0869140625,1377.35302734375,44.3544921875,0.6907186530489313,0.02224300850414678,0.6907186530489313,0.02224300850414678,abs(mean_region - mean_healthy) / abs(mean_healthy),34159,148517,1585631
BraTS-GLI-00655-001,raw,case_brain_mask,T2,1327.8292236328125,1404.338623046875,1139.3759765625,188.4532470703125,264.962646484375,0.1654004042097468,0.23255066978309297,0.1654004042097468,0.23255066978309297,abs(mean_region - mean_healthy) / abs(mean_healthy),34159,148517,1585631
BraTS-GLI-00655-001,raw,case_brain_mask,FLAIR,1264.6417236328125,1025.2532958984375,575.5159301757812,689.1257934570312,449.73736572265625,1.197405245145082,0.7814507681573504,1.197405245145082,0.7814507681573504,abs(mean_region - mean_healthy) / abs(mean_healthy),34159,148517,1585631
BraTS-GLI-00656-000,raw,case_brain_mask,T1,850.2713012695312,858.9177856445312,1063.432373046875,213.16107177734375,204.51458740234375,0.20044628805742387,0.1923155553525066,0.20044628805742387,0.1923155553525066,abs(mean_region - mean_healthy) / abs(mean_healthy),4795,125543,1398512
BraTS-GLI-00656-000,raw,case_brain_mask,T1ce,1229.975830078125,1003.343505859375,1233.354248046875,3.37841796875,230.0107421875,0.002739211361293823,0.18649203385948704,0.002739211361293823,0.18649203385948704,abs(mean_region - mean_healthy) / abs(mean_healthy),4795,125543,1398512
BraTS-GLI-00656-000,raw,case_brain_mask,T2,273.6325378417969,274.1573791503906,107.7708511352539,165.86168670654297,166.38652801513672,1.5390217759195783,1.543891750528344,1.5390217759195783,1.543891750528344,abs(mean_region - mean_healthy) / abs(mean_healthy),4795,125543,1398512
BraTS-GLI-00656-000,raw,case_brain_mask,FLAIR,664.4467163085938,545.1277465820312,287.2058410644531,377.2408752441406,257.9219055175781,1.3134860831729476,0.8980385098076634,1.3134860831729476,0.8980385098076634,abs(mean_region - mean_healthy) / abs(mean_healthy),4795,125543,1398512
BraTS-GLI-00657-000,raw,case_brain_mask,T1,2450.2998046875,2527.320556640625,2831.847900390625,381.548095703125,304.52734375,0.13473467118431548,0.10753661724134037,0.13473467118431548,0.10753661724134037,abs(mean_region - mean_healthy) / abs(mean_healthy),62014,245490,1375369
BraTS-GLI-00657-000,raw,case_brain_mask,T1ce,5364.8798828125,3598.859619140625,3735.21826171875,1629.66162109375,136.358642578125,0.43629622338156643,0.03650620473122766,0.43629622338156643,0.03650620473122766,abs(mean_region - mean_healthy) / abs(mean_healthy),62014,245490,1375369
BraTS-GLI-00657-000,raw,case_brain_mask,T2,960.5131225585938,1052.166015625,679.015380859375,281.49774169921875,373.150634765625,0.4145675482975802,0.5495466601851615,0.4145675482975802,0.5495466601851615,abs(mean_region - mean_healthy) / abs(mean_healthy),62014,245490,1375369
BraTS-GLI-00657-000,raw,case_brain_mask,FLAIR,1482.59814453125,1682.1907958984375,1227.3662109375,255.23193359375,454.8245849609375,0.20795092069448123,0.3705695829882171,0.20795092069448123,0.3705695829882171,abs(mean_region - mean_healthy) / abs(mean_healthy),62014,245490,1375369
BraTS-GLI-00658-000,raw,case_brain_mask,T1,2370.55712890625,2396.075927734375,2644.991455078125,274.434326171875,248.91552734375,0.10375622410612628,0.09410825387199513,0.10375622410612628,0.09410825387199513,abs(mean_region - mean_healthy) / abs(mean_healthy),24605,71561,1639226
BraTS-GLI-00658-000,raw,case_brain_mask,T1ce,5360.4208984375,3658.315185546875,3418.568115234375,1941.852783203125,239.7470703125,0.5680310345578686,0.07013084491255284,0.5680310345578686,0.07013084491255284,abs(mean_region - mean_healthy) / abs(mean_healthy),24605,71561,1639226
BraTS-GLI-00658-000,raw,case_brain_mask,T2,788.0531616210938,848.7266235351562,597.6011962890625,190.45196533203125,251.12542724609375,0.3186940831355176,0.42022243062014086,0.3186940831355176,0.42022243062014086,abs(mean_region - mean_healthy) / abs(mean_healthy),24605,71561,1639226
BraTS-GLI-00658-000,raw,case_brain_mask,FLAIR,1222.046142578125,1346.233642578125,987.2785034179688,234.76763916015625,358.95513916015625,0.2377927184147008,0.3635804263107621,0.2377927184147008,0.3635804263107621,abs(mean_region - mean_healthy) / abs(mean_healthy),24605,71561,1639226
BraTS-GLI-00659-000,raw,case_brain_mask,T1,2211.500732421875,2516.539306640625,2591.83740234375,380.336669921875,75.298095703125,0.1467440316965654,0.029052013693079026,0.1467440316965654,0.029052013693079026,abs(mean_region - mean_healthy) / abs(mean_healthy),6152,30093,1382107
BraTS-GLI-00659-000,raw,case_brain_mask,T1ce,3654.779052734375,2961.740478515625,2910.241455078125,744.53759765625,51.4990234375,0.2558336169519869,0.017695790618210926,0.2558336169519869,0.017695790618210926,abs(mean_region - mean_healthy) / abs(mean_healthy),6152,30093,1382107
BraTS-GLI-00659-000,raw,case_brain_mask,T2,733.1898803710938,773.8677368164062,663.7452392578125,69.44464111328125,110.12249755859375,0.1046254451345413,0.16591079083554808,0.1046254451345413,0.16591079083554808,abs(mean_region - mean_healthy) / abs(mean_healthy),6152,30093,1382107
BraTS-GLI-00659-000,raw,case_brain_mask,FLAIR,1821.423095703125,1837.9898681640625,932.6529541015625,888.7701416015625,905.3369140625,0.9529484013243995,0.9707114635525104,0.9529484013243995,0.9707114635525104,abs(mean_region - mean_healthy) / abs(mean_healthy),6152,30093,1382107
BraTS-GLI-00661-000,raw,case_brain_mask,T1,2521.577880859375,2585.449462890625,2761.0849609375,239.507080078125,175.635498046875,0.0867438284104096,0.06361104440163248,0.0867438284104096,0.06361104440163248,abs(mean_region - mean_healthy) / abs(mean_healthy),27642,117203,1381051
BraTS-GLI-00661-000,raw,case_brain_mask,T1ce,5434.9892578125,3489.413818359375,3611.421630859375,1823.567626953125,122.0078125,0.5049445380098663,0.033783873768006144,0.5049445380098663,0.033783873768006144,abs(mean_region - mean_healthy) / abs(mean_healthy),27642,117203,1381051
BraTS-GLI-00661-000,raw,case_brain_mask,T2,1193.5592041015625,1240.1195068359375,833.4047241210938,360.15447998046875,406.71478271484375,0.43214835428283255,0.4880159314476697,0.43214835428283255,0.4880159314476697,abs(mean_region - mean_healthy) / abs(mean_healthy),27642,117203,1381051
BraTS-GLI-00661-000,raw,case_brain_mask,FLAIR,2211.614990234375,2282.062744140625,1412.532958984375,799.08203125,869.52978515625,0.5657085919075104,0.6155819442127923,0.5657085919075104,0.6155819442127923,abs(mean_region - mean_healthy) / abs(mean_healthy),27642,117203,1381051
BraTS-GLI-00663-000,raw,case_brain_mask,T1,1703.38623046875,1903.7012939453125,2145.8818359375,442.49560546875,242.1805419921875,0.20620688336989956,0.11285828414982732,0.20620688336989956,0.11285828414982732,abs(mean_region - mean_healthy) / abs(mean_healthy),25344,183583,1444379
BraTS-GLI-00663-000,raw,case_brain_mask,T1ce,5218.623046875,2596.5859375,2835.8466796875,2382.7763671875,239.2607421875,0.8402345529660558,0.08437012617828325,0.8402345529660558,0.08437012617828325,abs(mean_region - mean_healthy) / abs(mean_healthy),25344,183583,1444379
BraTS-GLI-00663-000,raw,case_brain_mask,T2,781.0189208984375,818.4832153320312,551.5791015625,229.4398193359375,266.90411376953125,0.415969021824768,0.48389091068434553,0.415969021824768,0.48389091068434553,abs(mean_region - mean_healthy) / abs(mean_healthy),25344,183583,1444379
BraTS-GLI-00663-000,raw,case_brain_mask,FLAIR,1811.12060546875,1797.93310546875,1027.6422119140625,783.4783935546875,770.2908935546875,0.7624038643716268,0.7495710906230307,0.7624038643716268,0.7495710906230307,abs(mean_region - mean_healthy) / abs(mean_healthy),25344,183583,1444379
BraTS-GLI-00667-000,raw,case_brain_mask,T1,2201.635498046875,2121.867431640625,2356.517822265625,154.88232421875,234.650390625,0.06572508077610956,0.09957505451811108,0.06572508077610956,0.09957505451811108,abs(mean_region - mean_healthy) / abs(mean_healthy),8378,86605,1514693
BraTS-GLI-00667-000,raw,case_brain_mask,T1ce,5772.91455078125,2869.081298828125,3147.751708984375,2625.162841796875,278.67041015625,0.8339802768763761,0.08852998454765776,0.8339802768763761,0.08852998454765776,abs(mean_region - mean_healthy) / abs(mean_healthy),8378,86605,1514693
BraTS-GLI-00667-000,raw,case_brain_mask,T2,789.0393676757812,817.2387084960938,484.1070251464844,304.9323425292969,333.1316833496094,0.6298862166625828,0.6881364368732474,0.6298862166625828,0.6881364368732474,abs(mean_region - mean_healthy) / abs(mean_healthy),8378,86605,1514693
BraTS-GLI-00667-000,raw,case_brain_mask,FLAIR,1158.7003173828125,1333.9403076171875,893.6417846679688,265.05853271484375,440.29852294921875,0.2966049006015602,0.49270136032505574,0.2966049006015602,0.49270136032505574,abs(mean_region - mean_healthy) / abs(mean_healthy),8378,86605,1514693
BraTS-GLI-00674-000,raw,case_brain_mask,T1,1749.1043701171875,1707.412353515625,1949.687255859375,200.5828857421875,242.27490234375,0.10287951831216921,0.12426346923879393,0.10287951831216921,0.12426346923879393,abs(mean_region - mean_healthy) / abs(mean_healthy),21058,111652,1335480
BraTS-GLI-00674-000,raw,case_brain_mask,T1ce,3444.912109375,2008.2923583984375,2260.960205078125,1183.951904296875,252.6678466796875,0.5236500410921495,0.11175245195036806,0.5236500410921495,0.11175245195036806,abs(mean_region - mean_healthy) / abs(mean_healthy),21058,111652,1335480
BraTS-GLI-00674-000,raw,case_brain_mask,T2,741.1139526367188,821.6931762695312,590.385498046875,150.72845458984375,231.30767822265625,0.25530514399233484,0.39179092133508175,0.25530514399233484,0.39179092133508175,abs(mean_region - mean_healthy) / abs(mean_healthy),21058,111652,1335480
BraTS-GLI-00674-000,raw,case_brain_mask,FLAIR,1015.6111450195312,1172.556396484375,803.8289184570312,211.7822265625,368.72747802734375,0.26346679212415125,0.458713875006046,0.26346679212415125,0.458713875006046,abs(mean_region - mean_healthy) / abs(mean_healthy),21058,111652,1335480
BraTS-GLI-00674-001,raw,case_brain_mask,T1,145.1332244873047,159.64523315429688,218.96688842773438,73.83366394042969,59.3216552734375,0.337190999381612,0.2709160992302972,0.337190999381612,0.2709160992302972,abs(mean_region - mean_healthy) / abs(mean_healthy),22802,121123,1087187
BraTS-GLI-00674-001,raw,case_brain_mask,T1ce,370.4602966308594,223.78553771972656,245.08619689941406,125.37409973144531,21.3006591796875,0.5115510433372148,0.08691088869614927,0.5115510433372148,0.08691088869614927,abs(mean_region - mean_healthy) / abs(mean_healthy),22802,121123,1087187
BraTS-GLI-00674-001,raw,case_brain_mask,T2,485.38983154296875,460.953125,303.0220947265625,182.36773681640625,157.9310302734375,0.6018298335009832,0.5211865174912391,0.6018298335009832,0.5211865174912391,abs(mean_region - mean_healthy) / abs(mean_healthy),22802,121123,1087187
BraTS-GLI-00674-001,raw,case_brain_mask,FLAIR,496.74090576171875,508.92620849609375,299.6278381347656,197.11306762695312,209.29837036132812,0.6578596596832109,0.6985277858834685,0.6578596596832109,0.6985277858834685,abs(mean_region - mean_healthy) / abs(mean_healthy),22802,121123,1087187
BraTS-GLI-00675-000,raw,case_brain_mask,T1,2193.0078125,2271.609619140625,2346.76416015625,153.75634765625,75.154541015625,0.06551844887814068,0.03202475233413362,0.06551844887814068,0.03202475233413362,abs(mean_region - mean_healthy) / abs(mean_healthy),11483,20026,1687172
BraTS-GLI-00675-000,raw,case_brain_mask,T1ce,4459.9501953125,3934.783935546875,3044.531982421875,1415.418212890625,890.251953125,0.4649050235184861,0.2924101169785772,0.4649050235184861,0.2924101169785772,abs(mean_region - mean_healthy) / abs(mean_healthy),11483,20026,1687172
BraTS-GLI-00675-000,raw,case_brain_mask,T2,873.9326171875,846.8017578125,856.0767211914062,17.85589599609375,9.27496337890625,0.02085782214851446,0.010834266543304947,0.02085782214851446,0.010834266543304947,abs(mean_region - mean_healthy) / abs(mean_healthy),11483,20026,1687172
BraTS-GLI-00675-000,raw,case_brain_mask,FLAIR,1627.4608154296875,1544.1943359375,1011.0723266601562,616.3884887695312,533.1220092773438,0.6096383735529862,0.5272837513399156,0.6096383735529862,0.5272837513399156,abs(mean_region - mean_healthy) / abs(mean_healthy),11483,20026,1687172
BraTS-GLI-00676-000,raw,case_brain_mask,T1,2665.191650390625,2632.654052734375,2878.94580078125,213.754150390625,246.291748046875,0.07424736871830628,0.08554928265062844,0.07424736871830628,0.08554928265062844,abs(mean_region - mean_healthy) / abs(mean_healthy),26455,76003,1413060
BraTS-GLI-00676-000,raw,case_brain_mask,T1ce,5444.9775390625,3968.28125,3658.64892578125,1786.32861328125,309.63232421875,0.4882481619631777,0.08463023659823622,0.4882481619631777,0.08463023659823622,abs(mean_region - mean_healthy) / abs(mean_healthy),26455,76003,1413060
BraTS-GLI-00676-000,raw,case_brain_mask,T2,681.444091796875,725.3101806640625,657.5872802734375,23.8568115234375,67.722900390625,0.03627930806921535,0.1029869378897726,0.03627930806921535,0.1029869378897726,abs(mean_region - mean_healthy) / abs(mean_healthy),26455,76003,1413060
BraTS-GLI-00676-000,raw,case_brain_mask,FLAIR,1154.4781494140625,1271.5660400390625,894.6375122070312,259.84063720703125,376.92852783203125,0.29044236761994907,0.42131983366331827,0.29044236761994907,0.42131983366331827,abs(mean_region - mean_healthy) / abs(mean_healthy),26455,76003,1413060
BraTS-GLI-00676-001,raw,case_brain_mask,T1,842.5806884765625,858.042724609375,754.8817138671875,87.698974609375,103.1610107421875,0.11617578356760222,0.13665851066083376,0.11617578356760222,0.13665851066083376,abs(mean_region - mean_healthy) / abs(mean_healthy),21068,61557,1375850
BraTS-GLI-00676-001,raw,case_brain_mask,T1ce,1538.4505615234375,1055.1416015625,955.365234375,583.0853271484375,99.7763671875,0.6103271358098895,0.10443792970211409,0.6103271358098895,0.10443792970211409,abs(mean_region - mean_healthy) / abs(mean_healthy),21068,61557,1375850
BraTS-GLI-00676-001,raw,case_brain_mask,T2,1009.8109741210938,984.6978149414062,738.9952392578125,270.81573486328125,245.70257568359375,0.36646478959088674,0.33248194660950414,0.36646478959088674,0.33248194660950414,abs(mean_region - mean_healthy) / abs(mean_healthy),21068,61557,1375850
BraTS-GLI-00676-001,raw,case_brain_mask,FLAIR,665.8511962890625,683.5247192382812,485.2495422363281,180.60165405273438,198.27517700195312,0.3721830487884872,0.40860456269196926,0.3721830487884872,0.40860456269196926,abs(mean_region - mean_healthy) / abs(mean_healthy),21068,61557,1375850
BraTS-GLI-00677-000,raw,case_brain_mask,T1,2504.800537109375,2455.92822265625,2557.609375,52.808837890625,101.68115234375,0.020647733937331613,0.03975632609797968,0.020647733937331613,0.03975632609797968,abs(mean_region - mean_healthy) / abs(mean_healthy),27542,181191,1557239
BraTS-GLI-00677-000,raw,case_brain_mask,T1ce,5869.8974609375,3572.354736328125,3549.873291015625,2320.024169921875,22.4814453125,0.6535512621798713,0.00633302753915141,0.6535512621798713,0.00633302753915141,abs(mean_region - mean_healthy) / abs(mean_healthy),27542,181191,1557239
BraTS-GLI-00677-000,raw,case_brain_mask,T2,774.0462036132812,914.6524658203125,597.4009399414062,176.645263671875,317.25152587890625,0.2956896313038954,0.5310529406097396,0.2956896313038954,0.5310529406097396,abs(mean_region - mean_healthy) / abs(mean_healthy),27542,181191,1557239
BraTS-GLI-00677-000,raw,case_brain_mask,FLAIR,1423.9608154296875,1731.498291015625,1277.620849609375,146.3399658203125,453.87744140625,0.11454099693587114,0.35525206210044263,0.11454099693587114,0.35525206210044263,abs(mean_region - mean_healthy) / abs(mean_healthy),27542,181191,1557239
BraTS-GLI-00679-000,raw,case_brain_mask,T1,885.3248291015625,985.816650390625,1024.661376953125,139.3365478515625,38.8447265625,0.13598301935209636,0.03790981824454678,0.13598301935209636,0.03790981824454678,abs(mean_region - mean_healthy) / abs(mean_healthy),34578,173503,1221200
BraTS-GLI-00679-000,raw,case_brain_mask,T1ce,1327.05322265625,1117.452392578125,1083.750244140625,243.302978515625,33.7021484375,0.22450096766396166,0.031097707815719657,0.22450096766396166,0.031097707815719657,abs(mean_region - mean_healthy) / abs(mean_healthy),34578,173503,1221200
BraTS-GLI-00679-000,raw,case_brain_mask,T2,269.2571716308594,287.98040771484375,239.64561462402344,29.611557006835938,48.33479309082031,0.12356394275477597,0.20169279194468914,0.12356394275477597,0.20169279194468914,abs(mean_region - mean_healthy) / abs(mean_healthy),34578,173503,1221200
BraTS-GLI-00679-000,raw,case_brain_mask,FLAIR,513.1751708984375,598.4210815429688,291.5405578613281,221.63461303710938,306.8805236816406,0.7602187999603484,1.0526169186642258,0.7602187999603484,1.0526169186642258,abs(mean_region - mean_healthy) / abs(mean_healthy),34578,173503,1221200
BraTS-GLI-00680-000,raw,case_brain_mask,T1,1124.130859375,1339.863525390625,1525.193359375,401.0625,185.329833984375,0.2629584619777974,0.12151235306998728,0.2629584619777974,0.12151235306998728,abs(mean_region - mean_healthy) / abs(mean_healthy),16495,72702,1729636
BraTS-GLI-00680-000,raw,case_brain_mask,T1ce,2533.293212890625,1795.3182373046875,1815.92724609375,717.365966796875,20.6090087890625,0.39504113853680234,0.011349027794695321,0.39504113853680234,0.011349027794695321,abs(mean_region - mean_healthy) / abs(mean_healthy),16495,72702,1729636
BraTS-GLI-00680-000,raw,case_brain_mask,T2,1457.124755859375,1524.4881591796875,1395.7406005859375,61.3841552734375,128.74755859375,0.04397963005996113,0.0922431851159888,0.04397963005996113,0.0922431851159888,abs(mean_region - mean_healthy) / abs(mean_healthy),16495,72702,1729636
BraTS-GLI-00680-000,raw,case_brain_mask,FLAIR,2432.4423828125,2365.42431640625,1548.6373291015625,883.8050537109375,816.7869873046875,0.5706985341904902,0.5274230266543711,0.5706985341904902,0.5274230266543711,abs(mean_region - mean_healthy) / abs(mean_healthy),16495,72702,1729636
BraTS-GLI-00680-001,raw,case_brain_mask,T1,258.857421875,322.64093017578125,342.4232482910156,83.56582641601562,19.782318115234375,0.24404250246757617,0.057771539210509315,0.24404250246757617,0.057771539210509315,abs(mean_region - mean_healthy) / abs(mean_healthy),8505,62146,1609335
BraTS-GLI-00680-001,raw,case_brain_mask,T1ce,376.2195739746094,273.5911560058594,268.90887451171875,107.31069946289062,4.682281494140625,0.3990597173772863,0.017412149385707894,0.3990597173772863,0.017412149385707894,abs(mean_region - mean_healthy) / abs(mean_healthy),8505,62146,1609335
BraTS-GLI-00680-001,raw,case_brain_mask,T2,571.1902465820312,512.5414428710938,377.6373291015625,193.55291748046875,134.90411376953125,0.5125365067615291,0.3572319349108887,0.5125365067615291,0.3572319349108887,abs(mean_region - mean_healthy) / abs(mean_healthy),8505,62146,1609335
BraTS-GLI-00680-001,raw,case_brain_mask,FLAIR,474.5408020019531,466.34326171875,297.93829345703125,176.60250854492188,168.40496826171875,0.5927486074239448,0.5652343856430331,0.5927486074239448,0.5652343856430331,abs(mean_region - mean_healthy) / abs(mean_healthy),8505,62146,1609335
BraTS-GLI-00682-000,raw,case_brain_mask,T1,2254.332763671875,2168.921875,2233.0263671875,21.306396484375,64.1044921875,0.009541488984391366,0.028707449732552733,0.009541488984391366,0.028707449732552733,abs(mean_region - mean_healthy) / abs(mean_healthy),12396,81790,1578935
BraTS-GLI-00682-000,raw,case_brain_mask,T1ce,4081.9921875,2821.5927734375,3039.701171875,1042.291015625,218.1083984375,0.3428925926235296,0.07175323694827629,0.3428925926235296,0.07175323694827629,abs(mean_region - mean_healthy) / abs(mean_healthy),12396,81790,1578935
BraTS-GLI-00682-000,raw,case_brain_mask,T2,340.147705078125,417.1153869628906,331.76165771484375,8.38604736328125,85.35372924804688,0.025277325357739914,0.257274242707728,0.025277325357739914,0.257274242707728,abs(mean_region - mean_healthy) / abs(mean_healthy),12396,81790,1578935
BraTS-GLI-00682-000,raw,case_brain_mask,FLAIR,1102.7501220703125,1351.3082275390625,835.0098266601562,267.74029541015625,516.2984008789062,0.32064328689526295,0.6183141615757732,0.32064328689526295,0.6183141615757732,abs(mean_region - mean_healthy) / abs(mean_healthy),12396,81790,1578935
BraTS-GLI-00682-001,raw,case_brain_mask,T1,160.38003540039062,165.2216339111328,159.24517822265625,1.134857177734375,5.9764556884765625,0.007126477488364641,0.03752990046656418,0.007126477488364641,0.03752990046656418,abs(mean_region - mean_healthy) / abs(mean_healthy),28554,114032,1474651
BraTS-GLI-00682-001,raw,case_brain_mask,T1ce,231.55941772460938,190.42861938476562,178.0764617919922,53.48295593261719,12.352157592773438,0.30033703160100766,0.06936434758683471,0.30033703160100766,0.06936434758683471,abs(mean_region - mean_healthy) / abs(mean_healthy),28554,114032,1474651
BraTS-GLI-00682-001,raw,case_brain_mask,T2,168.2713165283203,152.86227416992188,88.20121002197266,80.07010650634766,64.66106414794922,0.9078118824719141,0.7331085835652468,0.9078118824719141,0.7331085835652468,abs(mean_region - mean_healthy) / abs(mean_healthy),28554,114032,1474651
BraTS-GLI-00682-001,raw,case_brain_mask,FLAIR,173.4285888671875,164.9108123779297,83.45521545410156,89.97337341308594,81.45559692382812,1.0781036622279072,0.9760396217373235,1.0781036622279072,0.9760396217373235,abs(mean_region - mean_healthy) / abs(mean_healthy),28554,114032,1474651
BraTS-GLI-00683-000,raw,case_brain_mask,T1,2443.013671875,2282.937255859375,2345.349365234375,97.664306640625,62.412109375,0.04164168805224685,0.026611007426078307,0.04164168805224685,0.026611007426078307,abs(mean_region - mean_healthy) / abs(mean_healthy),45294,119693,1578158
BraTS-GLI-00683-000,raw,case_brain_mask,T1ce,4664.99658203125,3492.87939453125,3198.828857421875,1466.167724609375,294.050537109375,0.45834516004430637,0.09192443554056458,0.45834516004430637,0.09192443554056458,abs(mean_region - mean_healthy) / abs(mean_healthy),45294,119693,1578158
BraTS-GLI-00683-000,raw,case_brain_mask,T2,953.86279296875,1071.1983642578125,845.439697265625,108.423095703125,225.7586669921875,0.12824462354180186,0.2670310700128591,0.12824462354180186,0.2670310700128591,abs(mean_region - mean_healthy) / abs(mean_healthy),45294,119693,1578158
BraTS-GLI-00683-000,raw,case_brain_mask,FLAIR,1767.568359375,1975.8458251953125,1289.2718505859375,478.2965087890625,686.573974609375,0.37098189072513316,0.5325284766725858,0.37098189072513316,0.5325284766725858,abs(mean_region - mean_healthy) / abs(mean_healthy),45294,119693,1578158
BraTS-GLI-00683-001,raw,case_brain_mask,T1,247.36962890625,250.89625549316406,263.3852233886719,16.015594482421875,12.488967895507812,0.06080673120673899,0.04741711677985106,0.06080673120673899,0.04741711677985106,abs(mean_region - mean_healthy) / abs(mean_healthy),67362,193540,1513931
BraTS-GLI-00683-001,raw,case_brain_mask,T1ce,658.1875,474.2817077636719,411.53314208984375,246.65435791015625,62.748565673828125,0.5993547850304313,0.15247512109274833,0.5993547850304313,0.15247512109274833,abs(mean_region - mean_healthy) / abs(mean_healthy),67362,193540,1513931
BraTS-GLI-00683-001,raw,case_brain_mask,T2,791.7525024414062,782.87890625,471.8159484863281,319.9365539550781,311.0629577636719,0.6780960986619743,0.6592887730090913,0.6780960986619743,0.6592887730090913,abs(mean_region - mean_healthy) / abs(mean_healthy),67362,193540,1513931
BraTS-GLI-00683-001,raw,case_brain_mask,FLAIR,513.2232666015625,512.1983032226562,302.0169677734375,211.206298828125,210.18133544921875,0.6993193143590678,0.6959255865613795,0.6993193143590678,0.6959255865613795,abs(mean_region - mean_healthy) / abs(mean_healthy),67362,193540,1513931
BraTS-GLI-00685-000,raw,case_brain_mask,T1,2638.640869140625,2497.137451171875,2566.034912109375,72.60595703125,68.8974609375,0.028294999685551915,0.026849775352769365,0.028294999685551915,0.026849775352769365,abs(mean_region - mean_healthy) / abs(mean_healthy),18568,89333,1515131
BraTS-GLI-00685-000,raw,case_brain_mask,T1ce,4955.65869140625,3469.353271484375,3484.201416015625,1471.457275390625,14.84814453125,0.42232267877134294,0.004261563198671122,0.42232267877134294,0.004261563198671122,abs(mean_region - mean_healthy) / abs(mean_healthy),18568,89333,1515131
BraTS-GLI-00685-000,raw,case_brain_mask,T2,952.4990234375,1059.0142822265625,835.936767578125,116.562255859375,223.0775146484375,0.1394390824524671,0.26685931675757896,0.1394390824524671,0.26685931675757896,abs(mean_region - mean_healthy) / abs(mean_healthy),18568,89333,1515131
BraTS-GLI-00685-000,raw,case_brain_mask,FLAIR,1481.9119873046875,1566.6859130859375,979.822265625,502.0897216796875,586.8636474609375,0.5124293857104983,0.598949082961076,0.5124293857104983,0.598949082961076,abs(mean_region - mean_healthy) / abs(mean_healthy),18568,89333,1515131
BraTS-GLI-00685-001,raw,case_brain_mask,T1,299.5209045410156,314.8591613769531,309.2669677734375,9.746063232421875,5.592193603515625,0.03151343094475462,0.0180820914815977,0.03151343094475462,0.0180820914815977,abs(mean_region - mean_healthy) / abs(mean_healthy),22039,114056,1291002
BraTS-GLI-00685-001,raw,case_brain_mask,T1ce,732.2544555664062,495.7877502441406,451.4456481933594,280.8088073730469,44.34210205078125,0.6220212964657337,0.09822245984258335,0.6220212964657337,0.09822245984258335,abs(mean_region - mean_healthy) / abs(mean_healthy),22039,114056,1291002
BraTS-GLI-00685-001,raw,case_brain_mask,T2,826.9019165039062,777.7979125976562,562.706787109375,264.19512939453125,215.09112548828125,0.4695076289228743,0.38224370207653696,0.4695076289228743,0.38224370207653696,abs(mean_region - mean_healthy) / abs(mean_healthy),22039,114056,1291002
BraTS-GLI-00685-001,raw,case_brain_mask,FLAIR,510.0193176269531,491.4609680175781,321.471923828125,188.54739379882812,169.98904418945312,0.5865127864156343,0.5287834849314486,0.5865127864156343,0.5287834849314486,abs(mean_region - mean_healthy) / abs(mean_healthy),22039,114056,1291002
BraTS-GLI-00686-000,raw,case_brain_mask,T1,656.1215209960938,725.83447265625,766.3177490234375,110.19622802734375,40.4832763671875,0.14379965512709722,0.05282831621579645,0.14379965512709722,0.05282831621579645,abs(mean_region - mean_healthy) / abs(mean_healthy),52705,255108,1440796
BraTS-GLI-00686-000,raw,case_brain_mask,T1ce,4115.56103515625,2497.337158203125,2582.89892578125,1532.662109375,85.561767578125,0.5933883413232732,0.0331262546606407,0.5933883413232732,0.0331262546606407,abs(mean_region - mean_healthy) / abs(mean_healthy),52705,255108,1440796
BraTS-GLI-00686-000,raw,case_brain_mask,T2,801.422119140625,955.0065307617188,711.6593017578125,89.7628173828125,243.34722900390625,0.1261317278662649,0.34194343895011814,0.1261317278662649,0.34194343895011814,abs(mean_region - mean_healthy) / abs(mean_healthy),52705,255108,1440796
BraTS-GLI-00686-000,raw,case_brain_mask,FLAIR,2059.466796875,2451.282470703125,1340.966796875,718.5,1110.315673828125,0.5358074500236683,0.8279963951498379,0.5358074500236683,0.8279963951498379,abs(mean_region - mean_healthy) / abs(mean_healthy),52705,255108,1440796
BraTS-GLI-00687-000,raw,case_brain_mask,T1,2260.458251953125,2105.56884765625,2254.80517578125,5.653076171875,149.236328125,0.0025071240001550508,0.0661859080899494,0.0025071240001550508,0.0661859080899494,abs(mean_region - mean_healthy) / abs(mean_healthy),18938,92543,1372850
BraTS-GLI-00687-000,raw,case_brain_mask,T1ce,4897.8662109375,3050.8427734375,3077.81396484375,1820.05224609375,26.97119140625,0.5913457625715035,0.008763099951565538,0.5913457625715035,0.008763099951565538,abs(mean_region - mean_healthy) / abs(mean_healthy),18938,92543,1372850
BraTS-GLI-00687-000,raw,case_brain_mask,T2,479.3840026855469,597.576416015625,557.042236328125,77.65823364257812,40.5341796875,0.1394117511707562,0.07276679763942244,0.1394117511707562,0.07276679763942244,abs(mean_region - mean_healthy) / abs(mean_healthy),18938,92543,1372850
BraTS-GLI-00687-000,raw,case_brain_mask,FLAIR,1183.06689453125,1414.492919921875,932.4329223632812,250.63397216796875,482.05999755859375,0.2687957129749654,0.5169916097951552,0.2687957129749654,0.5169916097951552,abs(mean_region - mean_healthy) / abs(mean_healthy),18938,92543,1372850
BraTS-GLI-00688-000,raw,case_brain_mask,T1,2506.21875,2443.97216796875,3037.767333984375,531.548583984375,593.795166015625,0.17498001839633617,0.1954709168713048,0.17498001839633617,0.1954709168713048,abs(mean_region - mean_healthy) / abs(mean_healthy),6311,24277,1666153
BraTS-GLI-00688-000,raw,case_brain_mask,T1ce,5564.29638671875,3905.697509765625,4124.41162109375,1439.884765625,218.714111328125,0.3491127699914583,0.053029166683931594,0.3491127699914583,0.053029166683931594,abs(mean_region - mean_healthy) / abs(mean_healthy),6311,24277,1666153
BraTS-GLI-00688-000,raw,case_brain_mask,T2,722.5845336914062,707.82568359375,494.0660400390625,228.51849365234375,213.7596435546875,0.4625262113426705,0.4326539900167738,0.4625262113426705,0.4326539900167738,abs(mean_region - mean_healthy) / abs(mean_healthy),6311,24277,1666153
BraTS-GLI-00688-000,raw,case_brain_mask,FLAIR,1458.0946044921875,1351.1451416015625,1051.083984375,407.0106201171875,300.0611572265625,0.3872293995224424,0.28547781308359116,0.3872293995224424,0.28547781308359116,abs(mean_region - mean_healthy) / abs(mean_healthy),6311,24277,1666153
BraTS-GLI-00689-000,raw,case_brain_mask,T1,2399.734619140625,2096.35205078125,2423.427978515625,23.693359375,327.075927734375,0.009776795343227996,0.13496416259694766,0.009776795343227996,0.13496416259694766,abs(mean_region - mean_healthy) / abs(mean_healthy),36199,141967,1288151
BraTS-GLI-00689-000,raw,case_brain_mask,T1ce,5061.89892578125,3095.21826171875,3174.94921875,1886.94970703125,79.73095703125,0.5943243740364942,0.025112514102710797,0.5943243740364942,0.025112514102710797,abs(mean_region - mean_healthy) / abs(mean_healthy),36199,141967,1288151
BraTS-GLI-00689-000,raw,case_brain_mask,T2,813.8453979492188,1005.4690551757812,777.4694213867188,36.3759765625,227.9996337890625,0.04678766207630221,0.29325865110218124,0.04678766207630221,0.29325865110218124,abs(mean_region - mean_healthy) / abs(mean_healthy),36199,141967,1288151
BraTS-GLI-00689-000,raw,case_brain_mask,FLAIR,1180.2376708984375,1190.406005859375,877.5137329101562,302.72393798828125,312.89227294921875,0.34497914577853733,0.35656681054045003,0.34497914577853733,0.35656681054045003,abs(mean_region - mean_healthy) / abs(mean_healthy),36199,141967,1288151
BraTS-GLI-00689-001,raw,case_brain_mask,T1,208.2457275390625,205.27841186523438,218.6170196533203,10.371292114257812,13.338607788085938,0.04744046063158512,0.061013583522628326,0.04744046063158512,0.061013583522628326,abs(mean_region - mean_healthy) / abs(mean_healthy),45183,185011,1252143
BraTS-GLI-00689-001,raw,case_brain_mask,T1ce,241.4268798828125,160.81874084472656,170.9259796142578,70.50090026855469,10.10723876953125,0.41246450906795823,0.059132255917684694,0.41246450906795823,0.059132255917684694,abs(mean_region - mean_healthy) / abs(mean_healthy),45183,185011,1252143
BraTS-GLI-00689-001,raw,case_brain_mask,T2,366.8921813964844,401.9836120605469,238.36875915527344,128.52342224121094,163.61485290527344,0.5391789708377462,0.6863938608611655,0.5391789708377462,0.6863938608611655,abs(mean_region - mean_healthy) / abs(mean_healthy),45183,185011,1252143
BraTS-GLI-00689-001,raw,case_brain_mask,FLAIR,211.7035369873047,202.7962188720703,117.40752410888672,94.29601287841797,85.3886947631836,0.803151361840877,0.7272846898976589,0.803151361840877,0.7272846898976589,abs(mean_region - mean_healthy) / abs(mean_healthy),45183,185011,1252143
BraTS-GLI-00690-000,raw,case_brain_mask,T1,2495.698486328125,2545.720703125,2514.814453125,19.115966796875,30.90625,0.007601342823968903,0.012289674079769492,0.007601342823968903,0.012289674079769492,abs(mean_region - mean_healthy) / abs(mean_healthy),8703,50717,1483354
BraTS-GLI-00690-000,raw,case_brain_mask,T1ce,4918.5966796875,3128.305419921875,3123.024169921875,1795.572509765625,5.28125,0.5749467221736368,0.001691069204927772,0.5749467221736368,0.001691069204927772,abs(mean_region - mean_healthy) / abs(mean_healthy),8703,50717,1483354
BraTS-GLI-00690-000,raw,case_brain_mask,T2,575.2467041015625,698.614013671875,643.357177734375,68.1104736328125,55.2568359375,0.10586727869061484,0.08588827147633701,0.10586727869061484,0.08588827147633701,abs(mean_region - mean_healthy) / abs(mean_healthy),8703,50717,1483354
BraTS-GLI-00690-000,raw,case_brain_mask,FLAIR,1298.9573974609375,1546.9669189453125,1123.4681396484375,175.4892578125,423.498779296875,0.15620314597209242,0.3769566437633014,0.15620314597209242,0.3769566437633014,abs(mean_region - mean_healthy) / abs(mean_healthy),8703,50717,1483354
BraTS-GLI-00691-000,raw,case_brain_mask,T1,3573.193115234375,3528.291748046875,3538.58056640625,34.612548828125,10.288818359375,0.009781478244898967,0.0029076117291358524,0.009781478244898967,0.0029076117291358524,abs(mean_region - mean_healthy) / abs(mean_healthy),20687,65669,1220003
BraTS-GLI-00691-000,raw,case_brain_mask,T1ce,6034.8515625,4723.77294921875,4382.44970703125,1652.40185546875,341.3232421875,0.3770498159551309,0.07788412075553937,0.3770498159551309,0.07788412075553937,abs(mean_region - mean_healthy) / abs(mean_healthy),20687,65669,1220003
BraTS-GLI-00691-000,raw,case_brain_mask,T2,849.5682983398438,979.9393310546875,688.1815185546875,161.38677978515625,291.7578125,0.23451193534534215,0.4239547337928328,0.23451193534534215,0.4239547337928328,abs(mean_region - mean_healthy) / abs(mean_healthy),20687,65669,1220003
BraTS-GLI-00691-000,raw,case_brain_mask,FLAIR,898.4130859375,991.752197265625,556.4381713867188,341.97491455078125,435.31402587890625,0.6145784601702177,0.7823223643950327,0.6145784601702177,0.7823223643950327,abs(mean_region - mean_healthy) / abs(mean_healthy),20687,65669,1220003
BraTS-GLI-00691-001,raw,case_brain_mask,T1,1010.3886108398438,1035.5465087890625,989.5479125976562,20.8406982421875,45.99859619140625,0.021060827855701004,0.0464844557861333,0.021060827855701004,0.0464844557861333,abs(mean_region - mean_healthy) / abs(mean_healthy),10826,52008,1210877
BraTS-GLI-00691-001,raw,case_brain_mask,T1ce,3488.156005859375,2778.050048828125,2851.15087890625,637.005126953125,73.100830078125,0.22342034988954743,0.025639060569873355,0.22342034988954743,0.025639060569873355,abs(mean_region - mean_healthy) / abs(mean_healthy),10826,52008,1210877
BraTS-GLI-00691-001,raw,case_brain_mask,T2,1121.2021484375,1290.529296875,1010.1592407226562,111.04290771484375,280.37005615234375,0.10992614158081149,0.2775503552803915,0.10992614158081149,0.2775503552803915,abs(mean_region - mean_healthy) / abs(mean_healthy),10826,52008,1210877
BraTS-GLI-00691-001,raw,case_brain_mask,FLAIR,713.45751953125,660.0230712890625,445.2439270019531,268.2135925292969,214.77914428710938,0.6023969699829737,0.48238534264425176,0.6023969699829737,0.48238534264425176,abs(mean_region - mean_healthy) / abs(mean_healthy),10826,52008,1210877
BraTS-GLI-00692-000,raw,case_brain_mask,T1,2153.456298828125,2082.705810546875,2238.232421875,84.776123046875,155.526611328125,0.037876371648596176,0.06948635441436332,0.037876371648596176,0.06948635441436332,abs(mean_region - mean_healthy) / abs(mean_healthy),16151,67827,1814659
BraTS-GLI-00692-000,raw,case_brain_mask,T1ce,4261.37451171875,2850.712158203125,3033.036376953125,1228.338134765625,182.32421875,0.4049862850638038,0.06011277020460799,0.4049862850638038,0.06011277020460799,abs(mean_region - mean_healthy) / abs(mean_healthy),16151,67827,1814659
BraTS-GLI-00692-000,raw,case_brain_mask,T2,900.363525390625,909.524169921875,737.8012084960938,162.56231689453125,171.72296142578125,0.2203334923046442,0.23274963424879025,0.2203334923046442,0.23274963424879025,abs(mean_region - mean_healthy) / abs(mean_healthy),16151,67827,1814659
BraTS-GLI-00692-000,raw,case_brain_mask,FLAIR,1284.465087890625,1427.7421875,976.7363891601562,307.72869873046875,451.00579833984375,0.3150580874693,0.4617477175470443,0.3150580874693,0.4617477175470443,abs(mean_region - mean_healthy) / abs(mean_healthy),16151,67827,1814659
BraTS-GLI-00692-001,raw,case_brain_mask,T1,2548.254150390625,2570.263671875,2887.6572265625,339.403076171875,317.3935546875,0.11753579096917409,0.10991386088622744,0.11753579096917409,0.10991386088622744,abs(mean_region - mean_healthy) / abs(mean_healthy),15604,69689,1552550
BraTS-GLI-00692-001,raw,case_brain_mask,T1ce,5243.1611328125,3487.063232421875,3411.40234375,1831.7587890625,75.660888671875,0.536951846919625,0.022178822973048795,0.536951846919625,0.022178822973048795,abs(mean_region - mean_healthy) / abs(mean_healthy),15604,69689,1552550
BraTS-GLI-00692-001,raw,case_brain_mask,T2,2099.9619140625,2280.040283203125,1762.735107421875,337.226806640625,517.30517578125,0.1913088388724742,0.293467335848235,0.1913088388724742,0.293467335848235,abs(mean_region - mean_healthy) / abs(mean_healthy),15604,69689,1552550
BraTS-GLI-00692-001,raw,case_brain_mask,FLAIR,1466.1158447265625,1654.8326416015625,1035.3602294921875,430.755615234375,619.472412109375,0.4160441969512847,0.5983158271524561,0.4160441969512847,0.5983158271524561,abs(mean_region - mean_healthy) / abs(mean_healthy),15604,69689,1552550
BraTS-GLI-00693-000,raw,case_brain_mask,T1,3300.545654296875,2789.1455078125,2742.388427734375,558.1572265625,46.757080078125,0.20352960248728214,0.017049765673330736,0.20352960248728214,0.017049765673330736,abs(mean_region - mean_healthy) / abs(mean_healthy),13541,131654,1263146
BraTS-GLI-00693-000,raw,case_brain_mask,T1ce,5452.28369140625,3369.408203125,3496.60888671875,1955.6748046875,127.20068359375,0.5593061357579295,0.03637829900761829,0.5593061357579295,0.03637829900761829,abs(mean_region - mean_healthy) / abs(mean_healthy),13541,131654,1263146
BraTS-GLI-00693-000,raw,case_brain_mask,T2,840.2977905273438,1038.289306640625,785.1504516601562,55.1473388671875,253.13885498046875,0.07023792542000272,0.32240808681345207,0.07023792542000272,0.32240808681345207,abs(mean_region - mean_healthy) / abs(mean_healthy),13541,131654,1263146
BraTS-GLI-00693-000,raw,case_brain_mask,FLAIR,1201.1170654296875,1470.7882080078125,959.1343994140625,241.982666015625,511.65380859375,0.252292761226636,0.5334537150438151,0.252292761226636,0.5334537150438151,abs(mean_region - mean_healthy) / abs(mean_healthy),13541,131654,1263146
BraTS-GLI-00694-000,raw,case_brain_mask,T1,1680.4718017578125,2259.83203125,2224.134033203125,543.6622314453125,35.697998046875,0.24443771073560164,0.016050290816090752,0.24443771073560164,0.016050290816090752,abs(mean_region - mean_healthy) / abs(mean_healthy),1562,70468,1312262
BraTS-GLI-00694-000,raw,case_brain_mask,T1ce,4968.08447265625,2909.347900390625,3005.78466796875,1962.2998046875,96.436767578125,0.6528411118729884,0.03208372462798377,0.6528411118729884,0.03208372462798377,abs(mean_region - mean_healthy) / abs(mean_healthy),1562,70468,1312262
BraTS-GLI-00694-000,raw,case_brain_mask,T2,510.4443054199219,458.9473571777344,407.0774841308594,103.3668212890625,51.869873046875,0.25392419212219103,0.12742014743856694,0.25392419212219103,0.12742014743856694,abs(mean_region - mean_healthy) / abs(mean_healthy),1562,70468,1312262
BraTS-GLI-00694-000,raw,case_brain_mask,FLAIR,1724.3226318359375,1285.6126708984375,935.1063232421875,789.21630859375,350.50634765625,0.8439856398974935,0.3748304753634638,0.8439856398974935,0.3748304753634638,abs(mean_region - mean_healthy) / abs(mean_healthy),1562,70468,1312262
BraTS-GLI-00694-001,raw,case_brain_mask,T1,396.60992431640625,501.9737243652344,467.6492614746094,71.03933715820312,34.324462890625,0.15190730107046294,0.07339787682416476,0.15190730107046294,0.07339787682416476,abs(mean_region - mean_healthy) / abs(mean_healthy),701,107949,1251033
BraTS-GLI-00694-001,raw,case_brain_mask,T1ce,601.0098876953125,514.0264892578125,515.39453125,85.6153564453125,1.3680419921875,0.16611615229534413,0.0026543587664183232,0.16611615229534413,0.0026543587664183232,abs(mean_region - mean_healthy) / abs(mean_healthy),701,107949,1251033
BraTS-GLI-00694-001,raw,case_brain_mask,T2,460.61669921875,339.3311767578125,353.7710876464844,106.84561157226562,14.439910888671875,0.30201906063910483,0.0408171029032801,0.30201906063910483,0.0408171029032801,abs(mean_region - mean_healthy) / abs(mean_healthy),701,107949,1251033
BraTS-GLI-00694-001,raw,case_brain_mask,FLAIR,283.0841064453125,293.919921875,203.2620391845703,79.82206726074219,90.65788269042969,0.3927052369491406,0.4460148242835869,0.3927052369491406,0.4460148242835869,abs(mean_region - mean_healthy) / abs(mean_healthy),701,107949,1251033
BraTS-GLI-00697-000,raw,case_brain_mask,T1,1949.0357666015625,1918.6376953125,1847.22705078125,101.8087158203125,71.41064453125,0.05511434870838126,0.03865829298084835,0.05511434870838126,0.03865829298084835,abs(mean_region - mean_healthy) / abs(mean_healthy),45699,139740,1354257
BraTS-GLI-00697-000,raw,case_brain_mask,T1ce,4729.32373046875,3356.897216796875,2962.1572265625,1767.16650390625,394.739990234375,0.5965809269202759,0.13326098516804918,0.5965809269202759,0.13326098516804918,abs(mean_region - mean_healthy) / abs(mean_healthy),45699,139740,1354257
BraTS-GLI-00697-000,raw,case_brain_mask,T2,511.4479675292969,633.5094604492188,657.9303588867188,146.48239135742188,24.4208984375,0.22264117984353865,0.03711775586525982,0.22264117984353865,0.03711775586525982,abs(mean_region - mean_healthy) / abs(mean_healthy),45699,139740,1354257
BraTS-GLI-00697-000,raw,case_brain_mask,FLAIR,1042.8822021484375,1309.9849853515625,1023.9362182617188,18.94598388671875,286.04876708984375,0.01850308988862834,0.27936189968497577,0.01850308988862834,0.27936189968497577,abs(mean_region - mean_healthy) / abs(mean_healthy),45699,139740,1354257
BraTS-GLI-00698-000,raw,case_brain_mask,T1,2636.126953125,2794.941650390625,2992.111083984375,355.984130859375,197.16943359375,0.11897423620560806,0.06589642832751848,0.11897423620560806,0.06589642832751848,abs(mean_region - mean_healthy) / abs(mean_healthy),42880,129121,1715357
BraTS-GLI-00698-000,raw,case_brain_mask,T1ce,6760.89697265625,4379.6748046875,4028.428955078125,2732.468017578125,351.245849609375,0.6782961914057469,0.08719176967651479,0.6782961914057469,0.08719176967651479,abs(mean_region - mean_healthy) / abs(mean_healthy),42880,129121,1715357
BraTS-GLI-00698-000,raw,case_brain_mask,T2,819.0259399414062,910.505615234375,662.4995727539062,156.5263671875,248.00604248046875,0.23626636699076586,0.3743489847843173,0.23626636699076586,0.3743489847843173,abs(mean_region - mean_healthy) / abs(mean_healthy),42880,129121,1715357
BraTS-GLI-00698-000,raw,case_brain_mask,FLAIR,1974.591064453125,1994.0875244140625,1225.830810546875,748.76025390625,768.2567138671875,0.6108185954081287,0.626723286164139,0.6108185954081287,0.626723286164139,abs(mean_region - mean_healthy) / abs(mean_healthy),42880,129121,1715357
BraTS-GLI-00703-000,raw,case_brain_mask,T1,3018.03759765625,2926.48291015625,2961.9169921875,56.12060546875,35.43408203125,0.01894739306225546,0.011963225885368396,0.01894739306225546,0.011963225885368396,abs(mean_region - mean_healthy) / abs(mean_healthy),31298,98144,1725074
BraTS-GLI-00703-000,raw,case_brain_mask,T1ce,5123.18505859375,3754.751220703125,3368.298828125,1754.88623046875,386.452392578125,0.521000754391387,0.11473221715106789,0.521000754391387,0.11473221715106789,abs(mean_region - mean_healthy) / abs(mean_healthy),31298,98144,1725074
BraTS-GLI-00703-000,raw,case_brain_mask,T2,796.359130859375,866.2460327148438,709.6044311523438,86.75469970703125,156.6416015625,0.12225783253093304,0.22074495970681288,0.12225783253093304,0.22074495970681288,abs(mean_region - mean_healthy) / abs(mean_healthy),31298,98144,1725074
BraTS-GLI-00703-000,raw,case_brain_mask,FLAIR,1083.6568603515625,1188.779296875,821.6847534179688,261.97210693359375,367.09454345703125,0.3188231324043269,0.44675837287965375,0.3188231324043269,0.44675837287965375,abs(mean_region - mean_healthy) / abs(mean_healthy),31298,98144,1725074
BraTS-GLI-00703-001,raw,case_brain_mask,T1,453.8072814941406,490.93719482421875,552.9246215820312,99.11734008789062,61.9874267578125,0.17926013098186058,0.11210827721951268,0.17926013098186058,0.11210827721951268,abs(mean_region - mean_healthy) / abs(mean_healthy),42361,229819,1493707
BraTS-GLI-00703-001,raw,case_brain_mask,T1ce,671.779052734375,523.1560668945312,495.1405029296875,176.6385498046875,28.01556396484375,0.3567442953253434,0.05658103871341364,0.3567442953253434,0.05658103871341364,abs(mean_region - mean_healthy) / abs(mean_healthy),42361,229819,1493707
BraTS-GLI-00703-001,raw,case_brain_mask,T2,901.8851318359375,885.03271484375,550.107421875,351.7777099609375,334.92529296875,0.6394709396247182,0.6088361648115602,0.6394709396247182,0.6088361648115602,abs(mean_region - mean_healthy) / abs(mean_healthy),42361,229819,1493707
BraTS-GLI-00703-001,raw,case_brain_mask,FLAIR,462.04376220703125,491.9997863769531,267.9134826660156,194.13027954101562,224.0863037109375,0.7246006345377582,0.8364129400321608,0.7246006345377582,0.8364129400321608,abs(mean_region - mean_healthy) / abs(mean_healthy),42361,229819,1493707
BraTS-GLI-00704-000,raw,case_brain_mask,T1,867.5626220703125,849.2024536132812,903.6188354492188,36.05621337890625,54.4163818359375,0.03990201616479311,0.060220504156362924,0.03990201616479311,0.060220504156362924,abs(mean_region - mean_healthy) / abs(mean_healthy),21217,66146,1222569
BraTS-GLI-00704-000,raw,case_brain_mask,T1ce,5464.15478515625,3099.8583984375,3153.0703125,2311.08447265625,53.2119140625,0.7329631894012036,0.01687622183734604,0.7329631894012036,0.01687622183734604,abs(mean_region - mean_healthy) / abs(mean_healthy),21217,66146,1222569
BraTS-GLI-00704-000,raw,case_brain_mask,T2,994.837158203125,1478.0311279296875,633.0462036132812,361.79095458984375,844.9849243164062,0.5715079760763506,1.3347918674710122,0.5715079760763506,1.3347918674710122,abs(mean_region - mean_healthy) / abs(mean_healthy),21217,66146,1222569
BraTS-GLI-00704-000,raw,case_brain_mask,FLAIR,2028.5513916015625,2202.05029296875,1247.003662109375,781.5477294921875,955.046630859375,0.626740524699147,0.7658731564940726,0.626740524699147,0.7658731564940726,abs(mean_region - mean_healthy) / abs(mean_healthy),21217,66146,1222569
BraTS-GLI-00705-000,raw,case_brain_mask,T1,1501.7767333984375,1734.6146240234375,2132.883544921875,631.1068115234375,398.2689208984375,0.29589370363235384,0.18672792607297536,0.29589370363235384,0.18672792607297536,abs(mean_region - mean_healthy) / abs(mean_healthy),4178,17329,1781800
BraTS-GLI-00705-000,raw,case_brain_mask,T1ce,3664.45556640625,2537.99267578125,2595.70947265625,1068.74609375,57.716796875,0.4117356372153341,0.022235461049474485,0.4117356372153341,0.022235461049474485,abs(mean_region - mean_healthy) / abs(mean_healthy),4178,17329,1781800
BraTS-GLI-00705-000,raw,case_brain_mask,T2,631.866943359375,571.0541381835938,522.7199096679688,109.14703369140625,48.334228515625,0.2088059621848656,0.09246678311206256,0.2088059621848656,0.09246678311206256,abs(mean_region - mean_healthy) / abs(mean_healthy),4178,17329,1781800
BraTS-GLI-00705-000,raw,case_brain_mask,FLAIR,1954.244384765625,1734.0672607421875,1062.0130615234375,892.2313232421875,672.05419921875,0.8401321561547451,0.6328116136864654,0.8401321561547451,0.6328116136864654,abs(mean_region - mean_healthy) / abs(mean_healthy),4178,17329,1781800
BraTS-GLI-00706-000,raw,case_brain_mask,T1,2396.346435546875,2427.93017578125,2476.942626953125,80.59619140625,49.012451171875,0.032538578217046144,0.01978747938629688,0.032538578217046144,0.01978747938629688,abs(mean_region - mean_healthy) / abs(mean_healthy),52446,148348,1617257
BraTS-GLI-00706-000,raw,case_brain_mask,T1ce,4910.2275390625,3539.094970703125,3167.760498046875,1742.467041015625,371.33447265625,0.5500627468806326,0.11722302645203173,0.5500627468806326,0.11722302645203173,abs(mean_region - mean_healthy) / abs(mean_healthy),52446,148348,1617257
BraTS-GLI-00706-000,raw,case_brain_mask,T2,362.3629150390625,418.6078796386719,312.1069641113281,50.255950927734375,106.50091552734375,0.16102156217766467,0.34123210236781204,0.16102156217766467,0.34123210236781204,abs(mean_region - mean_healthy) / abs(mean_healthy),52446,148348,1617257
BraTS-GLI-00706-000,raw,case_brain_mask,FLAIR,1601.366455078125,1923.97509765625,1208.103759765625,393.2626953125,715.871337890625,0.32552062861619924,0.5925578263488773,0.32552062861619924,0.5925578263488773,abs(mean_region - mean_healthy) / abs(mean_healthy),52446,148348,1617257
BraTS-GLI-00707-000,raw,case_brain_mask,T1,1107.4786376953125,1351.2432861328125,1409.47119140625,301.9925537109375,58.2279052734375,0.21425947231289993,0.041311880390646843,0.21425947231289993,0.041311880390646843,abs(mean_region - mean_healthy) / abs(mean_healthy),19700,103906,1530693
BraTS-GLI-00707-000,raw,case_brain_mask,T1ce,3278.7001953125,1903.8076171875,1657.99462890625,1620.70556640625,245.81298828125,0.9775095396270379,0.14825921869445893,0.9775095396270379,0.14825921869445893,abs(mean_region - mean_healthy) / abs(mean_healthy),19700,103906,1530693
BraTS-GLI-00707-000,raw,case_brain_mask,T2,1323.59326171875,1224.371826171875,998.9602661132812,324.63299560546875,225.41156005859375,0.3249708788403959,0.22564617203006176,0.3249708788403959,0.22564617203006176,abs(mean_region - mean_healthy) / abs(mean_healthy),19700,103906,1530693
BraTS-GLI-00707-000,raw,case_brain_mask,FLAIR,2454.95849609375,1981.5780029296875,1034.531494140625,1420.427001953125,947.0465087890625,1.3730147511198385,0.9154351647609961,1.3730147511198385,0.9154351647609961,abs(mean_region - mean_healthy) / abs(mean_healthy),19700,103906,1530693
BraTS-GLI-00708-000,raw,case_brain_mask,T1,658.9691772460938,695.6444091796875,738.373046875,79.40386962890625,42.7286376953125,0.10753896010284436,0.0578686314135544,0.10753896010284436,0.0578686314135544,abs(mean_region - mean_healthy) / abs(mean_healthy),7236,16530,1452654
BraTS-GLI-00708-000,raw,case_brain_mask,T1ce,2898.962890625,2286.928466796875,1669.3802490234375,1229.5826416015625,617.5482177734375,0.7365503709061192,0.3699266348303174,0.7365503709061192,0.3699266348303174,abs(mean_region - mean_healthy) / abs(mean_healthy),7236,16530,1452654
BraTS-GLI-00708-000,raw,case_brain_mask,T2,290.2471008300781,313.9089050292969,268.8531494140625,21.393951416015625,45.055755615234375,0.07957485885005074,0.16758500212264096,0.07957485885005074,0.16758500212264096,abs(mean_region - mean_healthy) / abs(mean_healthy),7236,16530,1452654
BraTS-GLI-00708-000,raw,case_brain_mask,FLAIR,769.5485229492188,773.4261474609375,432.1732177734375,337.37530517578125,341.2529296875,0.7806483402973085,0.7896207253324024,0.7806483402973085,0.7896207253324024,abs(mean_region - mean_healthy) / abs(mean_healthy),7236,16530,1452654
BraTS-GLI-00708-001,raw,case_brain_mask,T1,166.58181762695312,196.81324768066406,211.53439331054688,44.95257568359375,14.721145629882812,0.21250717190750307,0.06959220862146596,0.21250717190750307,0.06959220862146596,abs(mean_region - mean_healthy) / abs(mean_healthy),8614,38741,1371808
BraTS-GLI-00708-001,raw,case_brain_mask,T1ce,515.100341796875,415.4085388183594,391.26397705078125,123.83636474609375,24.144561767578125,0.31650336348245345,0.061709135478231,0.31650336348245345,0.061709135478231,abs(mean_region - mean_healthy) / abs(mean_healthy),8614,38741,1371808
BraTS-GLI-00708-001,raw,case_brain_mask,T2,551.2738037109375,560.0784301757812,388.37408447265625,162.89971923828125,171.704345703125,0.41944024009601577,0.44211071893808085,0.41944024009601577,0.44211071893808085,abs(mean_region - mean_healthy) / abs(mean_healthy),8614,38741,1371808
BraTS-GLI-00708-001,raw,case_brain_mask,FLAIR,288.9173583984375,319.8232421875,185.35275268554688,103.56460571289062,134.47048950195312,0.5587432838863159,0.7254841784307563,0.5587432838863159,0.7254841784307563,abs(mean_region - mean_healthy) / abs(mean_healthy),8614,38741,1371808
BraTS-GLI-00709-000,raw,case_brain_mask,T1,1540.3538818359375,1719.9130859375,1805.1561279296875,264.80224609375,85.2430419921875,0.14669215698115187,0.04722197746405002,0.14669215698115187,0.04722197746405002,abs(mean_region - mean_healthy) / abs(mean_healthy),12490,101590,1313242
BraTS-GLI-00709-000,raw,case_brain_mask,T1ce,2986.95361328125,1921.26904296875,1898.584716796875,1088.368896484375,22.684326171875,0.5732527428750059,0.011948018948633484,0.5732527428750059,0.011948018948633484,abs(mean_region - mean_healthy) / abs(mean_healthy),12490,101590,1313242
BraTS-GLI-00709-000,raw,case_brain_mask,T2,953.6669921875,947.4086303710938,668.0381469726562,285.62884521484375,279.3704833984375,0.42756367508236764,0.4181954049547301,0.42756367508236764,0.4181954049547301,abs(mean_region - mean_healthy) / abs(mean_healthy),12490,101590,1313242
BraTS-GLI-00709-000,raw,case_brain_mask,FLAIR,2212.58544921875,2180.796142578125,959.5109252929688,1253.0745239257812,1221.2852172851562,1.3059512829863593,1.2728205433536461,1.3059512829863593,1.2728205433536461,abs(mean_region - mean_healthy) / abs(mean_healthy),12490,101590,1313242
BraTS-GLI-00714-000,raw,case_brain_mask,T1,377.8661193847656,394.3429260253906,413.8211975097656,35.955078125,19.478271484375,0.08688553979681408,0.0470692936987969,0.08688553979681408,0.0470692936987969,abs(mean_region - mean_healthy) / abs(mean_healthy),50861,212918,1198817
BraTS-GLI-00714-000,raw,case_brain_mask,T1ce,4467.13818359375,2630.584228515625,2786.46630859375,1680.671875,155.882080078125,0.603155283025183,0.05594256768774435,0.603155283025183,0.05594256768774435,abs(mean_region - mean_healthy) / abs(mean_healthy),50861,212918,1198817
BraTS-GLI-00714-000,raw,case_brain_mask,T2,483.4417724609375,525.154541015625,330.2981262207031,153.14364624023438,194.85641479492188,0.4636527854169683,0.5899410239606386,0.4636527854169683,0.5899410239606386,abs(mean_region - mean_healthy) / abs(mean_healthy),50861,212918,1198817
BraTS-GLI-00714-000,raw,case_brain_mask,FLAIR,1352.734130859375,1489.29052734375,1043.856689453125,308.87744140625,445.433837890625,0.29590023661971304,0.42671934029946884,0.29590023661971304,0.42671934029946884,abs(mean_region - mean_healthy) / abs(mean_healthy),50861,212918,1198817
BraTS-GLI-00714-001,raw,case_brain_mask,T1,203.82005310058594,212.2008819580078,203.68540954589844,0.1346435546875,8.515472412109375,0.0006610368164694655,0.04180698279319069,0.0006610368164694655,0.04180698279319069,abs(mean_region - mean_healthy) / abs(mean_healthy),58114,215017,1140434
BraTS-GLI-00714-001,raw,case_brain_mask,T1ce,487.55499267578125,300.43804931640625,276.3321533203125,211.22283935546875,24.10589599609375,0.7643802460824318,0.08723521930562753,0.7643802460824318,0.08723521930562753,abs(mean_region - mean_healthy) / abs(mean_healthy),58114,215017,1140434
BraTS-GLI-00714-001,raw,case_brain_mask,T2,376.5368957519531,374.1227111816406,243.70497131347656,132.83192443847656,130.41773986816406,0.5450521740388113,0.5351459970851736,0.5450521740388113,0.5351459970851736,abs(mean_region - mean_healthy) / abs(mean_healthy),58114,215017,1140434
BraTS-GLI-00714-001,raw,case_brain_mask,FLAIR,231.64425659179688,236.56393432617188,124.1745376586914,107.46971893310547,112.38939666748047,0.8654730749108877,0.9050921290836306,0.8654730749108877,0.9050921290836306,abs(mean_region - mean_healthy) / abs(mean_healthy),58114,215017,1140434
BraTS-GLI-00715-000,raw,case_brain_mask,T1,2767.546875,2930.1796875,3095.419677734375,327.872802734375,165.239990234375,0.10592192234635994,0.053382095947428626,0.10592192234635994,0.053382095947428626,abs(mean_region - mean_healthy) / abs(mean_healthy),35834,66459,1397524
BraTS-GLI-00715-000,raw,case_brain_mask,T1ce,7993.27099609375,5971.1064453125,3988.459228515625,4004.811767578125,1982.647216796875,1.0040999639523922,0.4970960220984262,1.0040999639523922,0.4970960220984262,abs(mean_region - mean_healthy) / abs(mean_healthy),35834,66459,1397524
BraTS-GLI-00715-000,raw,case_brain_mask,T2,553.2907104492188,584.842529296875,504.046630859375,49.24407958984375,80.7958984375,0.09769746800188901,0.1602944916023879,0.09769746800188901,0.1602944916023879,abs(mean_region - mean_healthy) / abs(mean_healthy),35834,66459,1397524
BraTS-GLI-00715-000,raw,case_brain_mask,FLAIR,1175.3619384765625,1237.0919189453125,925.4227294921875,249.939208984375,311.669189453125,0.27008112186905714,0.33678575154961776,0.27008112186905714,0.33678575154961776,abs(mean_region - mean_healthy) / abs(mean_healthy),35834,66459,1397524
BraTS-GLI-00715-001,raw,case_brain_mask,T1,481.0523681640625,509.2658996582031,479.19970703125,1.8526611328125,30.066192626953125,0.0038661566474866033,0.06274251045189479,0.0038661566474866033,0.06274251045189479,abs(mean_region - mean_healthy) / abs(mean_healthy),18045,64458,1183106
BraTS-GLI-00715-001,raw,case_brain_mask,T1ce,966.6707763671875,653.3783569335938,505.60418701171875,461.06658935546875,147.774169921875,0.9119121265203888,0.29227244100818717,0.9119121265203888,0.29227244100818717,abs(mean_region - mean_healthy) / abs(mean_healthy),18045,64458,1183106
BraTS-GLI-00715-001,raw,case_brain_mask,T2,672.0027465820312,612.4197998046875,477.20941162109375,194.7933349609375,135.21038818359375,0.40819256749195093,0.28333554387429255,0.40819256749195093,0.28333554387429255,abs(mean_region - mean_healthy) / abs(mean_healthy),18045,64458,1183106
BraTS-GLI-00715-001,raw,case_brain_mask,FLAIR,336.2626647949219,345.0165710449219,197.12767028808594,139.13499450683594,147.88890075683594,0.7058115905468854,0.7502188837351369,0.7058115905468854,0.7502188837351369,abs(mean_region - mean_healthy) / abs(mean_healthy),18045,64458,1183106
BraTS-GLI-00716-000,raw,case_brain_mask,T1,2953.86962890625,2855.81201171875,2621.803955078125,332.065673828125,234.008056640625,0.126655417230931,0.0892545974642303,0.126655417230931,0.0892545974642303,abs(mean_region - mean_healthy) / abs(mean_healthy),12389,32770,1416186
BraTS-GLI-00716-000,raw,case_brain_mask,T1ce,4700.275390625,3395.940185546875,2812.29638671875,1887.97900390625,583.643798828125,0.6713300251077204,0.20753281965031148,0.6713300251077204,0.20753281965031148,abs(mean_region - mean_healthy) / abs(mean_healthy),12389,32770,1416186
BraTS-GLI-00716-000,raw,case_brain_mask,T2,830.5490112304688,1039.7327880859375,689.2077026367188,141.34130859375,350.52508544921875,0.20507795843403534,0.5085913638344528,0.20507795843403534,0.5085913638344528,abs(mean_region - mean_healthy) / abs(mean_healthy),12389,32770,1416186
BraTS-GLI-00716-000,raw,case_brain_mask,FLAIR,1066.593994140625,1326.8472900390625,793.409423828125,273.1845703125,533.4378662109375,0.3443172744210807,0.6723361863250257,0.3443172744210807,0.6723361863250257,abs(mean_region - mean_healthy) / abs(mean_healthy),12389,32770,1416186
BraTS-GLI-00718-000,raw,case_brain_mask,T1,1954.92578125,2087.02490234375,2256.02880859375,301.10302734375,169.00390625,0.13346594963538452,0.07491212240119627,0.13346594963538452,0.07491212240119627,abs(mean_region - mean_healthy) / abs(mean_healthy),32173,137296,1687941
BraTS-GLI-00718-000,raw,case_brain_mask,T1ce,3826.677978515625,2620.986328125,2692.01806640625,1134.659912109375,71.03173828125,0.4214904521885718,0.026386055564654842,0.4214904521885718,0.026386055564654842,abs(mean_region - mean_healthy) / abs(mean_healthy),32173,137296,1687941
BraTS-GLI-00718-000,raw,case_brain_mask,T2,726.9279174804688,761.43359375,481.5027770996094,245.42514038085938,279.9308166503906,0.509706593717294,0.5813690594612725,0.509706593717294,0.5813690594612725,abs(mean_region - mean_healthy) / abs(mean_healthy),32173,137296,1687941
BraTS-GLI-00718-000,raw,case_brain_mask,FLAIR,1657.188232421875,1827.5877685546875,1075.37158203125,581.816650390625,752.2161865234375,0.5410377771854841,0.6994942019042292,0.5410377771854841,0.6994942019042292,abs(mean_region - mean_healthy) / abs(mean_healthy),32173,137296,1687941
BraTS-GLI-00723-000,raw,case_brain_mask,T1,3303.554931640625,3228.440185546875,3526.13232421875,222.577392578125,297.692138671875,0.06312224616455347,0.08442455112283163,0.06312224616455347,0.08442455112283163,abs(mean_region - mean_healthy) / abs(mean_healthy),22218,83044,1349517
BraTS-GLI-00723-000,raw,case_brain_mask,T1ce,4949.50732421875,3601.501953125,3562.4951171875,1387.01220703125,39.0068359375,0.3893372934995799,0.010949302287969144,0.3893372934995799,0.010949302287969144,abs(mean_region - mean_healthy) / abs(mean_healthy),22218,83044,1349517
BraTS-GLI-00723-000,raw,case_brain_mask,T2,639.9327392578125,713.048095703125,569.4939575195312,70.43878173828125,143.55413818359375,0.12368661828315447,0.2520731542242403,0.12368661828315447,0.2520731542242403,abs(mean_region - mean_healthy) / abs(mean_healthy),22218,83044,1349517
BraTS-GLI-00723-000,raw,case_brain_mask,FLAIR,1278.881591796875,1378.09375,742.5173950195312,536.3641967773438,635.5763549804688,0.7223590994298997,0.8559750374114138,0.7223590994298997,0.8559750374114138,abs(mean_region - mean_healthy) / abs(mean_healthy),22218,83044,1349517
BraTS-GLI-00724-000,raw,case_brain_mask,T1,1541.2713623046875,1677.55322265625,2038.32763671875,497.0562744140625,360.7744140625,0.2438549453287164,0.17699530122805274,0.2438549453287164,0.17699530122805274,abs(mean_region - mean_healthy) / abs(mean_healthy),26011,118763,1394577
BraTS-GLI-00724-000,raw,case_brain_mask,T1ce,3730.260498046875,2409.427490234375,2548.075439453125,1182.18505859375,138.64794921875,0.4639521421891158,0.05441281175274269,0.4639521421891158,0.05441281175274269,abs(mean_region - mean_healthy) / abs(mean_healthy),26011,118763,1394577
BraTS-GLI-00724-000,raw,case_brain_mask,T2,989.6488647460938,1053.152099609375,663.577880859375,326.07098388671875,389.57421875,0.49138314174130754,0.5870813810814142,0.49138314174130754,0.5870813810814142,abs(mean_region - mean_healthy) / abs(mean_healthy),26011,118763,1394577
BraTS-GLI-00724-000,raw,case_brain_mask,FLAIR,1966.9410400390625,1976.20361328125,1001.8147583007812,965.1262817382812,974.3888549804688,0.9633779835458515,0.9726237779059766,0.9633779835458515,0.9726237779059766,abs(mean_region - mean_healthy) / abs(mean_healthy),26011,118763,1394577
BraTS-GLI-00725-000,raw,case_brain_mask,T1,2443.279296875,2655.918701171875,2407.22314453125,36.05615234375,248.695556640625,0.014978317413432432,0.10331221565628998,0.014978317413432432,0.10331221565628998,abs(mean_region - mean_healthy) / abs(mean_healthy),7015,95323,1320445
BraTS-GLI-00725-000,raw,case_brain_mask,T1ce,6073.0546875,3720.6630859375,3070.347900390625,3002.706787109375,650.315185546875,0.9779695606244998,0.21180504836736536,0.9779695606244998,0.21180504836736536,abs(mean_region - mean_healthy) / abs(mean_healthy),7015,95323,1320445
BraTS-GLI-00725-000,raw,case_brain_mask,T2,886.1271362304688,794.7227172851562,747.552734375,138.57440185546875,47.16998291015625,0.18537073771969473,0.06309920456594043,0.18537073771969473,0.06309920456594043,abs(mean_region - mean_healthy) / abs(mean_healthy),7015,95323,1320445
BraTS-GLI-00725-000,raw,case_brain_mask,FLAIR,907.2972412109375,877.5015258789062,692.130859375,215.1663818359375,185.37066650390625,0.3108752903031004,0.2678260389535261,0.3108752903031004,0.2678260389535261,abs(mean_region - mean_healthy) / abs(mean_healthy),7015,95323,1320445
BraTS-GLI-00725-001,raw,case_brain_mask,T1,651.5015869140625,704.3693237304688,620.6690063476562,30.83258056640625,83.7003173828125,0.04967636574579648,0.13485499763448688,0.04967636574579648,0.13485499763448688,abs(mean_region - mean_healthy) / abs(mean_healthy),2197,126883,1270512
BraTS-GLI-00725-001,raw,case_brain_mask,T1ce,1624.8128662109375,1077.6785888671875,1008.8505249023438,615.9623413085938,68.82806396484375,0.6105585774148441,0.06822424359793665,0.6105585774148441,0.06822424359793665,abs(mean_region - mean_healthy) / abs(mean_healthy),2197,126883,1270512
BraTS-GLI-00725-001,raw,case_brain_mask,T2,965.7752685546875,766.8265991210938,669.19384765625,296.5814208984375,97.63275146484375,0.44319209140545596,0.14589606854095813,0.44319209140545596,0.14589606854095813,abs(mean_region - mean_healthy) / abs(mean_healthy),2197,126883,1270512
BraTS-GLI-00725-001,raw,case_brain_mask,FLAIR,344.4908752441406,355.39727783203125,266.8676452636719,77.62322998046875,88.52963256835938,0.29086789409699726,0.3317361026695083,0.29086789409699726,0.3317361026695083,abs(mean_region - mean_healthy) / abs(mean_healthy),2197,126883,1270512
BraTS-GLI-00727-000,raw,case_brain_mask,T1,1599.49560546875,1560.2503662109375,1497.0758056640625,102.4197998046875,63.174560546875,0.06841323560048908,0.04219863837746844,0.06841323560048908,0.04219863837746844,abs(mean_region - mean_healthy) / abs(mean_healthy),16021,107808,1261537
BraTS-GLI-00727-000,raw,case_brain_mask,T1ce,4971.7822265625,3094.517578125,3485.23046875,1486.5517578125,390.712890625,0.4265289687845697,0.11210532391711003,0.4265289687845697,0.11210532391711003,abs(mean_region - mean_healthy) / abs(mean_healthy),16021,107808,1261537
BraTS-GLI-00727-000,raw,case_brain_mask,T2,1274.6239013671875,1338.2518310546875,827.8563842773438,446.76751708984375,510.39544677734375,0.5396679008277965,0.616526557589914,0.5396679008277965,0.616526557589914,abs(mean_region - mean_healthy) / abs(mean_healthy),16021,107808,1261537
BraTS-GLI-00727-000,raw,case_brain_mask,FLAIR,1984.1461181640625,2031.8358154296875,1296.7230224609375,687.423095703125,735.11279296875,0.5301233060538438,0.566900394483352,0.5301233060538438,0.566900394483352,abs(mean_region - mean_healthy) / abs(mean_healthy),16021,107808,1261537
BraTS-GLI-00727-001,raw,case_brain_mask,T1,324.28729248046875,350.7548522949219,395.03204345703125,70.7447509765625,44.277191162109375,0.17908610743942752,0.11208506220059469,0.17908610743942752,0.11208506220059469,abs(mean_region - mean_healthy) / abs(mean_healthy),19706,134013,1167743
BraTS-GLI-00727-001,raw,case_brain_mask,T1ce,723.8009033203125,561.7592163085938,548.2997436523438,175.50115966796875,13.45947265625,0.32008251271269506,0.024547654475622273,0.32008251271269506,0.024547654475622273,abs(mean_region - mean_healthy) / abs(mean_healthy),19706,134013,1167743
BraTS-GLI-00727-001,raw,case_brain_mask,T2,901.6546020507812,804.6231079101562,527.959716796875,373.69488525390625,276.66339111328125,0.7078094660727308,0.5240236751239178,0.7078094660727308,0.5240236751239178,abs(mean_region - mean_healthy) / abs(mean_healthy),19706,134013,1167743
BraTS-GLI-00727-001,raw,case_brain_mask,FLAIR,350.3209228515625,371.0915832519531,214.05392456054688,136.26699829101562,157.03765869140625,0.6366012609709074,0.7336359705331489,0.6366012609709074,0.7336359705331489,abs(mean_region - mean_healthy) / abs(mean_healthy),19706,134013,1167743
BraTS-GLI-00728-000,raw,case_brain_mask,T1,2018.212646484375,1957.08984375,2191.814208984375,173.6015625,234.724365234375,0.0792045063803296,0.10709136033164948,0.0792045063803296,0.10709136033164948,abs(mean_region - mean_healthy) / abs(mean_healthy),823,34062,1617034
BraTS-GLI-00728-000,raw,case_brain_mask,T1ce,4260.8798828125,2212.814697265625,2571.3505859375,1689.529296875,358.535888671875,0.6570590980922218,0.13943485210950138,0.6570590980922218,0.13943485210950138,abs(mean_region - mean_healthy) / abs(mean_healthy),823,34062,1617034
BraTS-GLI-00728-000,raw,case_brain_mask,T2,777.160400390625,858.8894653320312,699.4429931640625,77.7174072265625,159.44647216796875,0.11111328297820688,0.22796206942710587,0.11111328297820688,0.22796206942710587,abs(mean_region - mean_healthy) / abs(mean_healthy),823,34062,1617034
BraTS-GLI-00728-000,raw,case_brain_mask,FLAIR,1533.06201171875,1717.1524658203125,951.8359375,581.22607421875,765.3165283203125,0.6106368243936472,0.8040424806090204,0.6106368243936472,0.8040424806090204,abs(mean_region - mean_healthy) / abs(mean_healthy),823,34062,1617034
BraTS-GLI-00729-000,raw,case_brain_mask,T1,2584.288330078125,2830.58544921875,2856.5361328125,272.247802734375,25.95068359375,0.09530696972711637,0.009084668419089581,0.09530696972711637,0.009084668419089581,abs(mean_region - mean_healthy) / abs(mean_healthy),5014,16357,1341581
BraTS-GLI-00729-000,raw,case_brain_mask,T1ce,5358.52685546875,3746.275146484375,3171.5283203125,2186.99853515625,574.746826171875,0.689572444032522,0.18122077690141625,0.689572444032522,0.18122077690141625,abs(mean_region - mean_healthy) / abs(mean_healthy),5014,16357,1341581
BraTS-GLI-00729-000,raw,case_brain_mask,T2,695.4152221679688,629.3609619140625,513.84912109375,181.56610107421875,115.5118408203125,0.3533451622681527,0.22479719450417773,0.3533451622681527,0.22479719450417773,abs(mean_region - mean_healthy) / abs(mean_healthy),5014,16357,1341581
BraTS-GLI-00729-000,raw,case_brain_mask,FLAIR,1682.9190673828125,1599.423828125,1004.2265014648438,678.6925659179688,595.1973266601562,0.6758361434676086,0.5926923117364007,0.6758361434676086,0.5926923117364007,abs(mean_region - mean_healthy) / abs(mean_healthy),5014,16357,1341581
BraTS-GLI-00729-001,raw,case_brain_mask,T1,306.89996337890625,338.09112548828125,333.36541748046875,26.4654541015625,4.7257080078125,0.07938872094647628,0.01417575957196991,0.07938872094647628,0.01417575957196991,abs(mean_region - mean_healthy) / abs(mean_healthy),3119,13036,1217861
BraTS-GLI-00729-001,raw,case_brain_mask,T1ce,504.09747314453125,352.16302490234375,293.8495788574219,210.24789428710938,58.313446044921875,0.7154949655011189,0.19844658709963992,0.7154949655011189,0.19844658709963992,abs(mean_region - mean_healthy) / abs(mean_healthy),3119,13036,1217861
BraTS-GLI-00729-001,raw,case_brain_mask,T2,742.474609375,592.1383666992188,469.75439453125,272.72021484375,122.38397216796875,0.5805591560583209,0.2605275726905994,0.5805591560583209,0.2605275726905994,abs(mean_region - mean_healthy) / abs(mean_healthy),3119,13036,1217861
BraTS-GLI-00729-001,raw,case_brain_mask,FLAIR,353.6136474609375,324.2724914550781,205.8038330078125,147.809814453125,118.46865844726562,0.7182072962047991,0.5756387367322184,0.7182072962047991,0.5756387367322184,abs(mean_region - mean_healthy) / abs(mean_healthy),3119,13036,1217861
BraTS-GLI-00730-000,raw,case_brain_mask,T1,734.1591796875,748.52783203125,724.1775512695312,9.98162841796875,24.35028076171875,0.013783399389376672,0.03362473846231645,0.013783399389376672,0.03362473846231645,abs(mean_region - mean_healthy) / abs(mean_healthy),17569,78169,1403602
BraTS-GLI-00730-000,raw,case_brain_mask,T1ce,3048.2900390625,1936.7415771484375,1991.259521484375,1057.030517578125,54.5179443359375,0.5308351353369382,0.02737862330234954,0.5308351353369382,0.02737862330234954,abs(mean_region - mean_healthy) / abs(mean_healthy),17569,78169,1403602
BraTS-GLI-00730-000,raw,case_brain_mask,T2,660.4318237304688,812.4293823242188,611.8294677734375,48.60235595703125,200.59991455078125,0.07943774943352166,0.3278689980082229,0.07943774943352166,0.3278689980082229,abs(mean_region - mean_healthy) / abs(mean_healthy),17569,78169,1403602
BraTS-GLI-00730-000,raw,case_brain_mask,FLAIR,1433.5513916015625,1750.6297607421875,787.0364379882812,646.5149536132812,963.5933227539062,0.821454919248488,1.2243312713918513,0.821454919248488,1.2243312713918513,abs(mean_region - mean_healthy) / abs(mean_healthy),17569,78169,1403602
BraTS-GLI-00730-001,raw,case_brain_mask,T1,753.5064697265625,764.8110961914062,719.93017578125,33.5762939453125,44.88092041015625,0.046638264480130115,0.06234065735812867,0.046638264480130115,0.06234065735812867,abs(mean_region - mean_healthy) / abs(mean_healthy),18678,93679,1409789
BraTS-GLI-00730-001,raw,case_brain_mask,T1ce,1016.8932495117188,835.0125732421875,760.6270751953125,256.26617431640625,74.385498046875,0.3369143469559017,0.09779496480292188,0.3369143469559017,0.09779496480292188,abs(mean_region - mean_healthy) / abs(mean_healthy),18678,93679,1409789
BraTS-GLI-00730-001,raw,case_brain_mask,T2,709.0987548828125,766.8237915039062,520.2283935546875,188.870361328125,246.59539794921875,0.36305277387415524,0.4740137235959923,0.36305277387415524,0.4740137235959923,abs(mean_region - mean_healthy) / abs(mean_healthy),18678,93679,1409789
BraTS-GLI-00730-001,raw,case_brain_mask,FLAIR,436.4630432128906,463.2258605957031,274.56884765625,161.89419555664062,188.65701293945312,0.5896306042676995,0.6871027596533628,0.5896306042676995,0.6871027596533628,abs(mean_region - mean_healthy) / abs(mean_healthy),18678,93679,1409789
BraTS-GLI-00732-000,raw,case_brain_mask,T1,1361.2589111328125,1314.1597900390625,1118.377197265625,242.8817138671875,195.7825927734375,0.21717334228650303,0.17505953559507106,0.21717334228650303,0.17505953559507106,abs(mean_region - mean_healthy) / abs(mean_healthy),2402,6046,1308154
BraTS-GLI-00732-000,raw,case_brain_mask,T1ce,4150.75830078125,2928.704833984375,2570.447021484375,1580.311279296875,358.2578125,0.6148001752567851,0.13937568427032362,0.6148001752567851,0.13937568427032362,abs(mean_region - mean_healthy) / abs(mean_healthy),2402,6046,1308154
BraTS-GLI-00732-000,raw,case_brain_mask,T2,907.8900756835938,922.3137817382812,824.9583129882812,82.9317626953125,97.35546875,0.10052842839404245,0.11801259193006394,0.10052842839404245,0.11801259193006394,abs(mean_region - mean_healthy) / abs(mean_healthy),2402,6046,1308154
BraTS-GLI-00732-000,raw,case_brain_mask,FLAIR,1732.0233154296875,1728.01953125,1113.7479248046875,618.275390625,614.2716064453125,0.5551304535390482,0.5515355788905594,0.5551304535390482,0.5515355788905594,abs(mean_region - mean_healthy) / abs(mean_healthy),2402,6046,1308154
BraTS-GLI-00733-000,raw,case_brain_mask,T1,2045.227783203125,2081.632568359375,2244.763916015625,199.5361328125,163.13134765625,0.08888958495317825,0.07267193957117872,0.08888958495317825,0.07267193957117872,abs(mean_region - mean_healthy) / abs(mean_healthy),20646,81813,1586397
BraTS-GLI-00733-000,raw,case_brain_mask,T1ce,4272.26416015625,2915.350830078125,2931.349365234375,1340.914794921875,15.99853515625,0.45743943414764643,0.005457737431775159,0.45743943414764643,0.005457737431775159,abs(mean_region - mean_healthy) / abs(mean_healthy),20646,81813,1586397
BraTS-GLI-00733-000,raw,case_brain_mask,T2,669.3853149414062,710.3032836914062,482.69207763671875,186.6932373046875,227.6112060546875,0.3867750185972508,0.4715453528242721,0.3867750185972508,0.4715453528242721,abs(mean_region - mean_healthy) / abs(mean_healthy),20646,81813,1586397
BraTS-GLI-00733-000,raw,case_brain_mask,FLAIR,1401.7989501953125,1514.489990234375,848.3765258789062,553.4224243164062,666.1134643554688,0.6523311376903885,0.7851625357801885,0.6523311376903885,0.7851625357801885,abs(mean_region - mean_healthy) / abs(mean_healthy),20646,81813,1586397
BraTS-GLI-00734-000,raw,case_brain_mask,T1,3162.33740234375,3069.027587890625,3153.389892578125,8.947509765625,84.3623046875,0.0028374257768390833,0.026752893730666364,0.0028374257768390833,0.026752893730666364,abs(mean_region - mean_healthy) / abs(mean_healthy),38431,183832,1543129
BraTS-GLI-00734-000,raw,case_brain_mask,T1ce,5664.16796875,3788.4248046875,3999.69970703125,1664.46826171875,211.27490234375,0.41614830703232725,0.0528226911566237,0.41614830703232725,0.0528226911566237,abs(mean_region - mean_healthy) / abs(mean_healthy),38431,183832,1543129
BraTS-GLI-00734-000,raw,case_brain_mask,T2,760.6944580078125,840.3685913085938,526.6676635742188,234.02679443359375,313.700927734375,0.4443538318744993,0.5956335454610037,0.4443538318744993,0.5956335454610037,abs(mean_region - mean_healthy) / abs(mean_healthy),38431,183832,1543129
BraTS-GLI-00734-000,raw,case_brain_mask,FLAIR,1984.38525390625,2217.707275390625,1525.0870361328125,459.2982177734375,692.6202392578125,0.30116197101647874,0.454151286351565,0.30116197101647874,0.454151286351565,abs(mean_region - mean_healthy) / abs(mean_healthy),38431,183832,1543129
BraTS-GLI-00734-001,raw,case_brain_mask,T1,415.5413818359375,410.81781005859375,404.8162841796875,10.72509765625,6.00152587890625,0.026493740680375907,0.014825307462785582,0.026493740680375907,0.014825307462785582,abs(mean_region - mean_healthy) / abs(mean_healthy),65548,207853,1403470
BraTS-GLI-00734-001,raw,case_brain_mask,T1ce,659.2505493164062,451.251220703125,368.41845703125,290.83209228515625,82.832763671875,0.7894069548760074,0.22483337110564186,0.7894069548760074,0.22483337110564186,abs(mean_region - mean_healthy) / abs(mean_healthy),65548,207853,1403470
BraTS-GLI-00734-001,raw,case_brain_mask,T2,783.7152709960938,828.8440551757812,533.6997680664062,250.0155029296875,295.144287109375,0.4684572073836446,0.5530155806113285,0.4684572073836446,0.5530155806113285,abs(mean_region - mean_healthy) / abs(mean_healthy),65548,207853,1403470
BraTS-GLI-00734-001,raw,case_brain_mask,FLAIR,560.0390014648438,600.1417846679688,401.0187683105469,159.02023315429688,199.12301635742188,0.3965406253284196,0.49654288550211206,0.3965406253284196,0.49654288550211206,abs(mean_region - mean_healthy) / abs(mean_healthy),65548,207853,1403470
BraTS-GLI-00736-000,raw,case_brain_mask,T1,1676.39013671875,1812.296875,1909.9561767578125,233.5660400390625,97.6593017578125,0.12228869064186874,0.05113169765161369,0.12228869064186874,0.05113169765161369,abs(mean_region - mean_healthy) / abs(mean_healthy),11613,44711,1366322
BraTS-GLI-00736-000,raw,case_brain_mask,T1ce,3687.21337890625,2942.1171875,2737.376708984375,949.836669921875,204.740478515625,0.34698792709253545,0.07479441095690044,0.34698792709253545,0.07479441095690044,abs(mean_region - mean_healthy) / abs(mean_healthy),11613,44711,1366322
BraTS-GLI-00736-000,raw,case_brain_mask,T2,777.4539794921875,732.9768676757812,744.2012939453125,33.252685546875,11.22442626953125,0.04468238071797624,0.01508251377799415,0.04468238071797624,0.01508251377799415,abs(mean_region - mean_healthy) / abs(mean_healthy),11613,44711,1366322
BraTS-GLI-00736-000,raw,case_brain_mask,FLAIR,1776.298583984375,1619.9013671875,1094.92724609375,681.371337890625,524.97412109375,0.6222982762749558,0.4794602773532595,0.6222982762749558,0.4794602773532595,abs(mean_region - mean_healthy) / abs(mean_healthy),11613,44711,1366322
BraTS-GLI-00736-001,raw,case_brain_mask,T1,318.92474365234375,343.010986328125,314.77801513671875,4.146728515625,28.23297119140625,0.013173501058591832,0.08969168694689086,0.013173501058591832,0.08969168694689086,abs(mean_region - mean_healthy) / abs(mean_healthy),13270,65119,1325372
BraTS-GLI-00736-001,raw,case_brain_mask,T1ce,556.1851806640625,404.32354736328125,327.0588073730469,229.12637329101562,77.26473999023438,0.700566283878335,0.23624112315099763,0.700566283878335,0.23624112315099763,abs(mean_region - mean_healthy) / abs(mean_healthy),13270,65119,1325372
BraTS-GLI-00736-001,raw,case_brain_mask,T2,665.8480224609375,607.5579833984375,442.08587646484375,223.76214599609375,165.47210693359375,0.5061508587096609,0.37429855994676337,0.5061508587096609,0.37429855994676337,abs(mean_region - mean_healthy) / abs(mean_healthy),13270,65119,1325372
BraTS-GLI-00736-001,raw,case_brain_mask,FLAIR,410.65386962890625,390.5708923339844,217.70083618164062,192.95303344726562,172.87005615234375,0.886321967483274,0.794071622251869,0.886321967483274,0.794071622251869,abs(mean_region - mean_healthy) / abs(mean_healthy),13270,65119,1325372
BraTS-GLI-00737-000,raw,case_brain_mask,T1,2599.213623046875,2403.100830078125,2407.076904296875,192.13671875,3.97607421875,0.07982159539938943,0.0016518268326418265,0.07982159539938943,0.0016518268326418265,abs(mean_region - mean_healthy) / abs(mean_healthy),12466,24279,1184812
BraTS-GLI-00737-000,raw,case_brain_mask,T1ce,5359.09814453125,3966.486328125,3054.101318359375,2304.996826171875,912.385009765625,0.7547217940399209,0.29874091087971727,0.7547217940399209,0.29874091087971727,abs(mean_region - mean_healthy) / abs(mean_healthy),12466,24279,1184812
BraTS-GLI-00737-000,raw,case_brain_mask,T2,448.24200439453125,532.021240234375,481.6487121582031,33.406707763671875,50.372528076171875,0.06935907212121653,0.10458354149948694,0.06935907212121653,0.10458354149948694,abs(mean_region - mean_healthy) / abs(mean_healthy),12466,24279,1184812
BraTS-GLI-00737-000,raw,case_brain_mask,FLAIR,962.85791015625,1150.093017578125,856.4481811523438,106.40972900390625,293.64483642578125,0.1242453791667032,0.34286351805976706,0.1242453791667032,0.34286351805976706,abs(mean_region - mean_healthy) / abs(mean_healthy),12466,24279,1184812
BraTS-GLI-00739-000,raw,case_brain_mask,T1,2202.04931640625,2253.72509765625,2508.855224609375,306.805908203125,255.130126953125,0.12228920393399512,0.10169184911530652,0.12228920393399512,0.10169184911530652,abs(mean_region - mean_healthy) / abs(mean_healthy),36247,225157,1504901
BraTS-GLI-00739-000,raw,case_brain_mask,T1ce,5779.17724609375,3053.832763671875,3296.6953125,2482.48193359375,242.862548828125,0.7530213435803373,0.07366848489372643,0.7530213435803373,0.07366848489372643,abs(mean_region - mean_healthy) / abs(mean_healthy),36247,225157,1504901
BraTS-GLI-00739-000,raw,case_brain_mask,T2,858.9911499023438,934.228515625,572.645751953125,286.34539794921875,361.582763671875,0.5000393296773432,0.6314248598520522,0.5000393296773432,0.6314248598520522,abs(mean_region - mean_healthy) / abs(mean_healthy),36247,225157,1504901
BraTS-GLI-00739-000,raw,case_brain_mask,FLAIR,1685.920654296875,1711.992919921875,1125.470947265625,560.44970703125,586.52197265625,0.4979690576579379,0.5211347072807412,0.4979690576579379,0.5211347072807412,abs(mean_region - mean_healthy) / abs(mean_healthy),36247,225157,1504901
